{"type":"FeatureCollection","features":[{"type":"Feature","geometry":{"type":"GeometryCollection","geometries":[{"type":"Point","coordinates":[-16.488667703434437,16.063771236552284]},{"type":"Point","coordinates":[-16.429312611455178,16.107576223616423]},{"type":"Point","coordinates":[-16.464098023903567,16.236000289825274]},{"type":"Point","coordinates":[-16.45923317999186,16.245050688775738]},{"type":"Point","coordinates":[-16.471999569163906,16.22306610967024]},{"type":"Point","coordinates":[-16.456111758676855,16.274176880948954]},{"type":"Point","coordinates":[-16.453293604236812,16.28990682135468]},{"type":"Point","coordinates":[-16.446448877112058,16.302061889568865]},{"type":"Point","coordinates":[-16.44231531483111,16.39275598625024]},{"type":"Point","coordinates":[-16.43361557386762,16.370920707781206]},{"type":"Point","coordinates":[-16.437686778460897,16.380165972957435]},{"type":"Point","coordinates":[-16.43823080992711,16.30868697377348]},{"type":"Point","coordinates":[-16.328884706699576,16.465623844166178]},{"type":"Point","coordinates":[-16.386010286009576,16.467573853183453]},{"type":"Point","coordinates":[-16.409059377027056,16.49884307377411]},{"type":"Point","coordinates":[-17.396696755346724,14.666108922613237]},{"type":"Point","coordinates":[-16.57045205769547,14.192584685480423]},{"type":"Point","coordinates":[-16.57250322185798,14.145169439300734]},{"type":"Point","coordinates":[-16.56727720256741,14.153190112455006]},{"type":"Point","coordinates":[-16.608439135409903,14.074350279876695]},{"type":"Point","coordinates":[-16.803841387343436,14.14946734420559]},{"type":"Point","coordinates":[-16.73445777091974,13.775312151489905]},{"type":"Point","coordinates":[-16.725477133398318,13.772540347596147]},{"type":"Point","coordinates":[-16.611542649199283,14.06544005818375]},{"type":"Point","coordinates":[-16.60177277541373,14.064990202076348]},{"type":"Point","coordinates":[-16.642627099685146,13.653172186294077]},{"type":"Point","coordinates":[-16.66274652129211,13.682306137537413]},{"type":"Point","coordinates":[-16.534917467809674,12.187550044801274]},{"type":"Point","coordinates":[-16.453628099693624,11.321465026225429]},{"type":"Point","coordinates":[-16.288092839601056,11.438580119100463]},{"type":"Point","coordinates":[-16.313291247387642,11.577742955222178]},{"type":"Point","coordinates":[-16.21849521932541,11.533837330478823]},{"type":"Point","coordinates":[-16.171647924544725,11.362666888156312]},{"type":"Point","coordinates":[-16.1240871115168,11.291906495759644]},{"type":"Point","coordinates":[-16.072785195924528,11.272171501165646]},{"type":"Point","coordinates":[-16.064491256924395,11.280908800815682]},{"type":"Point","coordinates":[-16.040162415268462,11.549001893772791]},{"type":"Point","coordinates":[-15.876870117896496,11.607695214553232]},{"type":"Point","coordinates":[-15.881855341786276,11.597692546694233]},{"type":"Point","coordinates":[-15.878421864716916,11.550094107601943]},{"type":"Point","coordinates":[-15.8707254451004,11.578992251655244]},{"type":"Point","coordinates":[-15.9052745749348,11.3199172592182]},{"type":"Point","coordinates":[-15.922995009254558,11.309038566467368]},{"type":"Point","coordinates":[-15.922731945659537,11.143324828838356]},{"type":"Point","coordinates":[-15.93457527925662,11.13323578714498]},{"type":"Point","coordinates":[-15.934066957592858,11.097672103362605]},{"type":"Point","coordinates":[-15.96250710003216,11.097326428900097]},{"type":"Point","coordinates":[-15.956893118800462,11.134972734035786]},{"type":"Point","coordinates":[-15.952389449314088,11.194775011854698]},{"type":"Point","coordinates":[-15.939917355502315,11.212083428021195]},{"type":"Point","coordinates":[-15.903330426159783,11.19931104737442]},{"type":"Point","coordinates":[-16.133736589422014,11.251726580260526]},{"type":"Point","coordinates":[-16.143319242104468,11.25146858560714]},{"type":"Point","coordinates":[-16.034615212134515,11.121956327524076]},{"type":"Point","coordinates":[-15.986452490368883,11.156265897373443]},{"type":"Point","coordinates":[-15.99438970459171,11.111140294349783]},{"type":"Point","coordinates":[-15.99356031825452,11.097483981015147]},{"type":"Point","coordinates":[-15.971866823060093,11.085958080058655]},{"type":"Point","coordinates":[-16.098915503112075,11.081398401803437]},{"type":"Point","coordinates":[-16.104890689967526,11.073902299361043]},{"type":"Point","coordinates":[-16.066832252895388,11.010897534306086]},{"type":"Point","coordinates":[-16.08544004429301,10.99897871246328]},{"type":"Point","coordinates":[-15.633171331593589,11.072003063783457]},{"type":"Point","coordinates":[-15.682417574260398,10.968100389759902]},{"type":"Point","coordinates":[-15.773508137145622,11.263460145078172]},{"type":"Point","coordinates":[-15.735525507948415,11.31884158843526]},{"type":"Point","coordinates":[-15.665027149206605,11.324031570215185]},{"type":"Point","coordinates":[-15.631137979189813,11.445887574630012]},{"type":"Point","coordinates":[-15.708391887632573,11.435656229553064]},{"type":"Point","coordinates":[-15.752264954825566,11.378076746341671]},{"type":"Point","coordinates":[-15.448716115262625,11.447071914559652]},{"type":"Point","coordinates":[-15.209231222004776,11.239056624682823]},{"type":"Point","coordinates":[-15.216517379862113,11.232867934980861]},{"type":"Point","coordinates":[-15.289401386460499,11.25213333126681]},{"type":"Point","coordinates":[-15.280906764873754,11.246216044062177]},{"type":"Point","coordinates":[-15.291760225919038,11.262847957078842]},{"type":"Point","coordinates":[-15.332529814193078,11.293716857776252]},{"type":"Point","coordinates":[-15.333171864987648,11.283020918461148]},{"type":"Point","coordinates":[-15.324418670911642,11.279697427160054]},{"type":"Point","coordinates":[-15.38549501360208,11.259777927236675]},{"type":"Point","coordinates":[-15.337055756627073,11.143779805416226]},{"type":"Point","coordinates":[-15.333154087285916,11.152420373176032]},{"type":"Point","coordinates":[-15.24152401636082,11.165907802356065]},{"type":"Point","coordinates":[-15.286507429877895,11.120634972845798]},{"type":"Point","coordinates":[-15.24662522439333,11.025315068332981]},{"type":"Point","coordinates":[-15.233974723995662,11.02429527053207]},{"type":"Point","coordinates":[-15.224191498110278,11.027652289924987]},{"type":"Point","coordinates":[-15.6795058209598,10.921803126453192]},{"type":"Point","coordinates":[-15.72316491898917,10.85933092170474]},{"type":"Point","coordinates":[-15.723503803070413,10.86865421936836]},{"type":"Point","coordinates":[-14.79093633096876,10.896455912160663]},{"type":"Point","coordinates":[-14.77633270075545,10.894897068115908]},{"type":"Point","coordinates":[-14.712750451841297,10.84419584207891]},{"type":"Point","coordinates":[-14.741560636057221,10.845895107744687]},{"type":"Point","coordinates":[-14.672377698630312,10.803687331738432]},{"type":"Point","coordinates":[-14.663022527628415,10.777002825188971]},{"type":"Point","coordinates":[-14.704255828037851,10.731162276410018]},{"type":"Point","coordinates":[-14.747245982392677,10.75053499028521]},{"type":"Point","coordinates":[-14.705508879063903,10.649456555475753]},{"type":"Point","coordinates":[-14.708447417600185,10.707455122015212]},{"type":"Point","coordinates":[-14.705611394591006,10.678194269298839]},{"type":"Point","coordinates":[-14.691538484854782,10.6767658414272]},{"type":"Point","coordinates":[-14.676399815809065,10.699042568752594]},{"type":"Point","coordinates":[-14.660115195093288,10.696063075610533]},{"type":"Point","coordinates":[-14.64199783510828,10.69810495880016]},{"type":"Point","coordinates":[-14.576449086264331,10.795194270687505]},{"type":"Point","coordinates":[-14.584149932329936,10.789018143507837]},{"type":"Point","coordinates":[-14.606177861228124,10.788019432426287]},{"type":"Point","coordinates":[-14.594191817462837,10.785553350923134]},{"type":"Point","coordinates":[-14.61010636381442,10.775136765842856]},{"type":"Point","coordinates":[-14.601544877534073,10.743937374003242]},{"type":"Point","coordinates":[-14.616897575415084,10.76277040367903]},{"type":"Point","coordinates":[-14.635014886658258,10.76408022814826]},{"type":"Point","coordinates":[-14.624469110213852,10.752856829968847]},{"type":"Point","coordinates":[-14.635420668825768,10.75196751905353]},{"type":"Point","coordinates":[-14.61509606623238,10.745111466159818]},{"type":"Point","coordinates":[-14.625802445927752,10.730435044374662]},{"type":"Point","coordinates":[-14.635442994881704,10.733151338036208]},{"type":"Point","coordinates":[-14.63537610567211,10.787664621192251]},{"type":"Point","coordinates":[-14.640557526877858,10.814479679404128]},{"type":"Point","coordinates":[-14.621258603901417,10.820769117789885]},{"type":"Point","coordinates":[-14.607176740997502,10.823331314142996]},{"type":"Point","coordinates":[-14.599333150649638,10.837368189252294]},{"type":"Point","coordinates":[-14.495748274748642,10.406125071298831]},{"type":"Point","coordinates":[-14.503025513728247,10.414256138422203]},{"type":"Point","coordinates":[-14.985482424017654,11.001561222506192]},{"type":"Point","coordinates":[-15.589976022677973,11.822464897727341]},{"type":"Point","coordinates":[-15.57008841346009,12.02487235947048]},{"type":"Point","coordinates":[-15.746945276109678,12.259749207135355]},{"type":"Point","coordinates":[-15.714277875600718,12.292824216385954]},{"type":"Point","coordinates":[-15.837750410122943,12.262062925583887]},{"type":"Point","coordinates":[-15.808418468248313,12.267818990011358]},{"type":"Point","coordinates":[-15.817746860929358,12.276942972404635]},{"type":"Point","coordinates":[-15.800922718579278,12.258563960070585]},{"type":"Point","coordinates":[-15.934178463762255,12.300021617259429]},{"type":"Point","coordinates":[-15.95074404405344,12.315809977623893]},{"type":"Point","coordinates":[-16.11102198885443,12.288279924772663]},{"type":"Point","coordinates":[-16.092213495967286,12.302396072565653]},{"type":"Point","coordinates":[-16.142347172985268,12.138563604849828]},{"type":"Point","coordinates":[-16.05023097874903,11.748773342387583]},{"type":"Point","coordinates":[-16.318517284816718,11.961146796571908]},{"type":"Point","coordinates":[-16.28493585077179,11.999567108640427]},{"type":"Point","coordinates":[-16.26675608606219,12.029796165458569]},{"type":"Point","coordinates":[-16.25233977768709,12.02586669654818]},{"type":"Point","coordinates":[-16.260348281408167,12.00264204785628]},{"type":"Point","coordinates":[-16.227792460808683,12.038732011972204]},{"type":"Point","coordinates":[-16.235618191814133,12.03225584462052]},{"type":"Point","coordinates":[-16.24626649956837,12.042260049045753]},{"type":"Point","coordinates":[-16.253093406325835,12.13138358656322]},{"type":"Point","coordinates":[-16.262118584620925,12.12928228600831]},{"type":"Point","coordinates":[-16.27768080908304,12.125602792680116]},{"type":"Point","coordinates":[-16.327578163173953,12.048326137041686]},{"type":"Point","coordinates":[-16.346373273839667,12.193817717557193]},{"type":"Point","coordinates":[-16.278733185231985,12.181256185366463]},{"type":"Point","coordinates":[-16.26217658639955,12.150320625828485]},{"type":"Point","coordinates":[-16.248687762438983,12.141453908624575]},{"type":"Point","coordinates":[-16.23780752653448,12.138410996148268]},{"type":"Point","coordinates":[-16.211142133188794,12.177695137667271]},{"type":"Point","coordinates":[-16.163817710213525,12.166819806517994]},{"type":"Point","coordinates":[-16.18525710412979,12.188757381570898]},{"type":"Point","coordinates":[-16.22994616036789,12.279395997132006]},{"type":"Point","coordinates":[-16.331586917106264,12.249286786545545]},{"type":"Point","coordinates":[-16.329789870447925,12.281892621751831]},{"type":"Point","coordinates":[-16.31742482623175,12.27241585463124]},{"type":"Point","coordinates":[-16.32280248416781,12.299703592198506]},{"type":"Point","coordinates":[-16.351376403000607,12.302400410093181]},{"type":"Point","coordinates":[-16.381016015984798,12.257548654100379]},{"type":"Point","coordinates":[-16.403008383719,12.279334988660757]},{"type":"Point","coordinates":[-16.413786024216087,12.286236505933235]},{"type":"Point","coordinates":[-16.432349252710676,12.25445047901577]},{"type":"Point","coordinates":[-16.422356351297893,12.247674553885389]},{"type":"Point","coordinates":[-16.42168305834355,12.219718922866466]},{"type":"Point","coordinates":[-16.396462340095187,12.230927725516436]},{"type":"Point","coordinates":[-16.397586036797033,12.220228862670464]},{"type":"Point","coordinates":[-16.392752396440866,12.247308441298037]},{"type":"Point","coordinates":[-16.367959848015424,12.240606337405609]},{"type":"Point","coordinates":[-16.473212473185583,12.253975561200741]},{"type":"Point","coordinates":[-16.212283654769088,12.313745036612065]},{"type":"Point","coordinates":[-16.225500449391543,12.337521820398521]},{"type":"Point","coordinates":[-16.21049108193496,12.351373915024514]},{"type":"Point","coordinates":[-16.186590367014716,12.369001639582034]},{"type":"Point","coordinates":[-16.053535172588955,12.329737285065661]},{"type":"Point","coordinates":[-16.060852584228318,12.32403929573744]},{"type":"Point","coordinates":[-16.034914034007553,12.325812325456488]},{"type":"Point","coordinates":[-13.976169350194896,10.01288591419501]},{"type":"Point","coordinates":[-14.003378785049884,10.042349358537168]},{"type":"Point","coordinates":[-14.014762876216395,10.037225335257876]},{"type":"Point","coordinates":[-14.081132159062143,10.088835676487685]},{"type":"Point","coordinates":[-14.029428823688525,10.071678487344512]},{"type":"Point","coordinates":[-14.030909250967724,10.098357740756263]},{"type":"Point","coordinates":[-14.12532184812758,10.098880161673199]},{"type":"Point","coordinates":[-14.158203200209806,10.121992762666368]},{"type":"Point","coordinates":[-14.166127059006618,10.109811080977396]},{"type":"Point","coordinates":[-14.202785357854836,10.117633768395095]},{"type":"Point","coordinates":[-14.24536973573128,10.15020853402986]},{"type":"Point","coordinates":[-14.253315817741218,10.201133620285509]},{"type":"Point","coordinates":[-14.24549908105595,10.205882071074798]},{"type":"Point","coordinates":[-14.255946717263846,10.188511745130562]},{"type":"Point","coordinates":[-14.208207567703928,10.187238976839023]},{"type":"Point","coordinates":[-14.204247916106972,10.15630084244653]},{"type":"Point","coordinates":[-14.235969977994287,10.164109167049691]},{"type":"Point","coordinates":[-14.229223332838156,10.1563578776643]},{"type":"Point","coordinates":[-14.187410379256775,10.128164599105835]},{"type":"Point","coordinates":[-14.149672940836933,10.13554349102216]},{"type":"Point","coordinates":[-14.159451805246887,10.177065569158156]},{"type":"Point","coordinates":[-14.29398736111555,10.222746786990541]},{"type":"Point","coordinates":[-14.31889588209787,10.194190762444558]},{"type":"Point","coordinates":[-14.471753801961412,10.276437660186971]},{"type":"Point","coordinates":[-14.480368846709545,10.257509150285426]},{"type":"Point","coordinates":[43.21525749673962,11.705968851175173]},{"type":"Point","coordinates":[42.60229159236019,11.561264937857503]},{"type":"Point","coordinates":[43.36416020974525,11.499450760030363]},{"type":"Point","coordinates":[42.536194338878595,11.533413502894417]},{"type":"Point","coordinates":[44.03903623645879,1.1057616405558794]},{"type":"Point","coordinates":[42.5852087677207,-0.3494442202597032]},{"type":"Point","coordinates":[41.37095096581714,-1.9104197867923762]},{"type":"Point","coordinates":[40.14294129525756,-3.2503979024948753]},{"type":"Point","coordinates":[40.841218670992355,-2.4306222341884505]},{"type":"Point","coordinates":[40.77440350160569,-2.476584602896301]},{"type":"Point","coordinates":[40.78087368216452,-2.3277414365914346]},{"type":"Point","coordinates":[40.765739445186846,-2.313074127655742]},{"type":"Point","coordinates":[40.94666751745705,-2.1588621873487157]},{"type":"Point","coordinates":[40.812546658503265,-2.2487134358071943]},{"type":"Point","coordinates":[40.80385590784223,-2.2696103469938893]},{"type":"Point","coordinates":[41.01488284663287,-2.218557191657947]},{"type":"Point","coordinates":[41.05481854731391,-2.202266834189041]},{"type":"Point","coordinates":[40.976427522250695,-2.1943844765925786]},{"type":"Point","coordinates":[41.12939256802779,-2.0439526879595933]},{"type":"Point","coordinates":[41.139215939283496,-2.0448840221752618]},{"type":"Point","coordinates":[41.14809844116349,-2.0485649429006942]},{"type":"Point","coordinates":[41.241052886943564,-2.0427717818176125]},{"type":"Point","coordinates":[41.254800294610675,-1.9852983044944326]},{"type":"Point","coordinates":[41.19054915371413,-2.003417991529491]},{"type":"Point","coordinates":[41.14066516435797,-1.9785779685280958]},{"type":"Point","coordinates":[41.440472843904566,-1.8232505319014294]},{"type":"Point","coordinates":[41.47986449337237,-1.7979533021925955]},{"type":"Point","coordinates":[41.476546928188185,-1.806715560917091]},{"type":"Point","coordinates":[41.464939874970874,-1.8068180678892214]},{"type":"Point","coordinates":[41.484716042468314,-1.7882862546241054]},{"type":"Point","coordinates":[41.51666100070526,-1.748186790264225]},{"type":"Point","coordinates":[41.486655764516996,-1.7756195786882754]},{"type":"Point","coordinates":[41.57874063546857,-1.6530537048439067]},{"type":"Point","coordinates":[41.628441762444034,-1.5891090146428466]},{"type":"Point","coordinates":[41.63273584798499,-1.5783711717962519]},{"type":"Point","coordinates":[41.689865893692826,-1.486644624608778]},{"type":"Point","coordinates":[41.702904315876125,-1.4745243658863139]},{"type":"Point","coordinates":[41.76241547620801,-1.378259917127695]},{"type":"Point","coordinates":[41.61374906237467,-1.6084450463535627]},{"type":"Point","coordinates":[42.11784596800407,-0.9230786897721567]},{"type":"Point","coordinates":[42.097641783832316,-0.9168858362525883]},{"type":"Point","coordinates":[42.08791647178223,-0.9244697553451077]},{"type":"Point","coordinates":[42.10632807204119,-0.9297664648597402]},{"type":"Point","coordinates":[42.07918997712755,-0.9585861913936083]},{"type":"Point","coordinates":[42.080456384997134,-0.9709450946407309]},{"type":"Point","coordinates":[42.00726467510493,-1.0487175634030925]},{"type":"Point","coordinates":[42.003090994662664,-1.056876326391509]},{"type":"Point","coordinates":[42.00182011111866,-1.0671750963569582]},{"type":"Point","coordinates":[41.91252664791588,-1.1846898054443356]},{"type":"Point","coordinates":[42.31807741674208,-0.6888565313657705]},{"type":"Point","coordinates":[42.25202027172422,-0.7695597377507052]},{"type":"Point","coordinates":[42.2556143428315,-0.7496025742536672]},{"type":"Point","coordinates":[42.4330419479272,-0.5202005238273985]},{"type":"Point","coordinates":[42.4409658161082,-0.5400381938776959]},{"type":"Point","coordinates":[42.47719596278678,-0.47874581215941125]},{"type":"Point","coordinates":[42.45659936509397,-0.47075091059601987]},{"type":"Point","coordinates":[39.23913053498755,-4.6273342787147165]},{"type":"Point","coordinates":[39.240289925273935,-4.63842338487609]},{"type":"Point","coordinates":[39.18058706508329,-4.7828234982256195]},{"type":"Point","coordinates":[39.40465238447886,-4.703834450711036]},{"type":"Point","coordinates":[39.37066514843524,-4.724108063130982]},{"type":"Point","coordinates":[39.70397401463398,-4.879020062427978]},{"type":"Point","coordinates":[39.71512623978964,-5.167699194373557]},{"type":"Point","coordinates":[39.63687344477975,-5.161410744138441]},{"type":"Point","coordinates":[39.6009331237927,-5.222676083406245]},{"type":"Point","coordinates":[39.58319926971407,-5.370934091832113]},{"type":"Point","coordinates":[39.38545598852929,-5.821330205781271]},{"type":"Point","coordinates":[39.04133375976773,-5.538023468351546]},{"type":"Point","coordinates":[38.87503604970776,-5.884266125751012]},{"type":"Point","coordinates":[39.06603274656236,-5.504247181109033]},{"type":"Point","coordinates":[39.1215663814271,-5.274517813954057]},{"type":"Point","coordinates":[39.109843384552256,-5.1721623401169206]},{"type":"Point","coordinates":[39.141864211068466,-5.17808658554723]},{"type":"Point","coordinates":[39.23728894337994,-6.6738254524389005]},{"type":"Point","coordinates":[38.97877259593128,-6.4559914858421426]},{"type":"Point","coordinates":[39.13411424413915,-6.151237853576091]},{"type":"Point","coordinates":[39.129730985542295,-6.135640812082502]},{"type":"Point","coordinates":[39.15679327376099,-6.186424788783487]},{"type":"Point","coordinates":[39.19086975249949,-6.124667638441053]},{"type":"Point","coordinates":[39.181447596794506,-6.1232399894076615]},{"type":"Point","coordinates":[39.16785181184207,-6.118615654012718]},{"type":"Point","coordinates":[39.178852397542656,-6.281032614599692]},{"type":"Point","coordinates":[39.28724429932767,-6.365550334177664]},{"type":"Point","coordinates":[39.35067947376745,-6.428156333252831]},{"type":"Point","coordinates":[39.33490309747509,-6.346702371157607]},{"type":"Point","coordinates":[39.34985900006547,-6.357648760884022]},{"type":"Point","coordinates":[39.68578531842193,-7.620877009632557]},{"type":"Point","coordinates":[39.391248322702005,-7.4902855794968]},{"type":"Point","coordinates":[39.47631908527637,-7.3330713154991685]},{"type":"Point","coordinates":[39.4111626878222,-7.239682157131188]},{"type":"Point","coordinates":[39.25973160540684,-7.853877778250656]},{"type":"Point","coordinates":[39.24822711323667,-7.856205659623746]},{"type":"Point","coordinates":[39.30216887776148,-8.254720813273453]},{"type":"Point","coordinates":[39.347419831610615,-8.214985039520737]},{"type":"Point","coordinates":[39.56658022925485,-7.841460587571469]},{"type":"Point","coordinates":[39.5511740098172,-7.918559253892706]},{"type":"Point","coordinates":[39.69426654548327,-7.829926614589999]},{"type":"Point","coordinates":[39.679591628521344,-7.705439868130991]},{"type":"Point","coordinates":[39.749398909065015,-7.723883651789715]},{"type":"Point","coordinates":[39.75135643719432,-7.952017948804317]},{"type":"Point","coordinates":[40.31184314406403,-10.250764985676668]},{"type":"Point","coordinates":[40.64513420876515,-10.83543673209702]},{"type":"Point","coordinates":[40.599312428425755,-11.135926540007278]},{"type":"Point","coordinates":[40.60998304868838,-11.160496278819249]},{"type":"Point","coordinates":[40.38462014305657,-11.343570702194725]},{"type":"Point","coordinates":[40.512578507381555,-11.277563435807012]},{"type":"Point","coordinates":[40.56250700297518,-11.638544025503004]},{"type":"Point","coordinates":[40.56709097073311,-11.822962442823782]},{"type":"Point","coordinates":[40.5379596598683,-12.02034531851574]},{"type":"Point","coordinates":[40.543145625373015,-12.04332416684051]},{"type":"Point","coordinates":[40.559439189154794,-12.149017261754915]},{"type":"Point","coordinates":[40.621790798147806,-12.231245823085844]},{"type":"Point","coordinates":[40.62458662726954,-12.333200551325952]},{"type":"Point","coordinates":[40.52987536306852,-12.359297135191632]},{"type":"Point","coordinates":[40.601497400822375,-12.493829291188502]},{"type":"Point","coordinates":[40.60673242762932,-12.680670496348561]},{"type":"Point","coordinates":[44.86577141740885,-16.21988491332256]},{"type":"Point","coordinates":[44.85696470685286,-16.22683384280362]},{"type":"Point","coordinates":[44.84441676740192,-16.2420281772856]},{"type":"Point","coordinates":[44.81506252828629,-16.26390353572861]},{"type":"Point","coordinates":[44.52423547481442,-16.24876659924061]},{"type":"Point","coordinates":[40.03360858157178,-16.195773653585974]},{"type":"Point","coordinates":[40.77459971185417,-15.077730226759284]},{"type":"Point","coordinates":[40.62890306905442,-14.087178528789599]},{"type":"Point","coordinates":[40.76174409271608,-14.891483895066408]},{"type":"Point","coordinates":[40.79619961158297,-14.975275634623626]},{"type":"Point","coordinates":[40.795004550895854,-14.997988676462096]},{"type":"Point","coordinates":[40.786340506372476,-15.05484048424511]},{"type":"Point","coordinates":[39.94803842477541,-16.445558761055032]},{"type":"Point","coordinates":[39.7217703001578,-16.641476593548994]},{"type":"Point","coordinates":[39.80670726171952,-16.565978120838146]},{"type":"Point","coordinates":[39.5179804579089,-16.812037392821995]},{"type":"Point","coordinates":[38.79923128824033,-17.27440938396151]},{"type":"Point","coordinates":[38.946756221684815,-17.185852231190857]},{"type":"Point","coordinates":[39.11691998415951,-17.088421573548693]},{"type":"Point","coordinates":[39.55871433749288,-9.024685973784107]},{"type":"Point","coordinates":[39.493928038759904,-9.051716157863707]},{"type":"Point","coordinates":[39.5483068066563,-9.002018415460318]},{"type":"Point","coordinates":[39.43494303286208,-8.953705753941643]},{"type":"Point","coordinates":[39.37063390021027,-8.941143122407137]},{"type":"Point","coordinates":[39.32572183668711,-8.569463158116058]},{"type":"Point","coordinates":[39.521106261387175,-8.55326303161411]},{"type":"Point","coordinates":[39.525881987665294,-8.544492405169123]},{"type":"Point","coordinates":[39.56864917943407,-8.567505480938586]},{"type":"Point","coordinates":[39.57354976626543,-8.38022140015811]},{"type":"Point","coordinates":[39.4379484740554,-8.416742370723547]},{"type":"Point","coordinates":[39.432129414646596,-8.30267730219266]},{"type":"Point","coordinates":[39.303988219034764,-8.265801442157752]},{"type":"Point","coordinates":[39.313575220540145,-8.282296087337679]},{"type":"Point","coordinates":[39.2967555249246,-8.285014203072036]},{"type":"Point","coordinates":[39.28821189969561,-8.280253046986918]},{"type":"Point","coordinates":[39.279926889018085,-8.27381054030765]},{"type":"Point","coordinates":[39.26453852993091,-8.293671603337408]},{"type":"Point","coordinates":[39.270500356173756,-8.301918374876255]},{"type":"Point","coordinates":[39.284091712046774,-8.308611891066597]},{"type":"Point","coordinates":[12.648302524133282,-6.008387040303855]},{"type":"Point","coordinates":[12.448829170024782,-6.131898861112019]},{"type":"Point","coordinates":[35.42275545759501,-23.763588632320612]},{"type":"Point","coordinates":[34.740388076078155,-20.464813548389493]},{"type":"Point","coordinates":[43.75044767191209,-18.31750173922794]},{"type":"Point","coordinates":[43.76481935745087,-17.48968505103218]},{"type":"Point","coordinates":[43.85972690928905,-18.05805292058423]},{"type":"Point","coordinates":[43.80968237349969,-18.211898930416847]},{"type":"Point","coordinates":[44.0558872249844,-18.13432538512764]},{"type":"Point","coordinates":[43.803430713728886,-18.49374383620921]},{"type":"Point","coordinates":[44.058981837945495,-18.409417207276043]},{"type":"Point","coordinates":[44.0602437696406,-18.400409385364483]},{"type":"Point","coordinates":[43.974869805521486,-18.57922931773521]},{"type":"Point","coordinates":[43.85593665325627,-18.553689562273618]},{"type":"Point","coordinates":[44.2435038810166,-18.966067545984323]},{"type":"Point","coordinates":[44.42362922967504,-19.3272997030491]},{"type":"Point","coordinates":[44.418924897017135,-20.10558000179747]},{"type":"Point","coordinates":[44.45049983307122,-19.884717131398627]},{"type":"Point","coordinates":[44.47572939624185,-19.57831159909385]},{"type":"Point","coordinates":[44.41987022434919,-19.62192351192558]},{"type":"Point","coordinates":[44.4268397901895,-19.61009968108871]},{"type":"Point","coordinates":[44.465384314368215,-19.583949649932315]},{"type":"Point","coordinates":[43.75745742971432,-20.8335485308924]},{"type":"Point","coordinates":[43.342912612057,-21.68586078264707]},{"type":"Point","coordinates":[43.371397360015514,-21.650877063278873]},{"type":"Point","coordinates":[43.5748260110416,-21.30515779309891]},{"type":"Point","coordinates":[43.68528682413635,-21.06923845711247]},{"type":"Point","coordinates":[43.73298585479965,-21.330667496438224]},{"type":"Point","coordinates":[43.709481902009436,-21.31607090866017]},{"type":"Point","coordinates":[43.64321969326319,-21.32069842139229]},{"type":"Point","coordinates":[43.574843826203235,-21.316785411283373]},{"type":"Point","coordinates":[43.50278924444438,-21.377944862465398]},{"type":"Point","coordinates":[43.81650482044441,-20.777709638217832]},{"type":"Point","coordinates":[43.849760772618865,-20.669532934785487]},{"type":"Point","coordinates":[43.66569354104173,-23.37822486168203]},{"type":"Point","coordinates":[43.604215937845545,-23.646937103611666]},{"type":"Point","coordinates":[43.596706829362645,-23.637566491206908]},{"type":"Point","coordinates":[43.246903708279305,-22.39400298155172]},{"type":"Point","coordinates":[43.28962638324059,-22.22689974662954]},{"type":"Point","coordinates":[43.300412919034336,-22.226623237503926]},{"type":"Point","coordinates":[43.23028463553933,-22.17530154227333]},{"type":"Point","coordinates":[43.19606551818051,-22.062704897560653]},{"type":"Point","coordinates":[43.31119948927382,-21.93600133734223]},{"type":"Point","coordinates":[43.23800330259096,-21.99855276630466]},{"type":"Point","coordinates":[43.234293338030554,-22.008553619271613]},{"type":"Point","coordinates":[43.304225469033405,-21.767327995008916]},{"type":"Point","coordinates":[44.03043911745039,-25.061541892690144]},{"type":"Point","coordinates":[45.84187758496143,-15.803863488776312]},{"type":"Point","coordinates":[45.90638292213113,-15.769725024940305]},{"type":"Point","coordinates":[46.074727327503325,-15.80902061479022]},{"type":"Point","coordinates":[46.054755042579444,-15.856647482635822]},{"type":"Point","coordinates":[45.60662880055576,-16.06525387844681]},{"type":"Point","coordinates":[45.61597950909656,-16.07218252097812]},{"type":"Point","coordinates":[46.3330742999282,-15.766116026025767]},{"type":"Point","coordinates":[46.49596526812874,-15.560663120904229]},{"type":"Point","coordinates":[46.48755537711713,-15.555310647118926]},{"type":"Point","coordinates":[46.67537271772262,-15.435350673623054]},{"type":"Point","coordinates":[46.672648187886196,-15.426745370596048]},{"type":"Point","coordinates":[47.370640220623216,-14.881481719012507]},{"type":"Point","coordinates":[47.59764863696328,-14.597202232890039]},{"type":"Point","coordinates":[47.59154855641164,-14.636708323197]},{"type":"Point","coordinates":[47.674964927043725,-14.598298210289641]},{"type":"Point","coordinates":[47.67977633333842,-14.638667039482472]},{"type":"Point","coordinates":[47.76833410458036,-14.231929224171326]},{"type":"Point","coordinates":[47.99647059415408,-14.302271366167416]},{"type":"Point","coordinates":[47.99114645168255,-14.634098134335273]},{"type":"Point","coordinates":[47.84172640463226,-14.608814039668571]},{"type":"Point","coordinates":[47.90319954715259,-14.64023316628644]},{"type":"Point","coordinates":[47.90153636554775,-14.65453900341938]},{"type":"Point","coordinates":[47.893139832357434,-14.67935195481516]},{"type":"Point","coordinates":[47.86910977630222,-14.64129881099692]},{"type":"Point","coordinates":[48.17873192922619,-13.709647339372687]},{"type":"Point","coordinates":[47.81113253349141,-13.604259453131984]},{"type":"Point","coordinates":[48.02149062425977,-14.186415679822876]},{"type":"Point","coordinates":[47.9786386846789,-14.06904742197232]},{"type":"Point","coordinates":[48.00398417181296,-13.57902556442943]},{"type":"Point","coordinates":[47.97767103730471,-13.486059325895303]},{"type":"Point","coordinates":[47.95055968137358,-13.503034712254495]},{"type":"Point","coordinates":[48.595613281483736,-12.824212751091894]},{"type":"Point","coordinates":[48.598970984436924,-12.992249495027195]},{"type":"Point","coordinates":[48.60157956340228,-12.970067539500041]},{"type":"Point","coordinates":[48.59273713687427,-12.965965453542115]},{"type":"Point","coordinates":[48.5848757272907,-12.971775230126935]},{"type":"Point","coordinates":[48.59650062464166,-12.954671506129092]},{"type":"Point","coordinates":[48.63670385648838,-12.887727112742557]},{"type":"Point","coordinates":[48.48792597137175,-12.993696316241852]},{"type":"Point","coordinates":[48.49702698571152,-13.002407767773747]},{"type":"Point","coordinates":[48.51019919021689,-12.987131056617631]},{"type":"Point","coordinates":[48.48534859847421,-12.975646873181338]},{"type":"Point","coordinates":[48.23187991139468,-13.18422164851827]},{"type":"Point","coordinates":[48.189291064472485,-13.241632148381305]},{"type":"Point","coordinates":[48.187565390671466,-13.288713821568601]},{"type":"Point","coordinates":[48.38472449914482,-13.514849635189284]},{"type":"Point","coordinates":[48.1797931428467,-13.37065963291293]},{"type":"Point","coordinates":[48.23661997119488,-13.48088191541435]},{"type":"Point","coordinates":[48.41156387650819,-13.535447282026999]},{"type":"Point","coordinates":[48.47006279531119,-13.528064205747448]},{"type":"Point","coordinates":[48.44637160174465,-13.528723214597598]},{"type":"Point","coordinates":[48.50874553717249,-13.502700898995057]},{"type":"Point","coordinates":[48.80092812954281,-13.378468342023165]},{"type":"Point","coordinates":[48.73556663747778,-13.448457591886019]},{"type":"Point","coordinates":[48.75417885177698,-13.427505465363648]},{"type":"Point","coordinates":[48.79023069207838,-13.383526493323181]},{"type":"Point","coordinates":[48.83343943008154,-13.110894646290289]},{"type":"Point","coordinates":[48.832971193005825,-13.101722356056955]},{"type":"Point","coordinates":[48.82873060537094,-13.085626576759601]},{"type":"Point","coordinates":[48.85278299754532,-13.04435733588264]},{"type":"Point","coordinates":[48.818523685486056,-13.116184237292332]},{"type":"Point","coordinates":[48.82092715105313,-13.141961519962859]},{"type":"Point","coordinates":[48.88377823551546,-13.013708248755785]},{"type":"Point","coordinates":[48.930197472498314,-12.923155159894069]},{"type":"Point","coordinates":[48.921734041638736,-12.93468526205408]},{"type":"Point","coordinates":[48.937604003584276,-12.984263318289598]},{"type":"Point","coordinates":[48.921778625176486,-12.960824783801339]},{"type":"Point","coordinates":[48.91526834040198,-12.95420651784183]},{"type":"Point","coordinates":[48.752404135826644,-12.974999392296375]},{"type":"Point","coordinates":[48.83920057690567,-12.604341110000206]},{"type":"Point","coordinates":[48.84550127348082,-12.635044450848978]},{"type":"Point","coordinates":[48.8546246125047,-12.673235632010705]},{"type":"Point","coordinates":[48.88853606647669,-12.727854199259484]},{"type":"Point","coordinates":[48.93545474652492,-12.80825988881507]},{"type":"Point","coordinates":[48.96844763206529,-12.905430928510466]},{"type":"Point","coordinates":[49.798246217925914,-12.866757419614785]},{"type":"Point","coordinates":[47.9725074232587,-14.871729003352158]},{"type":"Point","coordinates":[49.568495465851626,-12.5796138802837]},{"type":"Point","coordinates":[49.57041285470855,-12.5649383205285]},{"type":"Point","coordinates":[49.6436758681918,-12.698527978519541]},{"type":"Point","coordinates":[49.58680451727238,-12.588988096039062]},{"type":"Point","coordinates":[49.531654359741715,-12.367625231112793]},{"type":"Point","coordinates":[49.3662752579174,-12.220154806685803]},{"type":"Point","coordinates":[49.39446120967669,-12.186512706770479]},{"type":"Point","coordinates":[49.37865814006959,-12.160041543894238]},{"type":"Point","coordinates":[49.316047937655746,-12.223710958837636]},{"type":"Point","coordinates":[49.26077739092953,-12.192392458030815]},{"type":"Point","coordinates":[49.238102862037664,-12.175502637259427]},{"type":"Point","coordinates":[49.127543881750256,-12.071215374577903]},{"type":"Point","coordinates":[49.07854283370391,-12.100664649191298]},{"type":"Point","coordinates":[49.109444414660075,-12.132403678910151]},{"type":"Point","coordinates":[49.14314623827613,-12.237490552604765]},{"type":"Point","coordinates":[49.060938255100226,-12.232274244505183]},{"type":"Point","coordinates":[49.3191782303398,-12.304705133407463]},{"type":"Point","coordinates":[48.836449333527085,-12.588866208780969]},{"type":"Point","coordinates":[48.7575008953287,-12.486576224421894]},{"type":"Point","coordinates":[48.77372314454795,-12.503876934920013]},{"type":"Point","coordinates":[48.78757310018534,-12.196986303215454]},{"type":"Point","coordinates":[48.980861746484585,-12.259130432072556]},{"type":"Point","coordinates":[48.98094200373787,-12.282698644785548]},{"type":"Point","coordinates":[48.980264245190355,-12.234270144884617]},{"type":"Point","coordinates":[48.976888654202405,-12.195735418394937]},{"type":"Point","coordinates":[49.03667183067939,-12.14915676115297]},{"type":"Point","coordinates":[48.985169251374245,-12.139256737825526]},{"type":"Point","coordinates":[49.21790755110337,-12.007121420731727]},{"type":"Point","coordinates":[48.63694468793332,-12.26591050274997]},{"type":"Point","coordinates":[48.64311603376018,-12.425248130593124]},{"type":"Point","coordinates":[48.703247024172235,-12.470319294806893]},{"type":"LineString","coordinates":[[48.33950479329879,-13.719801455657553],[48.338581719171785,-13.708204736092593]]},{"type":"LineString","coordinates":[[44.98070923144557,-16.156288439650414],[44.96738097286633,-16.155256213810876]]},{"type":"LineString","coordinates":[[44.43594531059464,-16.36078939354971],[44.44435071878233,-16.346729610214744]]},{"type":"LineString","coordinates":[[41.89349070345936,-1.2087859939776873],[41.90601190011648,-1.192032342266112]]},{"type":"LineString","coordinates":[[41.37323845952716,-1.8983110670263255],[41.40199970184907,-1.8683888701442217],[41.411341527197216,-1.8660535203590716],[41.421570682174874,-1.857541127506757],[41.425142419486534,-1.8478744164420828],[41.43423004886155,-1.8451557359802813],[41.440998970238915,-1.8340716657200355]]},{"type":"LineString","coordinates":[[40.17555072198868,-2.81237990860953],[40.18016138424426,-2.803868821934498],[40.18628379032635,-2.7927165385817805],[40.19063581235928,-2.768024359642757]]},{"type":"LineString","coordinates":[[49.40192577714134,-12.281099634290147],[49.400440848274826,-12.266407187045314]]},{"type":"LineString","coordinates":[[48.35215525375992,-13.742079200871185],[48.34368738516643,-13.745847498312335],[48.34724576478893,-13.733914252655012]]},{"type":"LineString","coordinates":[[48.348788658300656,-13.713593810689257],[48.338581719171785,-13.708204736092593],[48.345368484165576,-13.701840819626307]]},{"type":"LineString","coordinates":[[46.67212653808068,-15.460747618973924],[46.67388786481054,-15.448885484509342]]},{"type":"LineString","coordinates":[[46.066625201703424,-15.786262931322005],[46.0824416115603,-15.783606789199364]]},{"type":"LineString","coordinates":[[45.931710624710824,-15.78134117253496],[45.91998317936419,-15.7761103164517]]},{"type":"LineString","coordinates":[[45.899765624993286,-15.836739268822525],[45.90224484676575,-15.82667930015009],[45.90242327037973,-15.806068786001203]]},{"type":"LineString","coordinates":[[44.453103925443386,-20.076847850903423],[44.42964455695716,-20.080893510710876]]},{"type":"LineString","coordinates":[[44.375372871757804,-20.157452875629097],[44.36229879804399,-20.15328356738626],[44.36649035769542,-20.161797867619747],[44.36113051904077,-20.172082184705715],[44.352020531995166,-20.165092126421253]]},{"type":"LineString","coordinates":[[45.703484914306486,-15.79830282747092],[45.7673615075719,-15.801177569306745]]},{"type":"LineString","coordinates":[[44.43491078725017,-19.594931048509913],[44.45080746211497,-19.555316266423507],[44.45518186951509,-19.546832433596872],[44.45304151011622,-19.537036978897227]]},{"type":"LineString","coordinates":[[44.3972848971675,-19.628030459364272],[44.40006734795169,-19.611301007031635]]},{"type":"LineString","coordinates":[[45.533330081837164,-15.955305796167615],[45.54397394913427,-15.951541441489564],[45.549855458294566,-15.959515846445031],[45.559045727989584,-15.961295092984189]]},{"type":"LineString","coordinates":[[43.30064926296994,-22.17244406730351],[43.288538333120556,-22.15713159421574],[43.2820280463875,-22.169805367024782]]},{"type":"LineString","coordinates":[[43.493536606468716,-21.52975282100536],[43.48866276701401,-21.521983477672908],[43.48312902289408,-21.511894699933016]]},{"type":"LineString","coordinates":[[44.35397812194817,-19.308392958461354],[44.34405659602578,-19.27963944902149]]},{"type":"LineString","coordinates":[[43.52193658265539,-21.387382784247464],[43.51283110421796,-21.37700649798195],[43.52358200322085,-21.374012593764984]]},{"type":"LineString","coordinates":[[43.293822336723935,-21.819732995747277],[43.29304205519522,-21.839030691290702]]},{"type":"LineString","coordinates":[[44.331196538779814,-19.172838471182683],[44.29767303982997,-19.153008329304768],[44.2876534043979,-19.150910583657616]]},{"type":"LineString","coordinates":[[44.31692299691191,-19.15050622696231],[44.312642212624915,-19.137611743106902]]},{"type":"LineString","coordinates":[[44.238763857402475,-19.026317828331205],[44.23736813289635,-19.005707044840488],[44.23687766704553,-18.994631199472092]]},{"type":"LineString","coordinates":[[44.63380454290169,-16.201447451074728],[44.67699984950711,-16.200745201145594],[44.68418790711464,-16.208615428182323],[44.70098983842714,-16.207091066513314],[44.71138844184074,-16.20633312924003],[44.7949742587199,-16.214417213663445]]},{"type":"LineString","coordinates":[[44.01199178897232,-17.913882062985465],[44.01013233157352,-17.933962683402413],[44.01053814713784,-17.947190139217618]]},{"type":"LineString","coordinates":[[44.43603893149733,-16.406222200042098],[44.435610866406435,-16.415234723170535],[44.443044200495635,-16.4296831096062]]},{"type":"LineString","coordinates":[[44.501565436587946,-16.195122780284446],[44.490903706398264,-16.193812440189216]]},{"type":"LineString","coordinates":[[44.415348734475586,-16.34862514426924],[44.44118477066561,-16.33332348891973]]},{"type":"LineString","coordinates":[[41.24821424639407,-2.037090056142471],[41.271472918378294,-2.0040819877174854],[41.282272806673646,-1.9937922219586783],[41.29103942184695,-1.989883956733933]]},{"type":"LineString","coordinates":[[40.79806793527318,-2.3505307560031516],[40.78704954135573,-2.347964452662094],[40.78089153153077,-2.3397264609194885]]},{"type":"LineString","coordinates":[[39.45086648169326,-9.040557305933397],[39.4605873939488,-9.03874295557862]]},{"type":"LineString","coordinates":[[39.431282111488684,-8.928188057909292],[39.42386216475598,-8.934297840681458]]},{"type":"LineString","coordinates":[[39.41183151612935,-8.920219203155574],[39.422198939812695,-8.91685805383716]]},{"type":"LineString","coordinates":[[39.327371717682574,-8.220929793337627],[39.32285460902397,-8.233820744412913],[39.330872098766584,-8.229434082068204],[39.34510110113029,-8.22426618494658]]},{"type":"LineString","coordinates":[[39.66000727820698,-5.024101902676371],[39.66114877696599,-5.007342130048068]]},{"type":"LineString","coordinates":[[39.63807295329419,-5.070527652737496],[39.635914719135144,-5.0986338370545985],[39.63078676824376,-5.107707678787207]]},{"type":"LineString","coordinates":[[39.083556980752526,-6.511032654873323],[39.07646705141288,-6.505100393710051],[39.06718759653131,-6.502911731699207]]},{"type":"LineString","coordinates":[[39.22462513788406,-4.670138550612046],[39.227447685811214,-4.648738997225503]]},{"type":"LineString","coordinates":[[-16.375740949154917,16.48811983831517],[-16.372873758448996,16.49753908591159]]},{"type":"LineString","coordinates":[[-16.500613565158755,16.093309789996486],[-16.508778251097805,16.098656626222457]]},{"type":"LineString","coordinates":[[-16.48915820589283,16.111418936583128],[-16.49268083269743,16.08357549724137]]},{"type":"LineString","coordinates":[[-16.515801294672407,14.23286708887644],[-16.51283158629743,14.242929056847615],[-16.51737538735215,14.25089006450495],[-16.524416246580735,14.257282057430928],[-16.510165042136716,14.258790302774837]]},{"type":"LineString","coordinates":[[-16.522708421180337,14.160302620644599],[-16.527015903818917,14.172641837164111]]},{"type":"LineString","coordinates":[[-16.384953403536777,12.309318760573092],[-16.385265598365287,12.318977177194025]]},{"type":"LineString","coordinates":[[-16.40371737567508,12.289639318116285],[-16.388012394181764,12.268076067630867]]},{"type":"LineString","coordinates":[[-16.421518082583475,12.18841744328778],[-16.439831640188025,12.184586195993388],[-16.44928931638683,12.190204479202526],[-16.457962299708758,12.195696182333936]]},{"type":"LineString","coordinates":[[-16.304899243418564,12.148668540664302],[-16.28989876675886,12.160717177198768]]},{"type":"LineString","coordinates":[[-15.993065378067044,12.313858281145798],[-15.969869095616332,12.313039300990994]]},{"type":"LineString","coordinates":[[-15.945317310884317,12.226151361267807],[-15.935502828636624,12.228761835589792]]},{"type":"LineString","coordinates":[[-16.073485216471894,12.043747172064402],[-16.07488095948781,12.033049581268688],[-16.084842603901468,12.03649046953042],[-16.087410982649242,12.023594499457703],[-16.096841998225745,12.025879738057968],[-16.102835064383477,12.018766522047368]]},{"type":"LineString","coordinates":[[-16.30440872896232,11.407455807159858],[-16.307191170409038,11.416075378343969],[-16.300377700564802,11.439773308227304],[-16.305514588385417,11.449322658075236],[-16.299668706927623,11.456437593481205]]},{"type":"LineString","coordinates":[[-16.07904573326415,11.42112805245504],[-16.090795470609287,11.41966384928187]]},{"type":"LineString","coordinates":[[-15.567453026507666,12.015469260556115],[-15.582141379679971,12.028069117075816]]},{"type":"LineString","coordinates":[[-15.548644605611326,12.036769546126594],[-15.54757885648229,12.027624230821251],[-15.539053095080611,12.019006397740082],[-15.535757746490269,12.007928339597333],[-15.528971010851935,12.018120975976945]]},{"type":"LineString","coordinates":[[-16.217518652122205,11.117405959227442],[-16.182376461185555,11.138678473550787]]},{"type":"LineString","coordinates":[[-16.117955851861538,11.182347513461467],[-16.114504500797416,11.201432557089856],[-16.121054924107497,11.20784938152005]]},{"type":"LineString","coordinates":[[-15.406760409374355,12.055569457404744],[-15.406773815410308,12.065363567982107]]},{"type":"LineString","coordinates":[[-16.028582104817303,11.03938177972319],[-15.970150065395764,11.039569979148014]]},{"type":"LineString","coordinates":[[-15.30391576818128,11.642291258775648],[-15.30808053380938,11.624633442696114]]},{"type":"LineString","coordinates":[[-15.314831624750964,11.583775574954084],[-15.30163268008016,11.584819600299927],[-15.305801944958962,11.573990458843408]]},{"type":"LineString","coordinates":[[-15.366557190527201,11.356257912583066],[-15.368751080401797,11.366850639415237],[-15.375314868426353,11.360240650617907]]},{"type":"LineString","coordinates":[[-15.27848993852209,11.310345961305071],[-15.293624117303011,11.297621738335058]]},{"type":"LineString","coordinates":[[-15.342326466472803,11.186818127535435],[-15.35354999299808,11.186288830425257],[-15.35576167481681,11.177264352484894],[-15.348051915742873,11.17082936703273]]},{"type":"LineString","coordinates":[[-15.345679697237339,11.149699181585467],[-15.349608188327963,11.161808723788868],[-15.355075044348213,11.148657932913334]]},{"type":"LineString","coordinates":[[-15.330915630398655,11.13682779744306],[-15.304290286529241,11.135051477548684]]},{"type":"LineString","coordinates":[[-15.262557541599563,11.041027380630736],[-15.266865060879399,11.033031303209976],[-15.268934070229072,11.024010764408409]]},{"type":"LineString","coordinates":[[-14.292078843531915,10.20250723981954],[-14.295962729048657,10.210893762222375],[-14.302365931986971,10.198794507715665],[-14.292078843531915,10.20250723981954],[-14.285073559157807,10.194502360203918]]},{"type":"LineString","coordinates":[[-14.253400544483661,10.163376137284729],[-14.273430901248382,10.165223950355466]]},{"type":"LineString","coordinates":[[-14.213348910466292,10.159412727626982],[-14.217999763950058,10.17076739252854],[-14.22370293333379,10.179286380564776]]},{"type":"LineString","coordinates":[[-14.138106099279339,10.050112172905822],[-14.13245192108935,10.057400620698141],[-14.147010930454732,10.06091746474512],[-14.150368616157552,10.0695623455559]]},{"type":"LineString","coordinates":[[48.03169752652811,-14.700280324243172],[48.02235568312242,-14.696687414308633]]},{"type":"LineString","coordinates":[[46.0695904670119,-15.818708201638438],[46.05325679857227,-15.824967545383945]]},{"type":"LineString","coordinates":[[45.80660609381453,-15.834525692222384],[45.80482690183949,-15.822423520947911]]},{"type":"LineString","coordinates":[[43.474081495197716,-21.390044198151003],[43.47074168540536,-21.4201344737354],[43.465404105407366,-21.431155209822442],[43.47192332833887,-21.43893772466022]]},{"type":"LineString","coordinates":[[44.453050436880886,-16.28736874780794],[44.44265176991231,-16.286696763179027],[44.44368626749169,-16.29855245599442],[44.448729541174316,-16.307582775287205]]},{"type":"LineString","coordinates":[[39.37891895874051,-8.139809828085518],[39.369340763772506,-8.135563372101686]]},{"type":"LineString","coordinates":[[-15.616726108174104,11.982250749944509],[-15.611294989581372,11.992095468643353]]},{"type":"LineString","coordinates":[[-15.360911982660419,11.225327549724545],[-15.352167639390565,11.228564197206001]]},{"type":"LineString","coordinates":[[49.6630417606516,-12.683941903091156],[49.66136512750837,-12.70351306739468]]},{"type":"LineString","coordinates":[[48.8003038428917,-13.41838415493137],[48.795296224343105,-13.404690651584744]]},{"type":"LineString","coordinates":[[48.01483318447064,-14.608179748763481],[48.00987466875694,-14.623044215844]]},{"type":"LineString","coordinates":[[47.22416322455752,-15.483447019798936],[47.24902713329162,-15.48310755176913]]},{"type":"LineString","coordinates":[[47.234561827736286,-15.438024217761182],[47.236309784663895,-15.427575011144112]]},{"type":"LineString","coordinates":[[44.479269899478325,-19.994772428573],[44.47020901571777,-20.014574674783923],[44.4794839501443,-20.011252131879832],[44.476862032237946,-20.021546302942948],[44.47020901571777,-20.014574674783923]]},{"type":"LineString","coordinates":[[44.47493564976433,-19.986647169325806],[44.481508425577324,-19.97553346292956],[44.46556712083218,-19.977218225618447],[44.47493564976433,-19.986647169325806],[44.46606652432324,-19.99704774289146]]},{"type":"LineString","coordinates":[[44.445032945275464,-20.04630080933321],[44.445719625974036,-20.055566509094717],[44.437082359890276,-20.05979700419246],[44.42948408327239,-20.05076197695196],[44.42644744088085,-20.060538360483623],[44.437082359890276,-20.05979700419246]]},{"type":"LineString","coordinates":[[44.3727910272791,-20.12036069069353],[44.38234691176149,-20.117559566053025],[44.38067471541646,-20.12656988173148]]},{"type":"LineString","coordinates":[[44.208834330892216,-20.40863442574706],[44.18976278811625,-20.426060675478254]]},{"type":"LineString","coordinates":[[45.61914993659702,-16.06010761229544],[45.607065758221445,-16.033302660123233]]},{"type":"LineString","coordinates":[[43.67666743403536,-21.29831122518634],[43.687833001068036,-21.294019575905914],[43.695163722072685,-21.28802837295044]]},{"type":"LineString","coordinates":[[43.595257604843276,-21.27936943494891],[43.606200262185595,-21.28409781098788]]},{"type":"LineString","coordinates":[[43.586807563340926,-21.27234715313919],[43.618988930672984,-21.26746877835132]]},{"type":"LineString","coordinates":[[43.49489658700988,-21.34363463300796],[43.50925047585132,-21.296396020664808]]},{"type":"LineString","coordinates":[[44.089687204474586,-18.419613362323812],[44.07872667470675,-18.426001546500892]]},{"type":"LineString","coordinates":[[44.01670953787914,-18.10630832878713],[44.03925474481332,-18.170815994738575],[44.04738365463299,-18.211551598516202]]},{"type":"LineString","coordinates":[[44.46154053622763,-16.304779592962717],[44.448729541174316,-16.307582775287205],[44.45698330413066,-16.31301366960846]]},{"type":"LineString","coordinates":[[44.42935472437521,-16.293223868579794],[44.43199455520934,-16.282544950729637],[44.440279547509824,-16.27612876365125],[44.44622795189385,-16.24702846939716],[44.44151024638578,-16.218934391779047]]},{"type":"LineString","coordinates":[[44.40682733035705,-16.313394541870263],[44.41213371776251,-16.322039094665964],[44.40557432432632,-16.330910097554824],[44.4088785623776,-16.340965941843013],[44.415348734475586,-16.34862514426924],[44.41295417232336,-16.36132850420271]]},{"type":"LineString","coordinates":[[43.14985584401341,11.713409028806241],[43.184610081156315,11.71530828718386]]},{"type":"LineString","coordinates":[[41.044767749064974,-2.1556405450214142],[41.0605261617366,-2.162319973916422]]},{"type":"LineString","coordinates":[[40.96654175157311,-2.076888586179708],[40.98022226540845,-2.057285803322519]]},{"type":"LineString","coordinates":[[40.75650019225106,-2.3012269638030713],[40.74806809035636,-2.3181221810702675]]},{"type":"LineString","coordinates":[[40.720323538804,-2.2583599063775597],[40.73942636244762,-2.2689063637107183]]},{"type":"LineString","coordinates":[[40.185209142004226,-2.9776102958958903],[40.175216255926465,-2.981488934113822],[40.17879246278681,-2.9701424537578656],[40.171096095287204,-2.9644780636216086],[40.1704227388199,-2.9551398293112374]]},{"type":"LineString","coordinates":[[40.20379461632106,-2.724188285155393],[40.19752962902497,-2.740307436805664],[40.18830376757375,-2.7425077378005245]]},{"type":"LineString","coordinates":[[40.183403186447734,-2.7137702011406453],[40.19634794878862,-2.713110999657873]]},{"type":"LineString","coordinates":[[39.42587327816811,-8.958097294369777],[39.42579747924398,-8.968320446238193]]},{"type":"LineString","coordinates":[[40.15286281557473,-2.940395270640975],[40.16449657721863,-2.9480770446501374],[40.165941335932054,-2.9389657791345787],[40.17312494167087,-2.944625840532126],[40.16449657721863,-2.9480770446501374]]},{"type":"LineString","coordinates":[[39.35177191844965,-8.163420613099],[39.37092375656372,-8.168046349781129],[39.37530260747308,-8.149737191256689]]},{"type":"LineString","coordinates":[[-16.44623490437025,16.435743542307215],[-16.43686633065339,16.432202251520305]]},{"type":"LineString","coordinates":[[-16.302214809351124,12.162077226016581],[-16.29389411569434,12.174356251274771]]},{"type":"LineString","coordinates":[[-16.149468343322802,11.394058397097838],[-16.159363068714917,11.387059949574429]]},{"type":"LineString","coordinates":[[-14.766402359364147,10.922726936087342],[-14.765350008074561,10.934841544826023]]},{"type":"LineString","coordinates":[[12.644414203767045,-13.298386836753506],[12.64002197239737,-13.29036291029293]]},{"type":"LineString","coordinates":[[-14.69080715126288,10.798334839568831],[-14.69664857413485,10.780388912332262],[-14.705254637291677,10.777300660040043]]},{"type":"LineString","coordinates":[[-14.46643416767859,10.344735980583646],[-14.498530784981808,10.376489066540737]]},{"type":"LineString","coordinates":[[-14.239662067806295,10.14297925077864],[-14.231608963389784,10.138194771322915]]},{"type":"LineString","coordinates":[[47.227186523016904,-15.49307268606158],[47.24902713329162,-15.48310755176913],[47.25592535821409,-15.474113133030277]]},{"type":"LineString","coordinates":[[44.23103175287424,-20.39470030552078],[44.228623820453926,-20.384259367824185]]},{"type":"LineString","coordinates":[[44.001067040456874,-20.730858341297274],[43.9882337199635,-20.726537807326192]]},{"type":"LineString","coordinates":[[44.54852869441991,-16.18905914279016],[44.50746037080404,-16.184190151948513],[44.501565436587946,-16.195122780284446],[44.50047740872954,-16.204140821362664],[44.5100466454718,-16.20854259513343]]},{"type":"LineString","coordinates":[[42.01791305120279,-1.0434700858724202],[42.02851677799075,-1.0316152571009007]]},{"type":"LineString","coordinates":[[40.18465615931122,-2.8146913902471637],[40.18016138424426,-2.803868821934498],[40.165285881149885,-2.801303415922551]]},{"type":"LineString","coordinates":[[39.60190516203387,-7.955480226310777],[39.616896712001825,-7.950693085436791]]},{"type":"LineString","coordinates":[[38.98805192854984,-6.456124464663699],[39.050430364638224,-6.4826732356396],[39.054813603460175,-6.49221221332443]]},{"type":"LineString","coordinates":[[-16.50665120262002,16.01882518006155],[-16.51049054876031,15.97605528968141],[-16.500047258974178,15.968218736544957],[-16.50201819083378,15.95895422481762]]},{"type":"LineString","coordinates":[[-16.564169202783933,13.66311209573738],[-16.553199803974497,13.669542044417094]]},{"type":"LineString","coordinates":[[-16.411164049275413,12.194693700433778],[-16.398263833619033,12.19922655066707],[-16.404849916969923,12.206923345363553]]},{"type":"LineString","coordinates":[[-15.794885082664363,11.346906496934764],[-15.80294265268974,11.332841577873989],[-15.79496085754645,11.327708691859959]]},{"type":"LineString","coordinates":[[-15.914977605076093,11.12582416762678],[-15.91462528521047,11.138582217135863]]},{"type":"LineString","coordinates":[[-14.120100193426019,10.057628974293278],[-14.095775822284184,10.060140314309002]]},{"type":"LineString","coordinates":[[-13.995940988478196,10.026603645515964],[-14.0049038367462,10.030112041079121],[-14.004930582866146,10.020829432233255]]},{"type":"LineString","coordinates":[[12.570464490623463,-5.979197654360918],[12.581585504541186,-5.966624769407727],[12.58669116426609,-5.9756631226573145],[12.600362742870958,-5.96748067219921],[12.594998469440297,-5.95869948294223]]},{"type":"LineString","coordinates":[[49.195219624680654,-12.010348919010235],[49.18342089870675,-12.013367072651441],[49.183884618690044,-12.02264370317899],[49.18998915995416,-12.029381819322916]]},{"type":"LineString","coordinates":[[47.99192674868068,-14.769534020938968],[47.99072728480949,-14.755093385451813],[47.99639031994243,-14.746296658027518]]},{"type":"LineString","coordinates":[[46.34724087186421,-15.73847792126792],[46.366276779039424,-15.73425885282395]]},{"type":"LineString","coordinates":[[45.7363440101851,-15.83400656982271],[45.763629292788075,-15.83545659833725]]},{"type":"LineString","coordinates":[[43.30251314153847,-22.201292939610106],[43.31101220822701,-22.195847298277265]]},{"type":"LineString","coordinates":[[43.63147440449003,-21.28352863109143],[43.61831563268144,-21.280848651631842]]},{"type":"LineString","coordinates":[[43.50217830980962,-21.478342031422287],[43.492814230133085,-21.48375279524954],[43.495124005598356,-21.495785259144064]]},{"type":"LineString","coordinates":[[43.46837831508991,-21.5148484272714],[43.48312902289408,-21.511894699933016],[43.48198753097764,-21.502614236878046]]},{"type":"LineString","coordinates":[[43.48193398502582,-21.348153299321698],[43.48899721759275,-21.356068987090094],[43.47717617064207,-21.356604655498725]]},{"type":"LineString","coordinates":[[44.9743148896634,-16.149071431477203],[44.98070923144557,-16.156288439650414],[44.97111325547507,-16.164789945939532],[44.98497656548159,-16.164532998224708]]},{"type":"LineString","coordinates":[[44.0193715822086,-17.94173468262316],[44.01053814713784,-17.947190139217618],[44.01068528622577,-17.97981331883482],[44.023964465352094,-17.98786320749267],[44.01192043758668,-17.996892391938168],[44.010752207114265,-18.015873776502414]]},{"type":"LineString","coordinates":[[44.00925834511356,-17.899430097756273],[44.01199178897232,-17.913882062985465],[44.02002708134622,-17.9206197438561]]},{"type":"LineString","coordinates":[[44.44149238848417,-16.31967260505976],[44.428409442917975,-16.322728087208425],[44.42202397558037,-16.316009373832372]]},{"type":"LineString","coordinates":[[40.99186495583725,-2.149526990354991],[40.99377346834272,-2.1405036254097345]]},{"type":"LineString","coordinates":[[40.905309343815794,-2.0658818365032223],[40.905813205968165,-2.0555745875198985],[40.89914243574409,-2.0487520733386146],[40.8922352852364,-2.0561049020961994],[40.895191606821264,-2.064865811052399],[40.905309343815794,-2.0658818365032223],[40.90865364086528,-2.076701435338601]]},{"type":"LineString","coordinates":[[39.34222494569014,-8.192816216507863],[39.326952542299644,-8.183419552071026],[39.31350387794676,-8.191553936285489]]},{"type":"LineString","coordinates":[[39.31015955340542,-8.214239183817181],[39.31844010316281,-8.217972840803586],[39.327371717682574,-8.220929793337627],[39.331371515292105,-8.207005619948578]]},{"type":"LineString","coordinates":[[39.26646934294732,-8.274596017451152],[39.26930974762618,-8.265311610488586]]},{"type":"LineString","coordinates":[[39.38845250501427,-7.248210722716436],[39.396978282355,-7.253877139626423]]},{"type":"LineString","coordinates":[[-16.558185047969207,14.155053706790149],[-16.559478200341445,14.170756819256885]]},{"type":"LineString","coordinates":[[-16.398451162533444,14.218253216821523],[-16.408952364933786,14.20878671630071],[-16.40204521516418,14.202000011372817]]},{"type":"LineString","coordinates":[[-16.226485942855522,14.18737971359462],[-16.231038684076935,14.198948057555027]]},{"type":"LineString","coordinates":[[-16.41373696464999,12.203659016395],[-16.404849916969923,12.206923345363553],[-16.411164049275413,12.194693700433778],[-16.421518082583475,12.18841744328778],[-16.426302702375885,12.201662815795855]]},{"type":"LineString","coordinates":[[-16.08327742642057,12.231825429003235],[-16.090385234667277,12.23978711404859],[-16.08937297018734,12.248811813469851]]},{"type":"LineString","coordinates":[[-15.975518783572417,12.210453570466914],[-15.986149260963954,12.21544365259735],[-15.976865402270857,12.220241905623825]]},{"type":"LineString","coordinates":[[-15.487434464143067,11.397782598797406],[-15.477000210412793,11.407517052890663]]},{"type":"LineString","coordinates":[[-15.403505275962061,11.253808292300015],[-15.38717610966133,11.243793186011297],[-15.377116319549001,11.241099054223668],[-15.369277285756171,11.235312750801453]]},{"type":"LineString","coordinates":[[-14.782209851179195,10.886910154357377],[-14.777920200388149,10.86706017609373],[-14.770223769338203,10.872468384618735],[-14.7594104684412,10.862151119618167]]},{"type":"LineString","coordinates":[[48.96100091380689,-12.819599632715473],[48.95934658787529,-12.82989099692321]]},{"type":"LineString","coordinates":[[47.73185413439197,-14.530971686098782],[47.73617058642133,-14.516502404528419]]},{"type":"LineString","coordinates":[[44.40361238219361,-20.11750515762358],[44.41289617104203,-20.114314600050406]]},{"type":"LineString","coordinates":[[45.747469474941795,-15.819283108493762],[45.760262630875005,-15.824388391773594]]},{"type":"LineString","coordinates":[[44.13920107343629,-20.481347835128588],[44.1332258585675,-20.472395788334687],[44.12848582777927,-20.480357830714134]]},{"type":"LineString","coordinates":[[43.962749949907554,-20.77093052756864],[43.97451306390002,-20.772544020789677]]},{"type":"LineString","coordinates":[[45.51115942571562,-16.033165505898687],[45.52794795505983,-16.034284087776896]]},{"type":"LineString","coordinates":[[41.18194304634444,-1.9853963343833696],[41.19060707364423,-1.9727355802106925],[41.1801370956728,-1.9685687922983066]]},{"type":"LineString","coordinates":[[39.84384710519511,-5.142993547822141],[39.843320886691515,-5.133969091498522]]},{"type":"LineString","coordinates":[[39.83747054996644,-5.08370592432419],[39.82833387658902,-5.078047373390814]]},{"type":"LineString","coordinates":[[39.27162406840277,-8.241592190469058],[39.277955924977114,-8.234888708272285],[39.28714615221202,-8.239522495705238],[39.277581420566655,-8.248807456812596],[39.27162406840277,-8.241592190469058],[39.26308035679554,-8.237991144920606],[39.27070993454302,-8.228961883748328]]},{"type":"LineString","coordinates":[[-15.912431434427514,12.224717610067637],[-15.90524777811347,12.230666229243013],[-15.904815265397978,12.219200356051283],[-15.896445542560759,12.223994154968185]]},{"type":"LineString","coordinates":[[-15.780758627243495,12.262873447545747],[-15.76145966756311,12.250171449894568],[-15.760050570313187,12.260611919906172]]},{"type":"LineString","coordinates":[[-15.125538319249468,11.307189023372048],[-15.121534065251256,11.315348080712196]]},{"type":"LineString","coordinates":[[-15.250107728139541,11.131105064649352],[-15.241238656158265,11.134592116092387],[-15.245162580079585,11.144641682948428],[-15.244908464676188,11.154437149307817],[-15.235508697527754,11.15354032862936],[-15.23315430704005,11.144650424367795],[-15.226621649483961,11.137567177150858],[-15.232752983635635,11.130733187322262],[-15.241238656158265,11.134592116092387]]},{"type":"LineString","coordinates":[[-14.985250551187175,10.960579453470642],[-14.981857187167494,10.970963340336473],[-14.991225773727407,10.975529189734678],[-14.995791875807855,10.9635431744702]]},{"type":"LineString","coordinates":[[50.78723915818686,11.980205012439233],[50.793111743217025,11.987934325267448]]},{"type":"LineString","coordinates":[[49.586920457843824,-12.663707943318443],[49.57722640785332,-12.661080151645788],[49.58006239496869,-12.669724819037025]]},{"type":"LineString","coordinates":[[48.363922806857786,-13.425024538444264],[48.36879664985879,-13.440473365212545]]},{"type":"LineString","coordinates":[[48.264047901338685,-13.822465919637708],[48.26416382052915,-13.812684312453369],[48.27684106406129,-13.809865330307678]]},{"type":"LineString","coordinates":[[48.31478798590646,-13.261337402925554],[48.30797445339265,-13.267756469604212]]},{"type":"LineString","coordinates":[[47.17163501493205,-15.075818583797847],[47.163568497858115,-15.0905734006173],[47.15170279402044,-15.096351090789447]]},{"type":"LineString","coordinates":[[44.41191071478403,-20.08521132494398],[44.42409298839775,-20.070829344672287],[44.42644744088085,-20.060538360483623]]},{"type":"LineString","coordinates":[[44.34890365968009,-20.176288656344326],[44.359997916548586,-20.18211884625488],[44.34224175982664,-20.189007788736774]]},{"type":"LineString","coordinates":[[45.62041185094874,-15.868893389947528],[45.629169535073466,-15.860104703505831]]},{"type":"LineString","coordinates":[[43.56693788123125,-21.310541726931028],[43.556784455810025,-21.314799799134743],[43.54626546523589,-21.317312938196302],[43.53660707567272,-21.32186570294947],[43.53367739020931,-21.312311479995024]]},{"type":"LineString","coordinates":[[43.52419737057867,-21.340033637226295],[43.51702267295612,-21.347268641138072],[43.51079332628219,-21.360898754437205]]},{"type":"LineString","coordinates":[[44.34128304569283,-19.2263149974862],[44.32902941061876,-19.239151986514287],[44.32313894112624,-19.221359269350092]]},{"type":"LineString","coordinates":[[45.02495686637662,-16.113775158576594],[45.021229050498185,-16.126656445255314],[45.00443610234246,-16.131552614057128]]},{"type":"LineString","coordinates":[[44.01461377017234,-18.096254759088577],[44.01899257570296,-18.083398876997983],[44.02361665825389,-18.09913277414817]]},{"type":"LineString","coordinates":[[41.1217719450799,-2.0908586528404496],[41.11179250446924,-2.0957693013536516]]},{"type":"LineString","coordinates":[[40.80384694810469,-2.2589034949313214],[40.78670618934015,-2.2786418558510304],[40.781845730498404,-2.2863766910191106],[40.79287307878422,-2.292418406182905]]},{"type":"LineString","coordinates":[[40.16450547920091,-2.7884185798682437],[40.17527871471741,-2.7922711519830483]]},{"type":"LineString","coordinates":[[39.37093712599739,-7.295145682903893],[39.370535804415255,-7.28173932333826]]},{"type":"LineString","coordinates":[[-15.266477141199895,11.308037283274226],[-15.257340391045718,11.314744661762967]]},{"type":"LineString","coordinates":[[-14.96800722845864,10.998339600629102],[-14.972831980972245,10.990605005392565]]},{"type":"LineString","coordinates":[[-14.650166895922796,10.734198359883145],[-14.650153552369565,10.747345704563175],[-14.649092298837646,10.76461461939752],[-14.648427884937925,10.773634268099741]]},{"type":"LineString","coordinates":[[47.24484449857443,-15.431482204992278],[47.236309784663895,-15.427575011144112],[47.24740848217336,-15.422829441931516],[47.238066667055506,-15.417903290530793]]},{"type":"LineString","coordinates":[[42.55105650390559,-0.369286838433831],[42.554133319895556,-0.3819325737956015],[42.54234789801468,-0.3934991779796434]]},{"type":"LineString","coordinates":[[39.39616229064013,-4.687080052138412],[39.40669463595169,-4.683724692497136]]},{"type":"LineString","coordinates":[[-16.509237517311487,16.08912400483381],[-16.508894123806492,16.078566808398097],[-16.506062586951256,16.06998013731411]]},{"type":"LineString","coordinates":[[-16.46399997097351,15.931929956799845],[-16.453592421350997,15.928521069471765]]},{"type":"LineString","coordinates":[[-15.83276511039007,11.213946768365377],[-15.835137382188314,11.222961357695109]]},{"type":"LineString","coordinates":[[-15.747961973163957,11.178992212122816],[-15.754463272781596,11.169696282000745]]},{"type":"LineString","coordinates":[[-15.245162580079585,11.144641682948428],[-15.23315430704005,11.144650424367795]]},{"type":"LineString","coordinates":[[-14.679463251066897,10.758718257230568],[-14.667481582785223,10.752646508423176],[-14.659044976136654,10.756462157390555],[-14.658862158934431,10.7656572227259],[-14.669024458044182,10.769792541102163]]},{"type":"LineString","coordinates":[[-14.311404610978819,10.229741694302348],[-14.309861706720927,10.220719414527496],[-14.299690522925085,10.23255453782525]]},{"type":"LineString","coordinates":[[-14.22833150360084,10.202235182887874],[-14.217701031921225,10.188678486050152]]},{"type":"LineString","coordinates":[[13.14192508566191,-8.93667209910724],[13.133354691363754,-8.940108017189635],[13.13184751065566,-8.931214371624119]]},{"type":"LineString","coordinates":[[49.02155548787582,-12.315840509205994],[49.03048706130448,-12.312812703950044],[49.03248919523652,-12.325320053186084]]},{"type":"LineString","coordinates":[[44.392442281144156,-20.115277652847244],[44.39955902921214,-20.107832794306905]]},{"type":"LineString","coordinates":[[44.78812954014268,-16.256408014255783],[44.798001993224226,-16.254357460332034]]},{"type":"LineString","coordinates":[[42.05358139408939,-0.989336188121993],[42.06561651608516,-0.9747972071359869]]},{"type":"LineString","coordinates":[[40.815119586939204,-2.2588901218302304],[40.828425509533,-2.2458573689765307]]},{"type":"LineString","coordinates":[[40.76801807326674,-2.2907787680142304],[40.756219273484184,-2.278548301331884]]},{"type":"LineString","coordinates":[[39.55410362914958,-9.393304087654162],[39.56422580335321,-9.393673609677244],[39.57008059123785,-9.401271119615638],[39.55724283190155,-9.409537187117266],[39.56422580335321,-9.393673609677244]]},{"type":"LineString","coordinates":[[39.365354308268536,-7.870296464446325],[39.36650480440645,-7.857923960540984],[39.357203075804485,-7.863988798791059]]},{"type":"LineString","coordinates":[[-16.28617989083255,12.040271493798581],[-16.278621751627597,12.04803829030292]]},{"type":"LineString","coordinates":[[-15.939868233924043,11.516832441275527],[-15.931957854082482,11.512192207659883]]},{"type":"LineString","coordinates":[[-15.972343867298829,11.073070816587228],[-15.955858607354898,11.058432473391502]]},{"type":"LineString","coordinates":[[-15.221217244450303,11.378439619494008],[-15.209596870314389,11.383602201932897],[-15.207501098624716,11.374068064439776]]},{"type":"LineString","coordinates":[[-14.735188635657254,10.827846851760329],[-14.729173264551976,10.849753354666555]]},{"type":"LineString","coordinates":[[49.570305886626365,-12.536981967924385],[49.58695614985652,-12.536942782790193],[49.58074458863339,-12.54657093787629]]},{"type":"LineString","coordinates":[[48.722983027515454,-12.460958204414585],[48.724396565100385,-12.449380512789553]]},{"type":"LineString","coordinates":[[39.95196689219015,-3.3666087486480856],[39.96478684361133,-3.359891497340043]]},{"type":"LineString","coordinates":[[39.34717014821366,-5.757384576675688],[39.35013542050235,-5.766883250523805]]},{"type":"LineString","coordinates":[[39.18799804551864,-6.276649067554165],[39.19431212230091,-6.283864912004663]]},{"type":"LineString","coordinates":[[-22.944638879718454,16.168473166862444],[-22.931043083422363,16.159389300933572]]},{"type":"LineString","coordinates":[[-15.347646120378117,11.268003884900741],[-15.329096263772758,11.259843506992151]]},{"type":"LineString","coordinates":[[49.60081950887443,-12.6171476562416],[49.59839822881429,-12.627956349961124]]},{"type":"LineString","coordinates":[[49.53572996896715,-12.423462708042162],[49.544376155647235,-12.414378666385653]]},{"type":"LineString","coordinates":[[47.3575126620548,-14.891919191796708],[47.370564403499216,-14.898736400353235]]},{"type":"LineString","coordinates":[[44.38989618592904,-20.138702761785996],[44.38067471541646,-20.12656988173148],[44.39049810354561,-20.124154079262944],[44.39975073945973,-20.128952117472963]]},{"type":"LineString","coordinates":[[44.44997809019914,-19.864974071979116],[44.44835054939017,-19.875952984954917]]},{"type":"LineString","coordinates":[[44.22074458836299,-20.43032294231444],[44.20985100152734,-20.42357851998353],[44.208834330892216,-20.40863442574706],[44.228623820453926,-20.384259367824185],[44.23873261676233,-20.383277161606717]]},{"type":"LineString","coordinates":[[43.47654743684725,-21.654449565446768],[43.469207726306124,-21.645630064462402]]},{"type":"LineString","coordinates":[[43.2023216429017,-21.960845713003813],[43.20518880115485,-21.952251822833823]]},{"type":"LineString","coordinates":[[44.034924986504386,-18.3686053594294],[44.03702517233238,-18.379688310498736],[44.0671687426238,-18.442169724300836]]},{"type":"LineString","coordinates":[[44.04541723057341,-18.3740643869272],[44.034924986504386,-18.3686053594294],[44.04466811971737,-18.363501605045098],[44.042835410105695,-18.352802653232104],[44.050286566273606,-18.34653030271861],[44.046875338482124,-18.337328760252348]]},{"type":"LineString","coordinates":[[44.01151020140025,-18.024892995375623],[44.010752207114265,-18.015873776502414],[44.02090109054418,-18.013952782318512]]},{"type":"LineString","coordinates":[[36.38626907028092,-18.73497555348686],[36.393818276332055,-18.71572680677268]]},{"type":"LineString","coordinates":[[39.49205966503193,-8.820234655734568],[39.497094055361146,-8.80772477292846]]},{"type":"LineString","coordinates":[[-16.10507352892132,12.276062852074766],[-16.111467886165055,12.269335319094143],[-16.13770521212781,12.277988693456797]]},{"type":"LineString","coordinates":[[-16.232148988728532,12.018482981504162],[-16.21668481706317,12.013528493785575],[-16.219119456439298,12.001665077385612]]},{"type":"LineString","coordinates":[[-16.19342609400271,11.475316439082258],[-16.19806361901952,11.460091103685047],[-16.206326307214763,11.468049116198625]]},{"type":"LineString","coordinates":[[-16.08830284980228,11.104629450064458],[-16.08978768939262,11.116736504676286]]},{"type":"LineString","coordinates":[[-14.66518073288706,10.82958553998858],[-14.658411833503218,10.822358997153799]]},{"type":"LineString","coordinates":[[-14.671557219978334,10.719017554585934],[-14.669091361993829,10.708186807476872]]},{"type":"LineString","coordinates":[[48.93462975735382,-12.994543612248828],[48.93558852968587,-13.005622892850049]]},{"type":"LineString","coordinates":[[48.707679371102934,-12.443314973690928],[48.71169255490515,-12.433817955195938]]},{"type":"LineString","coordinates":[[47.96807061827819,-14.862432743314836],[47.97836220142454,-14.860368242370795]]},{"type":"LineString","coordinates":[[44.47505164364811,-20.033389884762755],[44.48238681275224,-20.040620461882973]]},{"type":"LineString","coordinates":[[44.37164954521237,-20.13349045268816],[44.370512434687896,-20.145074422453604],[44.36229879804399,-20.15328356738626],[44.352020531995166,-20.165092126421253],[44.34890365968009,-20.176288656344326],[44.34224175982664,-20.189007788736774],[44.33021551504384,-20.19436883695449],[44.33426889125685,-20.203140327550376],[44.34766398183847,-20.197009524535254],[44.34325839703802,-20.20652577168419]]},{"type":"LineString","coordinates":[[44.15285034078717,-20.45678383859239],[44.16218321716661,-20.448849827780762]]},{"type":"LineString","coordinates":[[43.290830318984185,-21.735015054143002],[43.30095246863671,-21.741037501095178]]},{"type":"LineString","coordinates":[[44.876709599543005,-16.212935714723834],[44.88391104937002,-16.203922454507886]]},{"type":"LineString","coordinates":[[43.92309067937047,-18.588468614130296],[43.93162541343759,-18.58414067248679]]},{"type":"LineString","coordinates":[[38.77892454913554,-6.064579448884874],[38.789225131351536,-6.072964359302103],[38.7926987428326,-6.0825064019967074]]},{"type":"LineString","coordinates":[[-16.43716063111096,12.296165865490615],[-16.447122250132406,12.297398837385524],[-16.45489886377614,12.30624732407568]]},{"type":"LineString","coordinates":[[-16.072312477172236,12.143480959992885],[-16.078631036954697,12.152474088775572],[-16.06526264601432,12.14943571064739]]},{"type":"LineString","coordinates":[[-15.867474783895318,12.337865928223982],[-15.858315746631128,12.341498977051021]]},{"type":"LineString","coordinates":[[-15.310845161497587,11.285622777126772],[-15.30354116134154,11.29111943173821],[-15.312303283824646,11.302580288846235]]},{"type":"LineString","coordinates":[[-15.038443117946702,11.002331592996631],[-15.049795997513284,11.00993456530298],[-15.054228368884418,11.000913365828335],[-15.046117236231455,10.995244905712855]]},{"type":"LineString","coordinates":[[-14.957309784995328,11.002975030070658],[-14.950656844283152,10.994211857896117],[-14.94504729766942,11.002200296910607]]},{"type":"LineString","coordinates":[[-14.705963703246633,10.717247502953327],[-14.699457825263865,10.709505611396239],[-14.698401035384293,10.723683610646605]]},{"type":"LineString","coordinates":[[-14.227207810207567,10.128774765619259],[-14.219676417897167,10.123344791777152]]},{"type":"LineString","coordinates":[[-14.178184503031865,10.176595931346988],[-14.169868239291603,10.172193822652451]]},{"type":"LineString","coordinates":[[-14.143416892395045,10.042740197302857],[-14.138106099279339,10.050112172905822],[-14.147010930454732,10.06091746474512],[-14.157663704804111,10.06365274537184],[-14.158417225742442,10.074606865343],[-14.166960867121329,10.090354663705252],[-14.17413116262414,10.083541126849509],[-14.158417225742442,10.074606865343]]},{"type":"LineString","coordinates":[[47.97031798644252,-14.38071647978694],[47.96668380485203,-14.36544694233807]]},{"type":"LineString","coordinates":[[47.40926494965389,-14.71139926806938],[47.42217403125167,-14.70663344323326]]},{"type":"LineString","coordinates":[[44.406809531389726,-19.625229015499606],[44.409467123996144,-19.616391857875147]]},{"type":"LineString","coordinates":[[44.26723523034506,-18.986253148683964],[44.2716050918546,-18.9777693606111]]},{"type":"LineString","coordinates":[[43.89042780409705,-18.565483498909757],[43.893196887852724,-18.554298357329618]]},{"type":"LineString","coordinates":[[42.40820922429819,-0.5565093650690061],[42.40001781892915,-0.5633314429962034],[42.39105509780882,-0.5724721637619614]]},{"type":"LineString","coordinates":[[39.341168187957926,-8.167556416862544],[39.35177191844965,-8.163420613099],[39.348677334445384,-8.173091354933877],[39.357350250794894,-8.18094788265417],[39.34842757692368,-8.18379026209204],[39.34222494569014,-8.192816216507863],[39.33859523444436,-8.181349505605715],[39.330310299895736,-8.17426539648019],[39.31969763321509,-8.17285740523502],[39.31737890649281,-8.182783935195452]]},{"type":"LineString","coordinates":[[-16.567054205563537,14.119959742964282],[-16.55760986652412,14.109459917473137],[-16.572512123976633,14.108201414546627],[-16.578451717970065,14.122143488017675]]},{"type":"LineString","coordinates":[[-16.098866430596264,12.136549594155431],[-16.103361237160453,12.147225629781545]]},{"type":"LineString","coordinates":[[-16.125630005529995,11.376371886811157],[-16.119779615981532,11.383606586429186]]},{"type":"LineString","coordinates":[[-15.230318279175348,11.3240490787702],[-15.23750633943263,11.330485007076934]]},{"type":"LineString","coordinates":[[-15.238023565963244,11.032799302887048],[-15.230469878001248,11.046462974792307],[-15.23438944276933,11.055224551782864]]},{"type":"LineString","coordinates":[[-14.619149403001414,10.736997851883988],[-14.611470878384695,10.725904920025581],[-14.624513759116027,10.719994582715946]]},{"type":"LineString","coordinates":[[-14.263264142690229,10.17331743278202],[-14.248700725430789,10.171096539538528]]},{"type":"LineString","coordinates":[[49.54147328344694,-12.486972413471749],[49.537522518818385,-12.49911002283696]]},{"type":"LineString","coordinates":[[48.95782606902003,-12.257544344668265],[48.963003061213854,-12.265309165396124]]},{"type":"LineString","coordinates":[[48.70314893823881,-13.454342651215715],[48.71228116309687,-13.44850100658421]]},{"type":"LineString","coordinates":[[43.672105727714545,-21.317067871910442],[43.67985118762777,-21.310948902334466]]},{"type":"LineString","coordinates":[[43.2951600603012,-22.180884233184553],[43.29779094510385,-22.191978739583195],[43.30251314153847,-22.201292939610106],[43.31366982354121,-22.204756740835382]]},{"type":"LineString","coordinates":[[43.540624664454185,-21.304135866565108],[43.55222277558007,-21.298057830005003]]},{"type":"LineString","coordinates":[[43.18925198537426,-22.09904617454663],[43.194156976818526,-22.082502692536718]]},{"type":"LineString","coordinates":[[43.485603842220215,-21.365176067735586],[43.48899721759275,-21.356068987090094],[43.49489658700988,-21.34363463300796],[43.48193398502582,-21.348153299321698],[43.47717617064207,-21.356604655498725],[43.475811663470516,-21.368693291105323]]},{"type":"LineString","coordinates":[[40.879366275458466,-2.0030347594804745],[40.88757102709837,-2.0099822078074596],[40.87937969737032,-2.0154056251149823]]},{"type":"LineString","coordinates":[[39.54086011912853,-9.389714260367771],[39.54710286986988,-9.399502644135039],[39.55410362914958,-9.393304087654162],[39.55590064503815,-9.380669073190846]]},{"type":"LineString","coordinates":[[39.37016121946007,-8.984709590992288],[39.357970043610784,-8.981498766851368],[39.36600092103154,-8.971954237999798]]},{"type":"LineString","coordinates":[[-16.131533777763202,12.12082894888341],[-16.121322476084853,12.120611014801531]]},{"type":"LineString","coordinates":[[-16.111329630974687,11.983171161653676],[-16.09995894740691,11.987467627169355]]},{"type":"LineString","coordinates":[[-15.172604133699506,11.149721018133796],[-15.16348974347083,11.152170980324236]]},{"type":"LineString","coordinates":[[-14.748182404012852,10.724240069250893],[-14.737618792678294,10.728616839877715]]},{"type":"LineString","coordinates":[[48.83415288321417,-13.280889248198736],[48.822750919315176,-13.291608391658814]]},{"type":"LineString","coordinates":[[48.743133716921704,-13.427149806688666],[48.74401659161912,-13.417113289959106]]},{"type":"LineString","coordinates":[[48.09447274125332,-13.57057321325696],[48.09602892381757,-13.561583095599094]]},{"type":"LineString","coordinates":[[45.84169916928204,-15.825636790816434],[45.842461732546425,-15.816357173717172]]},{"type":"LineString","coordinates":[[43.25224567365176,-22.198188298714086],[43.25249988065088,-22.188795413767437],[43.26561853374189,-22.19164014186149],[43.25224567365176,-22.198188298714086],[43.24360843794252,-22.192688886416487],[43.25249988065088,-22.188795413767437],[43.253351556950534,-22.175805302437794]]},{"type":"LineString","coordinates":[[44.0440483173338,-18.131431109058138],[44.04290228635415,-18.144046221968058],[44.04325452877436,-18.15306315387195]]},{"type":"LineString","coordinates":[[43.92412076183238,-18.423640947487133],[43.93131325836857,-18.416986161629453]]},{"type":"LineString","coordinates":[[40.525309191018906,-11.420655972546117],[40.53348274030048,-11.425603741229866]]},{"type":"LineString","coordinates":[[40.52782413773468,-11.355431652892486],[40.533638794978565,-11.363069096898169]]},{"type":"LineString","coordinates":[[41.13966628263375,-2.063266007040781],[41.130449383297325,-2.0655966187025157]]},{"type":"LineString","coordinates":[[39.57161448030451,-9.065908586136707],[39.57964532762268,-9.061513932672762]]},{"type":"LineString","coordinates":[[39.25067520862244,-8.260942971617155],[39.25430041222457,-8.269446369425314],[39.24187736354773,-8.267650395278833]]},{"type":"LineString","coordinates":[[-16.476735102564344,16.19676281818101],[-16.493465634152344,16.205917818642607],[-16.49606086600102,16.197011233118488]]},{"type":"LineString","coordinates":[[-16.244621037879114,14.195788005554073],[-16.244968928725317,14.186765848799281],[-16.254350807075824,14.188780400626618],[-16.25851559359081,14.17754884550428]]},{"type":"LineString","coordinates":[[-16.212796475390764,12.022050613927364],[-16.218084986909727,12.033620901972784]]},{"type":"LineString","coordinates":[[-16.21798238405442,11.103360531623707],[-16.217518652122205,11.117405959227442],[-16.223623195635607,11.11055399046835],[-16.232880277805528,11.109871399160854]]},{"type":"LineString","coordinates":[[-15.113873353943474,11.419222360926986],[-15.107077663616757,11.412784092897041]]},{"type":"LineString","coordinates":[[-14.757912177113035,10.775544119731824],[-14.756355949244185,10.766261800776453]]},{"type":"LineString","coordinates":[[48.946299282042006,-12.917105254820578],[48.9522476957053,-12.895772908363428]]},{"type":"LineString","coordinates":[[44.04290228635415,-18.144046221968058],[44.05313594392793,-18.14474113505417]]},{"type":"LineString","coordinates":[[39.34297413117053,-8.15775749735148],[39.341168187957926,-8.167556416862544],[39.331853117189496,-8.165243517744516],[39.31969763321509,-8.17285740523502],[39.326952542299644,-8.183419552071026],[39.330310299895736,-8.17426539648019],[39.331853117189496,-8.165243517744516]]},{"type":"LineString","coordinates":[[39.185251252744656,-4.917152786840442],[39.179209158448685,-4.925402766219916],[39.174330897756334,-4.9364914850132955]]},{"type":"LineString","coordinates":[[-15.939618592523306,11.867939270077455],[-15.922638282560014,11.878503787263186]]},{"type":"LineString","coordinates":[[-16.195294536476137,11.041985838586525],[-16.18339764144902,11.035722906533675]]},{"type":"LineString","coordinates":[[-15.011313952483336,11.052467444067481],[-15.020575555868183,11.052725675356571],[-15.02018313224186,11.043701422935357]]},{"type":"LineString","coordinates":[[-15.04730780803883,10.967277380066015],[-15.043134156436631,10.958513188662232],[-15.03452357451299,10.953614426898831]]},{"type":"LineString","coordinates":[[51.181468287571775,10.55543743627536],[51.19100177566121,10.538858004405927]]},{"type":"LineString","coordinates":[[49.54990101560337,-12.480319961438921],[49.554578569476696,-12.488330742948378]]},{"type":"LineString","coordinates":[[49.046178697189966,-12.119856759762207],[49.05225199195983,-12.11249743046981]]},{"type":"LineString","coordinates":[[44.4094939290275,-19.596653413304708],[44.41590609129422,-19.589461412451026]]},{"type":"LineString","coordinates":[[44.76094244765191,-16.242464890252812],[44.767327813560016,-16.25406637163238]]},{"type":"LineString","coordinates":[[44.07283180318433,-18.39261545719804],[44.081839189778954,-18.398970814290198]]},{"type":"LineString","coordinates":[[44.418719792634924,-16.619874453821204],[44.41166991361656,-16.608905830970546]]},{"type":"LineString","coordinates":[[43.362920562792596,11.487849216869371],[43.36045023307596,11.463486682959639],[43.33614368360203,11.448662798520555]]},{"type":"LineString","coordinates":[[42.375015672328985,-0.5952168407508144],[42.38388926881407,-0.5805783721630351]]},{"type":"LineString","coordinates":[[35.512267438669355,-22.18210646560367],[35.52581859686612,-22.18081402658037],[35.52045434203974,-22.172865252143037]]},{"type":"LineString","coordinates":[[39.423978119331494,-8.060236442260457],[39.42862450331836,-8.051980188270655]]},{"type":"LineString","coordinates":[[-16.521994980900523,14.270696391570404],[-16.510361191055647,14.26896776388609]]},{"type":"LineString","coordinates":[[-16.512113594648017,12.299368099751028],[-16.503088430901844,12.30212158594109]]},{"type":"LineString","coordinates":[[-16.265708171994067,11.456712880238179],[-16.26627446332539,11.465732964719606],[-16.28376751609025,11.46359593299722],[-16.287107403375565,11.451853160880907],[-16.279772187575702,11.446346484753505]]},{"type":"LineString","coordinates":[[-16.218129510999834,11.44841363029751],[-16.221826122308805,11.458189996313415]]},{"type":"LineString","coordinates":[[-15.444257048268499,11.435739261788644],[-15.441492414554743,11.422006562484455]]},{"type":"LineString","coordinates":[[-15.376295834850923,11.211134236656964],[-15.381530848351412,11.220533847623543]]},{"type":"LineString","coordinates":[[-15.357763863911597,11.213220693119046],[-15.359057003366274,11.203037849029446],[-15.367658554936376,11.194263230228175],[-15.35825876356754,11.194013898487343],[-15.359057003366274,11.203037849029446],[-15.36715916044488,11.211917204044365]]},{"type":"LineString","coordinates":[[45.011766830927336,-16.137480915461108],[45.00443610234246,-16.131552614057128],[44.99563825424742,-16.13542057658263],[44.9743148896634,-16.149071431477203],[44.96738097286633,-16.155256213810876],[44.95911380834249,-16.164271755849754]]},{"type":"LineString","coordinates":[[40.575679189913906,-11.312243666252055],[40.58517707078827,-11.311583389462559]]},{"type":"LineString","coordinates":[[39.38781039513785,-8.10796469552002],[39.397254731825235,-8.110533918222435],[39.40926755629026,-8.094023386212639]]},{"type":"LineString","coordinates":[[-15.807696047580114,12.245530545286432],[-15.808454119087155,12.2365100724399],[-15.799023099581868,12.236666996755151]]},{"type":"LineString","coordinates":[[49.55494423159408,-12.640948804719569],[49.56129398155044,-12.64811048411285]]},{"type":"LineString","coordinates":[[49.33195797761952,-12.063353289656627],[49.325728615005495,-12.052961725323367]]},{"type":"LineString","coordinates":[[49.12774006627444,-12.28176624012786],[49.132511345195745,-12.273897293526547]]},{"type":"LineString","coordinates":[[48.33007822726767,-13.691638249271973],[48.339259551484425,-13.69469688458805]]},{"type":"LineString","coordinates":[[44.42948408327239,-20.05076197695196],[44.43524077133375,-20.041248858640348]]},{"type":"LineString","coordinates":[[39.337507229889646,-8.272221999990851],[39.346438819421465,-8.276855290972762]]},{"type":"LineString","coordinates":[[39.29275122392252,-8.46895277342847],[39.28872021068004,-8.44600874678466],[39.29531972135922,-8.439560191345056]]},{"type":"LineString","coordinates":[[39.22308674576153,-5.767184944565846],[39.21947933443027,-5.756359683768192]]},{"type":"LineString","coordinates":[[39.16510057309903,-4.913496408145312],[39.175222701253645,-4.9089026215404665]]},{"type":"LineString","coordinates":[[-16.458354680139458,12.235673377057832],[-16.451929116358404,12.242236119013059],[-16.440179413964934,12.249125559067473]]},{"type":"LineString","coordinates":[[-15.312784920710909,11.267592847665334],[-15.311099376237745,11.276618846193555]]},{"type":"LineString","coordinates":[[48.69989826418723,-12.388905982864348],[48.71188431520682,-12.38154106009621]]},{"type":"LineString","coordinates":[[40.96984587635561,-2.0548527045956955],[40.970599465044295,-2.0444161703563513]]},{"type":"LineString","coordinates":[[40.85994247314359,-2.250972473741063],[40.86907467625005,-2.25230468640782],[40.878777713813044,-2.2573930711894525]]},{"type":"LineString","coordinates":[[39.47173510137227,-9.13462139078088],[39.48133106092369,-9.134608167414095]]},{"type":"LineString","coordinates":[[-16.330828864706486,14.171362086290719],[-16.31949829319429,14.175032658815335],[-16.322343181350234,14.165097448662449]]},{"type":"LineString","coordinates":[[-15.398983743703647,11.193191546235823],[-15.39075675968051,11.189079644601607]]},{"type":"LineString","coordinates":[[-14.758349173547364,10.884571813274063],[-14.748436627436906,10.888687999008075],[-14.749230366210098,10.874903091553541]]},{"type":"LineString","coordinates":[[-14.082242467589188,10.06409624319087],[-14.074162581768157,10.071160462298446]]},{"type":"LineString","coordinates":[[48.57171247558525,-12.842047090607005],[48.58114343582531,-12.843677411599725]]},{"type":"LineString","coordinates":[[44.21588422473521,-25.226032329049524],[44.227526898242836,-25.21901724393677]]},{"type":"LineString","coordinates":[[45.27434099957968,-16.05021736196115],[45.27725278072109,-16.03810680153956]]},{"type":"LineString","coordinates":[[44.89056401676651,-16.22711215072528],[44.89430517586567,-16.218099483010025]]},{"type":"LineString","coordinates":[[44.607420047692166,-16.194574653525233],[44.616757356981886,-16.19227087382994]]},{"type":"LineString","coordinates":[[43.21336681596831,11.510287106523515],[43.20783304807315,11.517854838160783]]},{"type":"LineString","coordinates":[[40.16211985658622,-2.9632000487325634],[40.160844622119676,-2.972738599726728]]},{"type":"LineString","coordinates":[[-16.570625962132024,14.255307018981645],[-16.560722266707373,14.256020076652101]]},{"type":"LineString","coordinates":[[-16.519150053785644,13.912169830355024],[-16.511712304270528,13.91760185196427],[-16.510280915605332,13.907832896369468]]},{"type":"LineString","coordinates":[[-16.32223621441723,12.343899069919408],[-16.310954617147257,12.341503256513128]]},{"type":"LineString","coordinates":[[-15.311616649922831,11.393634334205668],[-15.31893841668686,11.401030362734517]]},{"type":"LineString","coordinates":[[-15.349701820657613,11.238684815209949],[-15.340047865281699,11.248105398179181]]},{"type":"LineString","coordinates":[[-14.659481959064987,10.678921694395363],[-14.650100089211302,10.6813580029804],[-14.638113961948884,10.680442165883322]]},{"type":"LineString","coordinates":[[48.01456566397171,-14.6864174594819],[48.00504543268132,-14.686555455250573]]},{"type":"LineString","coordinates":[[48.18814508472106,-13.71774381762619],[48.19327749047635,-13.726290452637384]]},{"type":"LineString","coordinates":[[44.01068528622577,-17.97981331883482],[44.01192043758668,-17.996892391938168],[44.02548060765605,-18.005904119980638]]},{"type":"LineString","coordinates":[[39.06732583054298,-17.119639937531826],[39.077225038386516,-17.119950980479775]]},{"type":"LineString","coordinates":[[-16.646680357267172,13.806860174263145],[-16.637748826800358,13.803616760992325]]},{"type":"LineString","coordinates":[[-15.278356157629583,11.194228217404639],[-15.27860585823302,11.182631806992015],[-15.287350166926176,11.179145401293217]]},{"type":"LineString","coordinates":[[-15.220347699273772,11.124170285856378],[-15.216441586757414,11.132548868348987]]},{"type":"LineString","coordinates":[[-14.573274184308431,10.452119494033635],[-14.560146636915148,10.438955133386427]]},{"type":"LineString","coordinates":[[47.94115546022771,-13.920990771470635],[47.95125978541154,-13.928205647882484]]},{"type":"LineString","coordinates":[[41.01855713611199,-2.092543028881383],[41.0211344911218,-2.1041334117805057]]},{"type":"LineString","coordinates":[[39.23212530305392,-6.5914545405743885],[39.2381762912418,-6.609296783244346]]},{"type":"LineString","coordinates":[[39.2514287361613,-5.825442482280942],[39.253997177276034,-5.815900379403635]]},{"type":"LineString","coordinates":[[39.13027948515593,-5.115178020909557],[39.13889444452452,-5.121107230561226]]},{"type":"LineString","coordinates":[[-16.598994774077028,14.082524783099858],[-16.588377635483983,14.073835569817415]]},{"type":"LineString","coordinates":[[-15.298796659664163,11.249806668529017],[-15.301681715998244,11.26180705861236]]},{"type":"LineString","coordinates":[[45.62523212273289,-15.877896150809365],[45.62041185094874,-15.868893389947528],[45.61958693786568,-15.859877389182635],[45.61676427357384,-15.851122557663967],[45.610740052925784,-15.838772594025967],[45.60731991922283,-15.851409988014248],[45.61676427357384,-15.851122557663967],[45.624563240121766,-15.833543284409563],[45.634391126454055,-15.826726491019206],[45.64528027306092,-15.82012401285814]]},{"type":"LineString","coordinates":[[43.230699295369156,-22.031165677559034],[43.23941241350665,-22.018644766319103]]},{"type":"LineString","coordinates":[[41.050435231784796,-2.125464579859961],[41.041142462451575,-2.1257542009728425],[41.04935169353702,-2.136822934254487]]},{"type":"LineString","coordinates":[[39.41361518133938,-8.892377442353991],[39.42579297398699,-8.886949862595026]]},{"type":"LineString","coordinates":[[34.7535736924275,-19.87109267712755],[34.761006947409925,-19.87680005216371]]},{"type":"LineString","coordinates":[[-15.907111734668208,11.113993069689577],[-15.899433137397354,11.119943697544697]]},{"type":"LineString","coordinates":[[-14.689986663005358,10.66645062851856],[-14.680488858486772,10.654329622485804],[-14.669934158533504,10.654316498551243]]},{"type":"LineString","coordinates":[[-14.440321663392305,10.387993844428754],[-14.432790248814243,10.378699737855543]]},{"type":"LineString","coordinates":[[-14.063108464230035,10.04484337461517],[-14.060406270573695,10.034265838662481]]},{"type":"LineString","coordinates":[[47.32736018335251,-14.891600294502458],[47.32061800416961,-14.883283067931194]]},{"type":"LineString","coordinates":[[43.369974881757294,11.442413055791768],[43.37419766039004,11.434323181736216],[43.37977151326062,11.44182308309846]]},{"type":"LineString","coordinates":[[38.874434091289515,-17.233038611297964],[38.88445815911674,-17.23497641491268]]},{"type":"LineString","coordinates":[[-16.34004585909615,14.166545801055108],[-16.330828864706486,14.171362086290719],[-16.336946805123876,14.178543210406236],[-16.33144868909499,14.186688025144315]]},{"type":"LineString","coordinates":[[-16.424443276791575,12.278363389321516],[-16.42888002869684,12.291443046836886]]},{"type":"LineString","coordinates":[[-14.80754194966272,10.824294840348154],[-14.799586988920973,10.829703831573012],[-14.802708338458578,10.839242597888374]]},{"type":"LineString","coordinates":[[40.59873278345358,-11.816769119002082],[40.60860076451587,-11.815023266400122]]},{"type":"LineString","coordinates":[[40.744919931601004,-2.2583331665204187],[40.755942836948655,-2.2645042204063635],[40.756219273484184,-2.278548301331884],[40.74763110978737,-2.2753402371526463]]},{"type":"LineString","coordinates":[[-15.363391187058046,11.43396921828269],[-15.34968395188845,11.439733976273667],[-15.3457822615916,11.454816226302881]]},{"type":"LineString","coordinates":[[-15.201757746208823,11.020194160676446],[-15.193276489332574,11.014013951829352],[-15.193142776469237,11.026903818513189]]},{"type":"LineString","coordinates":[[49.47141639371599,-12.36046884147718],[49.462212755778744,-12.366083355810604]]},{"type":"LineString","coordinates":[[47.63409282663176,-14.364492269886634],[47.64688155592185,-14.362803313461217]]},{"type":"LineString","coordinates":[[-16.513487013129144,14.122878610765744],[-16.52454111786204,14.117784577234264],[-16.525553396045197,14.13130226415867]]},{"type":"LineString","coordinates":[[-15.125707756509906,11.298076446472857],[-15.116566602451414,11.296274892841707]]},{"type":"LineString","coordinates":[[-14.737645583985913,10.700260677566513],[-14.748855794350272,10.698337154942633],[-14.754188810878157,10.708265697652605],[-14.760048121261395,10.715486264867087]]},{"type":"LineString","coordinates":[[48.5387819842371,-12.989034188020344],[48.5467370349996,-12.994256794966963]]},{"type":"LineString","coordinates":[[45.89818262514592,-15.719523876444597],[45.90306088636443,-15.709968898441055]]},{"type":"LineString","coordinates":[[43.323270303886616,-21.953500751292644],[43.33255856146402,-21.949861278602434]]},{"type":"LineString","coordinates":[[39.40870574953232,-8.050456945604335],[39.40587418546364,-8.062832472494929],[39.41402990267739,-8.06952557535805],[39.422181154875105,-8.075445955726437],[39.41662955606784,-8.084990805770271]]},{"type":"LineString","coordinates":[[39.38233902551758,-7.92687118425814],[39.39320141404084,-7.927246589931978]]},{"type":"LineString","coordinates":[[39.380778389658,-7.915396991773529],[39.38233902551758,-7.92687118425814],[39.37976167347996,-7.936022074705776]]},{"type":"LineString","coordinates":[[39.53243681577387,-4.448507066289607],[39.53834068838623,-4.441540675132456],[39.53665961705397,-4.427878877446123]]},{"type":"LineString","coordinates":[[-15.899335004947208,11.130510024377044],[-15.899433137397354,11.119943697544697],[-15.899388596909068,11.1055089727217]]},{"type":"LineString","coordinates":[[-15.392914944299317,11.339408517653695],[-15.392116725614342,11.32851755077096]]},{"type":"LineString","coordinates":[[-15.160421887855344,11.262541759052775],[-15.1642120935883,11.2738288561249]]},{"type":"LineString","coordinates":[[-14.455759045670067,10.34574930557317],[-14.45239241119556,10.333628866310873]]},{"type":"LineString","coordinates":[[48.02661410214224,-13.557677426126515],[48.03509087812687,-13.563698431252398]]},{"type":"LineString","coordinates":[[45.97429951499237,-15.840407049911278],[45.98652191737283,-15.8364904663555]]},{"type":"LineString","coordinates":[[43.45628970236785,-21.435189772645323],[43.45557178062789,-21.425144740714334]]},{"type":"LineString","coordinates":[[41.02322137421862,-2.1332492199827504],[41.02579428568086,-2.1420097277643766],[41.016060002592226,-2.142406304776789]]},{"type":"LineString","coordinates":[[39.50673014402678,-7.942977803642741],[39.53311459793463,-7.9484849766611605]]},{"type":"LineString","coordinates":[[39.351589120268734,-7.796064919962482],[39.356882059046995,-7.7883290883169565]]},{"type":"LineString","coordinates":[[-15.851796545701996,12.311497056502454],[-15.840880680849631,12.299420442888547],[-15.856875447819755,12.302722846751093],[-15.867880508630552,12.301655401142355]]},{"type":"LineString","coordinates":[[47.93784234067593,-14.561551733551632],[47.94739822521862,-14.564646181981196]]},{"type":"LineString","coordinates":[[40.755942836948655,-2.2645042204063635],[40.77029668844209,-2.267578638206304]]},{"type":"LineString","coordinates":[[39.354795212174544,-7.765642225448396],[39.35232933090677,-7.756363870478061]]},{"type":"LineString","coordinates":[[39.077626401433264,-6.524438649867674],[39.085617052854914,-6.519795791075711],[39.08459151512934,-6.532169352284561]]},{"type":"LineString","coordinates":[[-15.703852524089532,12.313980294459874],[-15.695719106589054,12.309514783902584]]},{"type":"LineString","coordinates":[[-15.459569573516127,12.057719311652345],[-15.450481948536433,12.051636021874504]]},{"type":"LineString","coordinates":[[-15.238754900037717,11.26269484010194],[-15.229609302036573,11.253217927310569]]},{"type":"LineString","coordinates":[[44.20541866549733,-20.435658949323333],[44.20985100152734,-20.42357851998353]]},{"type":"LineString","coordinates":[[43.697504766723235,-21.271952396754287],[43.65560262123845,-21.273685148379037],[43.64607794065522,-21.279016234108802],[43.637329240905785,-21.274308414306315]]},{"type":"LineString","coordinates":[[39.35172285578681,-7.390146100612821],[39.346840137252265,-7.35214127358591],[39.35083101648985,-7.3402757659539715]]},{"type":"LineString","coordinates":[[39.30939706839624,-6.355224618798253],[39.30140637491889,-6.3462060250843155]]},{"type":"LineString","coordinates":[[-15.958592006791966,12.310756459502059],[-15.951751813863913,12.303437316668258]]},{"type":"LineString","coordinates":[[-15.907642389392407,12.317761702030424],[-15.895174684284875,12.313034916686213]]},{"type":"LineString","coordinates":[[40.77110824410773,-2.3018551834281404],[40.77828739727058,-2.308935010250967]]},{"type":"LineString","coordinates":[[49.53016503847973,-12.446715657199977],[49.53824493066802,-12.454749247707294]]},{"type":"LineString","coordinates":[[44.36100566143957,-19.314469620376485],[44.368162478364944,-19.322995080608667],[44.37668832950912,-19.328044456186625]]},{"type":"LineString","coordinates":[[39.808223306369335,-5.335101629857189],[39.806279149015324,-5.3231141461153975],[39.79573782976946,-5.325706990403726]]},{"type":"LineString","coordinates":[[39.61076991974899,-5.154602602978447],[39.620923226706616,-5.149824015350284]]},{"type":"LineString","coordinates":[[39.22692603499019,-5.0174344676436835],[39.2248748326508,-5.026202914186632]]},{"type":"LineString","coordinates":[[-16.613254961069323,14.121585687020154],[-16.619676049070797,14.114718477118187]]},{"type":"LineString","coordinates":[[-15.283033729294525,11.281009360738269],[-15.275323968030916,11.276067912514867],[-15.281847623601317,11.269617561888587]]},{"type":"LineString","coordinates":[[13.05355456476507,-8.987493143135483],[13.052359588722304,-8.978058922488456]]},{"type":"LineString","coordinates":[[50.77787051607412,11.97852564434736],[50.7730725377787,11.986425107316576]]},{"type":"LineString","coordinates":[[44.44024390277737,-19.624048784170753],[44.44001642394116,-19.611943662975353]]},{"type":"LineString","coordinates":[[39.18336508437861,-5.076488323231656],[39.18914853699735,-5.065144343775909]]},{"type":"LineString","coordinates":[[39.09711267265234,-5.162623129354565],[39.10405547497394,-5.156174780851794]]},{"type":"LineString","coordinates":[[-16.352294960576973,12.250990600689086],[-16.354698446230604,12.259740467799299],[-16.345682174530705,12.264808119569029]]},{"type":"LineString","coordinates":[[-16.19330124457951,11.994045171833449],[-16.19556649743046,12.002799135184178],[-16.18599728606012,11.999745931303492]]},{"type":"LineString","coordinates":[[-15.32071765538649,11.23607379578753],[-15.309623399695838,11.239174688890527]]},{"type":"LineString","coordinates":[[48.6679443140088,-12.444255486155194],[48.667734722144075,-12.455850831132702]]},{"type":"LineString","coordinates":[[39.480684537592616,-9.037941481682052],[39.49494920945856,-9.041402833027194]]},{"type":"LineString","coordinates":[[39.26335240481078,-8.25835701583084],[39.26852497642233,-8.250621205149052]]},{"type":"LineString","coordinates":[[-15.983036838893867,11.07122850736205],[-15.982457109489527,11.054607564755242],[-15.972548993999087,11.05567099668399],[-15.964188197959032,11.051574720291198]]},{"type":"LineString","coordinates":[[47.363126647367984,-14.905574985072958],[47.370564403499216,-14.898736400353235],[47.38001774821194,-14.891815743571257]]},{"type":"LineString","coordinates":[[43.55860824720833,-21.291161133988947],[43.57851815742088,-21.277686632029003]]},{"type":"LineString","coordinates":[[43.472547565918454,-21.38112138303036],[43.48261626924026,-21.37519191197353],[43.475811663470516,-21.368693291105323],[43.472547565918454,-21.38112138303036],[43.474081495197716,-21.390044198151003],[43.48261626924026,-21.37519191197353]]},{"type":"LineString","coordinates":[[40.177543894679665,-2.749994888202032],[40.187032918098474,-2.7538520180058126]]},{"type":"LineString","coordinates":[[40.17804330944809,-2.740454455877615],[40.177543894679665,-2.749994888202032],[40.18830376757375,-2.7425077378005245],[40.187032918098474,-2.7538520180058126],[40.19063581235928,-2.768024359642757],[40.18115134428733,-2.768937412082133]]},{"type":"LineString","coordinates":[[13.14961250834594,-8.902316149392961],[13.157705788926979,-8.909602584753873]]},{"type":"LineString","coordinates":[[40.62363687867022,-11.369508525486482],[40.65269680894598,-11.36774240573268]]},{"type":"LineString","coordinates":[[-14.880599855101867,10.871286011081022],[-14.870736402209378,10.859659320648555]]},{"type":"LineString","coordinates":[[39.75775073367932,-7.985513623324978],[39.75991340986502,-7.970623059079548]]},{"type":"LineString","coordinates":[[-14.75155793045773,10.740485137217101],[-14.748182404012852,10.724240069250893],[-14.744280714269548,10.715473072507727]]},{"type":"LineString","coordinates":[[44.05148157143185,-18.226253258347597],[44.05049166495498,-18.23526169314634]]},{"type":"LineString","coordinates":[[40.977484346695,-2.2211816328256884],[40.98646502176917,-2.231220399595164]]},{"type":"LineString","coordinates":[[39.26366011165017,-4.936331564034987],[39.269568377672314,-4.929498879207262]]},{"type":"LineString","coordinates":[[-16.370256255564648,16.409982130350837],[-16.360098374698957,16.405152786515377]]},{"type":"LineString","coordinates":[[-16.823171641211896,13.382749958685741],[-16.809772030096823,13.385678086344655]]},{"type":"LineString","coordinates":[[-15.336881906473218,11.217367147148332],[-15.325653849513376,11.217765226916207]]},{"type":"LineString","coordinates":[[48.69230442249046,-13.446519062493525],[48.72943983195188,-13.428572446740443]]},{"type":"LineString","coordinates":[[41.45301183391232,-1.8191145623773006],[41.46171149923606,-1.8154955731396443]]},{"type":"LineString","coordinates":[[40.714482142501936,-2.299088314706278],[40.7138533646673,-2.308885978096607]]},{"type":"LineString","coordinates":[[39.80355910983935,-7.938512932124813],[39.81726639642598,-7.939904065052741],[39.8125932313866,-7.929472481466808]]},{"type":"LineString","coordinates":[[39.17495519326594,-4.86700621172782],[39.17907092970639,-4.875901098812543]]},{"type":"LineString","coordinates":[[-16.44222167550097,16.28920916649936],[-16.432371538171136,16.29134067370086]]},{"type":"LineString","coordinates":[[-17.07503497786894,14.493052594492681],[-17.07713074409644,14.502084037301533],[-17.065082254634564,14.501686827787745]]},{"type":"LineString","coordinates":[[48.547838462109446,-13.02450428926117],[48.5492163267342,-13.03567781658758]]},{"type":"LineString","coordinates":[[43.19400981629868,11.720390557106015],[43.20737824336527,11.711330680027757],[43.21306802828912,11.721023602051767],[43.20150559045465,11.730227256039601]]},{"type":"LineString","coordinates":[[40.032288737711106,-16.35316058197395],[40.03946336149719,-16.346943529728954]]},{"type":"LineString","coordinates":[[39.34536416767117,-6.829431555485794],[39.35150879968717,-6.819102201460353]]},{"type":"LineString","coordinates":[[-16.11113790411384,12.000565972945582],[-16.114241444093167,11.991794518796942]]},{"type":"LineString","coordinates":[[-15.367765600143057,11.27756342916794],[-15.358628934078705,11.278993429570937],[-15.364385577290525,11.289169175420922]]},{"type":"LineString","coordinates":[[-15.313311042684935,11.1481897629506],[-15.309663505642474,11.156440817675621]]},{"type":"LineString","coordinates":[[45.972698660881576,-15.78412601186031],[45.98199589193469,-15.809072135411439],[45.97229734797304,-15.811178709112632]]},{"type":"LineString","coordinates":[[35.33405051410328,-21.61202533990325],[35.34111821930638,-21.627355062403364]]},{"type":"LineString","coordinates":[[39.56342312511516,-5.403177508647462],[39.570758355368056,-5.408455769129811]]},{"type":"LineString","coordinates":[[-14.722364255615048,10.879260207567013],[-14.731491982822915,10.877850161570544]]},{"type":"LineString","coordinates":[[45.610740052925784,-15.838772594025967],[45.624563240121766,-15.833543284409563]]},{"type":"LineString","coordinates":[[-15.90366040933803,11.511147878567856],[-15.897408751498915,11.518125779950044]]},{"type":"LineString","coordinates":[[-15.339949771313115,11.162075581571505],[-15.349608188327963,11.161808723788868],[-15.356921045678874,11.16785457813033]]},{"type":"LineString","coordinates":[[-14.17413116262414,10.083541126849509],[-14.18735681759736,10.09852460235974],[-14.180177697835395,10.108301000615462]]},{"type":"LineString","coordinates":[[42.35265774949699,-0.6105731668357638],[42.36442976597566,-0.6045269517634245]]},{"type":"LineString","coordinates":[[39.24618040840905,-6.653744480401317],[39.254915754350954,-6.661876131163529]]},{"type":"LineString","coordinates":[[-16.193622298934176,12.38803924118223],[-16.182777824430367,12.3958176679251],[-16.189234571091777,12.403260491713468],[-16.193622298934176,12.38803924118223]]},{"type":"LineString","coordinates":[[48.965045281345375,-12.374023604611866],[48.95354086830068,-12.371105391951405],[48.96210228612866,-12.364985697127997]]},{"type":"LineString","coordinates":[[45.802383335287146,-15.843560024831115],[45.78896143881743,-15.837339854013031],[45.788020572752664,-15.822058838222516],[45.784038576831065,-15.813482668991893],[45.77597206524332,-15.808664546332]]},{"type":"LineString","coordinates":[[43.47370249859751,-21.63691767153201],[43.46886880744478,-21.625547793428087],[43.48147028494712,-21.631326095353483]]},{"type":"LineString","coordinates":[[44.29783352750408,-19.114246690654966],[44.29346362003769,-19.1228583519174]]},{"type":"LineString","coordinates":[[39.52946711140585,-9.060430690460962],[39.53476893914472,-9.053076811674728]]},{"type":"LineString","coordinates":[[-16.64610511948863,14.138108428083113],[-16.641534574355312,14.126290496716269],[-16.647554325816767,14.119164000611608]]},{"type":"LineString","coordinates":[[-15.925251366023696,12.257400516238574],[-15.933879709840484,12.25195800714934],[-15.93614049906346,12.262132700110161]]},{"type":"LineString","coordinates":[[-15.327317116047864,11.301583328278754],[-15.326545645643959,11.31086188902337]]},{"type":"LineString","coordinates":[[-15.266503841904262,11.337034499671521],[-15.27315682490078,11.329164606103886],[-15.266744684234972,11.318605486129671],[-15.266477141199895,11.308037283274226],[-15.255766392656106,11.305724183833368]]},{"type":"LineString","coordinates":[[-15.337158315793836,11.232771695847859],[-15.331423941647522,11.240254987266962],[-15.32071765538649,11.23607379578753],[-15.327758595937837,11.228848469032185]]},{"type":"LineString","coordinates":[[44.43360429552459,-16.371690805061842],[44.4250740125333,-16.36780180274814],[44.426973549801254,-16.35724677236824]]},{"type":"LineString","coordinates":[[39.25558014907632,-8.244310646866271],[39.26852497642233,-8.250621205149052],[39.277581420566655,-8.248807456812596],[39.290267535663716,-8.257562728542052],[39.27862039346689,-8.257831901731693]]},{"type":"LineString","coordinates":[[-16.04001075808625,12.355686217275112],[-16.026780630305538,12.356766462572978],[-16.017189102813607,12.35061602721841],[-16.011450216213998,12.358757062348753]]},{"type":"LineString","coordinates":[[-15.219504941120713,11.359366228317633],[-15.22121278065448,11.368385006325099]]},{"type":"LineString","coordinates":[[-15.211019299853028,11.363239644099586],[-15.219504941120713,11.359366228317633],[-15.221979751803007,11.350084854176128]]},{"type":"LineString","coordinates":[[48.84800284932414,-12.56131721250217],[48.85127578488021,-12.571340533889275]]},{"type":"LineString","coordinates":[[-15.931391546316316,12.326958012523688],[-15.922731945659537,12.323507831059013]]},{"type":"LineString","coordinates":[[-14.195673038217931,10.152411893139087],[-14.189853929672703,10.14002513069311]]},{"type":"LineString","coordinates":[[43.48311565508217,-21.419989171549922],[43.48956351644527,-21.407946313404228],[43.498847368374,-21.4142107056109]]},{"type":"LineString","coordinates":[[41.202579797347674,-2.0073262240199146],[41.214900252882835,-2.0193583723157]]},{"type":"LineString","coordinates":[[35.453723882179496,-22.04230502900135],[35.46363200563433,-22.042614985479624]]},{"type":"LineString","coordinates":[[39.66745400033611,-5.140750806408696],[39.67927951889836,-5.138290350782979]]},{"type":"LineString","coordinates":[[-16.4259950284301,14.21023477074512],[-16.423676256228198,14.219519694284328],[-16.410860800483338,14.218050002026878],[-16.398451162533444,14.218253216821523],[-16.403775327855897,14.225692131990176],[-16.410860800483338,14.218050002026878],[-16.417915156087275,14.227282746336101],[-16.423676256228198,14.219519694284328],[-16.431501957679455,14.224754151496542]]},{"type":"LineString","coordinates":[[42.508953664226574,-0.44031852540362604],[42.50753568747328,-0.431355993219968]]},{"type":"LineString","coordinates":[[41.18432421607308,-1.9454529259293338],[41.19103069282779,-1.9542144243174773]]},{"type":"LineString","coordinates":[[35.11383337506051,-21.136331789533315],[35.11487234684574,-21.146425660776153]]},{"type":"LineString","coordinates":[[39.30071965509962,-8.389547147826448],[39.30537052837569,-8.378717085697108]]},{"type":"LineString","coordinates":[[-16.454720560910122,16.374381817099003],[-16.4515902200386,16.348133086608787]]},{"type":"LineString","coordinates":[[-16.192017032349984,12.059372024162531],[-16.183125607416105,12.06173111921654]]},{"type":"LineString","coordinates":[[12.742095254970922,-6.0398274962914265],[12.750861860003377,-6.03573901556193],[12.74343306073545,-6.027468775012204],[12.742095254970922,-6.0398274962914265],[12.73742664604498,-6.048053101340685]]},{"type":"LineString","coordinates":[[44.308508640427675,-19.205358534612934],[44.318305270598536,-19.210264213064697]]},{"type":"LineString","coordinates":[[44.31727524732967,-19.196995414442462],[44.308508640427675,-19.205358534612934],[44.29672324794263,-19.18519955045261],[44.287256577282726,-19.18027210284056]]},{"type":"LineString","coordinates":[[39.44238979087666,-7.982877377488021],[39.44499837556017,-8.004015646150966],[39.44436071932645,-8.013297259803542]]},{"type":"LineString","coordinates":[[-16.52634703990286,14.151521202971594],[-16.528924425095113,14.142229181100163],[-16.51996614822813,14.144862423519651],[-16.510450366059704,14.142990154896012]]},{"type":"LineString","coordinates":[[44.45439706315836,-16.187277755701576],[44.467471144719276,-16.18305962543698]]},{"type":"LineString","coordinates":[[-16.534863974608886,14.161642901841669],[-16.537445778612035,14.152995609797301]]},{"type":"LineString","coordinates":[[-16.01608324320573,11.04573649740567],[-16.00958631211031,11.053102064535699]]},{"type":"LineString","coordinates":[[-15.468010646912393,11.422994407475556],[-15.45913705284219,11.426438533716265]]},{"type":"LineString","coordinates":[[-15.177237158101306,11.040830373316835],[-15.193142776469237,11.026903818513189],[-15.201757746208823,11.020194160676446],[-15.209320402268103,11.029985088095566]]},{"type":"LineString","coordinates":[[39.14773235248056,-5.000248068991623],[39.16580512065199,-5.011277807467665]]},{"type":"LineString","coordinates":[[-16.49797827674191,16.0617745016189],[-16.506062586951256,16.06998013731411],[-16.50849283953771,16.060540336695286]]},{"type":"LineString","coordinates":[[-16.360134126770088,14.103439958935848],[-16.3703008131138,14.10454276831838],[-16.36680936313911,14.094773105168876],[-16.366738036343122,14.082792988929768],[-16.367478255178757,14.073774958349896]]},{"type":"LineString","coordinates":[[-16.001751674579953,12.358147223369405],[-16.005912000932522,12.348856192454639]]},{"type":"LineString","coordinates":[[-15.936318785430196,12.312124431013542],[-15.928176495644019,12.307258086225598]]},{"type":"LineString","coordinates":[[-15.229707421222267,11.241825070467911],[-15.218987682554404,11.24643475435534]]},{"type":"LineString","coordinates":[[44.87671851689656,-16.194643204847388],[44.89058633910814,-16.186532593921964]]},{"type":"LineString","coordinates":[[43.17984330722233,11.547354844698233],[43.190496083370185,11.552527512992192]]},{"type":"LineString","coordinates":[[39.36507344538805,-7.848643257025349],[39.369202556553354,-7.838584880644505]]},{"type":"LineString","coordinates":[[39.30344415654162,-8.23332209733929],[39.297999629151846,-8.219919108250709],[39.2889431944884,-8.217866971575821],[39.29076252269881,-8.227143609216656],[39.297999629151846,-8.219919108250709],[39.31015955340542,-8.214239183817181],[39.31275924963491,-8.23021960840757],[39.31844010316281,-8.217972840803586]]},{"type":"LineString","coordinates":[[-16.3324965837031,11.548796562455506],[-16.31930654578548,11.5505310052787]]},{"type":"LineString","coordinates":[[-15.372064172746116,11.168869461494987],[-15.376121944784057,11.176984327313923],[-15.365812527091553,11.178541687637],[-15.374699466320333,11.187036837568137],[-15.367658554936376,11.194263230228175],[-15.376799723866654,11.196314730266272]]},{"type":"LineString","coordinates":[[39.28415857258794,-6.377409210477941],[39.29575669130792,-6.3866842908341]]},{"type":"LineString","coordinates":[[-15.252997219944797,11.149917898762544],[-15.245162580079585,11.144641682948428],[-15.250107728139541,11.131105064649352],[-15.22895827064377,11.120941259777561],[-15.232752983635635,11.130733187322262]]},{"type":"LineString","coordinates":[[48.1749639240205,-13.268693943913034],[48.191556241600615,-13.276258554956657]]},{"type":"LineString","coordinates":[[-15.875844468427118,12.332037434234374],[-15.867474783895318,12.337865928223982],[-15.861160716642832,12.330795879290575]]},{"type":"LineString","coordinates":[[-15.102738957379275,10.963784022993705],[-15.090868834244782,10.963915326446738]]},{"type":"LineString","coordinates":[[44.01899257570296,-18.083398876997983],[44.01752105487971,-18.07369158990472]]},{"type":"LineString","coordinates":[[39.291667731345065,-8.405405722756532],[39.29970742067423,-8.422542881227937],[39.29427627203606,-8.430407654916262]]},{"type":"LineString","coordinates":[[-16.500457516191787,16.16105106889346],[-16.502366067700805,16.14905854827726]]},{"type":"LineString","coordinates":[[-15.921470052168361,12.29967744391596],[-15.918161330236742,12.290793919711245]]},{"type":"LineString","coordinates":[[-15.944514671702807,11.100735157379255],[-15.93687623393172,11.106335910548156]]},{"type":"LineString","coordinates":[[-14.695944089273295,10.700996732760242],[-14.686040443562092,10.7002125089503],[-14.687944403925039,10.710180347404895]]},{"type":"LineString","coordinates":[[46.06948791731428,-15.798869210796633],[46.086624226140124,-15.794149473268495]]},{"type":"LineString","coordinates":[[-16.228193736072516,12.126601124407895],[-16.218084986909727,12.12123439984337],[-16.21183331084393,12.12847575714312]]},{"type":"LineString","coordinates":[[12.6232780653259,-5.963715410341147],[12.653113906967501,-5.966292128502775],[12.647223492993279,-5.9594401125876955]]},{"type":"LineString","coordinates":[[48.22870056593512,-13.262886875639706],[48.23195575335167,-13.272734529863042]]},{"type":"LineString","coordinates":[[43.46209545502987,-21.53692869927264],[43.46274200715396,-21.527666442303424]]},{"type":"LineString","coordinates":[[43.45939327712039,-21.518884705077145],[43.464895797484786,-21.5060618324139],[43.4586619523774,-21.484126229959784],[43.45615595174047,-21.474059764270642]]},{"type":"LineString","coordinates":[[40.325033181006766,-10.245705651785332],[40.341772650569986,-10.256236636760915],[40.350490160711665,-10.259939995759499]]},{"type":"LineString","coordinates":[[-16.468949499303992,12.241116216377671],[-16.458354680139458,12.235673377057832],[-16.465484790238353,12.229799008784605]]},{"type":"LineString","coordinates":[[-15.297525860687923,11.280480190805406],[-15.290859502791346,11.273544661499152],[-15.30078102937756,11.271471829392748]]},{"type":"LineString","coordinates":[[48.90472260764991,-12.990307288886362],[48.89720005917606,-12.97956185653577],[48.90387539779519,-12.972144596284952]]},{"type":"LineString","coordinates":[[39.10088508061105,-5.056278712792706],[39.109669495966145,-5.053933426305404]]},{"type":"LineString","coordinates":[[-15.054959691895485,11.432513746438094],[-15.063057351830322,11.422850137911267],[-15.069982417752659,11.432382627191592],[-15.078735632363552,11.429546070620566]]},{"type":"LineString","coordinates":[[39.328829824541714,-8.261918168363175],[39.3329589510705,-8.250056377874579],[39.32053591979958,-8.247227666606246],[39.331398271050126,-8.240003513993058]]},{"type":"LineString","coordinates":[[39.2574619419333,-6.69360888977735],[39.27458490886606,-6.70711625226031]]},{"type":"LineString","coordinates":[[12.57963237777247,-6.1162791356733965],[12.590476922594192,-6.108342725966752],[12.580319085807524,-6.107008129574971],[12.57963237777247,-6.1162791356733965],[12.569728720036679,-6.115201712912916]]},{"type":"LineString","coordinates":[[39.64161793616165,-5.1483850771066075],[39.64687525029303,-5.134972776520979]]},{"type":"LineString","coordinates":[[-16.503935655699088,15.932555941216295],[-16.498544577374005,15.923577132715545]]},{"type":"LineString","coordinates":[[-16.135582663321607,12.332629843342726],[-16.12880483795657,12.340902151501963]]},{"type":"LineString","coordinates":[[-15.261531958019976,11.326598096402538],[-15.266744684234972,11.318605486129671],[-15.257340391045718,11.314744661762967],[-15.250031919830304,11.320424427587064],[-15.242973235823031,11.311924436450058]]},{"type":"LineString","coordinates":[[-15.006092358107955,10.962641385712253],[-15.011831270783041,10.970114068787124]]},{"type":"LineString","coordinates":[[44.489374259510484,-19.98689025526907],[44.481508425577324,-19.97553346292956],[44.48971314181055,-19.965441605742328]]},{"type":"LineString","coordinates":[[45.567852397903465,-16.01460346348561],[45.55801119317241,-16.020813889414057],[45.55585744326658,-16.011414623423722]]},{"type":"LineString","coordinates":[[43.30101933139458,-22.24503597552046],[43.30057790284748,-22.236021839587316]]},{"type":"LineString","coordinates":[[44.30488339943235,-19.178536925436728],[44.31678921470939,-19.182702157166812]]},{"type":"LineString","coordinates":[[12.532218801831913,-6.129841686748569],[12.540740145110458,-6.123701098645826],[12.5520974633313,-6.116154941097014],[12.56099334690792,-6.112585791059411],[12.569728720036679,-6.115201712912916],[12.571191334658085,-6.105035064013962],[12.56099334690792,-6.112585791059411],[12.554844275950076,-6.105864164884172]]},{"type":"LineString","coordinates":[[44.420828932050796,-19.581491915745342],[44.42737936420338,-19.572757359811764],[44.43689505002606,-19.57111461306144]]},{"type":"LineString","coordinates":[[-16.32199982757393,11.84247104346502],[-16.319779223681913,11.85168806227761]]},{"type":"LineString","coordinates":[[44.277036325279184,-19.16194225644049],[44.27401302001121,-19.171591833914515]]},{"type":"LineString","coordinates":[[44.28377847307137,-19.169182617730048],[44.277036325279184,-19.16194225644049],[44.27192168994992,-19.15316841510667],[44.2776605594326,-19.144916373341783],[44.268737907851886,-19.138218345162294]]},{"type":"LineString","coordinates":[[-16.675726936579732,13.691005716561165],[-16.663286089619483,13.698907902123391]]},{"type":"LineString","coordinates":[[-14.696028801694206,10.747910840949439],[-14.684163110871328,10.750859126940334],[-14.689366917433174,10.760404804909875]]},{"type":"LineString","coordinates":[[-16.55114414966623,13.660655334787974],[-16.54249349960324,13.66465022867587]]},{"type":"LineString","coordinates":[[-14.751352838491439,10.826313928612093],[-14.740022285154199,10.81470741409506]]},{"type":"LineString","coordinates":[[48.84501520363634,-13.062123785608147],[48.84810541116187,-13.053592577215483]]},{"type":"LineString","coordinates":[[47.804198624125824,-13.595933688992423],[47.81332192905636,-13.59433003723342],[47.82834467640804,-13.612649860414269]]},{"type":"LineString","coordinates":[[47.81332192905636,-13.59433003723342],[47.81275560780419,-13.5846645959278]]},{"type":"LineString","coordinates":[[-16.273796942065182,12.023581387034527],[-16.262778512964964,12.018221335882867]]},{"type":"LineString","coordinates":[[-15.905461883926227,11.086163745666257],[-15.894474600174254,11.077691884776453],[-15.893141382696063,11.068418992932772]]},{"type":"LineString","coordinates":[[49.596226620390894,-12.592900407666773],[49.60324524440503,-12.604532567021419],[49.59482198508412,-12.610159179171625],[49.60081950887443,-12.6171476562416],[49.60324524440503,-12.604532567021419]]},{"type":"LineString","coordinates":[[-16.39918691308691,16.480880841914043],[-16.390736855730935,16.475783895863312]]},{"type":"LineString","coordinates":[[-16.344326570344542,12.09926507114689],[-16.339831816904315,12.09026576615147],[-16.333513227146927,12.083341654920384]]},{"type":"LineString","coordinates":[[39.79704885744666,-4.930880504908307],[39.80374638842143,-4.942604428694498]]},{"type":"LineString","coordinates":[[49.56169979262471,-12.480899012068875],[49.5666360510479,-12.48890976972701],[49.554578569476696,-12.488330742948378],[49.55844467767498,-12.499945854827256]]},{"type":"LineString","coordinates":[[49.54739052706593,-12.460209324451284],[49.54562028773989,-12.449119243435282]]},{"type":"LineString","coordinates":[[-15.391942819527168,11.199000488884996],[-15.398983743703647,11.193191546235823],[-15.406702495311016,11.204778793507206],[-15.4089320220433,11.21405611457311],[-15.39809192742066,11.21020262657505]]},{"type":"LineString","coordinates":[[-14.707363779937607,11.016753929782702],[-14.7030697059727,11.008245084469428]]},{"type":"LineString","coordinates":[[41.21040106775806,-1.9089624351731198],[41.20887602817611,-1.9186243582104547]]},{"type":"LineString","coordinates":[[39.708210173225844,-7.821913148115807],[39.718033591643,-7.821378637519765]]},{"type":"LineString","coordinates":[[41.94715154044072,-1.1426803452586738],[41.93360035238117,-1.1522209238989887],[41.9200491630618,-1.1612487465829728],[41.908281554049516,-1.1602278352017]]},{"type":"LineString","coordinates":[[-15.286984527847446,11.205303612316932],[-15.291149323442715,11.196669035351755],[-15.287350166926176,11.179145401293217],[-15.283680326073739,11.166774019713865]]},{"type":"LineString","coordinates":[[-14.243697571982345,10.196859079604772],[-14.232523078270075,10.19116254227796],[-14.242172601156044,10.181906575578644]]},{"type":"LineString","coordinates":[[42.11348492859741,-0.9382688750355288],[42.102988189103115,-0.9498520411201801],[42.098136691536595,-0.9403197569752619]]},{"type":"LineString","coordinates":[[-16.342177311194423,12.296645107171202],[-16.334543348368737,12.289983533035416]]},{"type":"LineString","coordinates":[[-16.356111968015,12.236967625047201],[-16.341325625899422,12.232235086827883],[-16.338226552520645,12.240754531302082]]},{"type":"LineString","coordinates":[[44.48551265603908,-20.00181623651899],[44.49438178647088,-19.997202849626785],[44.50404021244855,-20.001149982102064]]},{"type":"LineString","coordinates":[[39.47741154325747,-8.508724356423249],[39.4908869286119,-8.516569712981665]]},{"type":"LineString","coordinates":[[-16.59337628823426,14.090417961675579],[-16.58455621981603,14.09344106084297],[-16.581974385964624,14.102216132209504],[-16.58691506704879,14.110039358686]]},{"type":"LineString","coordinates":[[-14.036072932154443,10.041927908464773],[-14.044509490752658,10.046336220613254],[-14.03875286352382,10.058173354715649]]},{"type":"LineString","coordinates":[[47.33950230555868,-14.89132875688138],[47.333197144128654,-14.89862433626137],[47.32736018335251,-14.891600294502458],[47.33146254947228,-14.882399596860273]]},{"type":"LineString","coordinates":[[-15.275439885566124,11.143972348305946],[-15.264474957636141,11.142305380361345],[-15.263436056910054,11.1514579009667]]},{"type":"LineString","coordinates":[[49.374707385961436,-12.172455823199991],[49.384040322576844,-12.17566828071607]]},{"type":"LineString","coordinates":[[44.243530635368494,-19.049514083652973],[44.244663270689564,-19.069095404936352]]},{"type":"LineString","coordinates":[[48.01279535908482,-13.56138369699583],[48.020964441753506,-13.567647350513665]]},{"type":"LineString","coordinates":[[-16.257632745379674,14.16119327483465],[-16.26686751311215,14.1597275677262],[-16.266680215140795,14.150068413540133],[-16.27390846279747,14.144360884959656],[-16.28341075825596,14.143409581540475]]},{"type":"LineString","coordinates":[[-16.203708803706615,12.357589736137424],[-16.19332799160965,12.352349673404927]]},{"type":"LineString","coordinates":[[-13.75319201708335,9.843803491494985],[-13.741406592858702,9.843082967763122]]},{"type":"LineString","coordinates":[[39.356422726068935,-8.152332651768122],[39.34748670385699,-8.14538046918917]]},{"type":"LineString","coordinates":[[-16.421188131456375,16.4596113719037],[-16.416439121729834,16.467757664147626],[-16.411578714637972,16.45954721006863]]},{"type":"LineString","coordinates":[[-14.727946988876406,10.759664463900677],[-14.716348939000031,10.760299689257058]]},{"type":"LineString","coordinates":[[41.081305627188954,-1.990677150408967],[41.08795412650803,-1.9839702837248219]]},{"type":"LineString","coordinates":[[-14.60111686482234,10.77177250070164],[-14.595788194468831,10.761324815329756],[-14.591213150327711,10.769442049655254]]},{"type":"LineString","coordinates":[[44.23948621917797,-18.985624890465612],[44.23687766704553,-18.994631199472092],[44.24636217318234,-18.992219415187773]]},{"type":"LineString","coordinates":[[44.23129039711842,-18.95207909071122],[44.23575844296869,-18.97195860626526]]},{"type":"LineString","coordinates":[[40.653049090274244,-11.185413942054561],[40.65975999290606,-11.175899509869936]]},{"type":"LineString","coordinates":[[39.36191638076777,-7.3179677594137384],[39.37102185175029,-7.308485247581435],[39.37093712599739,-7.295145682903893],[39.37965916251351,-7.2889843672572]]},{"type":"LineString","coordinates":[[-16.35464940072086,16.44729934719211],[-16.33996555956526,16.44675196251955]]},{"type":"LineString","coordinates":[[12.538938624981967,-6.095484588952568],[12.548075372645012,-6.0948815600693385],[12.554844275950076,-6.105864164884172],[12.565947407967643,-6.097670470637119]]},{"type":"LineString","coordinates":[[49.57092569785026,-12.614667338649856],[49.575995677457506,-12.622425875070189]]},{"type":"LineString","coordinates":[[44.242282058834505,-19.08633990695457],[44.249537040865754,-19.098732670917567]]},{"type":"LineString","coordinates":[[39.16280409210386,-5.119552736206461],[39.154572618450594,-5.100219411995606],[39.16212633888764,-5.094298979023548]]},{"type":"LineString","coordinates":[[-15.86966416672978,12.285286761770827],[-15.860242135669361,12.290083691694917]]},{"type":"LineString","coordinates":[[39.713347004867806,-8.047666541515344],[39.7245483371728,-8.05096028303054]]},{"type":"LineString","coordinates":[[-16.356682733195317,16.4706013407341],[-16.366608677985347,16.460748927510252]]},{"type":"LineString","coordinates":[[-16.266470649927644,14.183562407396881],[-16.25851559359081,14.17754884550428],[-16.24819729476598,14.173995091048372]]},{"type":"LineString","coordinates":[[-16.066190110913848,11.122231969358214],[-16.055479417474665,11.118661710503236]]},{"type":"LineString","coordinates":[[-15.13841176490888,11.295374142198288],[-15.147383422466937,11.298636167033738],[-15.134848883081125,11.303743386880127]]},{"type":"LineString","coordinates":[[-15.142688056447042,11.311732036964653],[-15.147383422466937,11.298636167033738],[-15.151945153129923,11.288014705992616]]},{"type":"LineString","coordinates":[[-15.216454888489436,11.151882272321295],[-15.219317642269537,11.14324601287478]]},{"type":"LineString","coordinates":[[-14.205937889724236,10.10527193870853],[-14.196440062989058,10.105504592969973]]},{"type":"LineString","coordinates":[[39.375423002952004,-7.413471898321464],[39.39865933875954,-7.405587662948809],[39.40641372162346,-7.411384745247944]]},{"type":"LineString","coordinates":[[39.66591556693175,-5.460539242385759],[39.66625892278299,-5.470992723488181]]},{"type":"LineString","coordinates":[[-15.020700389759396,10.961735182736689],[-15.012874650304923,10.956065980232612]]},{"type":"LineString","coordinates":[[-16.32756927148551,12.257679421321376],[-16.316845099892262,12.261339670266196]]},{"type":"LineString","coordinates":[[39.59581849851431,-5.252587162239649],[39.59876594276333,-5.243559844456491],[39.61175086525311,-5.240709066238592]]},{"type":"LineString","coordinates":[[-16.524416246580735,14.257282057430928],[-16.530971144211616,14.250284995507894],[-16.537111329970134,14.260034970824714],[-16.540375373401115,14.251253112872515]]},{"type":"LineString","coordinates":[[-15.653674291504876,11.327538099599714],[-15.644684700417004,11.335547982019788]]},{"type":"LineString","coordinates":[[-15.773191549883009,11.34078132518303],[-15.764188609727626,11.343509450399777]]},{"type":"LineString","coordinates":[[-14.205599006506404,10.137229074995773],[-14.195985204120584,10.133080941454383]]},{"type":"LineString","coordinates":[[32.70061244270422,-25.886888670584582],[32.69713884765444,-25.90063185389086],[32.6925815844761,-25.920152715599478]]},{"type":"LineString","coordinates":[[-14.67011245156602,10.730356145195698],[-14.659424044521211,10.733436055133495]]},{"type":"LineString","coordinates":[[35.429181005686225,-23.802650582358325],[35.43192330760789,-23.7936053703847]]},{"type":"LineString","coordinates":[[-14.651094453644891,10.721054865362607],[-14.641712476517334,10.719758004767233],[-14.633369531991564,10.723872029225536]]},{"type":"LineString","coordinates":[[-14.167027809605544,10.163292764520758],[-14.158849799459087,10.15876314091514]]},{"type":"LineString","coordinates":[[42.23153515943154,-0.7936277351944714],[42.24203192429643,-0.7799841537079615]]},{"type":"LineString","coordinates":[[-16.17878244751498,12.352545667038473],[-16.165418530400746,12.352602285107944]]},{"type":"LineString","coordinates":[[12.577300298078525,-6.062814662987102],[12.589803640713429,-6.057591224807019]]},{"type":"LineString","coordinates":[[45.575370503623176,-16.03493551840102],[45.581207444556384,-16.026934069019976],[45.58842670981822,-16.03541545104925]]},{"type":"LineString","coordinates":[[45.58138135505969,-16.041878084383015],[45.58287957662842,-16.051922949583197],[45.581176250238094,-16.062232993761306]]},{"type":"LineString","coordinates":[[39.29126637731757,-8.20884163075804],[39.297210384579124,-8.198266946540688]]},{"type":"LineString","coordinates":[[47.7991687205467,-14.142376154707465],[47.806646682335476,-14.149882436836421]]},{"type":"LineString","coordinates":[[-15.291185048672967,11.231721983368068],[-15.286605492959689,11.220127126559971],[-15.274334028381894,11.220910021772019],[-15.264684542391763,11.23019994939526],[-15.258031626288174,11.236519926041057],[-15.248770060279229,11.245678150274175]]},{"type":"LineString","coordinates":[[-16.564490206311675,14.208077781888699],[-16.554457230765752,14.208786673473353],[-16.54699271088339,14.1980186224348],[-16.53831085224316,14.202838595236294]]},{"type":"LineString","coordinates":[[-16.192213235889596,12.014662410155227],[-16.202317621017656,12.020676790445108],[-16.19383187760886,12.025221201046065]]},{"type":"LineString","coordinates":[[-14.697219407674066,10.859519226602165],[-14.705428610877652,10.865194633317316],[-14.715590878014247,10.872682963015157]]},{"type":"LineString","coordinates":[[44.155432191054274,10.539690944925322],[44.10796060519533,10.562499366605513]]},{"type":"LineString","coordinates":[[-14.936423423828671,11.069858780527126],[-14.928205224730913,11.065863298029383]]},{"type":"LineString","coordinates":[[-16.50231249282813,16.034824081661323],[-16.509148342818886,16.04198943873318],[-16.505817360870584,16.051597228402226]]},{"type":"LineString","coordinates":[[49.370703134465664,-12.134217255602662],[49.370359775245895,-12.14501978794677]]},{"type":"LineString","coordinates":[[-16.09182101938928,11.068152041780845],[-16.08691607080463,11.081183954147956]]},{"type":"LineString","coordinates":[[40.26228912360808,-2.6475671345026326],[40.27446245771507,-2.6442040891159277]]},{"type":"LineString","coordinates":[[-16.044822142510494,11.094215284144784],[-16.05132349109991,11.087752238477337],[-16.046726209234414,11.079779289567798],[-16.06133415482881,11.077923865636015]]},{"type":"LineString","coordinates":[[12.618368583740153,-6.115937675021397],[12.633172820091081,-6.114456854585647]]},{"type":"LineString","coordinates":[[-16.50350309869892,15.945569068107442],[-16.491784575213146,15.94526460519285],[-16.49104436342689,15.93496566450902]]},{"type":"LineString","coordinates":[[-16.45468928602793,12.219806159584941],[-16.44663175613072,12.231184793467698]]},{"type":"LineString","coordinates":[[-15.371867948112653,11.220288890294528],[-15.360911982660419,11.225327549724545],[-15.357763863911597,11.213220693119046],[-15.345363070386309,11.213876740146674]]},{"type":"LineString","coordinates":[[-16.487472597225583,16.17118838299857],[-16.483811727845133,16.16284130704077],[-16.473381893830986,16.158147219524597]]},{"type":"LineString","coordinates":[[-16.483811727845133,16.16284130704077],[-16.47585670913518,16.168306137728944]]},{"type":"LineString","coordinates":[[-15.564978249561591,11.850169416038248],[-15.558722178393234,11.857012116550846]]},{"type":"LineString","coordinates":[[-14.472881956392273,10.378125103997313],[-14.474594329388934,10.366655116599544],[-14.467709416065533,10.359172005569782]]},{"type":"LineString","coordinates":[[40.56716682037095,-12.36540826188047],[40.57155902839872,-12.35656608485574]]},{"type":"LineString","coordinates":[[39.370049753303256,-7.77387768356845],[39.37755440752873,-7.780703650280685],[39.3994218445091,-7.807882587386474]]},{"type":"LineString","coordinates":[[40.658368750363884,-10.789640180053032],[40.65346820081712,-10.801146953327693]]},{"type":"LineString","coordinates":[[-15.872138968999689,12.32200049483898],[-15.873155637547178,12.311819445362676]]},{"type":"LineString","coordinates":[[43.449373661151704,-21.4521151567363],[43.45516603891584,-21.463498689788157]]},{"type":"LineString","coordinates":[[43.46687558266518,-21.46433702248919],[43.46928354742097,-21.454617764110566]]},{"type":"LineString","coordinates":[[-14.909967571844945,10.966879003962177],[-14.912313025232852,10.975901270380302],[-14.903573219480942,10.98221359896879]]},{"type":"LineString","coordinates":[[-15.923882437053226,12.278280607864378],[-15.911013394781023,12.269688213872813]]},{"type":"LineString","coordinates":[[-14.795297305340586,11.001105978847093],[-14.781335814451818,11.00882724936696]]},{"type":"LineString","coordinates":[[43.28210828251565,11.482491848113108],[43.29029965587163,11.488076438873337]]},{"type":"LineString","coordinates":[[-16.631497108963874,14.125585645513413],[-16.62211964539377,14.124232162794083]]},{"type":"LineString","coordinates":[[-16.758817852099558,13.88745397058211],[-16.759477802102893,13.836884234133924]]},{"type":"LineString","coordinates":[[-16.759723045170286,13.811991438995026],[-16.75393070106312,13.804686409221704]]},{"type":"LineString","coordinates":[[-15.945776539632464,11.525186487929824],[-15.937950888843243,11.53001440263951]]},{"type":"LineString","coordinates":[[-15.962542780177271,11.10698792137513],[-15.954726029967375,11.111783505968262]]},{"type":"LineString","coordinates":[[-14.740205109832782,10.756711843367874],[-14.725873521079022,10.750902920734164]]},{"type":"LineString","coordinates":[[44.28661000133893,-19.140990240152835],[44.291251932550786,-19.132897665736042]]},{"type":"LineString","coordinates":[[39.6059719036407,-5.378259245573504],[39.620370347030814,-5.372958497939075],[39.631571554542425,-5.385322412498078]]},{"type":"LineString","coordinates":[[-14.006571493744396,9.993774930224731],[-14.016680243811349,10.00475773532139],[-14.003686450925068,10.002526956992133]]},{"type":"LineString","coordinates":[[39.171833812873146,-4.985460035169968],[39.16481960906389,-4.991377097850114]]},{"type":"LineString","coordinates":[[-15.84129539639893,11.230160587612446],[-15.843672077458393,11.240333710246295],[-15.836390362439321,11.249504920285755],[-15.843195000737834,11.255925037066358]]},{"type":"LineString","coordinates":[[40.58539563259158,-11.995733196855303],[40.57821197013411,-12.002048882948936]]},{"type":"LineString","coordinates":[[12.759624031034782,-6.032688127676011],[12.767440822159411,-6.040576868589351]]},{"type":"LineString","coordinates":[[44.44343655580852,-20.03457967557982],[44.452443988960226,-20.03126169809941],[44.46606652432324,-19.99704774289146],[44.46210684834224,-19.98592641434537],[44.46556712083218,-19.977218225618447],[44.47174297143356,-19.964360338433323]]},{"type":"LineString","coordinates":[[47.497653257153445,-15.03602651766496],[47.50098421409454,-15.026336814115838]]},{"type":"LineString","coordinates":[[44.46385929216904,-20.03953544738184],[44.45485634419382,-20.042597682801553]]},{"type":"LineString","coordinates":[[39.368225999533045,-4.658827759397223],[39.39280901341906,-4.661943248319324],[39.398971522058815,-4.670694097429104]]},{"type":"LineString","coordinates":[[-15.738972360833602,11.28713138459918],[-15.725546074250724,11.296830279674065]]},{"type":"LineString","coordinates":[[39.35885742938232,-8.960489043109707],[39.36105127152965,-8.951463743048935],[39.37012554081829,-8.950684104490776]]},{"type":"LineString","coordinates":[[-16.491784575213146,15.94526460519285],[-16.492515890832266,15.954272524007814]]},{"type":"LineString","coordinates":[[-16.48848928198797,16.07536180776629],[-16.49268083269743,16.08357549724137],[-16.500613565158755,16.093309789996486],[-16.509237517311487,16.08912400483381],[-16.508778251097805,16.098656626222457],[-16.508787150551065,16.117463542536804],[-16.51146257690642,16.1365043147439]]},{"type":"LineString","coordinates":[[-15.112263599870067,11.314062600249903],[-15.125538319249468,11.307189023372048],[-15.1087319744682,11.302724582650482],[-15.112263599870067,11.314062600249903],[-15.121534065251256,11.315348080712196],[-15.126242836776493,11.325011004680082],[-15.135383993052919,11.333772911063853]]},{"type":"LineString","coordinates":[[40.58344250295034,-11.175601999452935],[40.61818780450399,-11.190654447589775],[40.64513420876514,-11.190365745061815]]},{"type":"LineString","coordinates":[[40.16819765698705,-2.8910123144372353],[40.17110944678219,-2.8746502823748976]]},{"type":"LineString","coordinates":[[40.82373898744714,-14.791772986649587],[40.83224700503675,-14.798468315015494]]},{"type":"LineString","coordinates":[[35.41855498055433,-23.809549354563284],[35.4281954906384,-23.81823867164265]]},{"type":"LineString","coordinates":[[39.854776315552584,-5.062141800373702],[39.85605161523552,-5.0519257904623],[39.861955492520785,-5.0425135566002055]]},{"type":"LineString","coordinates":[[12.605379280640431,-5.996994408278476],[12.622109827243856,-5.995907903020582]]},{"type":"LineString","coordinates":[[-16.49637745195579,16.132614867348785],[-16.50191562569635,16.124981539897355]]},{"type":"LineString","coordinates":[[-16.050239947711262,12.35731967373581],[-16.059416759304074,12.358574078458826],[-16.07252650111749,12.359297144296026],[-16.080673310457193,12.364031808051687],[-16.067594771229576,12.370526047890772]]},{"type":"LineString","coordinates":[[-14.729592468296035,10.818824474391727],[-14.71865429316717,10.805408700446522]]},{"type":"LineString","coordinates":[[-16.302584891303145,14.149618738203909],[-16.292150653253398,14.148516116870717]]},{"type":"LineString","coordinates":[[-14.76296882363278,10.759222068197653],[-14.759236523117467,10.750797800083811]]},{"type":"LineString","coordinates":[[-14.247996142859384,10.139134100731228],[-14.242292983663141,10.130227742701985],[-14.236585349272742,10.123125338432581]]},{"type":"LineString","coordinates":[[39.39286698005061,-7.275277092506349],[39.38253968830164,-7.278121200897681],[39.38262439833362,-7.269097824825181]]},{"type":"LineString","coordinates":[[39.40549071979479,-7.248710574718719],[39.42408071563362,-7.248179758496751]]},{"type":"LineString","coordinates":[[-16.416506062855024,16.476899956964584],[-16.407025977006647,16.47593356831611]]},{"type":"LineString","coordinates":[[40.62192011712492,-10.912013019458511],[40.6297948596959,-10.917521080628644]]},{"type":"LineString","coordinates":[[-16.167362721432973,12.048653183784824],[-16.15766861010993,12.047536803967462],[-16.151555147439765,12.056066563499073]]},{"type":"LineString","coordinates":[[40.664508952466385,-10.83709662571457],[40.65469004718072,-10.829756341423867]]},{"type":"LineString","coordinates":[[-15.274334028381894,11.220910021772019],[-15.277874618739755,11.234053197889791]]},{"type":"LineString","coordinates":[[-16.580828392969828,14.029419509030777],[-16.575209932574474,14.037046295137687]]},{"type":"LineString","coordinates":[[-16.412938804877832,12.299254868986997],[-16.403641543698626,12.299947552427469]]},{"type":"LineString","coordinates":[[-16.412987774402783,12.30826879952027],[-16.412938804877832,12.299254868986997],[-16.422632839641125,12.29894553850973],[-16.425821063456628,12.307689384027768],[-16.43498452494399,12.305580780009295]]},{"type":"LineString","coordinates":[[41.976849197609816,-1.093060004765655],[41.9791991290226,-1.0841924797818185]]},{"type":"LineString","coordinates":[[-15.92217902034068,12.240401589120111],[-15.933959933244493,12.2380440521897],[-15.922669563341193,12.23112376061139],[-15.92217902034068,12.240401589120111],[-15.914602968354869,12.246227802550104]]},{"type":"LineString","coordinates":[[-16.428911299709455,16.31119484322462],[-16.39767076127827,16.324799278698393]]},{"type":"LineString","coordinates":[[12.43692335038638,-6.037960631885827],[12.437868692757633,-6.056123458921473]]},{"type":"LineString","coordinates":[[39.425975792312,-7.20589827140879],[39.43462202031823,-7.2027970917449835]]},{"type":"LineString","coordinates":[[39.43667316873918,-7.1911930091077],[39.45627986002688,-7.1775137406141445]]},{"type":"LineString","coordinates":[[-15.249461170973111,11.261448491353667],[-15.255730674930948,11.268406266813576],[-15.26434565281268,11.26478963689445],[-15.265924196461235,11.274659733073642]]},{"type":"LineString","coordinates":[[48.48412684436129,-13.352598865973427],[48.48586136344214,-13.362915725567934]]},{"type":"LineString","coordinates":[[-14.805325835868807,11.029980676204744],[-14.807533044895449,11.042353415047733]]},{"type":"LineString","coordinates":[[-14.814845988560908,11.02818182211693],[-14.816665328043914,11.0408128819283]]},{"type":"LineString","coordinates":[[-15.258031626288174,11.236519926041057],[-15.263676805553386,11.243858720521374],[-15.272046517544158,11.259576742295643]]},{"type":"LineString","coordinates":[[44.916716671593,-16.19234365332487],[44.925514467654665,-16.185907395351283],[44.9383120741707,-16.187581816691615],[44.929251220637866,-16.176374602107696],[44.925514467654665,-16.185907395351283]]},{"type":"LineString","coordinates":[[-16.075910999149848,11.068852225138816],[-16.071509844629333,11.07801574467931]]},{"type":"LineString","coordinates":[[40.63330417185943,-12.479897676031774],[40.62953176312623,-12.471677709993413]]},{"type":"LineString","coordinates":[[43.45549601205067,11.493508059612747],[43.4659659713752,11.514433654579124]]},{"type":"LineString","coordinates":[[39.233659272864884,-5.80533780453197],[39.23803811218919,-5.820549466828787]]},{"type":"LineString","coordinates":[[-15.719883013737391,11.328416930537205],[-15.710487615908582,11.33178790276323],[-15.704071051937914,11.324586870980282]]},{"type":"LineString","coordinates":[[-15.710487615908582,11.33178790276323],[-15.70606870051433,11.340046833574654]]},{"type":"LineString","coordinates":[[-16.371353218518127,11.28797533953834],[-16.36367909232097,11.29367751108282]]},{"type":"LineString","coordinates":[[-14.58032400106898,10.821360418002957],[-14.576435660275308,10.806407335818747]]},{"type":"LineString","coordinates":[[40.72732432876494,-15.043015734519264],[40.74454540075458,-15.029157656760681]]},{"type":"LineString","coordinates":[[-14.83365450757522,10.989016018738925],[-14.825307078323595,10.99403678825066],[-14.815385554536782,11.003180764971342]]},{"type":"LineString","coordinates":[[-14.825307078323595,10.99403678825066],[-14.833908692192217,11.00383295316891]]},{"type":"LineString","coordinates":[[-16.613353082823604,14.153916500241259],[-16.616452170290103,14.144360833321404]]},{"type":"LineString","coordinates":[[-16.608786915959683,14.161932562666342],[-16.60261112911346,14.147033067803577],[-16.599293526661505,14.163156167555767],[-16.608786915959683,14.161932562666342],[-16.613353082823604,14.153916500241259],[-16.60261112911346,14.147033067803577],[-16.59587786146364,14.127626731104268],[-16.59422351226255,14.117719635930163],[-16.595195562282484,14.105606611641896],[-16.58691506704879,14.110039358686],[-16.59422351226255,14.117719635930163],[-16.604510702092373,14.116880744893475]]},{"type":"LineString","coordinates":[[43.28511372617288,-21.960184003906217],[43.28442703635206,-21.9712462493142]]},{"type":"LineString","coordinates":[[-15.332922173316772,11.178449854652142],[-15.342326466472803,11.186818127535435],[-15.335548644284177,11.194302559860976]]},{"type":"LineString","coordinates":[[-15.000616570362718,10.993958000887758],[-14.995007060836116,11.00142991550597],[-14.998395976860111,11.009938982737273],[-15.00804994582817,11.009164279538808]]},{"type":"LineString","coordinates":[[-16.17295883885415,11.486219277955245],[-16.180378811578937,11.48000539740456]]},{"type":"LineString","coordinates":[[41.32671224296109,-1.9371770952901324],[41.34204711464145,-1.9333890328591736]]},{"type":"LineString","coordinates":[[41.49646573609878,-1.7707525678662535],[41.50157139293774,-1.7605683988159515],[41.50847410852279,-1.7538650363629846]]},{"type":"LineString","coordinates":[[-16.543345197446257,14.108006830222736],[-16.535251913000486,14.115181261906983]]},{"type":"LineString","coordinates":[[-15.377423979983051,11.277165538910511],[-15.389699929341745,11.278053260152745]]},{"type":"LineString","coordinates":[[44.417440013380634,-16.377573401284508],[44.422889064772455,-16.385830053383195]]},{"type":"LineString","coordinates":[[13.102412968115868,-8.9357030770211],[13.103139814302995,-8.945239671210425]]},{"type":"LineString","coordinates":[[13.129087267544513,-8.913677438709104],[13.119312987797938,-8.899716930478686]]},{"type":"LineString","coordinates":[[12.467847188286887,-6.008635367823867],[12.459308013915209,-6.00522074412089],[12.47194510691203,-6.0002184777229886]]},{"type":"LineString","coordinates":[[-16.367054605334374,14.179917949621814],[-16.358225621652128,14.182801506350891],[-16.363438255863556,14.171180568239475]]},{"type":"LineString","coordinates":[[-16.358225621652128,14.182801506350891],[-16.3529950648239,14.168919412108796]]},{"type":"LineString","coordinates":[[-14.767628583280942,10.856742765135479],[-14.7594104684412,10.862151119618167],[-14.760181830170389,10.871299168885672]]},{"type":"LineString","coordinates":[[-14.565858752798613,10.818894557017929],[-14.565350380020234,10.808842646231529]]},{"type":"LineString","coordinates":[[44.449879961289206,-16.276411249921818],[44.440279547509824,-16.27612876365125],[44.44265176991231,-16.286696763179027],[44.42935472437521,-16.293223868579794],[44.423401814793635,-16.301073266614527],[44.43299781352947,-16.30406059327239]]},{"type":"LineString","coordinates":[[-17.473745542766853,14.656126523274345],[-17.46756962709589,14.64937932823591]]},{"type":"LineString","coordinates":[[-15.358628934078705,11.278993429570937],[-15.354196590235812,11.28737628086617],[-15.360220774691642,11.2998167570463]]},{"type":"LineString","coordinates":[[-15.347922636489592,11.280165352443019],[-15.339298671794054,11.276072286349251]]},{"type":"LineString","coordinates":[[-16.620077362160277,14.208998524528614],[-16.60875570832087,14.213450875004492],[-16.616848980450136,14.219195461380007]]},{"type":"LineString","coordinates":[[-15.232275860910926,11.185378924065368],[-15.240899724583665,11.200063412997698]]},{"type":"LineString","coordinates":[[39.39359831977988,-8.072898591446785],[39.39617565467598,-8.06245276541686],[39.40587418546364,-8.062832472494929],[39.39965376523443,-8.051494496865862]]},{"type":"LineString","coordinates":[[43.465016151869314,-21.546737831804407],[43.46933255189769,-21.5550159980803],[43.479807010778686,-21.55331143383496]]},{"type":"LineString","coordinates":[[43.480400078283665,-21.56232739894517],[43.479807010778686,-21.55331143383496],[43.492225643884254,-21.549819397194916],[43.49681400802661,-21.558611586599515]]},{"type":"LineString","coordinates":[[40.811851066882255,-14.850420593600452],[40.82087626752512,-14.859148542901329],[40.82245925540117,-14.869306931582102]]},{"type":"LineString","coordinates":[[40.82087626752512,-14.859148542901329],[40.82844782208021,-14.853911848713334]]},{"type":"LineString","coordinates":[[-16.553226507920154,14.124686193819477],[-16.551054957573303,14.115942370004504],[-16.541334142291973,14.122446176473895]]},{"type":"LineString","coordinates":[[39.40699784490394,-8.022357924018673],[39.41810993060989,-8.013067670112102]]},{"type":"LineString","coordinates":[[39.42741611006506,-8.009446928741271],[39.425614660396036,-8.019245031911066]]},{"type":"LineString","coordinates":[[39.42144090175021,-7.981870532885028],[39.42806271283551,-7.973983649836121]]},{"type":"LineString","coordinates":[[-15.960232997659375,11.039215494180736],[-15.953994708059012,11.046069073873307]]},{"type":"LineString","coordinates":[[39.91980345306035,-16.271552941955324],[39.93135693218228,-16.27541823190059]]},{"type":"LineString","coordinates":[[-16.50239276525149,16.17056741314589],[-16.49886566151874,16.179736438327737],[-16.5013315177391,16.188862199690377],[-16.49606086600102,16.197011233118488],[-16.503043844948294,16.20404663277924]]},{"type":"LineString","coordinates":[[-16.5013315177391,16.188862199690377],[-16.510789267375724,16.18802282597278],[-16.51032550308573,16.19704121560108]]},{"type":"LineString","coordinates":[[49.56291265670009,-12.450756414661045],[49.5627164701169,-12.462865272002663],[49.565806640447626,-12.472417842664022]]},{"type":"LineString","coordinates":[[-15.269219477458439,11.195269284811484],[-15.278356157629583,11.194228217404639],[-15.291149323442715,11.196669035351755],[-15.30461139223507,11.192272918660406],[-15.295577255291608,11.184420957864823],[-15.30577514872193,11.180798921413654],[-15.313872896305421,11.185689548452526]]},{"type":"LineString","coordinates":[[40.621260114679465,-11.028173122059574],[40.63092749385096,-11.03145563190932]]},{"type":"LineString","coordinates":[[-16.336219899957182,14.144538117819206],[-16.327341859949122,14.139180729734358]]},{"type":"LineString","coordinates":[[-15.667707027407545,10.981723310408604],[-15.67275031153432,11.006157196392959]]},{"type":"LineString","coordinates":[[-14.717316500064483,10.699471981485951],[-14.706244554068379,10.698429173108654]]},{"type":"LineString","coordinates":[[41.301009945913734,-1.9782749399856152],[41.30689151583439,-1.9713094814859544]]},{"type":"LineString","coordinates":[[39.353105221161684,-8.20556684009037],[39.35673488295585,-8.214459837864943],[39.36254957871488,-8.206462790303302]]},{"type":"LineString","coordinates":[[-14.281640036847804,10.215501634159954],[-14.280494098187106,10.204675235832616],[-14.275700581093835,10.196674802904068]]},{"type":"LineString","coordinates":[[-14.272597005401453,10.188160611147072],[-14.264280759671841,10.184276552872172]]},{"type":"LineString","coordinates":[[42.18365337035135,-0.8485760523024208],[42.223852179445934,-0.8016042645370667]]},{"type":"LineString","coordinates":[[-15.132762086793253,11.313021956420018],[-15.121534065251256,11.315348080712196],[-15.114225587333117,11.323213959045733]]},{"type":"LineString","coordinates":[[-16.08931950439689,11.408976941431106],[-16.07599128201428,11.40722420461888],[-16.07765005002918,11.396519364299245]]},{"type":"LineString","coordinates":[[-16.066988326278178,11.410091584908153],[-16.063822393311074,11.401082848812326]]},{"type":"LineString","coordinates":[[-16.558283144568517,14.22782733458172],[-16.555442677319522,14.236731143151628]]},{"type":"LineString","coordinates":[[-16.54400961943179,14.225601319945593],[-16.558283144568517,14.22782733458172],[-16.552156374641044,14.219623395869007]]},{"type":"LineString","coordinates":[[-14.006040905641958,10.065681149384638],[-14.006660678089416,10.075348851946107]]},{"type":"LineString","coordinates":[[-15.020963522084195,10.973594278182546],[-15.032441180040573,10.963928451394919]]},{"type":"LineString","coordinates":[[-15.00074593578824,10.976172637508132],[-14.996442874837475,10.985711148519139]]},{"type":"LineString","coordinates":[[39.40224002226941,-8.919972524250392],[39.41183151612935,-8.920219203155574],[39.412362146442106,-8.931562317039308]]},{"type":"LineString","coordinates":[[39.45355979897986,-8.914761162832967],[39.46366861407996,-8.913457197127283]]},{"type":"LineString","coordinates":[[-15.259061653330047,11.222987605352886],[-15.240132756031407,11.217848295358527]]},{"type":"LineString","coordinates":[[-15.229038533428195,11.220949341187659],[-15.226046427142759,11.233322806433213]]},{"type":"LineString","coordinates":[[-15.377116319549001,11.241099054223668],[-15.369040944384134,11.255347722234731]]},{"type":"LineString","coordinates":[[42.26482237840575,-0.748706372366317],[42.30552946693219,-0.7036596574445441]]},{"type":"LineString","coordinates":[[-16.740490959628758,13.883168506507578],[-16.732326342669968,13.887878208760453]]},{"type":"LineString","coordinates":[[35.457737036052606,-21.8431159250748],[35.46142922712716,-21.81202065113899]]},{"type":"LineString","coordinates":[[-16.525004913279027,14.108638222494577],[-16.530498525294128,14.100745697629566]]},{"type":"LineString","coordinates":[[12.583324554280866,-6.124796244267931],[12.57963237777247,-6.1162791356733965],[12.590945192107032,-6.118646720893266]]},{"type":"LineString","coordinates":[[-15.251061987132992,11.013716363454344],[-15.248448971575904,11.004305714184241]]},{"type":"LineString","coordinates":[[-15.840849503308442,12.290013992870968],[-15.82854239822644,12.29275881716678]]},{"type":"LineString","coordinates":[[41.411341527197216,-1.8660535203590716],[41.40160282382085,-1.8593683887611832]]},{"type":"LineString","coordinates":[[-15.844581707127752,11.372026585314039],[-15.836252127466796,11.382487515559205]]},{"type":"LineString","coordinates":[[39.20921446662125,-4.693093009744859],[39.20586563008798,-4.670258572837926]]},{"type":"LineString","coordinates":[[39.20215126121217,-4.699928086480498],[39.19700989340482,-4.692324179120133]]},{"type":"LineString","coordinates":[[-15.184585733881638,11.1127242086799],[-15.162272357725245,11.113769958911314]]},{"type":"LineString","coordinates":[[40.86738472901612,-2.2617863292909948],[40.86907467625005,-2.25230468640782],[40.869962063733354,-2.2429611396574263]]},{"type":"LineString","coordinates":[[-15.917617381044185,11.584295393346531],[-15.911102570894839,11.591529128624053]]},{"type":"LineString","coordinates":[[42.12476643267516,-0.9096941916582919],[42.13270368225753,-0.9013299862395644],[42.13693089974932,-0.8906472842423309],[42.17341525373315,-0.8575824138371166]]},{"type":"LineString","coordinates":[[-14.794093301667921,10.857535398113862],[-14.796434359192299,10.866302587432838],[-14.78249075126032,10.858043390862159]]},{"type":"LineString","coordinates":[[-14.788100311695809,10.850699282335551],[-14.796447715394816,10.846455603760784],[-14.786802697821866,10.841033817428944],[-14.788100311695809,10.850699282335551]]},{"type":"LineString","coordinates":[[-15.483541730947241,11.337091297635308],[-15.473236725361247,11.343422024595856]]},{"type":"LineString","coordinates":[[-15.494025019003896,11.358465686025859],[-15.489860223697123,11.366977363143278]]},{"type":"LineString","coordinates":[[-15.196009950143102,11.005246789103897],[-15.193276489332574,11.014013951829352],[-15.205927033132083,11.00949685888159]]},{"type":"LineString","coordinates":[[-15.08708299376987,10.943680820420965],[-15.078080110627209,10.941750134779078]]},{"type":"LineString","coordinates":[[-14.024858315181495,10.008907484065412],[-14.027618459570036,9.998991911200143]]},{"type":"LineString","coordinates":[[48.593780558869646,-12.935854279592068],[48.58910296576964,-12.94472857799292]]},{"type":"LineString","coordinates":[[48.60837967165986,-12.87740765967994],[48.60900395729386,-12.868274593454135],[48.61821197219577,-12.870504664389982]]},{"type":"LineString","coordinates":[[48.60900395729386,-12.868274593454135],[48.614283491241764,-12.849633447599746]]},{"type":"LineString","coordinates":[[-14.305638951140653,10.188748722616173],[-14.281742616282125,10.169880789990444]]},{"type":"LineString","coordinates":[[-14.294442175235469,10.19336566974801],[-14.275740688349678,10.178632394753912]]},{"type":"LineString","coordinates":[[40.597863227643806,-12.601321037048537],[40.604890770086975,-12.595394002628217]]},{"type":"LineString","coordinates":[[-16.040264925187703,11.318640475038952],[-16.04920547035129,11.320839744162445]]},{"type":"LineString","coordinates":[[-16.589483471165693,14.044729099001874],[-16.58349492236815,14.054288909105063]]},{"type":"LineString","coordinates":[[-16.690170026529696,14.063614730284804],[-16.69942265407533,14.065998048140044]]},{"type":"LineString","coordinates":[[-14.805807399614151,10.887186060167267],[-14.811408002255458,10.897239710848078],[-14.810230856375888,10.907809656566224],[-14.801103044841513,10.903807610920945]]},{"type":"LineString","coordinates":[[-16.736767576232122,13.921358689005384],[-16.735510174554467,13.91152494055953]]},{"type":"LineString","coordinates":[[-15.917684243061741,11.157258915773157],[-15.910616539180388,11.150320438974534],[-15.91462528521047,11.138582217135863],[-15.905760592861384,11.141185402121117],[-15.910616539180388,11.150320438974534]]},{"type":"LineString","coordinates":[[-15.933683498775585,11.180917030689589],[-15.942985148796206,11.19274534692363]]},{"type":"LineString","coordinates":[[12.547727562045708,-6.001247252925529],[12.55748854453759,-6.005025596322129]]},{"type":"LineString","coordinates":[[12.566223914283357,-6.007513446169848],[12.561292167528698,-6.016892565395347]]},{"type":"LineString","coordinates":[[12.568881490801086,-5.988204784158088],[12.577612471076128,-5.992621800012473]]},{"type":"LineString","coordinates":[[-16.13461502914998,11.40377983209515],[-16.122334726677106,11.40189583893337]]},{"type":"LineString","coordinates":[[32.9549863488888,-26.06972670785589],[32.955356426452525,-26.079131065316975],[32.96080100736814,-26.08767768713482]]},{"type":"LineString","coordinates":[[-16.068410752586153,11.31708392340111],[-16.064072106907176,11.325596846380737]]},{"type":"LineString","coordinates":[[35.48509364410893,-21.518830843199847],[35.44646890381877,-21.50409534172257]]},{"type":"LineString","coordinates":[[-16.135176909614113,11.045438872540705],[-16.12538469928494,11.043802124266957]]},{"type":"LineString","coordinates":[[-16.130704432307365,11.036440678576367],[-16.135176909614113,11.045438872540705],[-16.13142233678737,11.05370164793034],[-16.14358233779391,11.060616204770714],[-16.137107701777193,11.073267768389721],[-16.146502974821722,11.073744701247474]]},{"type":"LineString","coordinates":[[-16.108903855939793,11.03162200931329],[-16.11103975295319,11.043854616074814],[-16.118317068318966,11.037259076272479],[-16.108903855939793,11.03162200931329]]},{"type":"LineString","coordinates":[[-16.11885656150165,11.064918063753224],[-16.12861309399093,11.069176104931136],[-16.137107701777193,11.073267768389721],[-16.140924656788968,11.082142273441653]]},{"type":"LineString","coordinates":[[12.607162920885713,-6.117431905888813],[12.606337926921563,-6.129664299637219]]},{"type":"LineString","coordinates":[[12.64308988441048,-6.112182332840442],[12.654576524078639,-6.104117302767949]]},{"type":"LineString","coordinates":[[-15.304762968630842,11.210443178858826],[-15.29731623514995,11.204393833103099],[-15.296544811833364,11.214961539076933],[-15.304762968630842,11.210443178858826]]},{"type":"LineString","coordinates":[[-15.316780272858802,11.220612627993468],[-15.307255647166649,11.221137416604892]]},{"type":"LineString","coordinates":[[-15.90627340900648,11.053298953199699],[-15.896606047168477,11.048948859959214]]},{"type":"LineString","coordinates":[[-15.882965706391632,11.067928898827427],[-15.882082772883868,11.07734181742335]]},{"type":"LineString","coordinates":[[-15.71735913132753,11.468368099955699],[-15.707424292253576,11.465684861402824]]},{"type":"LineString","coordinates":[[-16.530351354657085,14.197352879965765],[-16.5195558531629,14.20218587541905]]},{"type":"LineString","coordinates":[[-16.50651744253179,14.207161346775179],[-16.508827243042138,14.196842784081001]]},{"type":"LineString","coordinates":[[-15.87245115536938,11.217441544367597],[-15.86267228139843,11.220306415586451]]},{"type":"LineString","coordinates":[[-15.831110809173499,11.275289450653439],[-15.845197118513138,11.270094275752088]]},{"type":"LineString","coordinates":[[-16.798138183613705,14.124634291925252],[-16.79206941162108,14.113948774473439]]},{"type":"LineString","coordinates":[[-16.77849587480306,14.07135288404848],[-16.7676201061843,14.063960811988244]]},{"type":"LineString","coordinates":[[-16.769871934892315,14.013974869448344],[-16.768748267727076,14.0047075871936]]},{"type":"LineString","coordinates":[[-16.75888031012328,13.965561847801489],[-16.761760868006302,13.935385646074373]]},{"type":"LineString","coordinates":[[-16.73604965146345,14.024007532666355],[-16.743264550120024,14.018149782220451]]},{"type":"LineString","coordinates":[[-16.758603839004117,14.075747310364392],[-16.746987862543136,14.07531909096757]]},{"type":"LineString","coordinates":[[-16.77646698960516,14.099443935308427],[-16.782571521735633,14.11395307259873]]},{"type":"LineString","coordinates":[[39.59257673052253,-7.9427349186308485],[39.60190516203387,-7.955480226310777],[39.610703015040464,-7.960236421342598]]},{"type":"LineString","coordinates":[[39.830327112724724,-7.745132387705388],[39.83703362456178,-7.738933296271396]]},{"type":"LineString","coordinates":[[39.78591447808385,-7.78352229128686],[39.77488267385151,-7.780977513221593]]},{"type":"LineString","coordinates":[[-15.492107628886709,11.552684778859033],[-15.496990340002771,11.544724806857412]]},{"type":"LineString","coordinates":[[39.2965147481521,-6.256179963654842],[39.30514752366784,-6.272269854944319]]},{"type":"LineString","coordinates":[[39.410640980953715,-6.398205851230559],[39.41870303498091,-6.411867445858353]]},{"type":"LineString","coordinates":[[39.40882608064831,-6.302560025362872],[39.40471034011671,-6.312363894934514]]},{"type":"LineString","coordinates":[[48.35433575003013,-13.404820762179167],[48.360302009607466,-13.413179230164673]]},{"type":"LineString","coordinates":[[48.318966178564885,-13.271562679351106],[48.32452667355532,-13.263698504971074]]},{"type":"LineString","coordinates":[[-15.769218448512135,11.172880985083484],[-15.773762302929661,11.16436358849742]]},{"type":"LineString","coordinates":[[-14.685121838735602,10.833987116845973],[-14.677305022481228,10.828954851888511]]},{"type":"LineString","coordinates":[[-14.66151538729925,10.842728676560714],[-14.651094453644891,10.836785679409674]]},{"type":"LineString","coordinates":[[-14.64911009011853,10.859983384867148],[-14.644816046728812,10.851216085900335]]},{"type":"LineString","coordinates":[[-14.709004768247631,10.804883102526988],[-14.708344811194328,10.814935135802399]]},{"type":"LineString","coordinates":[[-14.73260231336523,10.804134125834139],[-14.743420153582006,10.804142902854759]]},{"type":"LineString","coordinates":[[11.800279611489032,-4.698817062178575],[11.807610428450568,-4.704732154789403]]},{"type":"LineString","coordinates":[[12.654505197847701,-6.001331509774557],[12.642153451225713,-6.001535534660134]]},{"type":"LineString","coordinates":[[-16.094019436666056,11.09751898032685],[-16.087598290559736,11.090198285547258]]},{"type":"LineString","coordinates":[[-16.086483506144553,11.175890753759788],[-16.07382410482443,11.175549466810116],[-16.067536826547933,11.168873870710414],[-16.061039866524844,11.176883740204822]]},{"type":"LineString","coordinates":[[-16.171482882960387,11.15508462135295],[-16.171701412765827,11.144777301990866]]},{"type":"LineString","coordinates":[[39.7544688383696,-5.44151399691911],[39.74393201252778,-5.446809676563606]]},{"type":"LineString","coordinates":[[39.77160075590445,-4.931813502912243],[39.78189682121603,-4.941724837989946]]},{"type":"LineString","coordinates":[[39.672916387351314,-4.951902573565958],[39.67009822066731,-4.961182775688931]]},{"type":"LineString","coordinates":[[39.688723891016544,-4.968281722561489],[39.6833060441412,-4.977543965938751],[39.677558282570274,-4.9665891638384325]]},{"type":"LineString","coordinates":[[39.69212618180022,-5.128222106521282],[39.69856514784495,-5.140462092128694]]},{"type":"LineString","coordinates":[[39.69041837031833,-5.214460968690231],[39.66237954351896,-5.2043095692783075]]},{"type":"LineString","coordinates":[[47.86859692827893,-14.601922935615104],[47.859950741280684,-14.607817232224058]]},{"type":"LineString","coordinates":[[47.95166112210142,-14.507838564512426],[47.95415817755487,-14.49686899385631]]},{"type":"LineString","coordinates":[[47.94520875700252,-14.499299506826764],[47.95415817755487,-14.49686899385631],[47.96266612403344,-14.501009100286746]]},{"type":"LineString","coordinates":[[48.01050787854326,-14.595514976945037],[48.00643225509201,-14.603955324446657],[47.99358110048574,-14.599320950597019]]},{"type":"LineString","coordinates":[[48.031924893002255,-14.712766467454353],[48.04030801957952,-14.708626075046372]]},{"type":"LineString","coordinates":[[47.97145504088526,-14.809884057494891],[47.98405196832312,-14.812035245283717]]},{"type":"LineString","coordinates":[[49.74009507410017,-12.78390477616273],[49.748718964474776,-12.77105005391416]]},{"type":"LineString","coordinates":[[49.5578916836136,-12.575692658553754],[49.559938448335295,-12.584979946745548]]},{"type":"LineString","coordinates":[[49.549718161125135,-12.559933178051024],[49.55887720582656,-12.564102688898002]]},{"type":"LineString","coordinates":[[49.46357727832099,-12.446088634293544],[49.46939196860375,-12.437371175470794],[49.47855987079593,-12.439217465853138]]},{"type":"LineString","coordinates":[[49.514781123849396,-12.417836409176246],[49.52295466751366,-12.423362534790986]]},{"type":"LineString","coordinates":[[49.4269413296497,-12.347719286161498],[49.42673171786482,-12.338697949522427]]},{"type":"LineString","coordinates":[[49.39764945211071,-12.294732533334493],[49.40787416679606,-12.2940179556522]]},{"type":"LineString","coordinates":[[49.20086490882739,-12.26130480481913],[49.20840517802187,-12.269344040337092]]},{"type":"LineString","coordinates":[[49.27236653669643,-12.181644093639253],[49.27346796656584,-12.193503874902735]]},{"type":"LineString","coordinates":[[49.29546028027657,-12.19441044828544],[49.30096721184345,-12.214027235123691]]},{"type":"LineString","coordinates":[[49.213689239756114,-12.026956959567963],[49.21308280808703,-12.014867450255524]]},{"type":"LineString","coordinates":[[49.1750199143821,-12.043376497139906],[49.16496912025178,-12.048644446878608]]},{"type":"LineString","coordinates":[[49.22119835008744,-12.098881363699316],[49.209765278799004,-12.108870039764467]]},{"type":"LineString","coordinates":[[49.147458227428736,-12.068001658012058],[49.15039676435697,-12.059005698299748]]},{"type":"LineString","coordinates":[[49.16656550274721,-12.123082910603516],[49.16264591848574,-12.131762850664826],[49.14876471401133,-12.138755412922873]]},{"type":"LineString","coordinates":[[49.19223654397598,-12.149932718839702],[49.198042274660324,-12.142678837894726]]},{"type":"LineString","coordinates":[[49.153152532122434,-12.203362606288971],[49.14624977894728,-12.197095262654042]]},{"type":"LineString","coordinates":[[49.09536253070422,-12.273980089859956],[49.086743105337455,-12.267509622565802]]},{"type":"LineString","coordinates":[[49.049451625863846,-12.299037033740886],[49.05683589690355,-12.291878776283985]]},{"type":"LineString","coordinates":[[48.97867229853564,-12.339608407558588],[48.98684587850386,-12.333100356103254]]},{"type":"LineString","coordinates":[[48.967194584403565,-12.384084618067428],[48.9666015350932,-12.393095709014059],[48.95935104919056,-12.400978503507135]]},{"type":"LineString","coordinates":[[48.76057770719018,-12.458119309837736],[48.76014073641976,-12.467576274203466]]},{"type":"LineString","coordinates":[[48.785174128626274,-12.491630744211387],[48.78240053187015,-12.500342024260467]]},{"type":"LineString","coordinates":[[48.838625372094484,-13.161501166171726],[48.832043709826635,-13.153928675259511]]},{"type":"LineString","coordinates":[[48.77950661681098,-13.405323982705307],[48.770731089402105,-13.401641321785574],[48.78432242790536,-13.396609563905029]]},{"type":"LineString","coordinates":[[48.631928206036335,-13.453505653429515],[48.64209050078565,-13.456094663818503]]},{"type":"LineString","coordinates":[[48.59843141497115,-13.454520435461673],[48.5991091639763,-13.465730578676633]]},{"type":"LineString","coordinates":[[48.491341603060114,-13.379834772948168],[48.492197756116276,-13.370520797525872]]},{"type":"LineString","coordinates":[[48.515715117871196,-13.494362910051917],[48.50622166942874,-13.49237701343512]]},{"type":"LineString","coordinates":[[48.48562507758003,-13.549592784541478],[48.47608708223017,-13.555414619175336],[48.46986210891532,-13.546857379455806]]},{"type":"LineString","coordinates":[[48.39874839373047,-13.600709861683528],[48.394909121539925,-13.590498609905554]]},{"type":"LineString","coordinates":[[48.100456830438084,-13.60848071149711],[48.08724453962166,-13.60214872709011]]},{"type":"LineString","coordinates":[[48.07883911787275,-13.597589293589659],[48.08405179084551,-13.583320945928161],[48.074727811175826,-13.589480011963504],[48.0742818770131,-13.576923330116403]]},{"type":"LineString","coordinates":[[47.958586050774194,-13.56763430892408],[47.95131325651685,-13.575185210627414],[47.94229695511166,-13.573043949240718]]},{"type":"LineString","coordinates":[[47.942640306916076,-13.600545127422286],[47.949177399272955,-13.594000605896836]]},{"type":"LineString","coordinates":[[47.88496185905414,-13.809046936818575],[47.881929638493276,-13.819508520462913],[47.87474607560998,-13.813671608976867]]},{"type":"LineString","coordinates":[[47.98540310741776,-13.919164282463882],[47.99501244919606,-13.918532332649624],[47.986072001497114,-13.909893150480539]]},{"type":"LineString","coordinates":[[47.99501244919606,-13.918532332649624],[48.00183041648948,-13.934195522194068],[47.99358555992765,-13.940687221073649],[48.00187947790811,-13.948736722136353]]},{"type":"LineString","coordinates":[[48.03136305903033,-13.953345594033504],[48.02622619603267,-13.963320326124327],[48.01201952223705,-13.961347029044715]]},{"type":"LineString","coordinates":[[48.02622619603267,-13.963320326124327],[48.02110267948721,-13.97324268243121]]},{"type":"LineString","coordinates":[[48.02915132970168,-14.226150288541637],[48.02057650077783,-14.236082813252043],[48.03742743956269,-14.238866287095574]]},{"type":"LineString","coordinates":[[48.032526896900286,-14.25038873675926],[48.0216422486598,-14.255657108341554]]},{"type":"LineString","coordinates":[[47.998209671441344,-14.31408871026868],[47.989955847950654,-14.308787238422976]]},{"type":"LineString","coordinates":[[48.004925077780314,-14.361870226806401],[47.996412618322516,-14.357610953343487],[48.00624491403759,-14.351982083580115]]},{"type":"LineString","coordinates":[[47.96700933298278,-14.27999175159223],[47.9619839247906,-14.289321268975636]]},{"type":"LineString","coordinates":[[47.94814730020899,-14.11768505608868],[47.95717251767707,-14.121948879910079]]},{"type":"LineString","coordinates":[[47.911774408758866,-14.098691416162591],[47.899806234765094,-14.090729380451013],[47.887748787652086,-14.09640790689727]]},{"type":"LineString","coordinates":[[47.911930477637185,-14.110787496868316],[47.903583092841465,-14.118095891348714],[47.91288025866033,-14.123259213728181]]},{"type":"LineString","coordinates":[[43.733859857386356,-23.520320035853924],[43.74066886971917,-23.50710487932267]]},{"type":"LineString","coordinates":[[43.756873242504525,-23.55450884729129],[43.757203245590155,-23.56351748186272]]},{"type":"LineString","coordinates":[[47.95253064489635,-14.86764768062032],[47.956378828470704,-14.858721845676808]]},{"type":"LineString","coordinates":[[47.93133652892905,-14.817087579078406],[47.9247325451215,-14.807776036139172]]},{"type":"LineString","coordinates":[[47.97829978698163,-14.739530635784432],[47.98732501951188,-14.741988652724183]]},{"type":"LineString","coordinates":[[47.904323254013136,-14.70533521114457],[47.91408424451499,-14.70354098259259]]},{"type":"LineString","coordinates":[[47.79818775394117,-14.594285113665864],[47.79498162721392,-14.570381823052216]]},{"type":"LineString","coordinates":[[47.50574203321356,-15.070823953201957],[47.500529370910876,-15.07835022402609]]},{"type":"LineString","coordinates":[[47.507351835244954,-14.817721284084332],[47.514624609279664,-14.80991856179897]]},{"type":"LineString","coordinates":[[47.478140242700285,-14.735045728473798],[47.48214448674501,-14.746421701837793],[47.46965901785443,-14.741919660016013]]},{"type":"LineString","coordinates":[[47.342819866458605,-14.916528316569812],[47.33941757575012,-14.908069901193194],[47.33111472690913,-14.923728275413415]]},{"type":"LineString","coordinates":[[47.34124582943735,-14.92993701323818],[47.33111472690913,-14.923728275413415],[47.321541044680444,-14.919837492461893]]},{"type":"LineString","coordinates":[[47.26094632533273,-14.975034382845699],[47.25254093099517,-14.98181450233162],[47.236916241683154,-14.995098517811396]]},{"type":"LineString","coordinates":[[47.15654986822144,-15.104289795135639],[47.15170279402044,-15.096351090789447],[47.14253043787674,-15.107126805031918]]},{"type":"LineString","coordinates":[[47.10048111032453,-15.287575403633477],[47.094925110030786,-15.27920917414132]]},{"type":"LineString","coordinates":[[47.161111503720804,-15.30458645071469],[47.17281218244184,-15.294431622986377]]},{"type":"LineString","coordinates":[[47.21649359696704,-15.461379412152882],[47.20967556261877,-15.46917101269025],[47.20349531939628,-15.462281920810659]]},{"type":"LineString","coordinates":[[47.240902644986775,-15.459587200272665],[47.23116397875731,-15.467537925504237],[47.24578988188918,-15.469579285783615]]},{"type":"LineString","coordinates":[[47.05847197590675,-15.349208458107967],[47.07200088669348,-15.335563986344706]]},{"type":"LineString","coordinates":[[46.96102717762669,-15.287377544378593],[46.96386317195987,-15.278594107878726]]},{"type":"LineString","coordinates":[[46.65544052292018,-15.399315207214515],[46.64225945822445,-15.411773351540388],[46.63215512028176,-15.40978732155721]]},{"type":"LineString","coordinates":[[46.660880635730976,-15.41601620348058],[46.66799737098803,-15.409262894680895]]},{"type":"LineString","coordinates":[[46.48418431916189,-15.585215649502807],[46.48863893565599,-15.57668532629326]]},{"type":"LineString","coordinates":[[46.476171335193236,-15.542895517416719],[46.478677344969476,-15.558721476096405]]},{"type":"LineString","coordinates":[[46.468965411470045,-15.51937336522776],[46.47997047100756,-15.51672238399415]]},{"type":"LineString","coordinates":[[46.04733507075307,-15.777427668630338],[46.02434844071155,-15.791489171347916]]},{"type":"LineString","coordinates":[[46.0901914916505,-15.86445832131347],[46.080987937218815,-15.86012616378367]]},{"type":"LineString","coordinates":[[46.09397732942076,-15.87500107094055],[46.10190115216717,-15.863883586925802]]},{"type":"LineString","coordinates":[[45.95206643189727,-15.809719962879415],[45.96242486848336,-15.806326221634038]]},{"type":"LineString","coordinates":[[45.854924883973204,-15.838463751410075],[45.84441031906497,-15.837863190291618]]},{"type":"LineString","coordinates":[[45.64741617015052,-15.905137885316785],[45.63946556897197,-15.917530910104606]]},{"type":"LineString","coordinates":[[45.63845783549786,-15.977564337468623],[45.6377666946388,-15.96854884763272]]},{"type":"LineString","coordinates":[[45.63891708693819,-16.07958653056429],[45.637017573390764,-16.069285998137634]]},{"type":"LineString","coordinates":[[45.626931052074184,-16.081681763894313],[45.62530351115079,-16.071381300749454]]},{"type":"LineString","coordinates":[[45.61469082213557,-16.086356204734727],[45.6072084803399,-16.080452058855254]]},{"type":"LineString","coordinates":[[45.57603040641863,-16.079248094979537],[45.56536871438693,-16.079278048746144]]},{"type":"LineString","coordinates":[[45.54016585486628,-16.021375341529108],[45.55164808266288,-16.031262690614085]]},{"type":"LineString","coordinates":[[45.56356274964673,-16.00559827670842],[45.57368941754872,-16.005829740401357]]},{"type":"LineString","coordinates":[[45.36646158553265,-16.01297908502576],[45.38254110898514,-16.036983982655737]]},{"type":"LineString","coordinates":[[45.376177996923325,-16.08188313842377],[45.36777704673847,-16.077388555352602]]},{"type":"LineString","coordinates":[[45.33595684294607,-16.092641461642557],[45.32772535460863,-16.104761538640155],[45.334663706222734,-16.11531733197698]]},{"type":"LineString","coordinates":[[45.2706355097505,-16.06825758797232],[45.28078442435919,-16.0857649489756]]},{"type":"LineString","coordinates":[[45.277761119308934,-16.02058674738433],[45.288097373491,-16.04676340783017],[45.289002534182,-16.056126708524776]]},{"type":"LineString","coordinates":[[44.874529076503336,-16.283272607356736],[44.8638584728075,-16.281975674980654]]},{"type":"LineString","coordinates":[[44.79121082498598,-16.368229638886202],[44.785084005002695,-16.36023316751683]]},{"type":"LineString","coordinates":[[44.79457741130399,-16.338342890837605],[44.79992388162857,-16.329074271674322]]},{"type":"LineString","coordinates":[[44.756929207718976,-16.254053506778764],[44.749732213767324,-16.247606405331855]]},{"type":"LineString","coordinates":[[44.60100784101801,-16.201259009532194],[44.60969860266307,-16.209947051507402],[44.59831454966307,-16.213877741595983]]},{"type":"LineString","coordinates":[[44.47425342437048,-16.239112746313065],[44.473691575804516,-16.249160425506833]]},{"type":"LineString","coordinates":[[44.34865842508747,-16.791850527932652],[44.352930188332536,-16.78177974913143],[44.362597553163724,-16.78394423440501]]},{"type":"LineString","coordinates":[[44.05955702449356,-18.102146228481544],[44.050389152024216,-18.104676581646647]]},{"type":"LineString","coordinates":[[44.0691619280546,-18.119963541261875],[44.05770201593947,-18.1222266544705]]},{"type":"LineString","coordinates":[[44.06800706047385,-18.18538118983381],[44.05997621530371,-18.17555257014463]]},{"type":"LineString","coordinates":[[44.058825772766475,-18.289395546088492],[44.05531199455435,-18.265680199509518],[44.05348818405324,-18.25434005375216],[44.0427640317706,-18.24346921545091]]},{"type":"LineString","coordinates":[[44.13341755764548,-18.524391581806466],[44.13269518513483,-18.5336592564245]]},{"type":"LineString","coordinates":[[44.22540437433651,-18.721567587712574],[44.21833222970522,-18.71201867679106],[44.21673144719434,-18.69732057952727]]},{"type":"LineString","coordinates":[[44.2431159412259,-18.90116333545788],[44.23761336392897,-18.921744993843422]]},{"type":"LineString","coordinates":[[44.25048235296462,-18.94884012154082],[44.25743854989087,-18.957793502976376]]},{"type":"LineString","coordinates":[[44.27646555464329,-19.043853408218983],[44.270044473102146,-19.056059711912404]]},{"type":"LineString","coordinates":[[44.29438220072409,-19.09788154483792],[44.29028431399829,-19.106106450999494]]},{"type":"LineString","coordinates":[[44.40981047223917,-19.322620554129195],[44.417631795165434,-19.334747311937047]]},{"type":"LineString","coordinates":[[44.429497408082966,-19.35564939558879],[44.428177513303744,-19.345085094417456],[44.41787256593519,-19.343764005411092],[44.40969900142527,-19.352750715756194],[44.440404411875285,-19.380923494864838]]},{"type":"LineString","coordinates":[[44.41749800908141,-19.296116913485758],[44.42616205459078,-19.301036698928737]]},{"type":"LineString","coordinates":[[44.45061574315024,-19.410571839639402],[44.44685672763424,-19.398198361939766]]},{"type":"LineString","coordinates":[[44.419134467100655,-19.67536164218368],[44.41208911725104,-19.667740694439726],[44.40947159150243,-19.67700755415495]]},{"type":"LineString","coordinates":[[44.47966231296413,-19.958073480901408],[44.48971314181055,-19.965441605742328],[44.50057550415041,-19.976803290947405],[44.503326767198615,-19.968056899664994],[44.48971314181055,-19.965441605742328],[44.49355685005729,-19.956698797030306],[44.47966231296413,-19.958073480901408],[44.48532093441941,-19.94809370668923]]},{"type":"LineString","coordinates":[[44.48705553700932,-20.029045581377275],[44.48844672667462,-20.02003809316543]]},{"type":"LineString","coordinates":[[44.313306629517,-20.234648295290334],[44.32113235913357,-20.212877917776733]]},{"type":"LineString","coordinates":[[44.11196040348432,-20.53537909134785],[44.10550810660596,-20.528630900657685],[44.11497919247068,-20.485696326617347]]},{"type":"LineString","coordinates":[[44.05487054917249,-20.705542005885167],[44.04172064705874,-20.708044613140178]]},{"type":"LineString","coordinates":[[44.000416007519696,-20.746692508765083],[43.99789209987503,-20.756074647895023]]},{"type":"LineString","coordinates":[[43.978245340897935,-20.78750249075038],[43.96815882602929,-20.780619660908698]]},{"type":"LineString","coordinates":[[43.93325748079173,-20.79907473821996],[43.962749949907554,-20.77093052756864],[43.96418132091629,-20.761924574160613]]},{"type":"LineString","coordinates":[[43.92676054385546,-20.82761379358746],[43.91401640346213,-20.847617560677733],[43.90628437998618,-20.85606413653582]]},{"type":"LineString","coordinates":[[43.86698631323903,-21.020725777663404],[43.866928302944736,-21.044798889280727],[43.85770247307088,-21.049888545298128]]},{"type":"LineString","coordinates":[[43.88243258660625,-21.043612824400128],[43.866928302944736,-21.044798889280727]]},{"type":"LineString","coordinates":[[43.733373823259655,-21.284970389444513],[43.724825673532784,-21.289154373225823]]},{"type":"LineString","coordinates":[[43.729338333160946,-21.339394006120067],[43.740169458908305,-21.3420521918813]]},{"type":"LineString","coordinates":[[43.59039268852823,-21.32850343371459],[43.587092975682914,-21.319036894945015]]},{"type":"LineString","coordinates":[[43.51039647835521,-21.38676828287998],[43.51283110421796,-21.37700649798195]]},{"type":"LineString","coordinates":[[43.26472671244803,-22.00269953876991],[43.26155183565479,-21.980016846721334]]},{"type":"LineString","coordinates":[[43.65690017377905,10.990478099126832],[43.65112123420094,10.999727198251797]]},{"type":"LineString","coordinates":[[43.48243345119152,11.365202516385862],[43.47263234466602,11.362260320920603],[43.46296501755335,11.359409970241984]]},{"type":"LineString","coordinates":[[43.349199928133515,11.421298491299687],[43.34574861258575,11.431071429169146]]},{"type":"LineString","coordinates":[[43.31516362451745,11.45846533799263],[43.30354316931383,11.479266883278303]]},{"type":"LineString","coordinates":[[43.15040876898948,11.615688395964497],[43.14485269924356,11.623240171558477]]},{"type":"LineString","coordinates":[[43.09706896670115,11.5839939628202],[43.10763702925866,11.592241160695457],[43.10067195662615,11.599155884603578]]},{"type":"LineString","coordinates":[[42.85216178764137,11.590913273421153],[42.85118077571571,11.599924607625649]]},{"type":"LineString","coordinates":[[43.03025824909864,11.806376838385969],[43.05196071828319,11.809798797350021]]},{"type":"LineString","coordinates":[[-16.511645422614947,16.160712660346956],[-16.511574046247784,16.15143997609205]]},{"type":"LineString","coordinates":[[-16.51049054876031,15.97605528968141],[-16.511070187313216,15.965890917813708]]},{"type":"LineString","coordinates":[[-16.410209827908,16.436504768673085],[-16.41838779121015,16.442115989644584]]},{"type":"LineString","coordinates":[[-16.432121815345447,16.257341172572666],[-16.44038008059674,16.237580065804863]]},{"type":"LineString","coordinates":[[-16.479116301547222,15.942001741999164],[-16.47570058863699,15.930176199406842],[-16.48481050815488,15.92006951930085],[-16.481814001689248,15.910815601602529]]},{"type":"LineString","coordinates":[[-16.47271302012117,15.917372241165195],[-16.469819055896746,15.908581418609423]]},{"type":"LineString","coordinates":[[-16.522146640698583,15.816134088928889],[-16.5321617313964,15.817382547404362],[-16.523667200236385,15.851294186846133],[-16.513067920879006,15.846459849039931]]},{"type":"LineString","coordinates":[[-16.516902708835083,15.89590471800235],[-16.51640324215326,15.9060469892078]]},{"type":"LineString","coordinates":[[-17.439686895628064,14.656933307690398],[-17.43253004107519,14.646993559368902]]},{"type":"LineString","coordinates":[[-17.426849119572477,14.667851719054559],[-17.42006686851928,14.676517898873024]]},{"type":"LineString","coordinates":[[-17.43279312074074,14.678726472154286],[-17.42006686851928,14.676517898873024],[-17.42216708036903,14.687737345073415]]},{"type":"LineString","coordinates":[[-16.83489455631977,14.152965280531586],[-16.82504889800222,14.143976026885285],[-16.817628904994443,14.137157100639682],[-16.794178548266792,14.13665982090702],[-16.78913085711162,14.14957976671335]]},{"type":"LineString","coordinates":[[-16.81716520854269,14.173065530707547],[-16.819983320205996,14.162226579790461]]},{"type":"LineString","coordinates":[[-16.616135496158734,14.173990696180494],[-16.61817783210804,14.164444537748158]]},{"type":"LineString","coordinates":[[-16.448442132255956,14.209841485447676],[-16.45615193099788,14.218037065078867],[-16.461324428898987,14.207610940056034],[-16.461172902748746,14.198040250670601]]},{"type":"LineString","coordinates":[[-16.465569542360527,14.183458642651619],[-16.456588884124464,14.189498062456499],[-16.452736232824094,14.17967152020218],[-16.456513122749783,14.171405369090525]]},{"type":"LineString","coordinates":[[-16.393648677793422,14.210550370785407],[-16.382014932181413,14.208427898220844]]},{"type":"LineString","coordinates":[[-16.36766546628729,14.215210103409419],[-16.364182954364573,14.229141328974439]]},{"type":"LineString","coordinates":[[-16.288289047404994,14.16631232703666],[-16.2797989461545,14.159018463071861]]},{"type":"LineString","coordinates":[[-16.239613541448364,14.149307416453626],[-16.23809741071682,14.161941212804058]]},{"type":"LineString","coordinates":[[-16.30710199303174,14.131816818456336],[-16.30147015729682,14.139319168997858]]},{"type":"LineString","coordinates":[[-16.355938061911335,14.130644995015968],[-16.36362555312139,14.136011224410456]]},{"type":"LineString","coordinates":[[-16.358252390545893,14.075885675993742],[-16.344558491918686,14.080859666233671]]},{"type":"LineString","coordinates":[[-16.485033508617768,13.976462067282759],[-16.479736120572756,13.967574050383945]]},{"type":"LineString","coordinates":[[-16.41596649104431,13.995504842442417],[-16.406325958667193,13.995487469989678],[-16.404689447037256,13.986483417989165]]},{"type":"LineString","coordinates":[[-16.487526168327378,13.865545127739793],[-16.498009468181614,13.868263816083646]]},{"type":"LineString","coordinates":[[-16.486643235615553,13.852730417228923],[-16.488199493522554,13.84362986042917]]},{"type":"LineString","coordinates":[[-16.506080475521802,13.566242870639975],[-16.514343179284456,13.574222897495439]]},{"type":"LineString","coordinates":[[-16.506883125554303,12.277884138244165],[-16.51541779676658,12.281827276096069]]},{"type":"LineString","coordinates":[[-16.471834553641607,12.288506560780489],[-16.462898563807617,12.283530848347873]]},{"type":"LineString","coordinates":[[-16.37584794404163,12.322118126490324],[-16.37238766236881,12.311701784223663]]},{"type":"LineString","coordinates":[[-16.225424683835364,12.350019211140971],[-16.23484227514047,12.35495879962614],[-16.238070657683974,12.363618088513721]]},{"type":"LineString","coordinates":[[-16.10137246402657,12.36227213829788],[-16.10736100403376,12.35322950794424],[-16.09270842127271,12.358574151293293]]},{"type":"LineString","coordinates":[[-16.049927828070302,12.377551510912228],[-16.053945420356303,12.36684125466325],[-16.044518910630632,12.36919763682242]]},{"type":"LineString","coordinates":[[-15.5909570324736,12.22700993282008],[-15.597748202039455,12.217335128123464]]},{"type":"LineString","coordinates":[[-15.648434828300266,12.158716373478123],[-15.650289829441157,12.16773076287733]]},{"type":"LineString","coordinates":[[-15.75776308272247,12.193229276555453],[-15.756425295409853,12.183954180847076]]},{"type":"LineString","coordinates":[[-15.79035011118632,12.218450733619257],[-15.800004077302802,12.21527368434315]]},{"type":"LineString","coordinates":[[-15.980673461890754,12.258624990745002],[-15.987380023869243,12.264916978509588]]},{"type":"LineString","coordinates":[[-16.134494613584135,12.262028068587991],[-16.14302491992199,12.265601082833463],[-16.13770521212781,12.277988693456797],[-16.147140624886166,12.27808018204205]]},{"type":"LineString","coordinates":[[-16.247693361353807,12.18088131595597],[-16.255131198558978,12.175306503080682],[-16.25909973184008,12.183666544397994]]},{"type":"LineString","coordinates":[[-16.0316366147505,12.123021888509095],[-16.032684450161028,12.112105053201372]]},{"type":"LineString","coordinates":[[-16.083179289279094,12.142922960946144],[-16.09418880894349,12.145974507948374]]},{"type":"LineString","coordinates":[[-16.14455441301521,12.041274498698094],[-16.149223097057614,12.03107830180846]]},{"type":"LineString","coordinates":[[-16.125946553325296,12.036843713392608],[-16.133433398521916,12.042739814507375]]},{"type":"LineString","coordinates":[[-16.12414058682146,12.01133902785403],[-16.12174605593488,12.002070726558644],[-16.132630783853124,12.007439777526821]]},{"type":"LineString","coordinates":[[-16.231738728287667,11.984859146968187],[-16.239096253016005,11.991397636739116],[-16.22891612334753,11.998014376656663]]},{"type":"LineString","coordinates":[[-16.239096253016005,11.991397636739116],[-16.239060612053773,12.01239883844335],[-16.232148988728532,12.018482981504162],[-16.22747583993282,12.027140153176038]]},{"type":"LineString","coordinates":[[-16.214754056589857,11.932624713093675],[-16.223908570823117,11.93180888679311]]},{"type":"LineString","coordinates":[[-15.443864613664687,12.067883923726736],[-15.440542632207556,12.058739671745268]]},{"type":"LineString","coordinates":[[-15.3887100392716,12.06796677777852],[-15.386600878417383,12.057400987019877]]},{"type":"LineString","coordinates":[[-15.378213283875853,12.053293124735863],[-15.386600878417383,12.057400987019877],[-15.371680659236715,12.061674469005066],[-15.378213283875853,12.053293124735863],[-15.367734415848057,12.049438159887965]]},{"type":"LineString","coordinates":[[-15.457496112443778,12.019538447809945],[-15.465883711035511,12.02352031168458]]},{"type":"LineString","coordinates":[[-15.237617855944752,11.927930328121219],[-15.221123594038843,11.921499508933012]]},{"type":"LineString","coordinates":[[-15.402925610913552,11.85428901335135],[-15.406439379811458,11.840494037495528],[-15.396763103813212,11.844373857661544]]},{"type":"LineString","coordinates":[[-15.428645719641713,11.651156858867546],[-15.430723662777307,11.642260704379282],[-15.420405254307092,11.646785232196308]]},{"type":"LineString","coordinates":[[-15.438313055351946,11.560159661180316],[-15.43240922219121,11.547796120442703],[-15.423388448147204,11.545231618887225]]},{"type":"LineString","coordinates":[[-15.41912997610524,11.581062836746238],[-15.418973918737931,11.562763375644108]]},{"type":"LineString","coordinates":[[-15.394159018223101,11.574912200120309],[-15.397151052398424,11.566149023482852]]},{"type":"LineString","coordinates":[[-15.360604262532066,11.60382526351378],[-15.351431883742922,11.58772883745642]]},{"type":"LineString","coordinates":[[-15.331727142436826,11.613395331501838],[-15.320222686067398,11.610831377262505]]},{"type":"LineString","coordinates":[[-15.326273630802154,11.643042483745045],[-15.325083113163828,11.634023751743701]]},{"type":"LineString","coordinates":[[-15.19520730434721,11.729633470783016],[-15.184353846193961,11.728223252087423],[-15.192580880130865,11.714557313664562]]},{"type":"LineString","coordinates":[[-15.194146071870914,11.703087051639983],[-15.195965318936263,11.692258147825605]]},{"type":"LineString","coordinates":[[-15.221293039721644,11.641465847991316],[-15.20874068677418,11.640186154320473]]},{"type":"LineString","coordinates":[[-15.100759086674282,11.645916160676576],[-15.091345906315494,11.64668918481293]]},{"type":"LineString","coordinates":[[-15.082070993400949,11.667184120532081],[-15.088081897644443,11.65893481419241]]},{"type":"LineString","coordinates":[[-15.051722363914346,11.572601292871846],[-15.042438469086502,11.57195914913638]]},{"type":"LineString","coordinates":[[-15.065050590429106,11.571308210303433],[-15.058518071186352,11.583683841841038]]},{"type":"LineString","coordinates":[[-15.105561561209713,11.555830267861424],[-15.108571476233259,11.56729797327358]]},{"type":"LineString","coordinates":[[-15.111077461302385,11.621038867195805],[-15.121538526363693,11.629795993494328]]},{"type":"LineString","coordinates":[[-15.166905361029837,11.635189872619986],[-15.177366484796053,11.638788636463167]]},{"type":"LineString","coordinates":[[-15.267551780919408,11.620423042367548],[-15.278271405970864,11.621183035202058]]},{"type":"LineString","coordinates":[[-15.228289385844112,11.565423827101352],[-15.21953172362374,11.562212951992732]]},{"type":"LineString","coordinates":[[-15.26777476460877,11.580730872347631],[-15.260448427053168,11.572872156562637]]},{"type":"LineString","coordinates":[[-15.280215614376182,11.601335530986212],[-15.285058192773255,11.609320097662646]]},{"type":"LineString","coordinates":[[-15.319000856769533,11.570495677605384],[-15.325279284026752,11.57713137848053]]},{"type":"LineString","coordinates":[[-15.279881158923425,11.527108887483003],[-15.278712936680819,11.538319904299318]]},{"type":"LineString","coordinates":[[-15.289419159577836,11.528384678535884],[-15.292304234645734,11.537533498979322]]},{"type":"LineString","coordinates":[[-15.301597041962808,11.552601796452539],[-15.298471188452487,11.561369800692841]]},{"type":"LineString","coordinates":[[-15.337519506800373,11.537869960187827],[-15.327201163000868,11.542522913083046]]},{"type":"LineString","coordinates":[[-15.344814603312225,11.518401011526723],[-15.334090501216712,11.50978023566974]]},{"type":"LineString","coordinates":[[-15.3607202382878,11.489771965214048],[-15.371172317513112,11.489501025221507]]},{"type":"LineString","coordinates":[[-15.368545924192862,11.477392181287946],[-15.37678194162579,11.481893170987039]]},{"type":"LineString","coordinates":[[-15.3920543481795,11.473625229893942],[-15.388018808591301,11.482649159924897]]},{"type":"LineString","coordinates":[[-15.407210852753341,11.473476703971738],[-15.416490248070069,11.474363831834408]]},{"type":"LineString","coordinates":[[-15.4079599855981,11.449501840698634],[-15.398167801779806,11.451708915921598]]},{"type":"LineString","coordinates":[[-15.41853247200015,11.4426621960376],[-15.43041599654718,11.438129999685009]]},{"type":"LineString","coordinates":[[-15.355057175016963,11.455371258475074],[-15.358833989051437,11.446420762479871]]},{"type":"LineString","coordinates":[[-15.336386890126054,11.462997286036389],[-15.328409562001754,11.457980272366802]]},{"type":"LineString","coordinates":[[-15.289338957284262,11.451451084482127],[-15.301365171086653,11.455948111386071]]},{"type":"LineString","coordinates":[[-15.33268141550504,11.425114171443653],[-15.331125208103998,11.434856365247017]]},{"type":"LineString","coordinates":[[-15.28551751394107,11.418077217109092],[-15.290863968437057,11.410467482657802]]},{"type":"LineString","coordinates":[[-15.175712110333357,11.50437962491227],[-15.184331532153331,11.496509971871761]]},{"type":"LineString","coordinates":[[-15.227531313685006,11.433335417006584],[-15.227018583514784,11.444156856122019]]},{"type":"LineString","coordinates":[[-15.276737488682553,11.389346204595958],[-15.279622525735391,11.401327651101813]]},{"type":"LineString","coordinates":[[-15.28924973451018,11.363174026763486],[-15.296830265738654,11.368577368564665]]},{"type":"LineString","coordinates":[[-15.307648037247812,11.34588344992746],[-15.313667806119636,11.356961791791433]]},{"type":"LineString","coordinates":[[-15.393499043973652,11.288823679537119],[-15.389699929341745,11.278053260152745],[-15.383318960523294,11.289864436163871]]},{"type":"LineString","coordinates":[[-15.352149859708522,11.319287614768761],[-15.347686235288649,11.302847051033979]]},{"type":"LineString","coordinates":[[-15.250723125009369,11.361661385951718],[-15.239887487550279,11.366439669489397]]},{"type":"LineString","coordinates":[[-15.193793757396028,11.385416376977975],[-15.202288341226605,11.389276226197042]]},{"type":"LineString","coordinates":[[-15.231187786908892,11.269788119256193],[-15.223000897527577,11.264085500844248]]},{"type":"LineString","coordinates":[[-15.172938553222792,11.236581112880035],[-15.181812206985553,11.234048794205526]]},{"type":"LineString","coordinates":[[-15.152355383991708,11.318684243471775],[-15.153015307212439,11.332089578471201]]},{"type":"LineString","coordinates":[[-15.069982417752659,11.432382627191592],[-15.072987842695019,11.422329974517583]]},{"type":"LineString","coordinates":[[-15.032748918306472,11.422207647464688],[-15.021516449112813,11.424917512558388]]},{"type":"LineString","coordinates":[[-15.1142478919045,11.382238378263859],[-15.120263188468117,11.396025460498343]]},{"type":"LineString","coordinates":[[-15.090066164517193,11.312007528174457],[-15.099465978969844,11.304530480919915],[-15.101815883066186,11.313550974446235]]},{"type":"LineString","coordinates":[[-15.134625988027754,11.102957958164366],[-15.126929601509298,11.11133718926879],[-15.114011552820118,11.10631402254061]]},{"type":"LineString","coordinates":[[-15.131901481750203,11.140717282300757],[-15.12302783090557,11.138275968860619]]},{"type":"LineString","coordinates":[[-15.054915098934817,11.181595043606249],[-15.045122870211273,11.179792765397702]]},{"type":"LineString","coordinates":[[-15.03286038551303,11.211497285902272],[-15.021761660059328,11.215105810224612]]},{"type":"LineString","coordinates":[[-15.032463473433427,11.171546777014413],[-15.017583494660123,11.175413884177804]]},{"type":"LineString","coordinates":[[-15.016018382301352,11.222970088404379],[-15.016018382301352,11.234180010018509]]},{"type":"LineString","coordinates":[[-14.998003607132613,11.227610713073528],[-14.988603780426528,11.227868735261671]]},{"type":"LineString","coordinates":[[-14.96184470646207,11.240364268248976],[-14.950879754273958,11.23263168929963],[-14.949702550604806,11.241781329946859]]},{"type":"LineString","coordinates":[[-14.961184755901982,11.272971739748819],[-14.954005607172277,11.26227503399348]]},{"type":"LineString","coordinates":[[-14.964836801653247,11.29062966896516],[-14.970321444268826,11.299003481183572]]},{"type":"LineString","coordinates":[[-14.95883038392473,11.297455533230051],[-14.948253339936837,11.301452183701542]]},{"type":"LineString","coordinates":[[-14.941595963268153,11.2872713904825],[-14.95165125162588,11.290883265092946]]},{"type":"LineString","coordinates":[[-14.938862488038614,11.253506550740845],[-14.952832836979253,11.250418989842295]]},{"type":"LineString","coordinates":[[-14.928160666860922,11.240876011678878],[-14.937301796356566,11.238816065436904]]},{"type":"LineString","coordinates":[[-14.933658756462872,11.18752240223409],[-14.941876879939539,11.194866830388698]]},{"type":"LineString","coordinates":[[-14.929003436523969,11.171371792054778],[-14.919826603758235,11.171538032085463]]},{"type":"LineString","coordinates":[[-14.94918979947429,11.167806415821524],[-14.948146387640378,11.177859289705031]]},{"type":"LineString","coordinates":[[-14.976992316603353,11.176704356551422],[-14.967596927059608,11.16613529204646],[-14.978949818048541,11.166135296050374]]},{"type":"LineString","coordinates":[[-14.960159181724949,11.13790849795411],[-14.971382739363424,11.134819609305781]]},{"type":"LineString","coordinates":[[-14.993829890123239,11.11136340972945],[-14.995136332606407,11.120770637684915]]},{"type":"LineString","coordinates":[[-15.013534634575457,11.125671007700142],[-15.024365734070118,11.128633075478842]]},{"type":"LineString","coordinates":[[-15.022537509942163,11.10530763319149],[-15.022274464225442,11.094994171616088],[-15.031669741363473,11.094994145217425],[-15.032583857807802,11.081074584613487]]},{"type":"LineString","coordinates":[[-15.03180359030308,11.10453317952932],[-15.034519115777508,11.11355114269204]]},{"type":"LineString","coordinates":[[-15.052284225081262,11.089064941225242],[-15.062049682139895,11.097050801506922],[-15.060373011368322,11.084680316895314]]},{"type":"LineString","coordinates":[[-15.061933735416712,11.054007975231782],[-15.049800456668402,11.052463075228875]]},{"type":"LineString","coordinates":[[-14.982089055105202,11.02540258065741],[-14.974263318239537,11.01973019127308],[-14.97922179666068,11.012000546226934]]},{"type":"LineString","coordinates":[[-14.966954869427127,11.055430267555767],[-14.95442924332726,11.064576742110608]]},{"type":"LineString","coordinates":[[-14.927286711317,11.081197061703232],[-14.918546884893866,11.077718214712514]]},{"type":"LineString","coordinates":[[-14.91241113191264,11.085577404161707],[-14.902757136764881,11.081192676811556]]},{"type":"LineString","coordinates":[[-14.905374693041972,11.059023272780978],[-14.912420042604083,11.052970749593484],[-14.908509455439356,11.043430108531249]]},{"type":"LineString","coordinates":[[-14.882673416135304,11.055023242844094],[-14.87406281449718,11.059141391277716]]},{"type":"LineString","coordinates":[[-14.87969916745383,10.993936102755296],[-14.86808316202541,11.001014072011127]]},{"type":"LineString","coordinates":[[-14.688466177537807,10.877937776345496],[-14.698369801640967,10.88052571018254]]},{"type":"LineString","coordinates":[[-14.392948122911097,10.910230982519073],[-14.382625337975794,10.920130620179075]]},{"type":"LineString","coordinates":[[-14.65011788060964,10.457035207291879],[-14.658438522053626,10.452869346317573]]},{"type":"LineString","coordinates":[[-14.523211825017478,10.410550251420398],[-14.505290747626962,10.382945491438102]]},{"type":"LineString","coordinates":[[-14.44996220972324,10.235288345007397],[-14.461163500063716,10.227319375071307],[-14.455585181713786,10.21970568785553]]},{"type":"LineString","coordinates":[[-14.344602586734313,10.219113257857702],[-14.352923260727795,10.222996969031477]]},{"type":"LineString","coordinates":[[-14.281684671315904,10.25467896814577],[-14.286001058098439,10.243476553109826]]},{"type":"LineString","coordinates":[[-14.270635000044951,10.250918577151081],[-14.276632456539945,10.243972350537549]]},{"type":"LineString","coordinates":[[-14.2738856506945,10.23240970983677],[-14.272258142313584,10.222698507993652],[-14.262622039813838,10.227187778576642],[-14.259130494694412,10.217515863466069]]},{"type":"LineString","coordinates":[[-14.219431167337232,10.224897068284374],[-14.230106208442168,10.222988204750992]]},{"type":"LineString","coordinates":[[-14.216144761666074,10.239321045755974],[-14.21404010735036,10.248338459108354]]},{"type":"LineString","coordinates":[[-14.205072812304275,10.244060182743409],[-14.1991065459535,10.236960229501408]]},{"type":"LineString","coordinates":[[-14.09837545167405,10.200356859097411],[-14.099441230299028,10.191338135008927]]},{"type":"LineString","coordinates":[[-14.058702884962964,10.155655570091708],[-14.046734585599001,10.155879412305955]]},{"type":"LineString","coordinates":[[-14.048246291863851,10.171864650628951],[-14.039278969868613,10.168871298533409]]},{"type":"LineString","coordinates":[[-13.990621259337644,10.255582851548388],[-14.004422230341975,10.25317388473243]]},{"type":"LineString","coordinates":[[-13.98728138989029,10.242296159204615],[-13.994977839540464,10.236135238764476],[-13.994879718453646,10.225055039906879]]},{"type":"LineString","coordinates":[[-13.994977839540464,10.236135238764476],[-13.98341092232041,10.231589152226466]]},{"type":"LineString","coordinates":[[-13.98136420251244,10.219986561453577],[-13.989965782800194,10.215887832646231]]},{"type":"LineString","coordinates":[[-13.968147410934277,10.20383701902067],[-13.960883530582304,10.19788606978825],[-13.95799403914928,10.206768591070615]]},{"type":"LineString","coordinates":[[-14.010486625259436,10.18489532693786],[-14.007334035026997,10.19442341192626]]},{"type":"LineString","coordinates":[[-14.015057193259317,10.136197479605258],[-14.023654306684088,10.132102114203764],[-14.030521360315984,10.14010850017364]]},{"type":"LineString","coordinates":[[-13.962065214283509,10.074049324770542],[-13.954484712466648,10.085240119034843]]},{"type":"LineString","coordinates":[[-13.93364289420098,10.096513978145882],[-13.945731483439046,10.09783970809108]]},{"type":"LineString","coordinates":[[-13.981573796422701,10.005425161333525],[-13.992632339497751,10.003914548147122]]},{"type":"LineString","coordinates":[[-13.943974619137096,9.958272562302234],[-13.948491733723301,9.967438318189922]]},{"type":"LineString","coordinates":[[0.044096036570833774,5.673300173401505],[0.046526262395016865,5.659801938214323]]},{"type":"LineString","coordinates":[[12.658656562407877,-6.113277478670624],[12.651927844192153,-6.121750271693846]]},{"type":"LineString","coordinates":[[12.64622017387649,-6.13203190257019],[12.63721723786238,-6.130573195136487]]},{"type":"LineString","coordinates":[[12.455985997559685,-6.142495063509054],[12.463998995500756,-6.134802846905648]]},{"type":"LineString","coordinates":[[12.441315511578232,-6.142938411667211],[12.448494694278835,-6.148511279016898]]},{"type":"LineString","coordinates":[[12.32335005227437,-6.08422234041934],[12.332977270863013,-6.084701240660287]]},{"type":"LineString","coordinates":[[13.221885656464162,-8.804825221004592],[13.261995252688454,-8.76014008318043]]},{"type":"LineString","coordinates":[[13.209212900853387,-8.837894947283777],[13.202800688463723,-8.831215196336055],[13.213052164353265,-8.826927892339484]]},{"type":"LineString","coordinates":[[13.018278682163187,-9.017190478850196],[13.04369996611175,-8.981225710817295]]},{"type":"LineString","coordinates":[[13.058664731241354,-8.952476809460014],[13.068189396176685,-8.951899816006154]]},{"type":"LineString","coordinates":[[13.113574100930286,-8.90676999967113],[13.119312987797938,-8.899716930478686],[13.121301719290583,-8.890447892800191]]},{"type":"LineString","coordinates":[[13.157041447760134,-8.867569244874794],[13.166494697698175,-8.8674855369978]]},{"type":"LineString","coordinates":[[13.549700882243856,-12.33993507448167],[13.584736049290033,-12.315174001245476]]},{"type":"LineString","coordinates":[[12.532941202444615,-13.452599271903278],[12.522685255983179,-13.452113495412183]]},{"type":"LineString","coordinates":[[32.74261717600905,-25.869853956684718],[32.75213739527016,-25.873075698442065]]},{"type":"LineString","coordinates":[[35.56790358137034,-22.920765949380666],[35.55498114079757,-22.901605286419215]]},{"type":"LineString","coordinates":[[35.5356866082176,-22.87699853910527],[35.54559918120903,-22.88169840597043]]},{"type":"LineString","coordinates":[[35.52625563400047,-22.206304859924234],[35.546910132257196,-22.139611845840548]]},{"type":"LineString","coordinates":[[35.11217012023516,-21.28312561805924],[35.11000302047985,-21.258954074461215]]},{"type":"LineString","coordinates":[[35.1040054871225,-21.201220576906998],[35.09873484221307,-21.18302303949873]]},{"type":"LineString","coordinates":[[35.099403714369956,-21.026931710116482],[35.10250727503224,-21.035975886254693]]},{"type":"LineString","coordinates":[[35.1246154367711,-20.968375071469712],[35.12591750733636,-20.956274538432318]]},{"type":"LineString","coordinates":[[36.37306119839401,-18.741136563902632],[36.364682584522264,-18.73174084558869]]},{"type":"LineString","coordinates":[[40.765289150029865,-15.002528437079986],[40.769271117968316,-15.010759149455934]]},{"type":"LineString","coordinates":[[40.83292922548522,-14.827709228949852],[40.83107871165709,-14.83708455326185]]},{"type":"LineString","coordinates":[[40.828572664096,-14.770029875041768],[40.83469059361371,-14.779360265851755]]},{"type":"LineString","coordinates":[[40.63314365871405,-14.490255060526746],[40.64986972988861,-14.484599375920133],[40.65886819843346,-14.47798937587516]]},{"type":"LineString","coordinates":[[40.65454732681815,-14.468352555042227],[40.665766413425274,-14.470066644715152]]},{"type":"LineString","coordinates":[[40.58673334629032,-14.21496803412651],[40.5842407114066,-14.206033159750188]]},{"type":"LineString","coordinates":[[40.56103555529421,-14.233052960284875],[40.55873907328452,-14.224136037059026]]},{"type":"LineString","coordinates":[[40.591277187510364,-13.564370337672795],[40.59918313662734,-13.553468218679898]]},{"type":"LineString","coordinates":[[40.53487394798807,-12.003693261736736],[40.548059518469884,-11.998838712825005]]},{"type":"LineString","coordinates":[[40.39387721990965,-10.321095578271692],[40.38151210921792,-10.326237079802494]]},{"type":"LineString","coordinates":[[40.306585842601805,-10.300265652792536],[40.304075353268715,-10.291254147249768]]},{"type":"LineString","coordinates":[[40.20063313514976,-10.256091852607835],[40.18929367035109,-10.255468772646887]]},{"type":"LineString","coordinates":[[40.236091916469,-10.274770378349556],[40.222032360397655,-10.272760842979075]]},{"type":"LineString","coordinates":[[40.15670652107114,-10.269136668291544],[40.15040580711684,-10.281338584615758]]},{"type":"LineString","coordinates":[[39.56662920162327,-9.435042216531874],[39.56220134334277,-9.425254781620636]]},{"type":"LineString","coordinates":[[39.53729277571567,-9.34976577743277],[39.5272910316157,-9.341920769558508]]},{"type":"LineString","coordinates":[[39.5239512076753,-9.191515357333827],[39.52938686207811,-9.18403216852457]]},{"type":"LineString","coordinates":[[39.47863776162052,-8.961127690646592],[39.481081360148764,-8.94875038456088]]},{"type":"LineString","coordinates":[[39.39253705192877,-8.938028867643933],[39.39421364126442,-8.92848758177335]]},{"type":"LineString","coordinates":[[39.34952449251159,-8.961273066125523],[39.34964493759488,-8.952247807044026]]},{"type":"LineString","coordinates":[[39.35747954294719,-8.606812714792527],[39.353845413877735,-8.59753629959757]]},{"type":"LineString","coordinates":[[39.32548109182217,-8.58956916234756],[39.3301318720911,-8.579899877733412]]},{"type":"LineString","coordinates":[[39.27973516679288,-8.366616128102795],[39.279208957583194,-8.355533894729716]]},{"type":"LineString","coordinates":[[39.32485234832659,-8.143720795510404],[39.33182636162559,-8.133020781718075]]},{"type":"LineString","coordinates":[[39.38726191941191,-8.119393775915146],[39.397254731825235,-8.110533918222435]]},{"type":"LineString","coordinates":[[39.394391965532776,-8.093264054301503],[39.38404246360396,-8.086310847244965]]},{"type":"LineString","coordinates":[[39.22716232059009,-7.863436627951092],[39.22715344007349,-7.850030301473424]]},{"type":"LineString","coordinates":[[39.273644037658784,-7.781428187561181],[39.27675198875124,-7.791479097647451]]},{"type":"LineString","coordinates":[[39.29965396131794,-7.50105952234162],[39.298788863810024,-7.510590960904122]]},{"type":"LineString","coordinates":[[39.32198064734724,-7.4333652337660885],[39.33797548732966,-7.412729027248503]]},{"type":"LineString","coordinates":[[39.40817508812406,-7.216227894991203],[39.4130889888036,-7.227309344600965]]},{"type":"LineString","coordinates":[[39.43561642677073,-7.163351745082054],[39.42736702773267,-7.172642682963352]]},{"type":"LineString","coordinates":[[39.29681350129909,-6.8469196948478475],[39.306110730441965,-6.852905381739913]]},{"type":"LineString","coordinates":[[38.90403804369834,-5.656101124516096],[38.90403804369834,-5.644754625622398],[38.89580655011684,-5.639340832666306]]},{"type":"LineString","coordinates":[[38.91317917719057,-5.641275592522397],[38.90403804369834,-5.644754625622398],[38.9039131641104,-5.635347053656454]]},{"type":"LineString","coordinates":[[38.952303334592884,-5.569476806046672],[38.96182353306415,-5.56161254931427]]},{"type":"LineString","coordinates":[[39.07912016504164,-5.232241074056725],[39.084988381513824,-5.225362655193456],[39.076217327819265,-5.222036623023455]]},{"type":"LineString","coordinates":[[39.04478511651291,-5.238431081568979],[39.051090306665884,-5.246295120105172]]},{"type":"LineString","coordinates":[[39.11857874727892,-5.116212903959293],[39.13027948515593,-5.115178020909557],[39.12076373065626,-5.106153177480039]]},{"type":"LineString","coordinates":[[39.212933337373215,-4.661765475562359],[39.22025520060623,-4.656218919079158]]},{"type":"LineString","coordinates":[[40.18569514429358,-2.6999758034076495],[40.19492546842822,-2.698933525323404]]},{"type":"LineString","coordinates":[[40.777872669064394,-2.3863780022267815],[40.76839268339496,-2.3853577708994194]]},{"type":"LineString","coordinates":[[40.70806547118607,-2.290333240677094],[40.718825303384484,-2.2899367068692515]]},{"type":"LineString","coordinates":[[40.878429896489216,-2.2390089388541976],[40.885230039684046,-2.232650662667536]]},{"type":"LineString","coordinates":[[40.89065676976112,-2.018484925448486],[40.88757102709837,-2.0099822078074596]]},{"type":"LineString","coordinates":[[40.91858853880598,-2.0300490604642265],[40.9176788573961,-2.0184537255864257]]},{"type":"LineString","coordinates":[[41.09960129543861,-1.9763541906285533],[41.108055732599645,-1.9813677302959278]]},{"type":"LineString","coordinates":[[41.12463469567469,-1.973724917709746],[41.11701857649334,-1.9800664513255102]]},{"type":"LineString","coordinates":[[41.230890600934956,-1.914087542927796],[41.22483957264994,-1.9207902739065157]]},{"type":"LineString","coordinates":[[41.24071847874958,-1.9173542335952132],[41.241534452697316,-1.9268289491945487]]},{"type":"LineString","coordinates":[[41.38524237802757,-1.8762683042165227],[41.39035248684422,-1.8687899648587134]]},{"type":"LineString","coordinates":[[41.87841002229979,-1.2193606305362787],[41.87278708769289,-1.2267075550154123]]},{"type":"LineString","coordinates":[[49.82563842113043,7.7965155355147875],[49.83494908170034,7.79409454149885]]},{"type":"LineString","coordinates":[[51.20205147629682,10.52205852854361],[51.198412865486524,10.53227339169778]]},{"type":"LineString","coordinates":[[50.80103556969147,11.980567070815903],[50.793111743217025,11.987934325267448],[50.78232072133663,11.988078260205564],[50.7730725377787,11.986425107316576],[50.76854655385407,11.977832088794136]]},{"type":"Polygon","coordinates":[[[49.54739052706593,-12.460209324451284],[49.55297776564292,-12.469770636383512],[49.5627164701169,-12.462865272002663],[49.54739052706593,-12.460209324451284]]]},{"type":"Polygon","coordinates":[[[49.53838315180353,-12.399680639282176],[49.544376155647235,-12.414378666385653],[49.55799870679398,-12.416917535132383],[49.53838315180353,-12.399680639282176]]]},{"type":"Polygon","coordinates":[[[49.53824493066802,-12.454749247707294],[49.53635873811942,-12.464397903167747],[49.54739052706593,-12.460209324451284],[49.53824493066802,-12.454749247707294]]]},{"type":"Polygon","coordinates":[[[49.524069400690635,-12.411900727450321],[49.52295466751366,-12.423362534790986],[49.53572996896715,-12.423462708042162],[49.524069400690635,-12.411900727450321]]]},{"type":"Polygon","coordinates":[[[49.36030448125902,-12.136335971817086],[49.370703134465664,-12.134217255602662],[49.36443358513349,-12.127172200309767],[49.36030448125902,-12.136335971817086]]]},{"type":"Polygon","coordinates":[[[48.795296224343105,-13.404690651584744],[48.78432242790536,-13.396609563905029],[48.77950661681098,-13.405323982705307],[48.795296224343105,-13.404690651584744]]]},{"type":"Polygon","coordinates":[[[49.01753342642469,-12.240981152046013],[49.02192117893314,-12.231869006695716],[49.01146899382214,-12.229088644698827],[49.01753342642469,-12.240981152046013]]]},{"type":"Polygon","coordinates":[[[49.003206268969,-12.247831390173129],[49.00956945386232,-12.254833973958485],[49.01753342642469,-12.240981152046013],[49.003206268969,-12.247831390173129]]]},{"type":"Polygon","coordinates":[[[48.66663780203847,-12.750970922379855],[48.68369388785678,-12.750349005989213],[48.68781856346475,-12.729524419751828],[48.66663780203847,-12.750970922379855]]]},{"type":"Polygon","coordinates":[[[47.99639031994243,-14.746296658027518],[48.013259082139754,-14.743541082369614],[47.997250968545444,-14.735339017362245],[47.99639031994243,-14.746296658027518]]]},{"type":"Polygon","coordinates":[[[47.997250968545444,-14.735339017362245],[48.006004123528875,-14.71242577491617],[47.99604700164581,-14.705783818505493],[47.997250968545444,-14.735339017362245]]]},{"type":"Polygon","coordinates":[[[47.986263731006595,-14.776838011243791],[47.99192674868068,-14.769534020938968],[47.978032221772814,-14.76836120179099],[47.986263731006595,-14.776838011243791]]]},{"type":"Polygon","coordinates":[[[47.94546294307576,-14.155036366353277],[47.940856668504104,-14.145312144430205],[47.93321822472827,-14.156605888845071],[47.94546294307576,-14.155036366353277]]]},{"type":"Polygon","coordinates":[[[48.00877770244465,-13.59542658639913],[48.01324577452525,-13.585314792565272],[48.00095200545443,-13.590056512283033],[48.00877770244465,-13.59542658639913]]]},{"type":"Polygon","coordinates":[[[47.806646682335476,-14.149882436836421],[47.80402471935025,-14.173104465094664],[47.83045829707311,-14.177272162037676],[47.806646682335476,-14.149882436836421]]]},{"type":"Polygon","coordinates":[[[47.784498285587055,-13.978140982172512],[47.787526013245795,-14.041726928920358],[47.832933035384876,-14.05690156408925],[47.784498285587055,-13.978140982172512]]]},{"type":"Polygon","coordinates":[[[47.736393537830764,-14.108729061760693],[47.746631659704335,-14.122735951629046],[47.7641380796051,-14.112772483503983],[47.736393537830764,-14.108729061760693]]]},{"type":"Polygon","coordinates":[[[47.50098421409454,-15.026336814115838],[47.537151968594,-15.01576374718779],[47.54675241911669,-14.987982827990614],[47.50098421409454,-15.026336814115838]]]},{"type":"Polygon","coordinates":[[[47.76432976549939,-13.935554474618078],[47.76568979945929,-13.95805818843019],[47.77326135060417,-13.952051642829169],[47.76432976549939,-13.935554474618078]]]},{"type":"Polygon","coordinates":[[[46.685191673353216,-15.401666738811798],[46.6772812370094,-15.40816670589839],[46.69394491382209,-15.417052196970404],[46.685191673353216,-15.401666738811798]]]},{"type":"Polygon","coordinates":[[[43.622761338585924,-23.721175700966484],[43.63250890212833,-23.731209785249433],[43.634800873606494,-23.720469409977866],[43.622761338585924,-23.721175700966484]]]},{"type":"Polygon","coordinates":[[[46.49107363382682,-15.508790741607978],[46.47997047100756,-15.51672238399415],[46.49010153138798,-15.521293923713952],[46.49107363382682,-15.508790741607978]]]},{"type":"Polygon","coordinates":[[[45.899765624993286,-15.836739268822525],[45.890454982035536,-15.838064777814788],[45.901959515421495,-15.852186396182866],[45.899765624993286,-15.836739268822525]]]},{"type":"Polygon","coordinates":[[[44.49438178647088,-19.997202849626785],[44.50256872425147,-19.992262449915813],[44.489374259510484,-19.98689025526907],[44.49438178647088,-19.997202849626785]]]},{"type":"Polygon","coordinates":[[[44.43524077133375,-20.041248858640348],[44.445032945275464,-20.04630080933321],[44.44343655580852,-20.03457967557982],[44.43524077133375,-20.041248858640348]]]},{"type":"Polygon","coordinates":[[[44.40724650490813,-20.09424016655492],[44.42168511044156,-20.096061784797815],[44.41191071478403,-20.08521132494398],[44.40724650490813,-20.09424016655492]]]},{"type":"Polygon","coordinates":[[[44.39955902921214,-20.107832794306905],[44.40911937777539,-20.103230840549507],[44.40724650490813,-20.09424016655492],[44.39955902921214,-20.107832794306905]]]},{"type":"Polygon","coordinates":[[[44.392442281144156,-20.115277652847244],[44.38234691176149,-20.117559566053025],[44.39049810354561,-20.124154079262944],[44.392442281144156,-20.115277652847244]]]},{"type":"Polygon","coordinates":[[[44.37164954521237,-20.13349045268816],[44.38067471541646,-20.12656988173148],[44.3727910272791,-20.12036069069353],[44.37164954521237,-20.13349045268816]]]},{"type":"Polygon","coordinates":[[[44.32113235913357,-20.212877917776733],[44.330960234593825,-20.2117564328973],[44.33426889125685,-20.203140327550376],[44.32113235913357,-20.212877917776733]]]},{"type":"Polygon","coordinates":[[[44.24763298436221,-20.378420023150372],[44.23873261676233,-20.383277161606717],[44.247178197502016,-20.387816408894917],[44.24763298436221,-20.378420023150372]]]},{"type":"Polygon","coordinates":[[[44.23103175287424,-20.39470030552078],[44.24113606137412,-20.39487585195915],[44.23873261676233,-20.383277161606717],[44.23103175287424,-20.39470030552078]]]},{"type":"Polygon","coordinates":[[[45.59842848438501,-16.084342437429154],[45.6072084803399,-16.080452058855254],[45.5991909763117,-16.07171551305111],[45.59842848438501,-16.084342437429154]]]},{"type":"Polygon","coordinates":[[[45.58842670981822,-16.03541545104925],[45.575370503623176,-16.03493551840102],[45.58138135505969,-16.041878084383015],[45.58842670981822,-16.03541545104925]]]},{"type":"Polygon","coordinates":[[[44.406234340099054,-19.33574450332091],[44.41787256593519,-19.343764005411092],[44.417631795165434,-19.334747311937047],[44.406234340099054,-19.33574450332091]]]},{"type":"Polygon","coordinates":[[[43.228714994910064,-22.2010204614379],[43.242038844652825,-22.207857151582587],[43.24360843794252,-22.192688886416487],[43.228714994910064,-22.2010204614379]]]},{"type":"Polygon","coordinates":[[[43.471637911693534,-21.61090193573785],[43.46886880744478,-21.625547793428087],[43.48020836414907,-21.620631433866087],[43.471637911693534,-21.61090193573785]]]},{"type":"Polygon","coordinates":[[[43.54626546523589,-21.317312938196302],[43.540624664454185,-21.304135866565108],[43.53367739020931,-21.312311479995024],[43.54626546523589,-21.317312938196302]]]},{"type":"Polygon","coordinates":[[[43.527483750317124,-21.354993360707613],[43.53209445577386,-21.347052721266593],[43.51702267295612,-21.347268641138072],[43.527483750317124,-21.354993360707613]]]},{"type":"Polygon","coordinates":[[[43.26155183565479,-21.980016846721334],[43.26254626099691,-21.955055780998038],[43.256294606365216,-21.970179327426248],[43.26155183565479,-21.980016846721334]]]},{"type":"Polygon","coordinates":[[[44.31678921470939,-19.182702157166812],[44.31727524732967,-19.196995414442462],[44.324351829558765,-19.189423570811062],[44.31678921470939,-19.182702157166812]]]},{"type":"Polygon","coordinates":[[[44.296241627584735,-19.170517776838693],[44.29672324794263,-19.18519955045261],[44.30488339943235,-19.178536925436728],[44.296241627584735,-19.170517776838693]]]},{"type":"Polygon","coordinates":[[[44.27401302001121,-19.171591833914515],[44.287256577282726,-19.18027210284056],[44.28377847307137,-19.169182617730048],[44.27401302001121,-19.171591833914515]]]},{"type":"Polygon","coordinates":[[[44.2776605594326,-19.144916373341783],[44.2876534043979,-19.150910583657616],[44.28661000133893,-19.140990240152835],[44.2776605594326,-19.144916373341783]]]},{"type":"Polygon","coordinates":[[[44.9439171687826,-16.168134809302416],[44.959911936875976,-16.17354816055751],[44.95911380834249,-16.164271755849754],[44.9439171687826,-16.168134809302416]]]},{"type":"Polygon","coordinates":[[[44.076457062800934,-18.370869355770875],[44.05891048355671,-18.373357701826706],[44.065862212059265,-18.38447004228495],[44.076457062800934,-18.370869355770875]]]},{"type":"Polygon","coordinates":[[[44.054005432242846,-18.3818337346025],[44.04541723057341,-18.3740643869272],[44.03702517233238,-18.379688310498736],[44.054005432242846,-18.3818337346025]]]},{"type":"Polygon","coordinates":[[[44.0427640317706,-18.24346921545091],[44.05049166495498,-18.23526169314634],[44.03947768185994,-18.228252328337256],[44.0427640317706,-18.24346921545091]]]},{"type":"Polygon","coordinates":[[[44.616757356981886,-16.19227087382994],[44.61912964599638,-16.206572967288185],[44.63380454290169,-16.201447451074728],[44.616757356981886,-16.19227087382994]]]},{"type":"Polygon","coordinates":[[[44.41295417232336,-16.36132850420271],[44.417440013380634,-16.377573401284508],[44.4250740125333,-16.36780180274814],[44.41295417232336,-16.36132850420271]]]},{"type":"Polygon","coordinates":[[[44.43299781352947,-16.30406059327239],[44.44368626749169,-16.29855245599442],[44.42935472437521,-16.293223868579794],[44.43299781352947,-16.30406059327239]]]},{"type":"Polygon","coordinates":[[[44.462637453871686,-16.195028580219397],[44.45439706315836,-16.187277755701576],[44.4512979509827,-16.198608456412607],[44.462637453871686,-16.195028580219397]]]},{"type":"Polygon","coordinates":[[[43.491837679842305,11.364739099855122],[43.5053978013411,11.36867358583829],[43.49571263084551,11.373001417416482],[43.491837679842305,11.364739099855122]]]},{"type":"Polygon","coordinates":[[[43.483677540770685,11.352716772476231],[43.491837679842305,11.364739099855122],[43.48243345119152,11.365202516385862],[43.483677540770685,11.352716772476231]]]},{"type":"Polygon","coordinates":[[[43.17710986958986,11.722988366903586],[43.184610081156315,11.71530828718386],[43.19400981629868,11.720390557106015],[43.17710986958986,11.722988366903586]]]},{"type":"Polygon","coordinates":[[[39.93135693218228,-16.27541823190059],[39.94077460505719,-16.277168831294272],[39.940422289830856,-16.2680600556167],[39.93135693218228,-16.27541823190059]]]},{"type":"Polygon","coordinates":[[[40.604890770086975,-12.595394002628217],[40.61474538424108,-12.607047799358687],[40.62203603131376,-12.601268797750757],[40.604890770086975,-12.595394002628217]]]},{"type":"Polygon","coordinates":[[[42.17341525373315,-0.8575824138371166],[42.18365337035135,-0.8485760523024208],[42.17009321154639,-0.8485671068739328],[42.17341525373315,-0.8575824138371166]]]},{"type":"Polygon","coordinates":[[[40.583620908724036,-12.335705303112247],[40.61646212545288,-12.362664142320853],[40.602576485984564,-12.329541325023923],[40.583620908724036,-12.335705303112247]]]},{"type":"Polygon","coordinates":[[[40.5700518252815,-11.98211988019374],[40.58539563259158,-11.995733196855303],[40.58616698870438,-11.97626611342199],[40.5700518252815,-11.98211988019374]]]},{"type":"Polygon","coordinates":[[[41.9791991290226,-1.0841924797818185],[41.99147950565818,-1.0864974057915502],[41.9903200937316,-1.0770993207804813],[41.9791991290226,-1.0841924797818185]]]},{"type":"Polygon","coordinates":[[[40.65975999290606,-11.175899509869936],[40.695085048191274,-11.157066483645407],[40.67565674932873,-11.145997948015426],[40.65975999290606,-11.175899509869936]]]},{"type":"Polygon","coordinates":[[[41.91391790658867,-1.1696212308450014],[41.92134673418552,-1.1754079087172784],[41.9200491630618,-1.1612487465829728],[41.91391790658867,-1.1696212308450014]]]},{"type":"Polygon","coordinates":[[[40.66039764425068,-11.034138546576296],[40.71573960027422,-11.013388052649349],[40.70550593784041,-10.999508319690902],[40.66039764425068,-11.034138546576296]]]},{"type":"Polygon","coordinates":[[[40.63092749385096,-11.03145563190932],[40.64850969349361,-11.039990128926455],[40.66039764425068,-11.034138546576296],[40.63092749385096,-11.03145563190932]]]},{"type":"Polygon","coordinates":[[[35.44617909928406,-23.85801001276553],[35.44879658382126,-23.866818350833437],[35.45546738196994,-23.85363826720492],[35.44617909928406,-23.85801001276553]]]},{"type":"Polygon","coordinates":[[[40.604190735801694,-11.029052815540798],[40.61327835712855,-11.03625684993368],[40.621260114679465,-11.028173122059574],[40.604190735801694,-11.029052815540798]]]},{"type":"Polygon","coordinates":[[[40.635391034732635,-10.777502205744227],[40.658368750363884,-10.789640180053032],[40.655184958097024,-10.77101906170286],[40.635391034732635,-10.777502205744227]]]},{"type":"Polygon","coordinates":[[[35.5484574747743,-22.891528968942506],[35.54493927157944,-22.900763270265752],[35.55498114079757,-22.901605286419215],[35.5484574747743,-22.891528968942506]]]},{"type":"Polygon","coordinates":[[[40.370993104614655,-10.280338222141177],[40.36873678672401,-10.291245385830049],[40.380178877428925,-10.285686547996514],[40.370993104614655,-10.280338222141177]]]},{"type":"Polygon","coordinates":[[[35.54559918120903,-22.88169840597043],[35.5385939432848,-22.890485549870956],[35.5484574747743,-22.891528968942506],[35.54559918120903,-22.88169840597043]]]},{"type":"Polygon","coordinates":[[[41.39035248684422,-1.8687899648587134],[41.40199970184907,-1.8683888701442217],[41.40160282382085,-1.8593683887611832],[41.39035248684422,-1.8687899648587134]]]},{"type":"Polygon","coordinates":[[[41.29103942184695,-1.989883956733933],[41.301009945913734,-1.9782749399856152],[41.28757026711081,-1.9790682125756156],[41.29103942184695,-1.989883956733933]]]},{"type":"Polygon","coordinates":[[[41.139724254960434,-2.1086117471936197],[41.15399338445402,-2.115821699646312],[41.148856493523816,-2.1067357524236225],[41.139724254960434,-2.1086117471936197]]]},{"type":"Polygon","coordinates":[[[41.070452156733005,-2.0167157610853255],[41.07940605509462,-2.006916251826289],[41.06506108455305,-2.0059001886399073],[41.070452156733005,-2.0167157610853255]]]},{"type":"Polygon","coordinates":[[[35.51865726735195,-22.14608389141874],[35.529550878229315,-22.161405877690452],[35.52903809858677,-22.13632401679444],[35.51865726735195,-22.14608389141874]]]},{"type":"Polygon","coordinates":[[[40.973667396004316,-2.2387104517117775],[40.977484346695,-2.2211816328256884],[40.96264003261326,-2.2309931699988166],[40.973667396004316,-2.2387104517117775]]]},{"type":"Polygon","coordinates":[[[32.90325186352653,-25.977144611074618],[32.911465487054876,-25.982283602288845],[32.92215841956223,-25.97047413863426],[32.90325186352653,-25.977144611074618]]]},{"type":"Polygon","coordinates":[[[35.41975448172051,-21.97968184980605],[35.434910957831164,-21.97931802359278],[35.430969103036134,-21.960481765100468],[35.41975448172051,-21.97968184980605]]]},{"type":"Polygon","coordinates":[[[35.41399770250331,-21.869304929664754],[35.43978022690279,-21.907768495653766],[35.457737036052606,-21.8431159250748],[35.41399770250331,-21.869304929664754]]]},{"type":"Polygon","coordinates":[[[40.74137052781546,-2.2890054689289854],[40.74496895135416,-2.299311109042096],[40.75650019225106,-2.3012269638030713],[40.74137052781546,-2.2890054689289854]]]},{"type":"Polygon","coordinates":[[[32.67832586743499,-25.936089502086926],[32.6925815844761,-25.920152715599478],[32.67927570113812,-25.92561891230527],[32.67832586743499,-25.936089502086926]]]},{"type":"Polygon","coordinates":[[[40.7313687016192,-2.2799963154989427],[40.732149098223225,-2.291335709275892],[40.74137052781546,-2.2890054689289854],[40.7313687016192,-2.2799963154989427]]]},{"type":"Polygon","coordinates":[[[39.55124981362217,-9.059752533613329],[39.56761021802716,-9.076225552628506],[39.57161448030451,-9.065908586136707],[39.55124981362217,-9.059752533613329]]]},{"type":"Polygon","coordinates":[[[39.7245483371728,-8.05096028303054],[39.72131547573638,-8.073097229394422],[39.744814901412056,-8.051273738572213],[39.7245483371728,-8.05096028303054]]]},{"type":"Polygon","coordinates":[[[39.708210173225844,-7.821913148115807],[39.710747369180815,-7.839154735818779],[39.719090390106686,-7.8355589272046355],[39.708210173225844,-7.821913148115807]]]},{"type":"Polygon","coordinates":[[[40.211522260269426,-2.997586598207359],[40.22229994142641,-3.004239364366243],[40.237005995324246,-2.979618609512133],[40.211522260269426,-2.997586598207359]]]},{"type":"Polygon","coordinates":[[[39.481081360148764,-8.94875038456088],[39.47821865306183,-8.938442898006972],[39.47148986398928,-8.948891294935096],[39.481081360148764,-8.94875038456088]]]},{"type":"Polygon","coordinates":[[[39.4908869286119,-8.516569712981665],[39.51758805414296,-8.538962697037013],[39.499332457415015,-8.51139683310388],[39.4908869286119,-8.516569712981665]]]},{"type":"Polygon","coordinates":[[[40.173196303338194,-2.762630695606344],[40.18115134428733,-2.768937412082133],[40.187032918098474,-2.7538520180058126],[40.173196303338194,-2.762630695606344]]]},{"type":"Polygon","coordinates":[[[40.17527871471741,-2.7922711519830483],[40.174748047130294,-2.776290757296842],[40.166034960586266,-2.7793906609976973],[40.17527871471741,-2.7922711519830483]]]},{"type":"Polygon","coordinates":[[[39.38250401672255,-8.885064264012724],[39.38251295439284,-8.894214595594596],[39.39313008303496,-8.886341892943761],[39.38250401672255,-8.885064264012724]]]},{"type":"Polygon","coordinates":[[[39.353845413877735,-8.59753629959757],[39.35189679066646,-8.587999540257458],[39.3425772206886,-8.59625767281892],[39.353845413877735,-8.59753629959757]]]},{"type":"Polygon","coordinates":[[[39.34297413117053,-8.15775749735148],[39.35177191844965,-8.163420613099],[39.356422726068935,-8.152332651768122],[39.34297413117053,-8.15775749735148]]]},{"type":"Polygon","coordinates":[[[39.281590094407434,-8.430548819174232],[39.29531972135922,-8.439560191345056],[39.29427627203606,-8.430407654916262],[39.281590094407434,-8.430548819174232]]]},{"type":"Polygon","coordinates":[[[39.73167396803263,-5.456038204548312],[39.715643495286834,-5.449872556027075],[39.72369661954151,-5.465830388237503],[39.73167396803263,-5.456038204548312]]]},{"type":"Polygon","coordinates":[[[39.31844010316281,-8.217972840803586],[39.331371515292105,-8.207005619948578],[39.31687945772492,-8.204953370537755],[39.31844010316281,-8.217972840803586]]]},{"type":"Polygon","coordinates":[[[39.369202556553354,-7.838584880644505],[39.383293295085686,-7.839349079702461],[39.37578861776215,-7.830973578144949],[39.369202556553354,-7.838584880644505]]]},{"type":"Polygon","coordinates":[[[39.31350387794676,-8.191553936285489],[39.31737890649281,-8.182783935195452],[39.310645594162416,-8.176600320894188],[39.31350387794676,-8.191553936285489]]]},{"type":"Polygon","coordinates":[[[39.30393024928167,-8.19207471835432],[39.30600817809263,-8.20084001932614],[39.31350387794676,-8.191553936285489],[39.30393024928167,-8.19207471835432]]]},{"type":"Polygon","coordinates":[[[39.36650480440645,-7.857923960540984],[39.36507344538805,-7.848643257025349],[39.35654758901049,-7.853550871489812],[39.36650480440645,-7.857923960540984]]]},{"type":"Polygon","coordinates":[[[39.297999629151846,-8.219919108250709],[39.30058145489744,-8.208576807258016],[39.29126637731757,-8.20884163075804],[39.297999629151846,-8.219919108250709]]]},{"type":"Polygon","coordinates":[[[39.38690072159301,-7.54236239906824],[39.39568956568588,-7.548542282188953],[39.398521117286585,-7.537455632776679],[39.38690072159301,-7.54236239906824]]]},{"type":"Polygon","coordinates":[[[39.69812809296399,-5.208395004395801],[39.689120716608585,-5.203892116960347],[39.69041837031833,-5.214460968690231],[39.69812809296399,-5.208395004395801]]]},{"type":"Polygon","coordinates":[[[39.43462202031823,-7.2027970917449835],[39.43667316873918,-7.1911930091077],[39.4263459325709,-7.188883696835495],[39.43462202031823,-7.2027970917449835]]]},{"type":"Polygon","coordinates":[[[39.42408071563362,-7.248179758496751],[39.425975792312,-7.20589827140879],[39.4130889888036,-7.227309344600965],[39.42408071563362,-7.248179758496751]]]},{"type":"Polygon","coordinates":[[[39.396474407346396,-7.266766774108526],[39.40549071979479,-7.248710574718719],[39.396978282355,-7.253877139626423],[39.396474407346396,-7.266766774108526]]]},{"type":"Polygon","coordinates":[[[39.38262439833362,-7.269097824825181],[39.39286698005061,-7.275277092506349],[39.396474407346396,-7.266766774108526],[39.38262439833362,-7.269097824825181]]]},{"type":"Polygon","coordinates":[[[39.65871858826761,-5.148882514234103],[39.66745400033611,-5.140750806408696],[39.660248067941765,-5.132898739017547],[39.65871858826761,-5.148882514234103]]]},{"type":"Polygon","coordinates":[[[39.35083101648985,-7.3402757659539715],[39.36012823251826,-7.3392408759415275],[39.356632334249085,-7.328414300876021],[39.35083101648985,-7.3402757659539715]]]},{"type":"Polygon","coordinates":[[[39.63078676824376,-5.107707678787207],[39.63554913754067,-5.12106280604891],[39.64404817069315,-5.1141698693705],[39.63078676824376,-5.107707678787207]]]},{"type":"Polygon","coordinates":[[[39.333181936112,-6.795954327419613],[39.34523485050242,-6.797543918284487],[39.330863153720436,-6.784920217547833],[39.333181936112,-6.795954327419613]]]},{"type":"Polygon","coordinates":[[[39.33144734962982,-6.42120391529704],[39.342488103453086,-6.4376254226454215],[39.34139557599401,-6.42326438716874],[39.33144734962982,-6.42120391529704]]]},{"type":"Polygon","coordinates":[[[39.35294466291671,-4.6627476947413795],[39.35888417340378,-4.671360764369617],[39.368225999533045,-4.658827759397223],[39.35294466291671,-4.6627476947413795]]]},{"type":"Polygon","coordinates":[[[39.085617052854914,-6.519795791075711],[39.083556980752526,-6.511032654873323],[39.07466110334986,-6.5156711613274325],[39.085617052854914,-6.519795791075711]]]},{"type":"Polygon","coordinates":[[[39.21209060286882,-4.851397698654192],[39.21170262080944,-4.840569707687994],[39.2016785812469,-4.840831848645409],[39.21209060286882,-4.851397698654192]]]},{"type":"Polygon","coordinates":[[[38.967999412227385,-5.554653542759875],[38.955647696267675,-5.55078346372333],[38.96182353306415,-5.56161254931427],[38.967999412227385,-5.554653542759875]]]},{"type":"Polygon","coordinates":[[[-23.19417021462942,15.316929798404116],[-23.194946102853187,15.326335261401592],[-23.203427293095363,15.319845714302401],[-23.19417021462942,15.316929798404116]]]},{"type":"Polygon","coordinates":[[[-16.432888777189582,16.47189700417869],[-16.416439121729834,16.467757664147626],[-16.416506062855024,16.476899956964584],[-16.432888777189582,16.47189700417869]]]},{"type":"Polygon","coordinates":[[[-16.42858573994349,16.44951462697526],[-16.421188131456375,16.4596113719037],[-16.434685824335528,16.462095942884343],[-16.42858573994349,16.44951462697526]]]},{"type":"Polygon","coordinates":[[[-16.358979194295124,16.455386315298057],[-16.35464940072086,16.44729934719211],[-16.34338568284448,16.45883737009035],[-16.358979194295124,16.455386315298057]]]},{"type":"Polygon","coordinates":[[[-16.510423667491036,16.20991711733527],[-16.51032550308573,16.19704121560108],[-16.503043844948294,16.20404663277924],[-16.510423667491036,16.20991711733527]]]},{"type":"Polygon","coordinates":[[[-16.510789267375724,16.18802282597278],[-16.511239638399914,16.177201141756907],[-16.49886566151874,16.179736438327737],[-16.510789267375724,16.18802282597278]]]},{"type":"Polygon","coordinates":[[[-16.511239638399914,16.177201141756907],[-16.511645422614947,16.160712660346956],[-16.50239276525149,16.17056741314589],[-16.511239638399914,16.177201141756907]]]},{"type":"Polygon","coordinates":[[[-16.4862374994799,16.184074563638788],[-16.476735102564344,16.19676281818101],[-16.485907536088067,16.193863850467743],[-16.4862374994799,16.184074563638788]]]},{"type":"Polygon","coordinates":[[[-16.50239276525149,16.17056741314589],[-16.500457516191787,16.16105106889346],[-16.487472597225583,16.17118838299857],[-16.50239276525149,16.17056741314589]]]},{"type":"Polygon","coordinates":[[[-16.511574046247784,16.15143997609205],[-16.51146257690642,16.1365043147439],[-16.502366067700805,16.14905854827726],[-16.511574046247784,16.15143997609205]]]},{"type":"Polygon","coordinates":[[[-16.50191562569635,16.124981539897355],[-16.508787150551065,16.117463542536804],[-16.499418570999296,16.11160318116075],[-16.50191562569635,16.124981539897355]]]},{"type":"Polygon","coordinates":[[[-16.48848928198797,16.07536180776629],[-16.479388281074367,16.06975735745927],[-16.477885567129018,16.08238867299809],[-16.48848928198797,16.07536180776629]]]},{"type":"Polygon","coordinates":[[[-16.50665120262002,16.01882518006155],[-16.49899941676015,16.024354058232433],[-16.50231249282813,16.034824081661323],[-16.50665120262002,16.01882518006155]]]},{"type":"Polygon","coordinates":[[[-16.50201819083378,15.95895422481762],[-16.50350309869892,15.945569068107442],[-16.492515890832266,15.954272524007814],[-16.50201819083378,15.95895422481762]]]},{"type":"Polygon","coordinates":[[[-16.50350309869892,15.945569068107442],[-16.503935655699088,15.932555941216295],[-16.49104436342689,15.93496566450902],[-16.50350309869892,15.945569068107442]]]},{"type":"Polygon","coordinates":[[[-16.819983320205996,14.162226579790461],[-16.82956147194643,14.161573763658623],[-16.821334459919765,14.15224326395588],[-16.819983320205996,14.162226579790461]]]},{"type":"Polygon","coordinates":[[[-16.759477802102893,13.836884234133924],[-16.759723045170286,13.811991438995026],[-16.75058632592523,13.83251121433296],[-16.759477802102893,13.836884234133924]]]},{"type":"Polygon","coordinates":[[[-16.653088132193197,13.794016282210334],[-16.64360359494599,13.795358693983351],[-16.646680357267172,13.806860174263145],[-16.653088132193197,13.794016282210334]]]},{"type":"Polygon","coordinates":[[[-16.456018113162038,12.295033106330983],[-16.46558293373821,12.295368635387579],[-16.462898563807617,12.283530848347873],[-16.456018113162038,12.295033106330983]]]},{"type":"Polygon","coordinates":[[[-16.456018113162038,12.295033106330983],[-16.448633909926357,12.286057875637978],[-16.447122250132406,12.297398837385524],[-16.456018113162038,12.295033106330983]]]},{"type":"Polygon","coordinates":[[[-16.400702986163548,12.3138757339845],[-16.403641543698626,12.299947552427469],[-16.39172234253262,12.301036750260465],[-16.400702986163548,12.3138757339845]]]},{"type":"Polygon","coordinates":[[[-16.185502305355758,12.359985356597198],[-16.17878244751498,12.352545667038473],[-16.171616693174,12.36184964030205],[-16.185502305355758,12.359985356597198]]]},{"type":"Polygon","coordinates":[[[-16.10736100403376,12.35322950794424],[-16.112506821870824,12.360812987679898],[-16.11994012813473,12.35227558227478],[-16.10736100403376,12.35322950794424]]]},{"type":"Polygon","coordinates":[[[-16.050239947711262,12.35731967373581],[-16.04001075808625,12.355686217275112],[-16.044518910630632,12.36919763682242],[-16.050239947711262,12.35731967373581]]]},{"type":"Polygon","coordinates":[[[-16.009140380265926,12.371262209722023],[-16.011450216213998,12.358757062348753],[-16.001751674579953,12.358147223369405],[-16.009140380265926,12.371262209722023]]]},{"type":"Polygon","coordinates":[[[-15.997863303290327,12.369890155355908],[-16.001751674579953,12.358147223369405],[-15.987861589920508,12.358456544902806],[-15.997863303290327,12.369890155355908]]]},{"type":"Polygon","coordinates":[[[-16.21668481706317,12.013528493785575],[-16.204761150694242,12.010488500051792],[-16.212796475390764,12.022050613927364],[-16.21668481706317,12.013528493785575]]]},{"type":"Polygon","coordinates":[[[-15.867880508630552,12.301655401142355],[-15.863720169422185,12.311205185710007],[-15.873155637547178,12.311819445362676],[-15.867880508630552,12.301655401142355]]]},{"type":"Polygon","coordinates":[[[-16.396600611871172,11.298679895794837],[-16.396520380088656,11.282443679318666],[-16.371353218518127,11.28797533953834],[-16.396600611871172,11.298679895794837]]]},{"type":"Polygon","coordinates":[[[-16.00233585617134,11.807127566652388],[-15.97756103944997,11.832847810434043],[-15.992677406826365,11.833943299905634],[-16.00233585617134,11.807127566652388]]]},{"type":"Polygon","coordinates":[[[-16.177114746798154,11.344549980375257],[-16.155077862908847,11.333217578432926],[-16.174149411809136,11.353066527329803],[-16.177114746798154,11.344549980375257]]]},{"type":"Polygon","coordinates":[[[-16.10857836404314,11.391383171511663],[-16.119779615981532,11.383606586429186],[-16.099281169998765,11.385101622208953],[-16.10857836404314,11.391383171511663]]]},{"type":"Polygon","coordinates":[[[-16.07765005002918,11.396519364299245],[-16.061954036348812,11.390779944405729],[-16.063822393311074,11.401082848812326],[-16.07765005002918,11.396519364299245]]]},{"type":"Polygon","coordinates":[[[-16.025964555703922,11.330629328963969],[-16.037277361847952,11.329015905588326],[-16.040264925187703,11.318640475038952],[-16.025964555703922,11.330629328963969]]]},{"type":"Polygon","coordinates":[[[-16.130704432307365,11.036440678576367],[-16.118317068318966,11.037259076272479],[-16.12538469928494,11.043802124266957],[-16.130704432307365,11.036440678576367]]]},{"type":"Polygon","coordinates":[[[-16.008895131643882,11.154774035453615],[-16.001038195350425,11.148097961102671],[-15.999513239920288,11.159056975444091],[-16.008895131643882,11.154774035453615]]]},{"type":"Polygon","coordinates":[[[-15.612030677839211,11.705318280781878],[-15.606532595448417,11.69134548393374],[-15.60285385043687,11.705816007607295],[-15.612030677839211,11.705318280781878]]]},{"type":"Polygon","coordinates":[[[-15.964188197959032,11.051574720291198],[-15.970150065395764,11.039569979148014],[-15.960232997659375,11.039215494180736],[-15.964188197959032,11.051574720291198]]]},{"type":"Polygon","coordinates":[[[-15.766110436957893,11.231652058357458],[-15.777842347726999,11.225563754602195],[-15.76895981122574,11.222882608117942],[-15.766110436957893,11.231652058357458]]]},{"type":"Polygon","coordinates":[[[-15.66930784870617,11.255855027419841],[-15.669022501381056,11.24477283112272],[-15.660808845118112,11.250200286483626],[-15.66930784870617,11.255855027419841]]]},{"type":"Polygon","coordinates":[[[-15.425805269757703,11.587755063329238],[-15.41912997610524,11.581062836746238],[-15.414042185303783,11.588803445244427],[-15.425805269757703,11.587755063329238]]]},{"type":"Polygon","coordinates":[[[-15.669022501381056,11.24477283112272],[-15.673044615615492,11.23342335201989],[-15.664286947393082,11.229705747530383],[-15.669022501381056,11.24477283112272]]]},{"type":"Polygon","coordinates":[[[-15.35932004626529,11.51954576454583],[-15.353710547590246,11.527283636112449],[-15.367961820077936,11.53396842677173],[-15.35932004626529,11.51954576454583]]]},{"type":"Polygon","coordinates":[[[-15.305801944958962,11.573990458843408],[-15.314831624750964,11.583775574954084],[-15.319000856769533,11.570495677605384],[-15.305801944958962,11.573990458843408]]]},{"type":"Polygon","coordinates":[[[-15.706193498327059,11.025258213095912],[-15.70902063043487,11.005955833125295],[-15.700905064802848,11.017668710985559],[-15.706193498327059,11.025258213095912]]]},{"type":"Polygon","coordinates":[[[-15.237604463245221,11.603951929887717],[-15.267551780919408,11.620423042367548],[-15.248966231849838,11.595307631103092],[-15.237604463245221,11.603951929887717]]]},{"type":"Polygon","coordinates":[[[-15.388366613002379,11.4505638610914],[-15.383648883104904,11.441547672232568],[-15.376344892255222,11.448256365957043],[-15.388366613002379,11.4505638610914]]]},{"type":"Polygon","coordinates":[[[-15.40930212305316,11.291119467426316],[-15.416735413770752,11.284665125790543],[-15.40954736791739,11.278669818901262],[-15.40930212305316,11.291119467426316]]]},{"type":"Polygon","coordinates":[[[-15.193138313424917,11.572540171845784],[-15.184781919329756,11.584142499133856],[-15.196152680822903,11.581172077305888],[-15.193138313424917,11.572540171845784]]]},{"type":"Polygon","coordinates":[[[-15.311616649922831,11.393634334205668],[-15.298172423579887,11.401895833935702],[-15.309146237913664,11.405235380372176],[-15.311616649922831,11.393634334205668]]]},{"type":"Polygon","coordinates":[[[-15.397267052859338,11.27288866832756],[-15.38629320153622,11.269552004520282],[-15.389699929341745,11.278053260152745],[-15.397267052859338,11.27288866832756]]]},{"type":"Polygon","coordinates":[[[-15.297989592242292,11.352340798979995],[-15.314069143548846,11.365984980294963],[-15.313667806119636,11.356961791791433],[-15.297989592242292,11.352340798979995]]]},{"type":"Polygon","coordinates":[[[-15.354196590235812,11.28737628086617],[-15.347922636489592,11.280165352443019],[-15.343753321404082,11.28867938420471],[-15.354196590235812,11.28737628086617]]]},{"type":"Polygon","coordinates":[[[-15.35354999299808,11.186288830425257],[-15.35825876356754,11.194013898487343],[-15.365812527091553,11.178541687637],[-15.35354999299808,11.186288830425257]]]},{"type":"Polygon","coordinates":[[[-15.32071765538649,11.23607379578753],[-15.316780272858802,11.220612627993468],[-15.307786218082184,11.230156199370782],[-15.32071765538649,11.23607379578753]]]},{"type":"Polygon","coordinates":[[[-15.280527743627603,11.255312741217447],[-15.272046517544158,11.259576742295643],[-15.281847623601317,11.269617561888587],[-15.280527743627603,11.255312741217447]]]},{"type":"Polygon","coordinates":[[[-15.313636542393573,11.20811179595673],[-15.304762968630842,11.210443178858826],[-15.307255647166649,11.221137416604892],[-15.313636542393573,11.20811179595673]]]},{"type":"Polygon","coordinates":[[[-15.248770060279229,11.245678150274175],[-15.256350467833554,11.254433691598498],[-15.263676805553386,11.243858720521374],[-15.248770060279229,11.245678150274175]]]},{"type":"Polygon","coordinates":[[[-15.27860585823302,11.182631806992015],[-15.260323590160866,11.169503802753892],[-15.258245667799152,11.180715810352247],[-15.27860585823302,11.182631806992015]]]},{"type":"Polygon","coordinates":[[[-15.240132756031407,11.217848295358527],[-15.229038533428195,11.220949341187659],[-15.239619987278832,11.226867171232819],[-15.240132756031407,11.217848295358527]]]},{"type":"Polygon","coordinates":[[[-15.263436056910054,11.1514579009667],[-15.252997219944797,11.149917898762544],[-15.254571370988039,11.162163103879944],[-15.263436056910054,11.1514579009667]]]},{"type":"Polygon","coordinates":[[[-15.225243815386136,11.15513712610659],[-15.23315430704005,11.144650424367795],[-15.219317642269537,11.14324601287478],[-15.225243815386136,11.15513712610659]]]},{"type":"Polygon","coordinates":[[[-15.172354412808705,11.133865796831016],[-15.172604133699506,11.149721018133796],[-15.182151107816928,11.148294799234128],[-15.172354412808705,11.133865796831016]]]},{"type":"Polygon","coordinates":[[[-15.032463473433427,11.171546777014413],[-15.033636288568308,11.161493731743372],[-15.02449957697358,11.159949480922414],[-15.032463473433427,11.171546777014413]]]},{"type":"Polygon","coordinates":[[[-15.02449957697358,11.159949480922414],[-15.01371741913139,11.164630402630223],[-15.017583494660123,11.175413884177804],[-15.02449957697358,11.159949480922414]]]},{"type":"Polygon","coordinates":[[[-15.00453172584442,11.128374932546084],[-15.0071402476891,11.14435732169833],[-15.010796725002086,11.135979001473741],[-15.00453172584442,11.128374932546084]]]},{"type":"Polygon","coordinates":[[[-15.05435322867792,10.986345885846394],[-15.044962345325844,10.986091935066492],[-15.046117236231455,10.995244905712855],[-15.05435322867792,10.986345885846394]]]},{"type":"Polygon","coordinates":[[[-15.078080110627209,10.941750134779078],[-15.069991337168982,10.926544825263967],[-15.056952920535528,10.940209045574269],[-15.078080110627209,10.941750134779078]]]},{"type":"Polygon","coordinates":[[[-15.03452357451299,10.953614426898831],[-15.020700389759396,10.961735182736689],[-15.032441180040573,10.963928451394919],[-15.03452357451299,10.953614426898831]]]},{"type":"Polygon","coordinates":[[[-15.03452357451299,10.953614426898831],[-15.037916975290274,10.945239433176754],[-15.027219616889612,10.94794503218221],[-15.03452357451299,10.953614426898831]]]},{"type":"Polygon","coordinates":[[[-14.97348297621796,10.98068151543937],[-14.965006249611038,10.985190182234534],[-14.972831980972245,10.990605005392565],[-14.97348297621796,10.98068151543937]]]},{"type":"Polygon","coordinates":[[[-14.930688989215243,11.0324842109193],[-14.921561160092962,11.029774982270677],[-14.923906695268242,11.041114915639003],[-14.930688989215243,11.0324842109193]]]},{"type":"Polygon","coordinates":[[[-14.801103044841513,10.903807610920945],[-14.811408002255458,10.897239710848078],[-14.800327117284633,10.894656234049647],[-14.801103044841513,10.903807610920945]]]},{"type":"Polygon","coordinates":[[[-14.80477285861933,10.872236248628278],[-14.796434359192299,10.866302587432838],[-14.795386435104536,10.875967243120874],[-14.80477285861933,10.872236248628278]]]},{"type":"Polygon","coordinates":[[[-14.752860057134416,10.898360626203619],[-14.770843572162097,10.912293240234254],[-14.764600876463863,10.894244601595007],[-14.752860057134416,10.898360626203619]]]},{"type":"Polygon","coordinates":[[[-14.760181830170389,10.871299168885672],[-14.76773559122847,10.885740965762695],[-14.770223769338203,10.872468384618735],[-14.760181830170389,10.871299168885672]]]},{"type":"Polygon","coordinates":[[[-14.748436627436906,10.888687999008075],[-14.740602002125089,10.899249462414359],[-14.752860057134416,10.898360626203619],[-14.748436627436906,10.888687999008075]]]},{"type":"Polygon","coordinates":[[[-14.729592468296035,10.818824474391727],[-14.740022285154199,10.81470741409506],[-14.73260231336523,10.804134125834139],[-14.729592468296035,10.818824474391727]]]},{"type":"Polygon","coordinates":[[[-14.767173755813474,10.768333773457844],[-14.76296882363278,10.759222068197653],[-14.756355949244185,10.766261800776453],[-14.767173755813474,10.768333773457844]]]},{"type":"Polygon","coordinates":[[[-14.649101194477828,10.869648260869857],[-14.64911009011853,10.859983384867148],[-14.63945168680963,10.86847902514715],[-14.649101194477828,10.869648260869857]]]},{"type":"Polygon","coordinates":[[[-14.684163110871328,10.750859126940334],[-14.67517805329925,10.746855071427586],[-14.679463251066897,10.758718257230568],[-14.684163110871328,10.750859126940334]]]},{"type":"Polygon","coordinates":[[[-14.67517805329925,10.746855071427586],[-14.66749501681822,10.741821386919035],[-14.667481582785223,10.752646508423176],[-14.67517805329925,10.746855071427586]]]},{"type":"Polygon","coordinates":[[[-14.699457825263865,10.709505611396239],[-14.695944089273295,10.700996732760242],[-14.687944403925039,10.710180347404895],[-14.699457825263865,10.709505611396239]]]},{"type":"Polygon","coordinates":[[[-14.695944089273295,10.700996732760242],[-14.706244554068379,10.698429173108654],[-14.70247215450487,10.688758874709903],[-14.695944089273295,10.700996732760242]]]},{"type":"Polygon","coordinates":[[[-14.59178839123527,10.827820560235573],[-14.589451783206432,10.818925197161878],[-14.58032400106898,10.821360418002957],[-14.59178839123527,10.827820560235573]]]},{"type":"Polygon","coordinates":[[[-14.569318987252108,10.857820028282227],[-14.56568476073305,10.849179647946789],[-14.55915224643644,10.856256659654877],[-14.569318987252108,10.857820028282227]]]},{"type":"Polygon","coordinates":[[[-14.570014617855804,10.830242517175533],[-14.565858752798613,10.818894557017929],[-14.558412036562805,10.828937334663422],[-14.570014617855804,10.830242517175533]]]},{"type":"Polygon","coordinates":[[[-14.46643416767859,10.344735980583646],[-14.462420933947032,10.331839054461176],[-14.455759045670067,10.34574930557317],[-14.46643416767859,10.344735980583646]]]},{"type":"Polygon","coordinates":[[[-14.455759045670067,10.34574930557317],[-14.443130852039449,10.3457273546304],[-14.450791609773347,10.356307672602968],[-14.455759045670067,10.34574930557317]]]},{"type":"Polygon","coordinates":[[[-14.285073559157807,10.194502360203918],[-14.272597005401453,10.188160611147072],[-14.275700581093835,10.196674802904068],[-14.285073559157807,10.194502360203918]]]},{"type":"Polygon","coordinates":[[[-14.195690863582058,10.250484158477121],[-14.188774789505864,10.256780750612853],[-14.201643772854544,10.26183993530807],[-14.195690863582058,10.250484158477121]]]},{"type":"Polygon","coordinates":[[[-14.13245192108935,10.057400620698141],[-14.123899369062725,10.047196786484996],[-14.120100193426019,10.057628974293278],[-14.13245192108935,10.057400620698141]]]},{"type":"Polygon","coordinates":[[[-14.035854397727705,10.184456451198464],[-14.039278969868613,10.168871298533409],[-14.02806436075188,10.179277586307393],[-14.035854397727705,10.184456451198464]]]},{"type":"Polygon","coordinates":[[[-14.057886815908791,10.052303117454809],[-14.063108464230035,10.04484337461517],[-14.0534901718485,10.043267029825191],[-14.057886815908791,10.052303117454809]]]},{"type":"Polygon","coordinates":[[[-13.998611999476964,10.07094092030403],[-14.005572668417425,10.090806815892902],[-14.006660678089416,10.075348851946107],[-13.998611999476964,10.07094092030403]]]},{"type":"Polygon","coordinates":[[[-13.954970748752741,10.095161789700352],[-13.962792007462154,10.08925713068764],[-13.954484712466648,10.085240119034843],[-13.954970748752741,10.095161789700352]]]},{"type":"Polygon","coordinates":[[[-13.992632339497751,10.003914548147122],[-13.995940988478196,10.026603645515964],[-14.004930582866146,10.020829432233255],[-13.992632339497751,10.003914548147122]]]},{"type":"Polygon","coordinates":[[[-14.006571493744396,9.993774930224731],[-13.99747490286829,9.99245744653279],[-14.003686450925068,10.002526956992133],[-14.006571493744396,9.993774930224731]]]},{"type":"Polygon","coordinates":[[[-13.938472147647163,10.051425004563624],[-13.949882945612877,10.060482771586432],[-13.953552749319396,10.05211875315407],[-13.938472147647163,10.051425004563624]]]},{"type":"Polygon","coordinates":[[[-13.759305464782434,9.828878613588664],[-13.75319201708335,9.843803491494985],[-13.774399459941357,9.836822244167436],[-13.759305464782434,9.828878613588664]]]},{"type":"Polygon","coordinates":[[[-13.741406592858702,9.843082967763122],[-13.728528716895795,9.851513913716964],[-13.740702019542194,9.860796980855469],[-13.741406592858702,9.843082967763122]]]},{"type":"Polygon","coordinates":[[[13.121301719290583,-8.890447892800191],[13.139575129381278,-8.889126180726809],[13.14105996926982,-8.877151764291305],[13.121301719290583,-8.890447892800191]]]},{"type":"Polygon","coordinates":[[[13.04369996611175,-8.981225710817295],[13.052359588722304,-8.978058922488456],[13.058664731241354,-8.952476809460014],[13.04369996611175,-8.981225710817295]]]},{"type":"Polygon","coordinates":[[[12.570379731853855,-5.998258335697624],[12.579757249396062,-6.0013936178603755],[12.577612471076128,-5.992621800012473],[12.570379731853855,-5.998258335697624]]]},{"type":"Polygon","coordinates":[[[12.546376424596648,-6.015925791260225],[12.561292167528698,-6.016892565395347],[12.55748854453759,-6.005025596322129],[12.546376424596648,-6.015925791260225]]]},{"type":"Polygon","coordinates":[[[12.421254065855322,-6.141040880979933],[12.42822812729385,-6.135020067518824],[12.418467097528403,-6.13149542891877],[12.421254065855322,-6.141040880979933]]]},{"type":"Polygon","coordinates":[[[12.38095268691438,-6.120367000735738],[12.392515154729905,-6.123386280471485],[12.387418357558742,-6.11383172082148],[12.38095268691438,-6.120367000735738]]]},{"type":"Polygon","coordinates":[[[49.76638147051363,-12.777199175607784],[49.77609334954648,-12.777247021954546],[49.78140417360078,-12.764644258214258],[49.76816505298074,-12.760717117874881],[49.76638147051363,-12.777199175607784]]]},{"type":"Polygon","coordinates":[[[49.63824025277702,-12.68458573688537],[49.653200572157495,-12.68376353276425],[49.6630417606516,-12.683941903091156],[49.651519470009696,-12.672543902446217],[49.63824025277702,-12.68458573688537]]]},{"type":"Polygon","coordinates":[[[49.55377147848262,-12.444656103883373],[49.56291265670009,-12.450756414661045],[49.55648710990365,-12.427277341945146],[49.54976727455414,-12.43368298017714],[49.55377147848262,-12.444656103883373]]]},{"type":"Polygon","coordinates":[[[48.5991091639763,-13.465730578676633],[48.60138780028219,-13.474763366033608],[48.61368597913911,-13.47442081112308],[48.60937851675333,-13.46466812014841],[48.5991091639763,-13.465730578676633]]]},{"type":"Polygon","coordinates":[[[48.614283491241764,-12.849633447599746],[48.627687537790536,-12.853302701992622],[48.628418864818215,-12.834186590387217],[48.611273597003404,-12.822125795508546],[48.614283491241764,-12.849633447599746]]]},{"type":"Polygon","coordinates":[[[48.48586136344214,-13.362915725567934],[48.492197756116276,-13.370520797525872],[48.5014102508713,-13.372598794116866],[48.51380659115364,-13.369115220188906],[48.48586136344214,-13.362915725567934]]]},{"type":"Polygon","coordinates":[[[48.455798115629506,-13.3082850993532],[48.47378614845923,-13.348377414669331],[48.48412684436129,-13.352598865973427],[48.48781003581929,-13.314399182150611],[48.455798115629506,-13.3082850993532]]]},{"type":"Polygon","coordinates":[[[48.32392468957561,-13.466610887730782],[48.34673299816981,-13.498798552924082],[48.373331529680414,-13.475825787299394],[48.34967599392227,-13.442685218426975],[48.32392468957561,-13.466610887730782]]]},{"type":"Polygon","coordinates":[[[44.46385929216904,-20.03953544738184],[44.47505164364811,-20.033389884762755],[44.476862032237946,-20.021546302942948],[44.452443988960226,-20.03126169809941],[44.46385929216904,-20.03953544738184]]]},{"type":"Polygon","coordinates":[[[44.13281564170687,-20.489221706260455],[44.13920107343629,-20.481347835128588],[44.12848582777927,-20.480357830714134],[44.11497919247068,-20.485696326617347],[44.13281564170687,-20.489221706260455]]]},{"type":"Polygon","coordinates":[[[45.581176250238094,-16.062232993761306],[45.555973369261196,-16.05456690460304],[45.55280293200414,-16.064109790659337],[45.572530023117714,-16.067666294912218],[45.581176250238094,-16.062232993761306]]]},{"type":"Polygon","coordinates":[[[43.45939327712039,-21.518884705077145],[43.46274200715396,-21.527666442303424],[43.47267693793521,-21.524928651944393],[43.46837831508991,-21.5148484272714],[43.45939327712039,-21.518884705077145]]]},{"type":"Polygon","coordinates":[[[43.45516603891584,-21.463498689788157],[43.45615595174047,-21.474059764270642],[43.469087308619066,-21.473408274947722],[43.46687558266518,-21.46433702248919],[43.45516603891584,-21.463498689788157]]]},{"type":"Polygon","coordinates":[[[44.242282058834505,-19.08633990695457],[44.25380442486925,-19.083811488420515],[44.25289923005711,-19.07479316888888],[44.244663270689564,-19.069095404936352],[44.242282058834505,-19.08633990695457]]]},{"type":"Polygon","coordinates":[[[44.916716671593,-16.19234365332487],[44.9063135562398,-16.194917268748988],[44.903910134268564,-16.203930971583844],[44.91564643617755,-16.202132545176948],[44.916716671593,-16.19234365332487]]]},{"type":"Polygon","coordinates":[[[44.03764499251365,-18.21871407282642],[44.03947768185994,-18.228252328337256],[44.05148157143185,-18.226253258347597],[44.04738365463299,-18.211551598516202],[44.03764499251365,-18.21871407282642]]]},{"type":"Polygon","coordinates":[[[44.423401814793635,-16.301073266614527],[44.41591055819148,-16.30903790809776],[44.41213371776251,-16.322039094665964],[44.42202397558037,-16.316009373832372],[44.423401814793635,-16.301073266614527]]]},{"type":"Polygon","coordinates":[[[44.4512979509827,-16.198608456412607],[44.44074775117132,-16.204761715083947],[44.44151024638578,-16.218934391779047],[44.448462000937774,-16.210966134509754],[44.4512979509827,-16.198608456412607]]]},{"type":"Polygon","coordinates":[[[40.583857231566405,-12.551889821615486],[40.583268593623146,-12.566953472122353],[40.614344049725446,-12.542348913099547],[40.59356463418267,-12.536629379158274],[40.583857231566405,-12.551889821615486]]]},{"type":"Polygon","coordinates":[[[40.59688226812293,-12.404658501695446],[40.596440811559525,-12.454618616080053],[40.61534741956061,-12.456617158231426],[40.60893517862175,-12.413538185874147],[40.59688226812293,-12.404658501695446]]]},{"type":"Polygon","coordinates":[[[42.03834905115653,-0.9989797388630934],[42.024673051221484,-1.0223507185605192],[42.05358139408939,-0.989336188121993],[42.044752392473214,-0.9925462645869227],[42.03834905115653,-0.9989797388630934]]]},{"type":"Polygon","coordinates":[[[41.16671966811949,-1.9944339543851899],[41.1900229618394,-1.9937565647946551],[41.18194304634444,-1.9853963343833696],[41.171575669084916,-1.9866975774512328],[41.16671966811949,-1.9944339543851899]]]},{"type":"Polygon","coordinates":[[[40.97996361796486,-2.15881764934866],[40.99186495583725,-2.149526990354991],[40.98506034970617,-2.138195408843172],[40.979437464295174,-2.1469648050498926],[40.97996361796486,-2.15881764934866]]]},{"type":"Polygon","coordinates":[[[39.49743290375943,-8.961616631126295],[39.505619809193526,-8.977847446810344],[39.53559834182795,-8.9994595699203],[39.5351479788117,-8.956410254861902],[39.49743290375943,-8.961616631126295]]]},{"type":"Polygon","coordinates":[[[39.431282111488684,-8.928188057909292],[39.44061951318746,-8.931399380974522],[39.45355979897986,-8.914761162832967],[39.422198939812695,-8.91685805383716],[39.431282111488684,-8.928188057909292]]]},{"type":"Polygon","coordinates":[[[39.37833923970632,-8.87179436958152],[39.39078908391191,-8.876164861279003],[39.386240800588794,-8.866886334973348],[39.375868907184284,-8.860453813377509],[39.37833923970632,-8.87179436958152]]]},{"type":"Polygon","coordinates":[[[39.41810993060989,-8.013067670112102],[39.42741611006506,-8.009446928741271],[39.42572168022769,-7.994499827676789],[39.42144090175021,-7.981870532885028],[39.41810993060989,-8.013067670112102]]]},{"type":"Polygon","coordinates":[[[39.331398271050126,-8.240003513993058],[39.3329589510705,-8.250056377874579],[39.34096755077026,-8.23445182852966],[39.330872098766584,-8.229434082068204],[39.331398271050126,-8.240003513993058]]]},{"type":"Polygon","coordinates":[[[39.357417112436984,-7.812689047176906],[39.36570218091097,-7.823123533687294],[39.37500383267146,-7.821568573945627],[39.36698637356139,-7.814098298663487],[39.357417112436984,-7.812689047176906]]]},{"type":"Polygon","coordinates":[[[39.28714615221202,-8.239522495705238],[39.299310553168205,-8.243379488027527],[39.30344415654162,-8.23332209733929],[39.29076252269881,-8.227143609216656],[39.28714615221202,-8.239522495705238]]]},{"type":"Polygon","coordinates":[[[39.351111943281985,-7.845564379010449],[39.34789252585158,-7.857424789358015],[39.357203075804485,-7.863988798791059],[39.35654758901049,-7.853550871489812],[39.351111943281985,-7.845564379010449]]]},{"type":"Polygon","coordinates":[[[39.66237954351896,-5.2043095692783075],[39.663137549908356,-5.194508802416013],[39.647187367038136,-5.186017978877092],[39.6520923457431,-5.205734995203284],[39.66237954351896,-5.2043095692783075]]]},{"type":"Polygon","coordinates":[[[39.646652286288784,-5.037778547210897],[39.63807295329419,-5.070527652737496],[39.65194074946991,-5.0573669238576775],[39.66000727820698,-5.024101902676371],[39.646652286288784,-5.037778547210897]]]},{"type":"Polygon","coordinates":[[[39.2695193299603,-4.653267819899662],[39.27919556858321,-4.670378604109973],[39.29010253911914,-4.665618745371363],[39.28178632660941,-4.6614632391488025],[39.2695193299603,-4.653267819899662]]]},{"type":"Polygon","coordinates":[[[39.145850623984735,-4.966273776692332],[39.16406607959176,-4.972892819721628],[39.171833812873146,-4.985460035169968],[39.16913163483572,-4.9594857848184075],[39.145850623984735,-4.966273776692332]]]},{"type":"Polygon","coordinates":[[[-16.4862374994799,16.184074563638788],[-16.487472597225583,16.17118838299857],[-16.47585670913518,16.168306137728944],[-16.47899586128744,16.177942062256257],[-16.4862374994799,16.184074563638788]]]},{"type":"Polygon","coordinates":[[[-16.46985923084661,16.113740890749263],[-16.48188536798561,16.11868019439442],[-16.47739059695388,16.105575518520386],[-16.46403556121596,16.101030061738633],[-16.46985923084661,16.113740890749263]]]},{"type":"Polygon","coordinates":[[[-16.50849283953771,16.060540336695286],[-16.505817360870584,16.051597228402226],[-16.496043068167584,16.05212857698747],[-16.49797827674191,16.0617745016189],[-16.50849283953771,16.060540336695286]]]},{"type":"Polygon","coordinates":[[[-16.07599128201428,11.40722420461888],[-16.066988326278178,11.410091584908153],[-16.069382902382927,11.42090517087384],[-16.07904573326415,11.42112805245504],[-16.07599128201428,11.40722420461888]]]},{"type":"Polygon","coordinates":[[[-16.017799964742224,11.378251638295025],[-15.999290240752416,11.377928085077926],[-15.993123300348906,11.388694808275645],[-16.003927726421445,11.386579128362634],[-16.017799964742224,11.378251638295025]]]},{"type":"Polygon","coordinates":[[[-15.935181753336742,11.11996117064498],[-15.950712848275636,11.12081437735699],[-15.954726029967375,11.111783505968262],[-15.93687623393172,11.106335910548156],[-15.935181753336742,11.11996117064498]]]},{"type":"Polygon","coordinates":[[[-15.896606047168477,11.048948859959214],[-15.881369296110533,11.057885378236165],[-15.882965706391632,11.067928898827427],[-15.893141382696063,11.068418992932772],[-15.896606047168477,11.048948859959214]]]},{"type":"Polygon","coordinates":[[[-15.327201163000868,11.542522913083046],[-15.32865486974433,11.554506607741628],[-15.336239752355398,11.560683934007535],[-15.334919895607756,11.547538356427284],[-15.327201163000868,11.542522913083046]]]},{"type":"Polygon","coordinates":[[[-15.216334548026213,11.65306967667749],[-15.256725059234883,11.645173712199519],[-15.247954035436589,11.63190551064339],[-15.221293039721644,11.641465847991316],[-15.216334548026213,11.65306967667749]]]},{"type":"Polygon","coordinates":[[[-15.64166589674522,11.03061531225926],[-15.617912266322435,11.037666165304113],[-15.611914803605778,11.052817590974849],[-15.643775080450318,11.050112998107545],[-15.64166589674522,11.03061531225926]]]},{"type":"Polygon","coordinates":[[[-15.667707027407545,10.981723310408604],[-15.66974482123761,10.968341112426685],[-15.66463028609088,10.960610128298594],[-15.6550566087569,10.963788360602601],[-15.667707027407545,10.981723310408604]]]},{"type":"Polygon","coordinates":[[[-15.377423979983051,11.277165538910511],[-15.38629320153622,11.269552004520282],[-15.3719304075686,11.26905348314166],[-15.367765600143057,11.27756342916794],[-15.377423979983051,11.277165538910511]]]},{"type":"Polygon","coordinates":[[[-15.372064172746116,11.168869461494987],[-15.356921045678874,11.16785457813033],[-15.35576167481681,11.177264352484894],[-15.365812527091553,11.178541687637],[-15.372064172746116,11.168869461494987]]]},{"type":"Polygon","coordinates":[[[-15.223000897527577,11.264085500844248],[-15.218987682554404,11.24643475435534],[-15.207804255007872,11.248031086676683],[-15.213034771331708,11.26323277981308],[-15.223000897527577,11.264085500844248]]]},{"type":"Polygon","coordinates":[[[-15.268934070229072,11.024010764408409],[-15.260457356734285,11.014994435470003],[-15.251061987132992,11.013716363454344],[-15.259030399707573,11.024019513926971],[-15.268934070229072,11.024010764408409]]]},{"type":"Polygon","coordinates":[[[-15.194373420877923,11.110658946902513],[-15.188233321592904,11.101395854045121],[-15.184585733881638,11.1127242086799],[-15.189548725662076,11.120582455725163],[-15.194373420877923,11.110658946902513]]]},{"type":"Polygon","coordinates":[[[-15.008709910383764,11.217170336028477],[-15.002703458641871,11.208404891068374],[-14.99134612737418,11.208662950216912],[-15.00714470567003,11.226062337078009],[-15.008709910383764,11.217170336028477]]]},{"type":"Polygon","coordinates":[[[-15.007791292527862,11.113297405850583],[-15.00453172584442,11.128374932546084],[-15.013534634575457,11.125671007700142],[-15.017320367834598,11.116648969395513],[-15.007791292527862,11.113297405850583]]]},{"type":"Polygon","coordinates":[[[-15.056952920535528,10.940209045574269],[-15.047174035490519,10.94446454130466],[-15.037916975290274,10.945239433176754],[-15.043134156436631,10.958513188662232],[-15.056952920535528,10.940209045574269]]]},{"type":"Polygon","coordinates":[[[-15.008700994335587,10.989444998077284],[-14.996442874837475,10.985711148519139],[-14.989656102959712,10.992798074578507],[-15.000616570362718,10.993958000887758],[-15.008700994335587,10.989444998077284]]]},{"type":"Polygon","coordinates":[[[-14.902757136764881,11.081192676811556],[-14.905374693041972,11.059023272780978],[-14.891805604106302,11.053093322887833],[-14.882673416135304,11.055023242844094],[-14.902757136764881,11.081192676811556]]]},{"type":"Polygon","coordinates":[[[-14.920785352596544,11.002966251499762],[-14.902525294836789,10.995616959645524],[-14.902650125902044,11.005023560119083],[-14.912955130540645,11.01082751942674],[-14.920785352596544,11.002966251499762]]]},{"type":"Polygon","coordinates":[[[13.102412968115868,-8.9357030770211],[13.117145810152437,-8.94324867432503],[13.125270305582044,-8.924994391442823],[13.129087267544513,-8.913677438709104],[13.102412968115868,-8.9357030770211]]]},{"type":"Polygon","coordinates":[[[13.14105996926982,-8.877151764291305],[13.157041447760134,-8.867569244874794],[13.148515583088113,-8.862630277960156],[13.140199345909586,-8.867613278617323],[13.14105996926982,-8.877151764291305]]]},{"type":"Polygon","coordinates":[[[13.089008861539417,-8.922752196516202],[13.104424031133568,-8.923086974355309],[13.113574100930286,-8.90676999967113],[13.101926940497728,-8.904783187260037],[13.089008861539417,-8.922752196516202]]]},{"type":"Polygon","coordinates":[[[13.068189396176685,-8.951899816006154],[13.09024851889328,-8.9335753960373],[13.089008861539417,-8.922752196516202],[13.069870425599731,-8.940557277840847],[13.068189396176685,-8.951899816006154]]]},{"type":"Polygon","coordinates":[[[12.995367762064578,-9.036902223770252],[13.011839663531326,-9.034030921561524],[13.018278682163187,-9.017190478850196],[13.005918004346135,-9.027042044066677],[12.995367762064578,-9.036902223770252]]]},{"type":"Polygon","coordinates":[[[12.571191334658085,-6.105035064013962],[12.580319085807524,-6.107008129574971],[12.580872080522267,-6.09799409598228],[12.565947407967643,-6.097670470637119],[12.571191334658085,-6.105035064013962]]]},{"type":"Polygon","coordinates":[[[49.58074458863339,-12.54657093787629],[49.570305886626365,-12.536981967924385],[49.57220094523533,-12.525786392689966],[49.56114684561017,-12.533199376137171],[49.558208323566944,-12.542588304328392],[49.58074458863339,-12.54657093787629]]]},{"type":"Polygon","coordinates":[[[49.565806640447626,-12.472417842664022],[49.55297776564292,-12.469770636383512],[49.54990101560337,-12.480319961438921],[49.56169979262471,-12.480899012068875],[49.57322658949254,-12.482248670024562],[49.565806640447626,-12.472417842664022]]]},{"type":"Polygon","coordinates":[[[49.21691767467855,-12.250075559653757],[49.25422246068852,-12.292567124933308],[49.28271613516094,-12.241992151212603],[49.25130180372223,-12.239220651058115],[49.25375871455712,-12.230300159650874],[49.21691767467855,-12.250075559653757]]]},{"type":"Polygon","coordinates":[[[49.21308280808703,-12.014867450255524],[49.20276888639658,-12.005167472190784],[49.20098077712996,-11.995615397827509],[49.195219624680654,-12.010348919010235],[49.20296061629325,-12.016132207941807],[49.21308280808703,-12.014867450255524]]]},{"type":"Polygon","coordinates":[[[48.62388393590807,-13.461333302333346],[48.631928206036335,-13.453505653429515],[48.617659066014895,-13.452130878946145],[48.59843141497115,-13.454520435461673],[48.60937851675333,-13.46466812014841],[48.62388393590807,-13.461333302333346]]]},{"type":"Polygon","coordinates":[[[48.35695325150912,-13.537411161121213],[48.3236883389105,-13.5606944676422],[48.358826059271905,-13.604406796209313],[48.36039568463796,-13.59348486490636],[48.37084331975488,-13.576988334550279],[48.35695325150912,-13.537411161121213]]]},{"type":"Polygon","coordinates":[[[43.52721619248467,-21.32641826611194],[43.52419737057867,-21.340033637226295],[43.53209445577386,-21.347052721266593],[43.54330906225979,-21.33865476707214],[43.53595158197417,-21.33241201326105],[43.52721619248467,-21.32641826611194]]]},{"type":"Polygon","coordinates":[[[44.249537040865754,-19.098732670917567],[44.2583437306963,-19.1267385388655],[44.268737907851886,-19.138218345162294],[44.26502796023954,-19.119399409547064],[44.258731691038406,-19.103148573964194],[44.249537040865754,-19.098732670917567]]]},{"type":"Polygon","coordinates":[[[44.88391104937002,-16.203922454507886],[44.89404659922907,-16.202124017954038],[44.9063135562398,-16.194917268748988],[44.90018679630221,-16.187440491579245],[44.89058633910814,-16.186532593921964],[44.88391104937002,-16.203922454507886]]]},{"type":"Polygon","coordinates":[[[42.323214279725676,-0.649449685786307],[42.33037559868778,-0.6569226874936167],[42.349322305667926,-0.6314360511025561],[42.34971026011931,-0.6208730947712708],[42.33473213852652,-0.6407015142850535],[42.323214279725676,-0.649449685786307]]]},{"type":"Polygon","coordinates":[[[40.578475066509114,-12.647727626994497],[40.59350223002958,-12.65697742955459],[40.61456257938661,-12.67188267963314],[40.61735844660787,-12.662302726088427],[40.6028841944307,-12.63909094113283],[40.578475066509114,-12.647727626994497]]]},{"type":"Polygon","coordinates":[[[40.559590753126955,-12.196179960927786],[40.58651037029989,-12.234675431352494],[40.59180333844593,-12.253195567074311],[40.61272543227228,-12.219318035594567],[40.59542409217555,-12.185684602344532],[40.559590753126955,-12.196179960927786]]]},{"type":"Polygon","coordinates":[[[40.65010609307512,-10.879776914035137],[40.665222428062705,-10.865921634913331],[40.683700976424184,-10.849687663851837],[40.664508952466385,-10.83709662571457],[40.654319887293624,-10.844625020838883],[40.65010609307512,-10.879776914035137]]]},{"type":"Polygon","coordinates":[[[39.30030053928001,-8.182669235081875],[39.29150717419975,-8.186023607883193],[39.28297693672056,-8.194537494819919],[39.297210384579124,-8.198266946540688],[39.30393024928167,-8.19207471835432],[39.30030053928001,-8.182669235081875]]]},{"type":"Polygon","coordinates":[[[39.26565331502354,-8.212981364354606],[39.27070993454302,-8.228961883748328],[39.277955924977114,-8.234888708272285],[39.27884777048446,-8.210139188576187],[39.26978691289389,-8.204732685273697],[39.26565331502354,-8.212981364354606]]]},{"type":"Polygon","coordinates":[[[-24.37651418061638,14.810586778934551],[-24.316561578588406,14.839748423421824],[-24.292972972237873,14.887553772382631],[-24.312704505235082,15.004914576446048],[-24.32091373362947,15.016306425102075],[-24.37651418061638,14.810586778934551]]]},{"type":"Polygon","coordinates":[[[-16.467143619286617,15.943112302303195],[-16.47570058863699,15.930176199406842],[-16.47271302012117,15.917372241165195],[-16.46399997097351,15.931929956799845],[-16.456860924304518,15.93854592019186],[-16.467143619286617,15.943112302303195]]]},{"type":"Polygon","coordinates":[[[-16.64360359494599,13.795358693983351],[-16.620625818590604,13.796298410383569],[-16.595405188965596,13.830116844263022],[-16.638386466267818,13.814615572526439],[-16.637748826800358,13.803616760992325],[-16.64360359494599,13.795358693983351]]]},{"type":"Polygon","coordinates":[[[-16.39172234253262,12.301036750260465],[-16.381618024347755,12.297481621387874],[-16.37338653670834,12.301903727020578],[-16.37238766236881,12.311701784223663],[-16.384953403536777,12.309318760573092],[-16.39172234253262,12.301036750260465]]]},{"type":"Polygon","coordinates":[[[-16.479142996151463,11.282303769677775],[-16.409991310036002,11.287533682233704],[-16.456183116227802,11.310761343243616],[-16.46741117938669,11.310446500441898],[-16.475589138265985,11.301644557168997],[-16.479142996151463,11.282303769677775]]]},{"type":"Polygon","coordinates":[[[-16.062172533621254,11.334988353220108],[-16.031007862431238,11.338245560265253],[-16.025964555703922,11.330629328963969],[-16.022575641173354,11.346403716903204],[-16.0446928137416,11.350390880747879],[-16.062172533621254,11.334988353220108]]]},{"type":"Polygon","coordinates":[[[-15.401739475376093,11.48366295856211],[-15.408432596969817,11.50556376021441],[-15.418621672930524,11.503746013307808],[-15.411946388727145,11.495504938332601],[-15.412191637350594,11.484292212933328],[-15.401739475376093,11.48366295856211]]]},{"type":"Polygon","coordinates":[[[-15.494025019003896,11.358465686025859],[-15.50076721337296,11.329199589518014],[-15.470739671526582,11.33389090521342],[-15.483541730947241,11.337091297635308],[-15.484754624204083,11.35886790063446],[-15.494025019003896,11.358465686025859]]]},{"type":"Polygon","coordinates":[[[-15.307255647166649,11.221137416604892],[-15.29942545323934,11.22604052505523],[-15.299826756950658,11.236095671898369],[-15.309623399695838,11.239174688890527],[-15.307786218082184,11.230156199370782],[-15.307255647166649,11.221137416604892]]]},{"type":"Polygon","coordinates":[[[-15.258780728120586,11.199534158976517],[-15.24938089840929,11.196572799565049],[-15.243370030027513,11.187299322435507],[-15.240899724583665,11.200063412997698],[-15.250433284589217,11.207271997456859],[-15.258780728120586,11.199534158976517]]]},{"type":"Polygon","coordinates":[[[-15.025159519516766,11.224387214140982],[-15.021761660059328,11.215105810224612],[-15.017454204909217,11.206602780141786],[-15.008709910383764,11.217170336028477],[-15.016018382301352,11.222970088404379],[-15.025159519516766,11.224387214140982]]]},{"type":"Polygon","coordinates":[[[-14.978949818048541,11.166135296050374],[-14.976992316603353,11.176704356551422],[-14.988215802861928,11.181857573481924],[-14.996960145456745,11.158015820832254],[-14.977513981855404,11.154537838050064],[-14.978949818048541,11.166135296050374]]]},{"type":"Polygon","coordinates":[[[-14.92626554306606,10.991112797801817],[-14.932789226700537,10.977967441921653],[-14.943103133338616,10.96894962545188],[-14.928878584778534,10.967399969899585],[-14.912313025232852,10.975901270380302],[-14.92626554306606,10.991112797801817]]]},{"type":"Polygon","coordinates":[[[-14.814845988560908,11.02818182211693],[-14.813026670215809,11.01864473507558],[-14.803247862574851,11.016574443759604],[-14.798021796382786,11.024304024851597],[-14.805325835868807,11.029980676204744],[-14.814845988560908,11.02818182211693]]]},{"type":"Polygon","coordinates":[[[-14.740173867625575,10.78932041821249],[-14.743420153582006,10.804142902854759],[-14.740022285154199,10.81470741409506],[-14.753060700267431,10.811882357386269],[-14.751647124183966,10.785334313233824],[-14.740173867625575,10.78932041821249]]]},{"type":"Polygon","coordinates":[[[-14.784907581279027,10.759327155327723],[-14.785696876489865,10.746180393166311],[-14.76943001224812,10.714075402392213],[-14.760048121261395,10.715486264867087],[-14.767989757655345,10.726062645147637],[-14.784907581279027,10.759327155327723]]]},{"type":"Polygon","coordinates":[[[-14.626422200641118,10.86317591224814],[-14.5943613072263,10.850891977596058],[-14.589786217298716,10.859908999584771],[-14.60216915754002,10.864564070742148],[-14.600323092525981,10.879382819191147],[-14.626422200641118,10.86317591224814]]]},{"type":"Polygon","coordinates":[[[-14.006040905641958,10.065681149384638],[-14.014383887477832,10.058489524856002],[-14.004506896591419,10.056654238108504],[-13.995392552445773,10.060750650924373],[-13.998611999476964,10.07094092030403],[-14.006040905641958,10.065681149384638]]]},{"type":"Polygon","coordinates":[[[12.560355696241958,-5.996409071963054],[12.55748854453759,-6.005025596322129],[12.566223914283357,-6.007513446169848],[12.570379731853855,-5.998258335697624],[12.568881490801086,-5.988204784158088],[12.560355696241958,-5.996409071963054]]]},{"type":"Polygon","coordinates":[[[48.15009557767274,-13.311422469645319],[48.15071982311539,-13.320743080081215],[48.15937047556237,-13.312949845468617],[48.17488816161099,-13.30235315044021],[48.16908685009901,-13.294429129594224],[48.15157149198334,-13.298451950349815],[48.15009557767274,-13.311422469645319]]]},{"type":"Polygon","coordinates":[[[47.22060928078339,-15.014605200954868],[47.227708176906745,-15.001111381186227],[47.23531987440014,-15.00696036668781],[47.236916241683154,-14.995098517811396],[47.223775306535146,-14.992393564610612],[47.214339847939115,-15.002399201482662],[47.22060928078339,-15.014605200954868]]]},{"type":"Polygon","coordinates":[[[43.45575910709888,11.445328114777546],[43.44860668800777,11.439362424601013],[43.4550679284405,11.428060037749484],[43.45430537928968,11.418820294752406],[43.46428042786127,11.42551190230037],[43.474826183124186,11.44568655424774],[43.45575910709888,11.445328114777546]]]},{"type":"Polygon","coordinates":[[[40.96375927109893,-2.29876751942051],[40.93672818504179,-2.2972704873172445],[40.93579174437607,-2.2867687652644393],[40.926097693571386,-2.2972704850020986],[40.91153425466917,-2.3015121180970093],[40.9276672911941,-2.3222657178964052],[40.96375927109893,-2.29876751942051]]]},{"type":"Polygon","coordinates":[[[39.211791844204605,-5.8465977143738215],[39.2300785512153,-5.858179698748427],[39.23908598226539,-5.856644900074986],[39.226970596301896,-5.817461904351936],[39.233659272864884,-5.80533780453197],[39.22308674576153,-5.767184944565846],[39.211791844204605,-5.8465977143738215]]]},{"type":"Polygon","coordinates":[[[-16.448633909926357,12.286057875637978],[-16.436710239251155,12.285604809968813],[-16.42888002869684,12.291443046836886],[-16.422632839641125,12.29894553850973],[-16.43498452494399,12.305580780009295],[-16.43716063111096,12.296165865490615],[-16.448633909926357,12.286057875637978]]]},{"type":"Polygon","coordinates":[[[-16.149468343322802,11.394058397097838],[-16.142342686385497,11.376306288985516],[-16.134227133369997,11.371440769903325],[-16.13797278680671,11.394102068437308],[-16.13461502914998,11.40377983209515],[-16.143488657023774,11.401296991875586],[-16.149468343322802,11.394058397097838]]]},{"type":"Polygon","coordinates":[[[-16.087598290559736,11.090198285547258],[-16.08691607080463,11.081183954147956],[-16.075844081837925,11.086378190973656],[-16.071509844629333,11.07801574467931],[-16.058275228680962,11.098293524215503],[-16.068205702974353,11.102896712715639],[-16.087598290559736,11.090198285547258]]]},{"type":"Polygon","coordinates":[[[-15.375221222079855,11.584605571033222],[-15.394975030508036,11.598622960571268],[-15.403576684110202,11.581342397677657],[-15.390119050354393,11.583426152793713],[-15.394159018223101,11.574912200120309],[-15.37546650770466,11.573523062559207],[-15.375221222079855,11.584605571033222]]]},{"type":"Polygon","coordinates":[[[-15.347646120378117,11.268003884900741],[-15.369040944384134,11.255347722234731],[-15.36029216483725,11.251748493826208],[-15.34971960008479,11.254726768682806],[-15.340047865281699,11.248105398179181],[-15.338625418924538,11.256996503575596],[-15.347646120378117,11.268003884900741]]]},{"type":"Polygon","coordinates":[[[-15.269219477458439,11.195269284811484],[-15.258780728120586,11.199534158976517],[-15.266240764245898,11.216536090112413],[-15.274334028381894,11.220910021772019],[-15.27811092270423,11.212402744049584],[-15.269754572665889,11.20738137347256],[-15.269219477458439,11.195269284811484]]]},{"type":"Polygon","coordinates":[[[-15.226046427142759,11.233322806433213],[-15.229707421222267,11.241825070467911],[-15.229609302036573,11.253217927310569],[-15.241987772369162,11.251870945774183],[-15.240043559334392,11.240324949335836],[-15.239619987278832,11.226867171232819],[-15.226046427142759,11.233322806433213]]]},{"type":"Polygon","coordinates":[[[-15.25433501076352,11.188965933346838],[-15.24858272869749,11.179434039358485],[-15.237751604429473,11.178156705135914],[-15.226131152457269,11.174556448455803],[-15.232275860910926,11.185378924065368],[-15.243370030027513,11.187299322435507],[-15.25433501076352,11.188965933346838]]]},{"type":"Polygon","coordinates":[[[-15.217899695004883,11.160903177328471],[-15.226131152457269,11.174556448455803],[-15.23069281244871,11.166564062366358],[-15.235508697527754,11.15354032862936],[-15.225243815386136,11.15513712610659],[-15.216454888489436,11.151882272321295],[-15.217899695004883,11.160903177328471]]]},{"type":"Polygon","coordinates":[[[-15.234710504553137,11.003841706167853],[-15.202787784076754,10.99712275336984],[-15.196009950143102,11.005246789103897],[-15.205927033132083,11.00949685888159],[-15.201757746208823,11.020194160676446],[-15.23071513269408,11.01205304718594],[-15.234710504553137,11.003841706167853]]]},{"type":"Polygon","coordinates":[[[-14.775454334577415,10.851851038213125],[-14.767628583280942,10.856742765135479],[-14.777920200388149,10.86706017609373],[-14.78249075126032,10.858043390862159],[-14.794093301667921,10.857535398113862],[-14.788100311695809,10.850699282335551],[-14.775454334577415,10.851851038213125]]]},{"type":"Polygon","coordinates":[[[12.414663513846858,-6.119759597090681],[12.403092130811123,-6.11828759318896],[12.392515154729905,-6.123386280471485],[12.395034570574438,-6.13498909419463],[12.40944190508155,-6.134926960143225],[12.418467097528403,-6.13149542891877],[12.414663513846858,-6.119759597090681]]]},{"type":"Polygon","coordinates":[[[49.57322658949254,-12.482248670024562],[49.5666360510479,-12.48890976972701],[49.55844467767498,-12.499945854827256],[49.56910188723696,-12.517267493066877],[49.57220094523533,-12.525786392689966],[49.58695614985652,-12.536942782790193],[49.57905910105931,-12.519121915529006],[49.57322658949254,-12.482248670024562]]]},{"type":"Polygon","coordinates":[[[43.492814230133085,-21.48375279524954],[43.49025465519303,-21.474628252802848],[43.49132934908558,-21.463311953859616],[43.47885275512071,-21.4601123945467],[43.46687558266518,-21.46433702248919],[43.478201711720494,-21.469885209442417],[43.48299975159483,-21.484346162414944],[43.492814230133085,-21.48375279524954]]]},{"type":"Polygon","coordinates":[[[39.7601631621945,-8.027188423453504],[39.76969221554868,-8.030760492864323],[39.80816981341533,-7.982325389467495],[39.806203345259675,-7.968410667620337],[39.78908043503068,-7.987297659615488],[39.779689578746996,-7.98913022989897],[39.76535796779275,-7.990477064785233],[39.7601631621945,-8.027188423453504]]]},{"type":"Polygon","coordinates":[[[39.357350250794894,-8.18094788265417],[39.353105221161684,-8.20556684009037],[39.36254957871488,-8.206462790303302],[39.36654491553229,-8.191249335861944],[39.368092220160335,-8.182223431990565],[39.37092375656372,-8.168046349781129],[39.35825101749741,-8.1719216751819],[39.357350250794894,-8.18094788265417]]]},{"type":"Polygon","coordinates":[[[-15.856875447819755,12.302722846751093],[-15.860242135669361,12.290083691694917],[-15.848429920740953,12.283679013618123],[-15.838856212105215,12.280873094865678],[-15.840849503308442,12.290013992870968],[-15.840880680849631,12.299420442888547],[-15.849905902703277,12.294754290267477],[-15.856875447819755,12.302722846751093]]]},{"type":"Polygon","coordinates":[[[-16.115320499201694,11.411839946158656],[-16.122334726677106,11.40189583893337],[-16.10857836404314,11.391383171511663],[-16.08931950439689,11.408976941431106],[-16.090795470609287,11.41966384928187],[-16.099691334947167,11.423112348075625],[-16.105911827081098,11.410974512306097],[-16.115320499201694,11.411839946158656]]]},{"type":"Polygon","coordinates":[[[-15.894875902549341,11.334896521378104],[-15.884013528849641,11.327197121028213],[-15.879737324536645,11.337904543901772],[-15.871398738131306,11.343596885458558],[-15.85431151945753,11.350220376517912],[-15.844581707127752,11.372026585314039],[-15.858431687809006,11.374819961388347],[-15.894875902549341,11.334896521378104]]]},{"type":"Polygon","coordinates":[[[-15.429394856070521,11.45643320440338],[-15.430215325520932,11.479113938971489],[-15.458289805354196,11.470693028202586],[-15.465883711035511,11.47918824808859],[-15.46978981877059,11.47067549305427],[-15.45786622785798,11.448142715195432],[-15.452386007679873,11.455366882250395],[-15.429394856070521,11.45643320440338]]]},{"type":"Polygon","coordinates":[[[-15.033225998488609,10.985190223209587],[-15.035179099137487,10.976168280329519],[-15.020963522084195,10.973594278182546],[-15.011831270783041,10.970114068787124],[-15.00074593578824,10.976172637508132],[-15.008700994335587,10.989444998077284],[-15.016919035605511,10.984678043215311],[-15.033225998488609,10.985190223209587]]]},{"type":"Polygon","coordinates":[[[12.657425928850529,-6.130019040123251],[12.651927844192153,-6.121750271693846],[12.64308988441048,-6.112182332840442],[12.633172820091081,-6.114456854585647],[12.6279824101244,-6.123705533092733],[12.640218226623144,-6.121958657305313],[12.64622017387649,-6.13203190257019],[12.657425928850529,-6.130019040123251]]]},{"type":"Polygon","coordinates":[[[49.58910991911641,-12.599562995467394],[49.57092569785026,-12.614667338649856],[49.58325510465513,-12.614475869979076],[49.575995677457506,-12.622425875070189],[49.58944430204077,-12.634348211696024],[49.59839822881429,-12.627956349961124],[49.5887219595447,-12.621977678825631],[49.59482198508412,-12.610159179171625],[49.58910991911641,-12.599562995467394]]]},{"type":"Polygon","coordinates":[[[47.940856668504104,-14.145312144430205],[47.949458263298865,-14.137615444107045],[47.9373116927872,-14.115886125147126],[47.94814730020899,-14.11768505608868],[47.9278494815993,-14.097726998550455],[47.911774408758866,-14.098691416162591],[47.911930477637185,-14.110787496868316],[47.91288025866033,-14.123259213728181],[47.940856668504104,-14.145312144430205]]]},{"type":"Polygon","coordinates":[[[43.96418132091629,-20.761924574160613],[43.97430349696587,-20.76288775721187],[43.97451306390002,-20.772544020789677],[43.9858436677506,-20.756650048080118],[43.98188397698243,-20.74829792969371],[43.98294966846395,-20.738865344062887],[43.97196693132959,-20.743690150210217],[43.96261168362378,-20.751358613401674],[43.96418132091629,-20.761924574160613]]]},{"type":"Polygon","coordinates":[[[43.27736830458414,-21.911115341786424],[43.28511372617288,-21.960184003906217],[43.29769731643552,-21.94615964769421],[43.311306506700035,-21.879890032734608],[43.30579060998239,-21.868249652563385],[43.296587029269745,-21.8887448332302],[43.288248472463216,-21.88248034840592],[43.28476595789112,-21.897119178322015],[43.27736830458414,-21.911115341786424]]]},{"type":"Polygon","coordinates":[[[35.42824458268285,-21.729969858427314],[35.45670705500469,-21.790926473379148],[35.49630386747658,-21.640469804706797],[35.48509364410893,-21.518830843199847],[35.463302052436745,-21.571367693798393],[35.456573206673504,-21.637087623100285],[35.434942150041735,-21.65541525388619],[35.446357447089945,-21.70631580554027],[35.42824458268285,-21.729969858427314]]]},{"type":"Polygon","coordinates":[[[-16.435042485851746,16.42023493950035],[-16.42632049428271,16.431372515908834],[-16.41722399654845,16.42860096333538],[-16.41838779121015,16.442115989644584],[-16.42858573994349,16.44951462697526],[-16.440357794279695,16.45329938416213],[-16.43686633065339,16.432202251520305],[-16.444156926820177,16.4254530240271],[-16.435042485851746,16.42023493950035]]]},{"type":"Polygon","coordinates":[[[-16.3277030061133,11.86040732649739],[-16.319779223681913,11.85168806227761],[-16.226793585142268,11.842990394003301],[-16.173855133386116,11.882561965464218],[-16.233584817120523,11.90972366623711],[-16.29097787676495,11.977762308685143],[-16.304957167668228,11.971384966100883],[-16.298206095459964,11.909950588943286],[-16.3277030061133,11.86040732649739]]]},{"type":"Polygon","coordinates":[[[48.542264588011555,-12.888253111170307],[48.57998412255922,-12.927318721248563],[48.593780558869646,-12.935854279592068],[48.60703297529745,-12.914323591667909],[48.6137037912673,-12.905930735371207],[48.60837967165986,-12.87740765967994],[48.597477169401515,-12.879150801619753],[48.573366782662184,-12.912015726135337],[48.55000114076519,-12.883123876281049],[48.542264588011555,-12.888253111170307]]]},{"type":"Polygon","coordinates":[[[44.24795408006922,-19.029445746439116],[44.238763857402475,-19.026317828331205],[44.24005699944967,-19.038942793010516],[44.243530635368494,-19.049514083652973],[44.25365275298281,-19.05728203192573],[44.25410762260689,-19.04646667923626],[44.26699889688807,-19.040595143839067],[44.25482996861795,-19.03694061182208],[44.25515997993716,-19.02354828918695],[44.24795408006922,-19.029445746439116]]]},{"type":"Polygon","coordinates":[[[44.23736813289635,-19.005707044840488],[44.26209829069735,-19.015336117979402],[44.266927562980996,-18.995267845130012],[44.26723523034506,-18.986253148683964],[44.25643077324723,-18.981058398233603],[44.247378839299124,-18.976643439082146],[44.23575844296869,-18.97195860626526],[44.23948621917797,-18.985624890465612],[44.24636217318234,-18.992219415187773],[44.23736813289635,-19.005707044840488]]]},{"type":"Polygon","coordinates":[[[39.55408130711227,-9.04621604122691],[39.58702963786973,-9.055701321724815],[39.57964532762268,-9.061513932672762],[39.584345267367226,-9.081355359117714],[39.61047109391623,-9.117917711343257],[39.629150280957454,-9.068590198543838],[39.58259283472201,-9.0395973143252],[39.567275775197075,-9.028794791075756],[39.54848516274784,-9.033722675391484],[39.55408130711227,-9.04621604122691]]]},{"type":"Polygon","coordinates":[[[39.195605292979614,-4.731769387626332],[39.19098566212499,-4.756005999497312],[39.19574348559496,-4.763871357932054],[39.20988330846882,-4.771727811780346],[39.207042843059284,-4.730991716866522],[39.20922334966147,-4.7155222427233054],[39.20921446662125,-4.693093009744859],[39.20215126121217,-4.699928086480498],[39.195605292979614,-4.718619758642488],[39.195605292979614,-4.731769387626332]]]},{"type":"Polygon","coordinates":[[[-16.159269380442566,11.87006446982366],[-16.15265208571526,11.806128024324192],[-16.0991295563144,11.781618750544983],[-16.08802637234205,11.762961395260238],[-16.042998363746765,11.758971343900264],[-15.983937547860101,11.880742332739132],[-15.994866805107236,11.88945192152699],[-16.06686795242819,11.871199041429005],[-16.111204743826388,11.868092064370162],[-16.159269380442566,11.87006446982366]]]},{"type":"Polygon","coordinates":[[[-16.12332464139381,11.318758535190403],[-16.113737582034528,11.295793947055516],[-16.087571557906315,11.308942426925814],[-16.07692319357999,11.312549707432794],[-16.068410752586153,11.31708392340111],[-16.07821185640159,11.326777398730332],[-16.087575953543706,11.333764110449032],[-16.123850779556438,11.343430823289442],[-16.11413440918478,11.320778600594338],[-16.12332464139381,11.318758535190403]]]},{"type":"Polygon","coordinates":[[[-15.017454204909217,11.206602780141786],[-15.027112612095554,11.19500249865663],[-15.032463473433427,11.171546777014413],[-15.020285674110955,11.184862747541588],[-15.017583494660123,11.175413884177804],[-15.006881595846405,11.182115600467313],[-15.010926009426692,11.190881855049486],[-15.000353560341368,11.199516683426646],[-15.009231589219908,11.201961839325206],[-15.017454204909217,11.206602780141786]]]},{"type":"Polygon","coordinates":[[[-15.031669741363473,11.094994145217425],[-15.03180359030308,11.10453317952932],[-15.042371584804087,11.09757149748227],[-15.052284225081262,11.089064941225242],[-15.060373011368322,11.084680316895314],[-15.055414451606358,11.068572159610898],[-15.04341061294764,11.075403226237299],[-15.032583857807802,11.081074584613487],[-15.03949995642833,11.08752028087059],[-15.031669741363473,11.094994145217425]]]},{"type":"Polygon","coordinates":[[[-14.974263318239537,11.01973019127308],[-14.969309271587534,11.011742308236135],[-14.953653365214226,11.014832423838506],[-14.951174056544847,11.023595018021489],[-14.934211650456355,11.046016596498797],[-14.944387327250661,11.04627484925542],[-14.95782710788766,11.037259118752397],[-14.967476591197663,11.045762776571872],[-14.96878308693805,11.03390655815277],[-14.974263318239537,11.01973019127308]]]},{"type":"Polygon","coordinates":[[[-14.957309784995328,11.002975030070658],[-14.94504729766942,11.002200296910607],[-14.933961938908693,10.996785702968365],[-14.92626554306606,10.991112797801817],[-14.91530953885015,10.992784893953115],[-14.920785352596544,11.002966251499762],[-14.928606602585232,11.013536835531061],[-14.9374802163669,11.008770323434922],[-14.953653365214226,11.014832423838506],[-14.957309784995328,11.002975030070658]]]},{"type":"Polygon","coordinates":[[[-14.81217944322979,10.918379292793059],[-14.810230856375888,10.907809656566224],[-14.798882392113935,10.912696094593946],[-14.778406220140642,10.917451077389384],[-14.770843572162097,10.912293240234254],[-14.766402359364147,10.922726936087342],[-14.775008387134982,10.92582679582385],[-14.78347617589806,10.937433403034921],[-14.801214527978988,10.932030703684449],[-14.81217944322979,10.918379292793059]]]},{"type":"Polygon","coordinates":[[[47.582728454770475,-14.547593739214895],[47.57554040686519,-14.56595383520662],[47.58131043113091,-14.58455409379148],[47.60460928795842,-14.564987122036545],[47.60637505032215,-14.58028608331374],[47.62837623109097,-14.563303936641725],[47.629214576197015,-14.544628553841024],[47.61169925837379,-14.538775736376566],[47.6076815710809,-14.511788495707439],[47.58603265023753,-14.51357133214],[47.582728454770475,-14.547593739214895]]]},{"type":"Polygon","coordinates":[[[32.90371562377276,-26.02539819965334],[32.904478088439674,-26.062232314056253],[32.92257754828957,-26.037254188170728],[32.91760120599595,-26.027497870928627],[32.9407885205701,-26.03738641603717],[32.9549863488888,-26.06972670785589],[32.99277274116774,-25.97442677403797],[32.97709902108076,-25.98124135011695],[32.95521372539396,-25.998668838222013],[32.93949541885571,-25.988304058309694],[32.90371562377276,-26.02539819965334]]]},{"type":"Polygon","coordinates":[[[40.82654381256196,-2.277817563607585],[40.81552532020877,-2.330583985564818],[40.895445780872556,-2.2973017044669137],[40.91153425466917,-2.3015121180970093],[40.88803478606195,-2.2529552554098053],[40.880534587094004,-2.2477777508210504],[40.878777713813044,-2.2573930711894525],[40.86738472901612,-2.2617863292909948],[40.83588560044347,-2.270332152323468],[40.835898955353244,-2.281154810874327],[40.82654381256196,-2.277817563607585]]]},{"type":"Polygon","coordinates":[[[-16.283036221574562,11.240241826174005],[-16.234369616509078,11.215608807229293],[-16.197956538613937,11.216383002165832],[-16.154734526398215,11.24893198513237],[-16.152415809145754,11.269670110147144],[-16.185747596636553,11.296117519556184],[-16.205318562943845,11.289282840432765],[-16.209799998696802,11.30698351493727],[-16.229433385479688,11.305243243480835],[-16.262114095319866,11.277043047340577],[-16.283036221574562,11.240241826174005]]]},{"type":"Polygon","coordinates":[[[-16.12538469928494,11.043802124266957],[-16.11103975295319,11.043854616074814],[-16.101635503410197,11.040541560294173],[-16.108903855939793,11.03162200931329],[-16.080967628532836,11.025153109030843],[-16.05481497987964,11.04263789863642],[-16.059278541087107,11.05112833335824],[-16.070131975917096,11.057530934710002],[-16.11885656150165,11.064918063753224],[-16.13142233678737,11.05370164793034],[-16.12538469928494,11.043802124266957]]]},{"type":"Polygon","coordinates":[[[-15.976575636379074,11.167893941090739],[-15.956166270828838,11.152757199972656],[-15.9408046834318,11.163497417479523],[-15.9344995373598,11.151405392675855],[-15.930874269843475,11.160050085936806],[-15.917684243061741,11.157258915773157],[-15.912226283169948,11.164748535596496],[-15.917867083016265,11.173751572809419],[-15.933683498775585,11.180917030689589],[-15.94632505186694,11.175466371199454],[-15.976575636379074,11.167893941090739]]]},{"type":"Polygon","coordinates":[[[-14.060406270573695,10.034265838662481],[-14.0535436827457,10.02497018780127],[-14.037696050407787,10.019771148497286],[-14.035386237369966,10.010352154698886],[-14.024858315181495,10.008907484065412],[-14.021705664949724,10.01972284449688],[-14.030137811132532,10.025677116659459],[-14.036072932154443,10.041927908464773],[-14.044683478656983,10.03113070607143],[-14.0534901718485,10.043267029825191],[-14.060406270573695,10.034265838662481]]]},{"type":"Polygon","coordinates":[[[51.23087510880374,10.424869250029266],[51.2705253886808,10.412089648410069],[51.273798365442424,10.376765459961556],[51.37597423796002,10.370475609020541],[51.414598996228044,10.442086248347657],[51.38952097701951,10.47923148749472],[51.29992870355836,10.477652991675681],[51.21532171617026,10.526955515089021],[51.20205147629682,10.52205852854361],[51.20071371389761,10.473171702857773],[51.23700192418974,10.434275999018666],[51.23087510880374,10.424869250029266]]]},{"type":"Polygon","coordinates":[[[39.570758355368056,-5.408455769129811],[39.60767528427219,-5.4547820309860136],[39.615211158235866,-5.467752371239276],[39.63300292478834,-5.46484494852568],[39.634902570335335,-5.48226712218076],[39.64897096216793,-5.4863729289432],[39.65584244291996,-5.461724418354783],[39.66591556693175,-5.460539242385759],[39.64904680338951,-5.451151009721341],[39.6195364876232,-5.451830145085092],[39.61803373148579,-5.434695616816404],[39.60398309558924,-5.432276337382697],[39.601343363157675,-5.416721594196505],[39.570758355368056,-5.408455769129811]]]},{"type":"Polygon","coordinates":[[[-23.243853514773235,15.209354319268714],[-23.24650668347766,15.14872615574857],[-23.185929735460007,15.114496776653501],[-23.158742638768178,15.118595020476604],[-23.099418771475303,15.165391187945174],[-23.118494776030083,15.295889725338164],[-23.141771296208002,15.306745513764],[-23.17351117803262,15.308586285294203],[-23.170064282377183,15.32353132748587],[-23.19417021462942,15.316929798404116],[-23.213741186949,15.304848755641222],[-23.2456327145818,15.260539875929522],[-23.22905817427799,15.225993056010719],[-23.243853514773235,15.209354319268714]]]},{"type":"Polygon","coordinates":[[[-15.39420361237678,11.230313639662254],[-15.404116223227373,11.222051594008304],[-15.39809192742066,11.21020262657505],[-15.406702495311016,11.204778793507206],[-15.391942819527168,11.199000488884996],[-15.39075675968051,11.189079644601607],[-15.376121944784057,11.176984327313923],[-15.374699466320333,11.187036837568137],[-15.376799723866654,11.196314730266272],[-15.371065359532672,11.203409679084322],[-15.36715916044488,11.211917204044365],[-15.371867948112653,11.220288890294528],[-15.376295834850923,11.211134236656964],[-15.389089033252548,11.213050073049258],[-15.39420361237678,11.230313639662254]]]},{"type":"Polygon","coordinates":[[[12.579239987526911,-6.088971173220862],[12.580872080522267,-6.09799409598228],[12.590476922594192,-6.108342725966752],[12.590945192107032,-6.118646720893266],[12.598512207245326,-6.124091243381838],[12.607162920885713,-6.117431905888813],[12.613695462130186,-6.124414898675045],[12.606337926921563,-6.129664299637219],[12.62126703172236,-6.129730832457759],[12.63721723786238,-6.130573195136487],[12.6279824101244,-6.123705533092733],[12.618368583740153,-6.115937675021397],[12.602204374469848,-6.104529628367743],[12.593375372357633,-6.093156749936822],[12.579239987526911,-6.088971173220862]]]},{"type":"Polygon","coordinates":[[[43.24181587827399,-11.710169269126661],[43.232960116764545,-11.750087344587374],[43.25276744227253,-11.787236654078079],[43.30099257155844,-11.852901284257639],[43.35841245585219,-11.85522727781419],[43.40435012091683,-11.50714549076668],[43.4111279647575,-11.416232698830715],[43.406477091642735,-11.406673458468847],[43.383958651137036,-11.371510699521997],[43.31970297567851,-11.375012353688813],[43.279089530911406,-11.397966179743129],[43.263883934495425,-11.450952866130251],[43.27499154623777,-11.514394321268218],[43.262635381320145,-11.652122024599485],[43.24943647143583,-11.704907776137468],[43.24181587827399,-11.710169269126661]]]},{"type":"Polygon","coordinates":[[[-16.052353584952442,11.157070850327125],[-16.042044104270772,11.156462761227036],[-16.048135212753962,11.144974167664117],[-16.020841121144706,11.138240970341442],[-16.016997379373247,11.159126996128139],[-16.008895131643882,11.154774035453615],[-16.006580842994488,11.164962896269648],[-16.00337474436533,11.182496215611865],[-16.005118342464566,11.1955055395284],[-16.015704192727586,11.199722236233018],[-16.013291809983528,11.181945039080949],[-16.022825391106196,11.183462918634637],[-16.038788984910592,11.195260575614714],[-16.033928515486025,11.185742025599463],[-16.034936275269924,11.176459377469543],[-16.052353584952442,11.157070850327125]]]},{"type":"Polygon","coordinates":[[[-15.733527804666162,11.455310024601676],[-15.703451189115585,11.443531871406435],[-15.688062815934726,11.455039042725819],[-15.676295239684665,11.451070832856509],[-15.679920529677,11.436241869691289],[-15.645224263669988,11.45977206491519],[-15.657781089146518,11.466576346510708],[-15.664496477005493,11.48911213160873],[-15.663091890373394,11.503676117754932],[-15.67222409202075,11.497340180445192],[-15.688392772398716,11.483772240303571],[-15.688370482862807,11.47475273177341],[-15.707424292253576,11.465684861402824],[-15.714719343572755,11.457163048618408],[-15.71735913132753,11.468368099955699],[-15.733527804666162,11.455310024601676]]]},{"type":"Polygon","coordinates":[[[-15.345363070386309,11.213876740146674],[-15.349131003750966,11.200986369522457],[-15.340087978405332,11.203484017661378],[-15.335548644284177,11.194302559860976],[-15.332922173316772,11.178449854652142],[-15.315166059948332,11.175505764295984],[-15.313872896305421,11.185689548452526],[-15.30461139223507,11.192272918660406],[-15.29731623514995,11.204393833103099],[-15.311536347791632,11.199223573888647],[-15.313636542393573,11.20811179595673],[-15.316780272858802,11.220612627993468],[-15.325653849513376,11.217765226916207],[-15.326300430274637,11.208746005165882],[-15.336881906473218,11.217367147148332],[-15.345363070386309,11.213876740146674]]]},{"type":"Polygon","coordinates":[[[-22.961244598456226,16.08535364323944],[-22.958462078227452,16.017479450932164],[-22.878670989522373,15.971648372951833],[-22.79816188368984,15.964789096567806],[-22.776495149343962,15.997715765003848],[-22.74191926208623,16.01350629249468],[-22.6771062135518,16.062258660361916],[-22.672540077334933,16.099209310665326],[-22.68230110624626,16.104890128844204],[-22.682042412449057,16.14846320323986],[-22.722223384675978,16.20212824513052],[-22.79743507871137,16.227386139556916],[-22.806116970692617,16.2073822140616],[-22.87927291005441,16.203507083005658],[-22.923324361126685,16.220201754594648],[-22.9148387686096,16.109726762158914],[-22.961244598456226,16.08535364323944]]]},{"type":"Polygon","coordinates":[[[-16.030396958563404,11.109473236066972],[-16.02294134333965,11.104086836834396],[-16.024310266522406,11.08629938088318],[-16.021148799571915,11.076646012374209],[-16.002630144487256,11.0791535366849],[-15.99926791395015,11.087542140372571],[-16.006594293388346,11.093572074765524],[-16.01470532162957,11.100118189829594],[-16.000891052358636,11.104415055187982],[-16.00536358625682,11.114968816515606],[-15.993274920522708,11.12789368130411],[-15.98841892053151,11.120048724150811],[-15.981480646884004,11.112986771203525],[-15.979295615844096,11.123045807346875],[-16.001038195350425,11.148097961102671],[-15.9994328992171,11.135607171891051],[-16.008560751121024,11.134417106893954],[-16.030396958563404,11.109473236066972]]]},{"type":"Polygon","coordinates":[[[-16.41729974363991,11.524303849233618],[-16.393238450701347,11.493499283719192],[-16.37607540942638,11.509553024280436],[-16.35733820785262,11.49779025260996],[-16.332532241135496,11.500739765398524],[-16.322312016335403,11.494600468976708],[-16.303748754498244,11.491078449469075],[-16.269779363502863,11.490711455656161],[-16.24564217778192,11.557040413542822],[-16.244901954079396,11.566577100933548],[-16.240117364787,11.578004978519573],[-16.2851364555304,11.592429040456588],[-16.31930654578548,11.5505310052787],[-16.310535485030684,11.546450547581198],[-16.32253493161842,11.54188498352895],[-16.3324965837031,11.548796562455506],[-16.350520277991816,11.547809183739012],[-16.387686898674463,11.56013347402387],[-16.41729974363991,11.524303849233618]]]},{"type":"Polygon","coordinates":[[[-15.964188197959032,11.051574720291198],[-15.953994708059012,11.046069073873307],[-15.90627340900648,11.053298953199699],[-15.91281493971461,11.059854694039224],[-15.907356941596904,11.067084232171231],[-15.90751745551594,11.076619795450815],[-15.905461883926227,11.086163745666257],[-15.899388596909068,11.1055089727217],[-15.907111734668208,11.113993069689577],[-15.914977605076093,11.12582416762678],[-15.935181753336742,11.11996117064498],[-15.91373790095199,11.10521141856448],[-15.930076083919422,11.07307520037407],[-15.940247313003372,11.071495407212641],[-15.94277557204247,11.086561956272028],[-15.954199814973466,11.069775590166547],[-15.946998346304843,11.061163203000845],[-15.955858607354898,11.058432473391502],[-15.964188197959032,11.051574720291198]]]},{"type":"Polygon","coordinates":[[[-15.283680326073739,11.166774019713865],[-15.292950777583641,11.167797686797973],[-15.287350166926176,11.179145401293217],[-15.295577255291608,11.184420957864823],[-15.299220291215304,11.174490869509446],[-15.303255785442197,11.16598225017651],[-15.309663505642474,11.156440817675621],[-15.300504500610618,11.15258219699423],[-15.304540025434507,11.144331031830507],[-15.29266541953799,11.145630456166028],[-15.283782852972783,11.139067868889757],[-15.27542211392035,11.127989900462346],[-15.26838120672454,11.133795830585049],[-15.275439885566124,11.143972348305946],[-15.275707442831427,11.152993461237998],[-15.267881746876107,11.159831344297567],[-15.260323590160866,11.169503802753892],[-15.271979629640514,11.167907071320306],[-15.283680326073739,11.166774019713865]]]},{"type":"Polygon","coordinates":[[[-14.787957586106192,11.050073614124752],[-14.78744482569259,11.037569884130999],[-14.798021796382786,11.024304024851597],[-14.778847636720501,11.019909640149875],[-14.781335814451818,11.00882724936696],[-14.782388184832856,10.99851912589949],[-14.795297305340586,11.001105978847093],[-14.79270205769635,10.985509780267893],[-14.78279399926979,10.975450346586966],[-14.764783641097704,10.988582701247465],[-14.746015290873215,10.973747524498522],[-14.732950144405132,10.998348384373198],[-14.722368705558784,11.014193393620864],[-14.754197801613527,11.0170558948682],[-14.764507224138598,11.008687140104403],[-14.759009166012754,11.03497451686293],[-14.763958753811973,11.044769322140576],[-14.77857119476678,11.0402702183676],[-14.787957586106192,11.050073614124752]]]},{"type":"Polygon","coordinates":[[[-22.994433684608286,16.814521627250574],[-22.98860115932696,16.755910953413807],[-22.97712342154517,16.74796471171969],[-22.983388529243243,16.721344011396184],[-22.987009240415624,16.690614934086913],[-22.947024560014114,16.690644791830973],[-22.940416107363106,16.660209852955223],[-22.95030645026622,16.642501930661794],[-22.92964741149313,16.60917499682877],[-22.922820558666782,16.58148793380581],[-22.886973838762213,16.59568877639131],[-22.898843969083625,16.63228229276912],[-22.87697204595244,16.67756154758275],[-22.878965267893857,16.693130705379176],[-22.895637883254707,16.73702051090617],[-22.882260506290823,16.77032519379075],[-22.906740997584958,16.804311249191407],[-22.889060675410906,16.83557682107026],[-22.913853243982274,16.839319783592874],[-22.91822314311673,16.853723439014626],[-22.945981075695546,16.835683484458777],[-22.994433684608286,16.814521627250574]]]},{"type":"Polygon","coordinates":[[[-15.61772945643273,11.537782537141974],[-15.627236265882464,11.524627230790259],[-15.559301824233968,11.504952022098736],[-15.54027039690063,11.515456089435192],[-15.55441022755394,11.531652824170962],[-15.551828384945775,11.54457625213462],[-15.521296918121944,11.541247138172134],[-15.513110020466598,11.560587772480313],[-15.50954714672057,11.569630752216176],[-15.492107628886709,11.552684778859033],[-15.462927322260615,11.559281589070919],[-15.468924817117918,11.567691114839024],[-15.477116174929302,11.572103244932219],[-15.476772752093884,11.600488092411684],[-15.459435829927056,11.631805022303968],[-15.46885785231119,11.637779707084372],[-15.479167337993026,11.618322165220972],[-15.52099812475228,11.61412905760881],[-15.550281032758127,11.580612941678655],[-15.55674674531996,11.56992338661118],[-15.590921334895096,11.563781215810025],[-15.61772945643273,11.537782537141974]]]},{"type":"Polygon","coordinates":[[[-16.26627446332539,11.465732964719606],[-16.257271544589496,11.468088434777542],[-16.265708171994067,11.456712880238179],[-16.253405488776952,11.450327919271473],[-16.252272890364058,11.460379470326561],[-16.241151858480357,11.45643322882697],[-16.22728409019333,11.450694961960572],[-16.221826122308805,11.458189996313415],[-16.235346176254836,11.47230554872597],[-16.217090558308122,11.480372440497552],[-16.206326307214763,11.468049116198625],[-16.19342609400271,11.475316439082258],[-16.197376887260226,11.483671726537985],[-16.20211243159436,11.491384359694829],[-16.20374452812077,11.506066207521142],[-16.18034757883095,11.503199843568424],[-16.17913022348932,11.493669699288764],[-16.17295883885415,11.486219277955245],[-16.168428426948914,11.495775873483703],[-16.170426135459625,11.50478595995021],[-16.166747352030917,11.531727039522707],[-16.243185220183992,11.50345329112504],[-16.26627446332539,11.465732964719606]]]},{"type":"Polygon","coordinates":[[[-16.079576326955447,11.447006425301204],[-16.030209616294535,11.424882518583875],[-16.00439149012832,11.438969110165717],[-15.981199660406586,11.43855828182838],[-15.971251445825121,11.436324953596435],[-15.95807474574045,11.433400996958506],[-15.968758758026214,11.4263161746574],[-15.939034423967724,11.430892233823377],[-15.905711569790306,11.458697010426807],[-15.90366040933803,11.511147878567856],[-15.910509528124946,11.52223284817357],[-15.898371875755576,11.543291798024004],[-15.913051281174095,11.550622722425086],[-15.908716967548829,11.580586720729958],[-15.917617381044185,11.584295393346531],[-15.93540915920894,11.58250873476283],[-15.95874368915582,11.610704683041316],[-15.980834037906959,11.574422953002514],[-15.987143679477802,11.584452629680026],[-15.991027529136401,11.574261264223983],[-16.005470561069593,11.55694428505078],[-16.004520791810435,11.546380637908587],[-16.012475792645603,11.5417146588565],[-16.011178242549303,11.5325309471975],[-15.999936822488598,11.506839658163065],[-16.02268719909251,11.511785815906697],[-16.055194017569423,11.470177286262285],[-16.079576326955447,11.447006425301204]],[[-15.980272156926809,11.56334436454644],[-15.970729667733872,11.56144404459755],[-15.980834037906959,11.574422953002514],[-15.980272156926809,11.56334436454644]],[[-15.979099447525822,11.508980631007312],[-15.967581547261666,11.509649163442994],[-15.961829357843465,11.519982681566546],[-15.945776539632464,11.525186487929824],[-15.939868233924043,11.516832441275527],[-15.956366987448849,11.50919035507003],[-15.931248849216958,11.50299010245317],[-15.931957854082482,11.512192207659883],[-15.930187587735976,11.52249065505925],[-15.937950888843243,11.53001440263951],[-15.96145032530216,11.556887556909041],[-15.96662291165938,11.545996157888009],[-15.987941836103616,11.514092860357364],[-15.979099447525822,11.508980631007312]]]},{"type":"Polygon","coordinates":[[[-15.075150498503382,10.876028548431487],[-15.017293618266011,10.782381992334923],[-14.949363687253861,10.7731085920861],[-14.946081776704641,10.80247847282514],[-14.990003966428379,10.831516985696034],[-14.962143485621269,10.831284872545067],[-14.972876551286921,10.865085233992476],[-14.965915887816204,10.879330306744928],[-14.95843793253751,10.863543707402439],[-14.923451861386827,10.895124755256722],[-14.911349872133174,10.908221277068225],[-14.929605417582444,10.870541555882905],[-14.916544677060621,10.818688724288252],[-14.89600605986521,10.812110095412564],[-14.885625269560915,10.850042361983935],[-14.880599855101867,10.871286011081022],[-14.867971720499233,10.886402200486119],[-14.869041865277843,10.897073321426408],[-14.858398020198115,10.899157517021417],[-14.856391406231648,10.928256732670212],[-14.876323638902534,10.941242328493926],[-14.886704443066032,10.928966018717867],[-14.877772817802407,10.917569284239748],[-14.884176107827294,10.90824751185488],[-14.900135257742074,10.913948323449977],[-14.943103133338616,10.96894962545188],[-14.985250551187175,10.960579453470642],[-15.075150498503382,10.876028548431487]]]},{"type":"Polygon","coordinates":[[[-15.022666892924457,11.061745307128202],[-15.033234915888562,11.07205558922405],[-15.049800456668402,11.052463075228875],[-15.055410081483455,11.043053722967523],[-15.061933735416712,11.054007975231782],[-15.065322624615316,11.04395525716627],[-15.071306688835687,11.061478348224222],[-15.08985216155065,11.050393092016396],[-15.089067337727707,11.041373146321458],[-15.087497701379924,11.029000320404336],[-15.091497556292763,11.020145999775641],[-15.08762258664816,11.008892878629478],[-15.094400431566605,10.993686599287042],[-15.090355992240834,10.984021437364177],[-15.097004508191839,10.97100276620682],[-15.090868834244782,10.963915326446738],[-15.088255756425717,10.953089086656913],[-15.081477898575875,10.962628239177278],[-15.067654734353969,10.965854619135294],[-15.061394138291117,10.956446891195975],[-15.056828058746675,10.964825848155439],[-15.04730780803883,10.967277380066015],[-15.035179099137487,10.976168280329519],[-15.044962345325844,10.986091935066492],[-15.049916394744502,10.977455288563574],[-15.0623082436299,10.979000543605087],[-15.05435322867792,10.986345885846394],[-15.054228368884418,11.000913365828335],[-15.06010098544938,11.009418148867171],[-15.049795997513284,11.00993456530298],[-15.040142035316617,11.01277092061808],[-15.040012727558418,11.022049969138603],[-15.03257939912568,11.050659987699055],[-15.020575555868183,11.052725675356571],[-15.022666892924457,11.061745307128202]]]},{"type":"Polygon","coordinates":[[[40.9714556251821,-2.1147655785769133],[40.98506034970617,-2.138195408843172],[40.99377346834272,-2.1405036254097345],[41.016060002592226,-2.142406304776789],[41.01246150851153,-2.1326209611748843],[41.02322137421862,-2.1332492199827504],[41.02756455641689,-2.1239673274022923],[41.041142462451575,-2.1257542009728425],[41.033954428577374,-2.1159731656954697],[41.04615002416056,-2.114346705089272],[41.050435231784796,-2.125464579859961],[41.04935169353702,-2.136822934254487],[41.06939091241007,-2.1341270719928502],[41.07970029962983,-2.1336903973176855],[41.090593879263764,-2.1406328363983036],[41.11235876054699,-2.1375092067815036],[41.101295726421455,-2.1004214684035305],[41.11179250446924,-2.0957693013536516],[41.11791930695428,-2.082102320037859],[41.1217719450799,-2.0908586528404496],[41.135095725647155,-2.093157977697091],[41.127435015203375,-2.1104342855776013],[41.139724254960434,-2.1086117471936197],[41.14201630243033,-2.09959260888024],[41.15967877767732,-2.092351451878793],[41.15991511290631,-2.0763761165997963],[41.13966628263375,-2.063266007040781],[41.135581809348146,-2.0738361032162453],[41.130449383297325,-2.0655966187025157],[41.10302145504283,-2.047080996115836],[41.08024881409071,-2.063858720992605],[41.0700107171847,-2.079767265683883],[41.05747614876424,-2.0839872684331473],[41.0211344911218,-2.1041334117805057],[40.99995823735822,-2.0976854244236995],[40.9714556251821,-2.1147655785769133]],[[41.08518950888297,-2.123116228072186],[41.07545974048646,-2.1249343062369146],[41.07970029962983,-2.1336903973176855],[41.08518950888297,-2.123116228072186]]]},{"type":"Polygon","coordinates":[[[39.610703015040464,-7.960236421342598],[39.61304400622135,-7.969386552716003],[39.61797581727909,-7.980077633221648],[39.691435035433926,-7.992075519974122],[39.747762358946545,-7.966975394033522],[39.7315580391356,-7.953722572857026],[39.739816283106165,-7.932961516845503],[39.74962181427411,-7.92237519817972],[39.78435819492654,-7.9016875924896475],[39.8066001945492,-7.904995720353587],[39.80842848008329,-7.914403250793319],[39.81616495700176,-7.905494814915946],[39.81851051834587,-7.914769837384116],[39.83040288644682,-7.915520662263164],[39.85488337645213,-7.875256797226856],[39.84943880796781,-7.867018968370425],[39.89817677385798,-7.751437422199498],[39.909578718943706,-7.643925182562371],[39.89885459955223,-7.641883380977162],[39.89835960400703,-7.653484412956188],[39.84839541208779,-7.73349409962901],[39.83703362456178,-7.738933296271396],[39.838188466940494,-7.751759991714205],[39.830327112724724,-7.745132387705388],[39.79234004150957,-7.772371125576343],[39.78591447808385,-7.78352229128686],[39.816445895062884,-7.7912360912157705],[39.718033591643,-7.821378637519765],[39.719090390106686,-7.8355589272046355],[39.735080716665145,-7.834313222059239],[39.72881563534819,-7.853069434886228],[39.709048494909744,-7.857742847133595],[39.643999102250014,-7.921006064884902],[39.63083135685199,-7.932365305679623],[39.62177495268062,-7.927741271704461],[39.616896712001825,-7.950693085436791],[39.610703015040464,-7.960236421342598]],[[39.80707732148774,-7.885018408541165],[39.79920259935681,-7.891091604808498],[39.808129674031335,-7.894682547306797],[39.80707732148774,-7.885018408541165]]]},{"type":"Polygon","coordinates":[[[-23.77747859272272,15.140604072426882],[-23.782668949282623,15.06042107806729],[-23.762968635102172,15.026388514060432],[-23.738559588070288,15.021332462981979],[-23.727951330133934,15.000000128781164],[-23.734626663576133,14.977963562862723],[-23.630439748727937,14.907251230288688],[-23.540053704352037,14.898844108671334],[-23.52136568697562,14.89739620798295],[-23.513905592224507,14.910547545313165],[-23.488368278533414,14.910301988627186],[-23.461337235777368,14.961279545613788],[-23.471833922914513,14.972445479601921],[-23.446341253880064,14.97908358047152],[-23.451745674153507,15.004759477886964],[-23.439706162707427,15.007843300061772],[-23.454086781531945,15.032064533950756],[-23.46450320206836,15.033360797319911],[-23.464601306520187,15.045987071935373],[-23.499435831956504,15.083357546249108],[-23.514462924934083,15.127548716569274],[-23.53835480168202,15.12688581317951],[-23.54942678106293,15.14975057027422],[-23.584270206006575,15.156344420408255],[-23.62551691718243,15.22072662209391],[-23.70240068968484,15.269401571135635],[-23.69301426954513,15.306083117353031],[-23.72185129121095,15.32684702237667],[-23.72935593450708,15.318744736308297],[-23.74977421455186,15.324752658986872],[-23.778802900704225,15.314155865346851],[-23.763753509678452,15.299145605755815],[-23.78589738291281,15.286771099748494],[-23.767842464821033,15.280052259908484],[-23.767601693265963,15.25319646204587],[-23.75210628664829,15.240939664127724],[-23.77747859272272,15.140604072426882]]]},{"type":"Polygon","coordinates":[[[-15.78326466555502,11.203256595596763],[-15.769218448512135,11.172880985083484],[-15.754463272781596,11.169696282000745],[-15.757878960870215,11.178449776635452],[-15.747961973163957,11.178992212122816],[-15.720007821033668,11.169652555635901],[-15.719508413298914,11.214327310014141],[-15.745174979508283,11.212245299108833],[-15.738013646577214,11.219094849835813],[-15.72748128385665,11.234709224104735],[-15.711557826257861,11.23565389244389],[-15.71153105749317,11.225729968962836],[-15.705234867114632,11.21311571203754],[-15.695589839993417,11.210228854435991],[-15.69494323983993,11.21996960419103],[-15.68051354778858,11.24552067363044],[-15.693560885739094,11.243683788144011],[-15.69986159476349,11.257971751810794],[-15.69232123407057,11.270877048483005],[-15.679229319173137,11.255575196356453],[-15.677690978013452,11.267562252456296],[-15.66930784870617,11.255855027419841],[-15.664505427442883,11.26694558719575],[-15.655582778146542,11.30408013766285],[-15.667831888272755,11.294001086846361],[-15.698131503155512,11.297796595882629],[-15.706215879579446,11.293139692002566],[-15.711941363105216,11.286038202181077],[-15.7408808502377,11.269215283896344],[-15.75407534820373,11.272145209930532],[-15.753397556748022,11.261837695772618],[-15.75806630034908,11.250484521020793],[-15.766110436957893,11.231652058357458],[-15.758779750299432,11.223293775652197],[-15.76895981122574,11.222882608117942],[-15.769178327468763,11.206257171622433],[-15.78326466555502,11.203256595596763]]]},{"type":"Polygon","coordinates":[[[-15.395407569527872,11.440887794157398],[-15.4079599855981,11.449501840698634],[-15.410586355585151,11.45826435113351],[-15.420387467561527,11.46044073085642],[-15.429394856070521,11.45643320440338],[-15.41853247200015,11.4426621960376],[-15.419170107719047,11.430673683651666],[-15.427249980131837,11.420350008185258],[-15.441492414554743,11.422006562484455],[-15.45309939828181,11.410646678598326],[-15.468010646912393,11.422994407475556],[-15.477000210412793,11.407517052890663],[-15.474503102684254,11.397983683440339],[-15.467462147091798,11.407018739614783],[-15.465219261235085,11.392073817471339],[-15.469517845695107,11.384074299147347],[-15.479046901572165,11.382513778111147],[-15.483867195026873,11.374771936205207],[-15.46764945042232,11.36010948628424],[-15.452742702614692,11.348921944731382],[-15.444025163112844,11.370715075564588],[-15.452131762413954,11.376371889169357],[-15.438562721481148,11.383864483859146],[-15.430309001766148,11.36751071767225],[-15.420650514945144,11.373141316159707],[-15.436359986755594,11.398171644590114],[-15.422643806823405,11.395229824298928],[-15.429845179708272,11.406428693425239],[-15.415870408523732,11.407866720740772],[-15.406849604219836,11.403111029376815],[-15.380451734795246,11.392065124561114],[-15.379024841828889,11.40096042102472],[-15.374208986972786,11.414882080064679],[-15.379970174964635,11.422736489618059],[-15.357233226568828,11.418125252188727],[-15.363391187058046,11.43396921828269],[-15.383648883104904,11.441547672232568],[-15.395407569527872,11.440887794157398]],[[-15.417975101298024,11.41972062797835],[-15.40716178654244,11.4373913229016],[-15.419170107719047,11.430673683651666],[-15.417975101298024,11.41972062797835]],[[-15.39224603821968,11.420529287176237],[-15.384398092101474,11.413968593923764],[-15.379970174964635,11.422736489618059],[-15.39224603821968,11.420529287176237]]]},{"type":"Polygon","coordinates":[[[-15.89978094789113,11.233209042164855],[-15.898933693049473,11.212722042263586],[-15.892120214588823,11.204367574311359],[-15.866248475484765,11.193878287501096],[-15.841469292306188,11.200649570029107],[-15.83276511039007,11.213946768365377],[-15.842954178249325,11.216754793495562],[-15.852478819695824,11.217113447218626],[-15.857142988643012,11.204214515092824],[-15.87245115536938,11.217441544367597],[-15.861303360523658,11.242730348818327],[-15.851274829532056,11.251394176566986],[-15.859907659346199,11.25613494657203],[-15.850004009239429,11.262222533246346],[-15.845197118513138,11.270094275752088],[-15.841964282834196,11.280799424359246],[-15.831110809173499,11.275289450653439],[-15.820565052749458,11.286011971477839],[-15.82935394774398,11.30003544184146],[-15.821559402749552,11.313717162974891],[-15.803642751188388,11.30332802142211],[-15.805493241811106,11.312213040765524],[-15.79154519683194,11.319213279481492],[-15.79496085754645,11.327708691859959],[-15.80656794834071,11.32161806088163],[-15.80294265268974,11.332841577873989],[-15.813390303829502,11.334485555278725],[-15.806117570481362,11.348038853687417],[-15.794885082664363,11.346906496934764],[-15.782421881985272,11.373486637557848],[-15.818268572545328,11.349551527495985],[-15.81990063284438,11.327769823105138],[-15.836292263080116,11.306589951627602],[-15.863488370171217,11.288946111621767],[-15.856714977268926,11.28114489886256],[-15.8658337940288,11.273645224413626],[-15.869641855217736,11.282137544084796],[-15.88778154428731,11.236209334206954],[-15.89978094789113,11.233209042164855]]]},{"type":"Polygon","coordinates":[[[48.17324719958402,-13.258707239023105],[48.191556241600615,-13.276258554956657],[48.201446523602,-13.274717849867134],[48.18200043053557,-13.327880842616867],[48.20001515451168,-13.390046418873581],[48.213842854885264,-13.39740766619823],[48.21411933247385,-13.384654370290372],[48.22937392182231,-13.384181511198806],[48.242831476120955,-13.400448423112305],[48.26038252091079,-13.415916149735413],[48.2703708708214,-13.404278593504175],[48.27947187707794,-13.406625263790586],[48.295952752785155,-13.398704661297797],[48.31978216098388,-13.424066015370625],[48.35433575003013,-13.404820762179167],[48.34360712763593,-13.3860728380282],[48.31864955237996,-13.368820167502301],[48.31409236115436,-13.356516545794582],[48.318680804306545,-13.345752522516175],[48.32143203237275,-13.334454359417206],[48.33880025851209,-13.344936876776169],[48.33839893180354,-13.312398775080712],[48.32313989979749,-13.309317888742383],[48.331839604684596,-13.280481248983303],[48.318966178564885,-13.271562679351106],[48.30653868535317,-13.27868458642958],[48.29107893647986,-13.274401055279599],[48.29498063011191,-13.258008481548025],[48.30463908372272,-13.24211832014439],[48.31328079746369,-13.229725734186776],[48.30319435730671,-13.200293638382377],[48.28954504289198,-13.211051087342288],[48.28155433944766,-13.202203760135165],[48.26878787556338,-13.19886100888988],[48.24569422941472,-13.220076073713711],[48.26030223380628,-13.270933417748747],[48.23195575335167,-13.272734529863042],[48.210070438632144,-13.278931924594703],[48.1956898645729,-13.250773165140608],[48.18219217497503,-13.250968488914973],[48.17324719958402,-13.258707239023105]]]},{"type":"Polygon","coordinates":[[[-16.243733672062856,11.084312745343809],[-16.213612520867116,11.056344969578355],[-16.203146997745375,11.048401733517355],[-16.195294536476137,11.041985838586525],[-16.184869108812126,11.044607337218743],[-16.18339764144902,11.035722906533675],[-16.148522984811212,11.022710897788155],[-16.142681604420353,11.02995006328582],[-16.142066222304965,11.038974761808038],[-16.142632520940968,11.051600965405846],[-16.14358233779391,11.060616204770714],[-16.146502974821722,11.073744701247474],[-16.140924656788968,11.082142273441653],[-16.133379920684575,11.087581581704384],[-16.125045811096427,11.091607321759923],[-16.11985991690255,11.099361163187643],[-16.094019436666056,11.09751898032685],[-16.08830284980228,11.104629450064458],[-16.09745293213042,11.109236965448167],[-16.08978768939262,11.116736504676286],[-16.077806132109263,11.117637848081332],[-16.090082021252726,11.126012284935994],[-16.092868911187583,11.138757230168038],[-16.083883832524464,11.143819204265975],[-16.074577680541164,11.132124501533287],[-16.065441052602495,11.131385071381471],[-16.071095164409098,11.143604837959854],[-16.0717818136217,11.152621623340528],[-16.081712261532726,11.156064613911457],[-16.09612413090545,11.172377968764652],[-16.086483506144553,11.175890753759788],[-16.082077896127547,11.184670261041216],[-16.07382410482443,11.175549466810116],[-16.061039866524844,11.176883740204822],[-16.063305117643225,11.189377135147556],[-16.08055741330614,11.197430185344755],[-16.08996163309892,11.198427454345834],[-16.114504500797416,11.201432557089856],[-16.10480151342507,11.188839086381872],[-16.117955851861538,11.182347513461467],[-16.118959112926667,11.171004343155607],[-16.137397528616326,11.18098701568748],[-16.171482882960387,11.15508462135295],[-16.16281888683393,11.142362278964915],[-16.171701412765827,11.144777301990866],[-16.171795017187545,11.134723347426457],[-16.180468022386215,11.117939715552282],[-16.190625841723627,11.113778695143845],[-16.20518481976581,11.100835733356451],[-16.216800704577953,11.09219366474663],[-16.229393257668363,11.087336493436528],[-16.23218013982918,11.097890925955431],[-16.232880277805528,11.109871399160854],[-16.243733672062856,11.084312745343809]],[[-16.122446162489915,11.16222872504894],[-16.10860958540333,11.160347585880997],[-16.118959112926667,11.171004343155607],[-16.122446162489915,11.16222872504894]]]},{"type":"Polygon","coordinates":[[[39.19516382028738,-5.895390528685501],[39.18428365825346,-5.963915026806997],[39.196684409028926,-6.028355674879452],[39.21460996967125,-6.124796225293936],[39.21082418001398,-6.139276332701039],[39.203020780050316,-6.1477531567345824],[39.18550991018386,-6.162693651070186],[39.2068244075436,-6.200725883339384],[39.209620229934124,-6.226879974695684],[39.228923651204546,-6.257917506709184],[39.28087218195758,-6.320031263795508],[39.30022918160281,-6.317589254563899],[39.278936978107275,-6.257270381420001],[39.2965147481521,-6.256179963654842],[39.301905788399914,-6.2383209361014575],[39.33799329624031,-6.276290030795795],[39.34583236639931,-6.298726218446748],[39.35272166906748,-6.3087206835899226],[39.36460523229614,-6.3106442342454345],[39.37347433962468,-6.3180191846064755],[39.3756058106243,-6.329307394426064],[39.391101148385886,-6.372441496687676],[39.40166478939363,-6.373979186275752],[39.410640980953715,-6.398205851230559],[39.413829262008335,-6.374963003114685],[39.39207774353054,-6.303606042498566],[39.40882608064831,-6.302560025362872],[39.41887694163057,-6.307324602113968],[39.42018343935303,-6.32601442433868],[39.48113040013347,-6.46471127225801],[39.51236194940624,-6.477192576230175],[39.56716876257239,-6.431572674301088],[39.57444606628611,-6.373500611744436],[39.53708771980627,-6.267075062242062],[39.52631008600447,-6.166076275420382],[39.50059889947778,-6.1243085086273235],[39.4927597590872,-6.1497703561734385],[39.512446719763446,-6.185542570721286],[39.48258855203935,-6.195592405582244],[39.46528278514887,-6.181836441857118],[39.461465817129096,-6.190720452716451],[39.45050083256698,-6.191101721308872],[39.43635659057751,-6.182182274774353],[39.41635311335501,-6.186606505112857],[39.437823615721456,-6.168833803340097],[39.42787096945482,-6.082710374629846],[39.43142484427051,-6.0628545629536665],[39.41038680638018,-6.0394727331617055],[39.36050730839015,-5.927751109173786],[39.35069284752637,-5.783772904983968],[39.30049671307581,-5.722556100763834],[39.290566318510656,-5.775312619942353],[39.27604748998144,-5.863090152143079],[39.22288604867857,-5.892205822209617],[39.20867489889803,-5.917332567966907],[39.19516382028738,-5.895390528685501]]]},{"type":"Polygon","coordinates":[[[11.807610428450568,-4.704732154789403],[11.85288369499619,-4.760169805299738],[11.841651217070428,-4.79020865922878],[11.83246098605826,-4.784454303617269],[11.823703268465167,-4.780890560738579],[11.82888927678711,-4.792972556287573],[12.138899306048065,-5.21408797337446],[12.134939639814576,-5.245864454023587],[12.179227459257945,-5.3228476858623175],[12.1705901665429,-5.335594493860609],[12.231835941513259,-5.511317699421965],[12.216973692402968,-5.557942227681687],[12.20903647952745,-5.55326440782985],[12.1949368015645,-5.550055577880209],[12.169011653008178,-5.572450266115275],[12.148031585621263,-5.655794976880047],[12.185831335089231,-5.751674639034952],[12.332254833750364,-5.923235994896407],[12.369764806209172,-5.963130043919981],[12.392194133894272,-5.974802760104356],[12.395319929572137,-5.989756956277598],[12.453930309684303,-5.976736355066444],[12.414288916132731,-6.001806084243945],[12.425231545615176,-6.020927936846277],[12.448276200979185,-6.017513367731156],[12.450363100316943,-6.008054436299964],[12.459308013915209,-6.00522074412089],[12.458407280131444,-5.993934455466287],[12.47194510691203,-6.0002184777229886],[12.467847188286887,-6.008635367823867],[12.483984700627941,-6.005730677457942],[12.490164967136426,-5.988661592986798],[12.46294216278387,-5.975490139594744],[12.517820319917227,-5.939380194015052],[12.586940835358583,-5.918348267368597],[12.59250581227411,-5.910772684433695],[12.625712779303706,-5.906022376922273],[12.623871124107033,-5.915030663479135],[12.614850388604891,-5.918596629429543],[12.636994267308655,-5.944454069103483],[12.630140650523678,-5.95343952526541],[12.647223492993279,-5.9594401125876955],[12.663155793691482,-5.964269841444788],[12.653113906967501,-5.966292128502775],[12.64248787826597,-5.9840183318307565],[12.622109827243856,-5.995907903020582],[12.642153451225713,-6.001535534660134],[12.656097080038833,-5.99013391670175],[12.654505197847701,-6.001331509774557],[12.667374156132855,-6.00138474449935],[12.677919897536851,-6.002462374142432],[12.707800331374036,-5.994723820251796],[12.70992502255151,-5.973445455639969],[12.70252524801131,-5.963280804525018],[12.808580532154833,-4.984353900183293],[12.237512315371314,-4.889176562607223],[11.951973817511304,-4.698817015265545],[11.807610428450568,-4.704732154789403]]]},{"type":"Polygon","coordinates":[[[39.631205947153056,-5.403630336653197],[39.64047197894858,-5.410147171781616],[39.63611542967542,-5.422314995704474],[39.658611576810145,-5.4387706444905985],[39.674963112315325,-5.42832995590245],[39.704834583040075,-5.456397795326741],[39.715643495286834,-5.449872556027075],[39.709458721538525,-5.44083480302835],[39.716125030660955,-5.432613707876795],[39.73310976932845,-5.4459707123030165],[39.73167396803263,-5.456038204548312],[39.74393201252778,-5.446809676563606],[39.7422464834325,-5.4377896172752935],[39.7544688383696,-5.44151399691911],[39.77566742512824,-5.420477179889847],[39.79479698681263,-5.394929247788262],[39.7932362947091,-5.380749821640799],[39.79206802798242,-5.370956260309464],[39.80119576806682,-5.371071737578137],[39.80914634699156,-5.3534021814861985],[39.802453258926874,-5.346969071115291],[39.79319166700137,-5.345175416138963],[39.79755269248771,-5.33666000964088],[39.808223306369335,-5.335101629857189],[39.79573782976946,-5.325706990403726],[39.80266732909726,-5.314869189923969],[39.806279149015324,-5.3231141461153975],[39.81656629669223,-5.322843277802601],[39.83515186520457,-5.27576994254063],[39.830893411046475,-5.265206608937608],[39.84205897998724,-5.250495792580773],[39.84474338542102,-5.237347650583025],[39.85250224724293,-5.174946837418619],[39.86222303429609,-5.137553142984073],[39.854856611244934,-5.10753002531516],[39.8713954173929,-5.074898274354559],[39.854776315552584,-5.062141800373702],[39.84257178485114,-5.0949562726498945],[39.835963399225065,-5.101609620444352],[39.84534534671256,-5.109217724733651],[39.847806747418765,-5.125974887690928],[39.843320886691515,-5.133969091498522],[39.85206966855844,-5.138081637368202],[39.84384710519511,-5.142993547822141],[39.835883157082826,-5.148416177955796],[39.825863520621965,-5.1551310912682515],[39.82160512304721,-5.144827751986086],[39.82008901886635,-5.124158400414071],[39.82322375130758,-5.102675522957152],[39.827063020971245,-5.088875866974916],[39.82833387658902,-5.078047373390814],[39.83436701608097,-5.069275101962571],[39.826514591143464,-5.060005289573152],[39.849585990341325,-5.008412628786569],[39.859502984395355,-5.024128547637974],[39.868238371187154,-5.019988593500723],[39.87051255645296,-4.893663827823271],[39.86139364310713,-4.895996340996568],[39.844622961045836,-4.937046844378864],[39.81529543095744,-4.926993238963929],[39.80718438781947,-4.9533108282925165],[39.81690519497725,-4.964168082460434],[39.78807262074595,-4.948939455687026],[39.78189682121603,-4.941724837989946],[39.77084267591566,-4.941480458381705],[39.77160075590445,-4.931813502912243],[39.726590586331056,-4.906596830845317],[39.69574249273616,-4.902633863583801],[39.68795242701658,-4.853183840786944],[39.672202902785095,-4.86748609128937],[39.6770677851425,-4.903975612890981],[39.67584156378917,-4.919929452726266],[39.672916387351314,-4.951902573565958],[39.688723891016544,-4.968281722561489],[39.692812913234455,-4.977081915075934],[39.6833060441412,-4.977543965938751],[39.673085802307654,-4.975709245215832],[39.677558282570274,-4.9665891638384325],[39.67009822066731,-4.961182775688931],[39.6589504851575,-4.997289575965915],[39.66114877696599,-5.007342130048068],[39.666785093595884,-4.9905774642480765],[39.676296410774285,-4.989538021192363],[39.68362710632159,-4.995201754672609],[39.68680646789033,-5.029969661177177],[39.677125801171634,-5.047674959753833],[39.71854193333211,-5.063656418221119],[39.72523501998568,-5.074947115610789],[39.703635118740145,-5.071233927294609],[39.69414613872845,-5.095222782438701],[39.691457307750944,-5.104247835338236],[39.704705305774226,-5.1091333288333285],[39.69263009515415,-5.119197466232033],[39.68414887797621,-5.123332268291504],[39.69212618180022,-5.128222106521282],[39.70756358373085,-5.136456140082351],[39.69856514784495,-5.140462092128694],[39.70615897082721,-5.145995769861647],[39.73966466761544,-5.164932435199394],[39.73463031663571,-5.197524070419841],[39.71999110091651,-5.213528420554688],[39.7085445591298,-5.209931454906709],[39.69812809296399,-5.208395004395801],[39.71696780679136,-5.236845866407676],[39.70393837045934,-5.251783466397781],[39.683551307777364,-5.261032694122351],[39.68784098028285,-5.286390833730634],[39.65500859152636,-5.2891348312553585],[39.67052626409027,-5.330741759164275],[39.65170890488817,-5.3321935815689985],[39.640743957666025,-5.3832625095812805],[39.631205947153056,-5.403630336653197]],[[39.81904111396304,-5.246921220612131],[39.81905446518446,-5.258133168508267],[39.82663049682831,-5.252063205673593],[39.81904111396304,-5.246921220612131]],[[39.765478391736316,-5.397029048065637],[39.77063313135713,-5.404757870669102],[39.77627832166603,-5.396500753176063],[39.765478391736316,-5.397029048065637]],[[39.783845449669066,-5.379733196442152],[39.779355110145296,-5.387599808390919],[39.77627832166603,-5.396500753176063],[39.7855800436088,-5.3944231431017995],[39.7932362947091,-5.380749821640799],[39.783845449669066,-5.379733196442152]]]},{"type":"Polygon","coordinates":[[[43.23714715853611,-22.223250782371785],[43.22371635720647,-22.26866237352108],[43.23648727032345,-22.297883392626805],[43.23588524393872,-22.33494344988579],[43.26607340149427,-22.400022231137942],[43.28357979621662,-22.4863029339375],[43.30186214833347,-22.614271012611713],[43.35577710177276,-22.802810121049145],[43.41511880969822,-22.900069108028514],[43.47397453308559,-22.97666344274461],[43.477060179810266,-22.96632990313606],[43.493242281791886,-23.004884675167894],[43.51570278989707,-23.009313282280818],[43.527720045388925,-23.018773488948703],[43.598396804649155,-23.080804233759725],[43.620647744680355,-23.229728490407812],[43.61711162809675,-23.280033513039907],[43.637454081622444,-23.35883063909525],[43.666036891944465,-23.359133585924642],[43.76487288857187,-23.466289897078873],[43.748829038543306,-23.524126450161294],[43.733859857386356,-23.520320035853924],[43.73950505561117,-23.531203515029617],[43.74583248580939,-23.54884328958104],[43.756873242504525,-23.55450884729129],[43.76953264638937,-23.559499623036423],[43.77123602818576,-23.576048512785164],[43.75152232369209,-23.574283017162504],[43.700688557198085,-23.596706203884924],[43.655691770518324,-23.619158255150733],[43.6371508755548,-23.668727086192845],[43.64761190509859,-23.686148348122856],[43.634800873606494,-23.720469409977866],[43.64478932666833,-23.72936466562362],[43.64696535304892,-23.7486838390494],[43.63933580652052,-23.756340558552377],[43.64176158777457,-23.765110873687004],[43.66366463359275,-23.824006671420268],[43.65224491320382,-23.842390065436007],[43.67519144490819,-23.90181337927605],[43.66358889097001,-23.930029144855723],[43.67282811637568,-24.117986116168662],[43.670473747248636,-24.33209599698468],[43.718716724248615,-24.422680930657545],[43.896813226503475,-24.58086043194533],[43.93766753555908,-24.658493579692315],[43.93417156003253,-24.699323744855363],[43.9180385105649,-24.717394603785348],[43.97089670698021,-24.82987240947177],[44.02318857894517,-24.886843623456315],[44.03434529323337,-24.973081888338786],[44.028040115461884,-24.99209893571648],[44.04209076112817,-25.0108423832141],[44.06390909967006,-25.02592230345894],[44.10840199812037,-25.072330380528733],[44.18692680313761,-25.07686605815187],[44.33165138854446,-25.186191475443284],[44.35910606859765,-25.25180994299386],[44.35298371820336,-25.26107742044226],[44.79323519426096,-25.336453208047445],[44.9395650872646,-25.4218185037092],[44.98017411408516,-25.479367480388554],[45.121304655385956,-25.54013176555889],[45.14699353644134,-25.59868166022927],[45.22525971408944,-25.598026241081122],[45.39276134601255,-25.5791602060553],[45.54402297127546,-25.56380695662984],[45.67943253975628,-25.49673182489918],[45.866509604153556,-25.370080352251858],[46.200068221972636,-25.22690363149125],[46.40557929482863,-25.176038608723733],[46.53569583893594,-25.16944840482418],[46.62848529819825,-25.187115530179867],[46.642504663094236,-25.197981655877534],[46.72128364965547,-25.181635731841155],[46.28878652299412,-24.697792370848237],[45.664180176459716,-24.31486513589593],[45.24777371864716,-24.132669271199322],[44.74213838151739,-23.746006353414096],[44.504191802887995,-23.180884328506924],[44.504191802887995,-22.169615426966455],[44.74213838151739,-21.51526324740254],[45.52661799065282,-20.979967686713596],[46.02109772850345,-20.563479263571384],[45.946739987687586,-19.31471786160204],[45.93186665968661,-18.927599652200062],[46.05083993017937,-18.2435031177174],[46.34827538262772,-17.529666967707715],[47.86518130984482,-15.92352996294269],[47.953859464319365,-14.887579597155042],[47.96287574851041,-14.880593929583688],[47.96197055434632,-14.871259226481962],[47.95253064489635,-14.86764768062032],[47.93209013547046,-14.86289383724939],[47.92664110929475,-14.871069649357091],[47.92132586359443,-14.879245063308108],[47.90743130339832,-14.928325604232278],[47.903114885264564,-14.93801540506166],[47.902865125931136,-14.953094352441813],[47.87840697278316,-14.937838794804241],[47.878108230055346,-14.923034576557168],[47.87754634786216,-14.89086767412496],[47.87174060360317,-14.881929864662984],[47.8933628395947,-14.849399141492361],[47.883713347769024,-14.846774179765873],[47.88786918117791,-14.820984505777288],[47.92336361142433,-14.843700960681309],[47.93133652892905,-14.817087579078406],[47.902187386095754,-14.823376966585899],[47.89696133651266,-14.798476941945838],[47.91137759738692,-14.798295893788977],[47.92235589933524,-14.798412337815213],[47.9247325451215,-14.807776036139172],[47.948374766127436,-14.795377229233095],[47.93972411426123,-14.781718689887262],[47.92853169897401,-14.775428086844263],[47.9410038366225,-14.768835487742178],[47.96930576384723,-14.778510922901427],[47.978032221772814,-14.76836120179099],[47.97829978698163,-14.739530635784432],[47.982825778022864,-14.722228752883229],[47.98101533578131,-14.705779443246763],[47.99165926667097,-14.671928233028405],[47.970398221652914,-14.644146235736628],[47.975820496213785,-14.624770088377659],[47.952655489378486,-14.622237394400988],[47.92773352740335,-14.73580044016717],[47.90525969445481,-14.73608503415519],[47.89983739624122,-14.726114439876113],[47.904323254013136,-14.70533521114457],[47.89536941853435,-14.70828104283745],[47.88323618762698,-14.690545300166379],[47.86680437430085,-14.682996881304167],[47.87446515148318,-14.666971671714697],[47.862786729664336,-14.663382554413738],[47.85397111104235,-14.659129087146326],[47.80920618103695,-14.598013463943555],[47.79818775394117,-14.594285113665864],[47.78198785860248,-14.60902116258965],[47.758961016439976,-14.606975842204125],[47.79498162721392,-14.570381823052216],[47.78665654216706,-14.559928954581554],[47.7985177531213,-14.546916125899205],[47.83108697413952,-14.603925122457875],[47.85745816074799,-14.598971449730929],[47.86859692827893,-14.601922935615104],[47.90165671471505,-14.563032031100404],[47.91834712941808,-14.556260380180857],[47.9191096858655,-14.533859384252448],[47.95204901830526,-14.517102413444427],[47.95166112210142,-14.507838564512426],[47.94520875700252,-14.499299506826764],[47.94874927138309,-14.487414248164164],[47.95415817755487,-14.49686899385631],[47.95892497493468,-14.487802836269132],[47.96266612403344,-14.501009100286746],[47.97099575864946,-14.531019159129192],[47.951861716049216,-14.552751443958064],[47.94739822521862,-14.564646181981196],[47.946987933822,-14.573661671162569],[47.95160757512418,-14.583125665952789],[47.95669092487913,-14.604671604096994],[47.98153704640413,-14.597931424208502],[47.99025907036444,-14.588166083334231],[48.00227635543845,-14.588714127734626],[48.01145320848406,-14.584459169878716],[48.01050787854326,-14.595514976945037],[48.01483318447064,-14.608179748763481],[48.01933684772781,-14.616990694245029],[48.00987466875694,-14.623044215844],[48.007734285909244,-14.644379170024242],[48.01636264393766,-14.651437176796218],[48.00801969056351,-14.66214017628156],[48.01887314785143,-14.66125155381677],[48.01456566397171,-14.6864174594819],[48.024063532735234,-14.687827877742292],[48.03132297147795,-14.67891197119918],[48.05054610971405,-14.668977628337696],[48.04692980020427,-14.678338292779475],[48.03512211834834,-14.69131740021502],[48.03169752652811,-14.700280324243172],[48.04030801957952,-14.708626075046372],[48.03977295336286,-14.718916605399054],[48.031924893002255,-14.712766467454353],[48.02409030457754,-14.705585406149625],[48.015622445754296,-14.715518074550106],[48.022226365806524,-14.725894507361776],[48.013259082139754,-14.743541082369614],[48.01101619073608,-14.752777823848609],[48.009830060826516,-14.762027056750167],[48.01795453179274,-14.767537601698063],[48.01195706865185,-14.780584749893947],[48.00457724456033,-14.79798978901599],[47.994406027960544,-14.81473387513106],[47.98405196832312,-14.812035245283717],[47.98153258796334,-14.821333675919917],[47.97145504088526,-14.809884057494891],[47.95233888494278,-14.81450536507009],[47.94370156259416,-14.821432882048212],[47.97210608151789,-14.847834525949084],[47.99336704770943,-14.8525282552736],[49.29285613962968,-13.663042738744325],[49.78852978304888,-12.866201027546511],[49.783771948004606,-12.818121312163694],[49.79245383997206,-12.814682062793615],[49.7662833504629,-12.796784919529543],[49.740161965863756,-12.796145671733749],[49.74009507410017,-12.78390477616273],[49.71992651833715,-12.774146412760722],[49.725429045395266,-12.75020982667272],[49.708395316566815,-12.744973396128396],[49.69315412459538,-12.747991787408244],[49.68740627387857,-12.768575572985851],[49.689956936357675,-12.782761110576372],[49.67150958670889,-12.796580487515381],[49.67976343600884,-12.824190991455367],[49.65893045819236,-12.816612569261695],[49.640349434340294,-12.83017362494161],[49.630962988446655,-12.817886506792165],[49.664272520973164,-12.774642181288781],[49.65127417867469,-12.750357701606102],[49.64766234099043,-12.738745237223542],[49.61516443471074,-12.68086194385548],[49.60137244052404,-12.659661846751378],[49.586920457843824,-12.663707943318443],[49.58006239496869,-12.669724819037025],[49.569017154222344,-12.674044869930244],[49.55039596116323,-12.672787584862965],[49.53648802004668,-12.673096425858164],[49.53627848091263,-12.663947255157252],[49.55676356080282,-12.613818820096686],[49.553165060076985,-12.600659604529227],[49.54345311698934,-12.601508188043669],[49.54888432706536,-12.59213450078136],[49.55038702428535,-12.581576642190107],[49.5578916836136,-12.575692658553754],[49.55887720582656,-12.564102688898002],[49.54756000846875,-12.571001057092163],[49.549718161125135,-12.559933178051024],[49.537522518818385,-12.49911002283696],[49.513670839023625,-12.456599743531545],[49.514781123849396,-12.417836409176246],[49.524069400690635,-12.411900727450321],[49.53838315180353,-12.399680639282176],[49.51415243102285,-12.35774216491967],[49.47141639371599,-12.36046884147718],[49.48291642299309,-12.365813324477402],[49.4823188885079,-12.379206619480803],[49.462212755778744,-12.366083355810604],[49.44082251947139,-12.383636023612755],[49.4269413296497,-12.347719286161498],[49.41626178260596,-12.337351948470657],[49.422607024780014,-12.327598363827391],[49.40706258874238,-12.319521701939061],[49.41381370620295,-12.308482338394503],[49.40441389508195,-12.302757661583698],[49.39764945211071,-12.294732533334493],[49.40192577714134,-12.281099634290147],[49.393310741606314,-12.276154289669714],[49.400440848274826,-12.266407187045314],[49.38225666724478,-12.241695829020616],[49.371273880696336,-12.23866715562816],[49.35607281307795,-12.232357094506986],[49.34148706744123,-12.257457184202549],[49.356478593069255,-12.297268198041946],[49.30928342448768,-12.316572389533091],[49.30630480368151,-12.293103061548788],[49.3098408736733,-12.27453783548401],[49.28836133698276,-12.267570617022875],[49.254824454813004,-12.308486698209101],[49.24470226409722,-12.311566737130473],[49.188905544340514,-12.313122076689845],[49.202581637509724,-12.278062715666673],[49.20086490882739,-12.26130480481913],[49.20798606796557,-12.253884036820532],[49.21691767467855,-12.250075559653757],[49.20947989060073,-12.243578355375545],[49.2418083717812,-12.195787719060707],[49.225158020802205,-12.189079948853513],[49.244706747748694,-12.15039037203806],[49.253245953921706,-12.1466545684342],[49.26188764683884,-12.182223845520467],[49.27236653669643,-12.181644093639253],[49.29546028027657,-12.19441044828544],[49.31359990704933,-12.16296204818375],[49.36882134635784,-12.211085445055408],[49.342731212079634,-12.128052918126247],[49.34548240986161,-12.119412061260396],[49.346579347787525,-12.110252161436426],[49.3585386732198,-12.10904441724477],[49.34014042926302,-12.067635403366749],[49.33195797761952,-12.063353289656627],[49.31756847927719,-12.061164230837889],[49.325728615005495,-12.052961725323367],[49.31460762027688,-12.032164236492823],[49.30371402597835,-12.00306948850219],[49.30433387052732,-11.991711678207794],[49.28521321833707,-11.969090427661042],[49.27360617851151,-11.968575735868956],[49.27023512349223,-11.955606696376995],[49.244238517270894,-11.952832218151945],[49.23443298977215,-11.963480640784814],[49.20098077712996,-11.995615397827509],[49.22470324099928,-11.997347041212826],[49.233674929047595,-11.999649972135527],[49.22743220557218,-12.008211838804721],[49.223097978171694,-12.016171458356444],[49.222883925905,-12.026677910054644],[49.213689239756114,-12.026956959567963],[49.18998915995416,-12.029381819322916],[49.17963506055557,-12.031501319481022],[49.1750199143821,-12.043376497139906],[49.1826360968847,-12.0492724558174],[49.196700061966595,-12.048195300829596],[49.19885385854184,-12.057060850980983],[49.20387029916918,-12.086533393899956],[49.21333700022372,-12.080280736885152],[49.21393006807022,-12.089302140018406],[49.206144414846236,-12.099971344429742],[49.18789778704182,-12.106650844405328],[49.173668820297316,-12.100891365087724],[49.15897159981153,-12.068075788069324],[49.15342899605867,-12.075253175822253],[49.147458227428736,-12.068001658012058],[49.14376165462439,-12.079539448338139],[49.146405898036846,-12.088268764228472],[49.11294926974059,-12.089768676438151],[49.0870195568378,-12.11169961904795],[49.13746982624566,-12.10281410419195],[49.16656550274721,-12.123082910603516],[49.198042274660324,-12.142678837894726],[49.20124835655609,-12.15219510278183],[49.19223654397598,-12.149932718839702],[49.19116632439636,-12.163380528693379],[49.18910626384234,-12.174918582650477],[49.179809030510796,-12.174325772683822],[49.174070153455006,-12.166266154971703],[49.16594567276576,-12.173702481307089],[49.153152532122434,-12.203362606288971],[49.149438072886475,-12.223676093818415],[49.15659491965203,-12.24246275842008],[49.14843479034523,-12.26367515381363],[49.14345398420778,-12.27726537475392],[49.12774006627444,-12.28176624012786],[49.113912440688985,-12.25255502772029],[49.09536253070422,-12.273980089859956],[49.092602375068076,-12.296196433414206],[49.09178635862628,-12.314633773615538],[49.062646091288876,-12.321416712264575],[49.049451625863846,-12.299037033740886],[49.03248919523652,-12.325320053186084],[49.02155548787582,-12.315840509205994],[49.011415485869705,-12.340235655086357],[49.001766015699545,-12.334886334768246],[48.98306005137629,-12.348398812841275],[48.97867229853564,-12.339608407558588],[48.96891583956897,-12.347780292021058],[48.97041849942561,-12.356674963469686],[48.96210228612866,-12.364985697127997],[48.965045281345375,-12.374023604611866],[48.967194584403565,-12.384084618067428],[48.9755242399239,-12.374358943353194],[48.97581407807349,-12.38775616899416],[48.9666015350932,-12.393095709014059],[48.97609945507037,-12.401409656137394],[48.95935104919056,-12.400978503507135],[48.94069859115625,-12.473784944044292],[48.92769140548734,-12.495936350603712],[48.89175550224792,-12.518142485456547],[48.88025108535735,-12.516988909601636],[48.889530471939885,-12.506153777249358],[48.899028295380084,-12.502823459182714],[48.86249939121957,-12.434279519595515],[48.83788960359903,-12.415541365079504],[48.75234175317375,-12.399650162918679],[48.732378353346625,-12.435537941728494],[48.724396565100385,-12.449380512789553],[48.76057770719018,-12.458119309837736],[48.76280722327599,-12.447124958772834],[48.77053038792222,-12.432507203750074],[48.77332179755255,-12.44130760835826],[48.785174128626274,-12.491630744211387],[48.824993879342586,-12.541765611303239],[48.82436510485638,-12.568576838177457],[48.84800284932414,-12.56131721250217],[48.87139531404468,-12.547937719308546],[48.881740407180054,-12.549304395458877],[48.87090479683387,-12.576006034488161],[48.85663566307726,-12.620968198557833],[48.86712349551495,-12.620794116601354],[48.85353654222628,-12.646183047700777],[48.858240915766324,-12.663990738958912],[48.88483946554841,-12.667297169283751],[48.895086450934656,-12.681027191917366],[48.89369081675366,-12.707032201519311],[48.90810258270988,-12.776312017497078],[48.93215947493666,-12.799802621793509],[48.941238158268774,-12.796780556988859],[48.96100091380689,-12.819599632715473],[48.9684297839425,-12.826356244868986],[48.95934658787529,-12.82989099692321],[48.95922620941492,-12.844829531463622],[48.9545619525181,-12.869261345300183],[48.97176071023016,-12.885623290023634],[48.97760215137287,-12.877168579535226],[48.99199611998701,-12.905348294408661],[48.97300924252676,-12.926071406353874],[48.96027408748823,-12.90974691648768],[48.96200867095676,-12.954962624205773],[48.961482521182674,-12.987283128858579],[48.94806504520243,-12.990011819856415],[48.94562147616543,-12.999779128544757],[48.93558852968587,-13.005622892850049],[48.87736603464413,-13.026016118329128],[48.87765137626011,-13.060308141532905],[48.85720644506144,-13.071540852824926],[48.84381570684226,-13.085830676811065],[48.84900168367261,-13.0939569335715],[48.84724477267126,-13.102855876379145],[48.834576461917074,-13.131670066373797],[48.84171998796998,-13.152760686432021],[48.838625372094484,-13.161501166171726],[48.8446540315877,-13.168747828128659],[48.826964811384336,-13.178247601233242],[48.83312729718061,-13.215370422432057],[48.8491622081612,-13.21894737321311],[48.84967502977477,-13.250373849780447],[48.89535405706992,-13.25796507390554],[48.90204715837907,-13.274631054788863],[48.88031345649703,-13.275603238060048],[48.822750919315176,-13.291608391658814],[48.80368829758455,-13.335486977401471],[48.81469334583641,-13.339960321656516],[48.820084422515535,-13.348616031879773],[48.815125908027845,-13.358507894053165],[48.8098106416261,-13.368507846466006],[48.82121259051509,-13.369097865374973],[48.82998802875035,-13.387847083260265],[48.8003038428917,-13.41838415493137],[48.794177012979375,-13.426572988675801],[48.78700233442117,-13.43449264580008],[48.777870104997525,-13.426039489800782],[48.76772562542269,-13.442047697668398],[48.759079404484766,-13.43810969486404],[48.72725484818495,-13.465119108899763],[48.72655922266737,-13.45507117637904],[48.71228116309687,-13.44850100658421],[48.71571468127336,-13.460895321783905],[48.70876293142164,-13.472421708213528],[48.698832562065455,-13.479025972410716],[48.69329880265829,-13.466099185403046],[48.70314893823881,-13.454342651215715],[48.69230442249046,-13.446519062493525],[48.68422448691893,-13.452109227662325],[48.67321053954604,-13.46204887141246],[48.661081756994264,-13.46451203029994],[48.654045313394086,-13.471272605752743],[48.64030680068459,-13.476935882589157],[48.63543746274904,-13.463501575437595],[48.62388393590807,-13.461333302333346],[48.61368597913911,-13.47442081112308],[48.60731839453825,-13.486926524999435],[48.59538141756129,-13.496340113392879],[48.59799884607015,-13.48451996740251],[48.60138780028219,-13.474763366033608],[48.5917784041764,-13.474932508595826],[48.57001803841662,-13.480643387086785],[48.57535559155544,-13.472972436173132],[48.577411166281834,-13.451619130168586],[48.538282622351815,-13.444801610598226],[48.53367635317756,-13.432137599711696],[48.5034971082299,-13.39978476017304],[48.501486085275026,-13.390879306831183],[48.491341603060114,-13.379834772948168],[48.48005122135317,-13.378177697233046],[48.47409825663443,-13.368980703380927],[48.47159229059585,-13.38208624001358],[48.48521482121943,-13.437836481392592],[48.502547320100014,-13.466203251419875],[48.509739916876036,-13.480569686737564],[48.515715117871196,-13.494362910051917],[48.529854919552704,-13.522736021088871],[48.53624926362607,-13.514819266521299],[48.53905399750695,-13.523728776172533],[48.546509651251256,-13.51491901001268],[48.566852050098944,-13.50726215698692],[48.5559584694441,-13.517459617533975],[48.558558152720806,-13.526555486094475],[48.504785821896164,-13.579649702170391],[48.500179596650746,-13.566988452680171],[48.47969446614325,-13.587898000682081],[48.47608708223017,-13.555414619175336],[48.46405639703486,-13.560703113203466],[48.46474309913926,-13.570495220927269],[48.44721440455129,-13.585249758824862],[48.445395054998514,-13.595270508942077],[48.42933341243985,-13.559060252952762],[48.42293903330226,-13.566459632435908],[48.41454699172577,-13.57590042420229],[48.40373812020366,-13.577330810361225],[48.40785836367382,-13.585613871129855],[48.39874839373047,-13.600709861683528],[48.37843274732396,-13.604874813174252],[48.36964830976341,-13.613794021965585],[48.36215704853879,-13.624524337706015],[48.348784169543435,-13.643691180991093],[48.33830080650193,-13.639201840669472],[48.3328294964601,-13.657552869722632],[48.328200927128776,-13.673662489673431],[48.34264845863085,-13.685850132101155],[48.339259551484425,-13.69469688458805],[48.345368484165576,-13.701840819626307],[48.348788658300656,-13.713593810689257],[48.33950479329879,-13.719801455657553],[48.34947087759372,-13.723383876203707],[48.34724576478893,-13.733914252655012],[48.35215525375992,-13.742079200871185],[48.354688040182474,-13.751244399394109],[48.3482713885154,-13.759672877345201],[48.33824284419713,-13.78479214165074],[48.33121533178334,-13.800295425199678],[48.318404328028805,-13.791786091840075],[48.29641647431999,-13.802746377774742],[48.29578774153216,-13.811748996491643],[48.28603122643329,-13.812541408711013],[48.27684106406129,-13.809865330307678],[48.27521791634865,-13.824652559925056],[48.264047901338685,-13.822465919637708],[48.24922139403966,-13.8064661064602],[48.228771924563176,-13.820270584341879],[48.18595120067041,-13.766749910480517],[48.16679933234962,-13.760612747399495],[48.15925455228129,-13.75280361494703],[48.16306263671998,-13.74293245073795],[48.18033718215122,-13.74042891894935],[48.1829591595107,-13.730548550247935],[48.17105778553629,-13.723847370759582],[48.16923843464069,-13.732835665733187],[48.15526365226202,-13.721222267653243],[48.15980748354275,-13.67403944742403],[48.13924213474654,-13.665820164014686],[48.15019366749402,-13.630682341098565],[48.13667812554228,-13.638504151709874],[48.138220972753786,-13.599561301273868],[48.1175976119887,-13.605594284847635],[48.11136377158712,-13.598828877287628],[48.10937501184985,-13.589280629520145],[48.10218700018876,-13.596046341330986],[48.100456830438084,-13.60848071149711],[48.09172147481817,-13.612498185042574],[48.07933853694295,-13.610322607076856],[48.08724453962166,-13.60214872709011],[48.07883911787275,-13.597589293589659],[48.074727811175826,-13.589480011963504],[48.065270043636616,-13.58078535695848],[48.0742818770131,-13.576923330116403],[48.08405179084551,-13.583320945928161],[48.06380299398151,-13.528770900181122],[48.01990316893516,-13.526321397156709],[48.02743462089144,-13.538651031559205],[48.04299689673728,-13.55220675312214],[48.05653470934492,-13.563564074202876],[48.051139166494046,-13.574439666405738],[48.04386192322405,-13.567148820420728],[48.03509087812687,-13.563698431252398],[48.02903984558204,-13.574435290894316],[48.02376027070635,-13.586211941543079],[48.01324577452525,-13.585314792565272],[48.01944831173209,-13.594399345048336],[48.00877770244465,-13.59542658639913],[47.99477170904731,-13.599890689168584],[47.989393999182596,-13.590689279499431],[47.99427224281946,-13.580850338984204],[47.99729110627966,-13.569745306919913],[47.997558616351945,-13.556298948444995],[47.99010745894341,-13.563655068803172],[47.986005119271255,-13.571938652892998],[47.976230706196,-13.568969392796387],[47.973189605335534,-13.55716588541352],[47.98406980292597,-13.541269433069644],[48.002673235901625,-13.53294151055548],[47.9740591752911,-13.510821790277646],[47.96252788563784,-13.509872285485748],[47.95656161462677,-13.552987070477629],[47.958586050774194,-13.56763430892408],[47.96356241605287,-13.576325170061214],[47.95131325651685,-13.575185210627414],[47.949177399272955,-13.594000605896836],[47.960240431894896,-13.595027849035494],[47.965109754273485,-13.605650647330027],[47.97361770187615,-13.61262824379972],[47.97615046225765,-13.625854708140121],[47.95647694377198,-13.609871889392686],[47.942640306916076,-13.600545127422286],[47.91137759738692,-13.588873247429492],[47.89435717954694,-13.597988070938209],[47.87862991845896,-13.700623424439684],[47.887432190183965,-13.709915927026275],[47.86179682334191,-13.778040531175337],[47.87474607560998,-13.813671608976867],[47.88496185905414,-13.809046936818575],[47.88576897167349,-13.799901329531915],[47.89485216857765,-13.810090502996918],[47.889929265112706,-13.827393324134647],[47.881929638493276,-13.819508520462913],[47.87839362322388,-13.842456531972548],[47.90012728183721,-13.906296327797223],[47.928986540555556,-13.910157195050736],[47.94115546022771,-13.920990771470635],[47.96564483260859,-13.919406668960912],[47.97703783693141,-13.924414274130841],[47.98540310741776,-13.919164282463882],[47.986072001497114,-13.909893150480539],[48.008095445907834,-13.918315926174838],[48.00823818680698,-13.927582445122995],[48.00183041648948,-13.934195522194068],[48.00187947790811,-13.948736722136353],[48.01948846605349,-13.933896869521972],[48.02519612943906,-13.941171951869523],[48.032272751952775,-13.933537698670152],[48.04379950830609,-13.949381584385074],[48.03136305903033,-13.953345594033504],[48.03760134872303,-13.960243546119186],[48.03905943915207,-13.969915091702257],[48.02110267948721,-13.97324268243121],[47.99491433895174,-13.982130494869505],[47.9783978668531,-14.009722011341937],[47.92343502005771,-14.009747964382122],[48.014989251312294,-14.066127815936927],[48.03380664084889,-14.070747323495475],[48.03746314422483,-14.098479487057517],[48.04612267816164,-14.10744460756291],[48.038274675222475,-14.127985602132366],[48.04311279767801,-14.136236094771121],[48.04474928204949,-14.173065558398553],[48.05695832452649,-14.177592071545554],[48.03172868914172,-14.210481227672846],[48.03557688120465,-14.219022573760283],[48.02915132970168,-14.226150288541637],[48.03742743956269,-14.238866287095574],[48.032526896900286,-14.25038873675926],[48.0306674307797,-14.261430898599693],[48.03930030209427,-14.257161035432702],[48.03449784685491,-14.301631924934352],[48.018391530345696,-14.30194297142067],[48.01811506917675,-14.313008575051828],[47.998209671441344,-14.31408871026868],[48.00000217354557,-14.325529547037869],[47.99588199497616,-14.337540104626555],[48.0054869378936,-14.339743378526077],[48.00624491403759,-14.351982083580115],[48.004925077780314,-14.361870226806401],[48.001099111843025,-14.371732008067054],[47.99200701621798,-14.373878800108532],[47.989634790791534,-14.383947342221598],[47.98789576455729,-14.402243261565461],[47.98002542951465,-14.396166403795334],[47.97855836157509,-14.385117867410756],[47.96914076385651,-14.390348535343973],[47.97031798644252,-14.38071647978694],[47.961515734609904,-14.374004114568047],[47.96668380485203,-14.36544694233807],[47.97971327278512,-14.352673311176535],[47.97734997809045,-14.332044722586337],[47.95305676100062,-14.313112289079962],[47.95850137671983,-14.305451584596483],[47.9619839247906,-14.289321268975636],[47.95660179745214,-14.28114989725982],[47.96700933298278,-14.27999175159223],[47.961484461645796,-14.271310062882726],[47.96960003020106,-14.26605940452165],[47.96395931239401,-14.258664996679235],[47.98325380034498,-14.190475084563104],[47.99003611254053,-14.176091883787189],[48.00248590795755,-14.16713377089326],[48.001290895031836,-14.157855399991988],[47.9975363174959,-14.132673031806888],[47.98211672242831,-14.133866511083488],[47.97505350490296,-14.128033157707952],[47.96441860988735,-14.131769281764832],[47.96402171014478,-14.141809749653982],[47.971504074539496,-14.149182008207088],[47.94546294307576,-14.155036366353277],[47.95147382120194,-14.17079573498581],[47.928986540555556,-14.258068623064444],[47.92158001170935,-14.266910751632844],[47.90130894786167,-14.243430387454236],[47.86343335674682,-14.260410970395975],[47.8319119592232,-14.25126176166167],[47.79576199908454,-14.219511039772952],[47.76352268752621,-14.24846113681922],[47.768516924310404,-14.279296053415107],[47.72661472193866,-14.339501468410607],[47.695280617059396,-14.42378526426356],[47.6949774166042,-14.453520781579341],[47.71004025562408,-14.47561907819062],[47.71112823221436,-14.48924908439611],[47.72393482287657,-14.509953826951554],[47.73617058642133,-14.516502404528419],[47.73985376781333,-14.526240765072895],[47.73185413439197,-14.530971686098782],[47.72072867333491,-14.571771412512811],[47.744241514214856,-14.613586248051426],[47.754229909143966,-14.617508439196893],[47.71435222082469,-14.69824447263566],[47.690192807217656,-14.701617396487176],[47.63663895717612,-14.78975957558226],[47.63053450136861,-14.799097754418888],[47.640282088499816,-14.806452536120654],[47.61689852241878,-14.84224840854365],[47.61727309701172,-14.851511113540516],[47.605113131578236,-14.868289781402991],[47.596449119795686,-14.88274437662087],[47.5866881288165,-14.916735137806839],[47.58213985068409,-14.946261565727793],[47.56625655886582,-14.946571770097176],[47.56563222580802,-14.960866004075273],[47.57796611108969,-14.962399636859352],[47.54709576389296,-15.02801206338032],[47.51226130738029,-15.039342421853267],[47.50574203321356,-15.070823953201957],[47.52253059738423,-15.079133856700222],[47.51139621818671,-15.10114272973558],[47.50053386390945,-15.101263319528885],[47.51027252240221,-15.084420995421238],[47.500529370910876,-15.07835022402609],[47.48324586865996,-15.095787109693738],[47.47481373656037,-15.100001872877257],[47.468187553404626,-15.122985801787681],[47.443849754894046,-15.126855641454727],[47.42025215668547,-15.14950955541045],[47.39543283074363,-15.08720660827426],[47.399557476005164,-15.077123153851135],[47.41085682423471,-15.045332485988439],[47.411284945522134,-15.035931755689193],[47.40985355258974,-15.026547850965395],[47.403775804362155,-15.004212536335634],[47.401024535585044,-14.994973608463676],[47.51145418995012,-14.82926534008888],[47.507351835244954,-14.817721284084332],[47.4980590290294,-14.815251159369746],[47.488592388833645,-14.820501770679403],[47.49030468165829,-14.789069729916887],[47.47833201184358,-14.78327946127528],[47.48047235899455,-14.77372932032466],[47.483838976153024,-14.755929928769708],[47.48214448674501,-14.746421701837793],[47.470827343191836,-14.751691178148613],[47.46965901785443,-14.741919660016013],[47.478140242700285,-14.735045728473798],[47.48564933191294,-14.728615759841935],[47.50061413888264,-14.718929497198616],[47.46410745397064,-14.690963751700442],[47.4588456731584,-14.672847026857543],[47.42217403125167,-14.70663344323326],[47.43000866261309,-14.72122390748006],[47.42112171687679,-14.731104120056274],[47.40926494965389,-14.71139926806938],[47.40326747014026,-14.719188313372142],[47.2813779443901,-14.85763571185814],[47.30337915049022,-14.889747228475064],[47.31118257783707,-14.880029390307184],[47.32061800416961,-14.883283067931194],[47.31506645204529,-14.871491964932366],[47.33146254947228,-14.882399596860273],[47.33950230555868,-14.89132875688138],[47.348647967464835,-14.855446242978344],[47.37995529049964,-14.862074998481132],[47.393591232677366,-14.862191318128689],[47.409817895351566,-14.869229366446216],[47.38482460262667,-14.883395100536667],[47.38001774821194,-14.891815743571257],[47.39522769069121,-14.886545375046666],[47.37234363278087,-14.916485227726781],[47.36958790378457,-14.9305445270824],[47.35178713073711,-14.92545171862654],[47.342819866458605,-14.916528316569812],[47.34124582943735,-14.92993701323818],[47.32913046627061,-14.935981828073293],[47.32008294820588,-14.931953403299797],[47.321541044680444,-14.919837492461893],[47.26103107567734,-14.95778148438032],[47.26094632533273,-14.975034382845699],[47.26316694960025,-14.984541188439316],[47.25254093099517,-14.98181450233162],[47.27235719551114,-15.001959897994517],[47.28502549322922,-14.99745460732494],[47.27078761321609,-15.029269635114291],[47.25387422465936,-15.008192179986088],[47.23531987440014,-15.00696036668781],[47.23065122921687,-15.016659601039843],[47.22060928078339,-15.014605200954868],[47.203468515462745,-15.053105114405966],[47.19961142620518,-15.064472922630353],[47.17163501493205,-15.075818583797847],[47.17465381173111,-15.086087260808176],[47.163568497858115,-15.0905734006173],[47.15654986822144,-15.104289795135639],[47.14253043787674,-15.107126805031918],[47.101899110547954,-15.109042529708722],[47.04457738278877,-15.202930025418475],[47.051814501989995,-15.238147463325946],[47.06753280707794,-15.244953635310267],[47.07047581268446,-15.274671071878995],[47.09690050597602,-15.264123328653609],[47.10984972027974,-15.285764555040368],[47.10048111032453,-15.287575403633477],[47.094826962623365,-15.29594991718978],[47.08194461546743,-15.307966976048467],[47.09501872544736,-15.315132113613732],[47.1583647286512,-15.282727807019599],[47.17281218244184,-15.294431622986377],[47.17584436881032,-15.30527458151463],[47.161111503720804,-15.30458645071469],[47.158476164974346,-15.319290919130218],[47.15644728816029,-15.328326413018864],[47.148126638329025,-15.367852624069881],[47.19154490593087,-15.422343770201653],[47.238066667055506,-15.417903290530793],[47.245526764479095,-15.410952278390717],[47.24740848217336,-15.422829441931516],[47.24484449857443,-15.431482204992278],[47.243622761449586,-15.441277896152167],[47.234561827736286,-15.438024217761182],[47.234976572867836,-15.451666265041696],[47.220386362132224,-15.45284388596485],[47.21649359696704,-15.461379412152882],[47.22894339215577,-15.45868037393126],[47.240902644986775,-15.459587200272665],[47.24578988188918,-15.469579285783615],[47.25592535821409,-15.474113133030277],[47.264772230292344,-15.481745306946072],[47.259818197466856,-15.490292436518923],[47.24902713329162,-15.48310755176913],[47.25217977756207,-15.49577986448566],[47.23709013374764,-15.500050985092106],[47.227186523016904,-15.49307268606158],[47.22416322455752,-15.483447019798936],[47.20897106033488,-15.478191425200873],[47.21384930920191,-15.487284432562916],[47.20550632435874,-15.493330511865812],[47.181173006260394,-15.485935162187925],[47.16299325934688,-15.47426782848201],[47.106273513340916,-15.449100416445622],[47.008137582948294,-15.490262362382277],[46.937509873230184,-15.465707129807033],[46.96453206583562,-15.421006860236867],[47.03791548857232,-15.37785344363529],[47.05847197590675,-15.349208458107967],[47.03866461968937,-15.345914612840602],[47.05247000281181,-15.332768745316113],[47.035837512600004,-15.314263332518049],[46.97192524185157,-15.289855119927623],[46.96102717762669,-15.287377544378593],[46.95406650977054,-15.280998559760064],[46.96386317195987,-15.278594107878726],[46.96642274285496,-15.26878645590115],[46.95783003785731,-15.20035680118277],[46.85926156309505,-15.24085363735261],[46.65544052292018,-15.399315207214515],[46.66474224086535,-15.400789737837277],[46.675479780328615,-15.398648881188796],[46.685191673353216,-15.401666738811798],[46.694319441421655,-15.397733177774024],[46.69394491382209,-15.417052196970404],[46.69132293058253,-15.437422447568864],[46.70275608471125,-15.439008505146012],[46.71537975744172,-15.456681879355068],[46.73912005261815,-15.45302015743205],[46.7435925036866,-15.464061157935058],[46.704544147181174,-15.462819094461555],[46.70125338898508,-15.449964271120754],[46.68297546949825,-15.45602859586441],[46.67212653808068,-15.460747618973924],[46.653911113527464,-15.441308025935532],[46.648011707482304,-15.434142892150355],[46.660880635730976,-15.41601620348058],[46.64225945822445,-15.411773351540388],[46.49010153138798,-15.521293923713952],[46.4753107079865,-15.533757609494382],[46.468965411470045,-15.51937336522776],[46.42607773195683,-15.560998174665086],[46.41762328304871,-15.568137392954256],[46.327932978510994,-15.660195216774374],[46.30443791727327,-15.721957547391089],[46.36630797325038,-15.724305472499363],[46.38912964124263,-15.716952702806644],[46.38334172165242,-15.725747654519186],[46.37634540834752,-15.733516375524632],[46.3808669179515,-15.75319435813806],[46.37085624236436,-15.76755360319234],[46.360720717396134,-15.76362700938079],[46.31789555255106,-15.804846043258383],[46.21308881500665,-15.853245941476064],[46.210181497141065,-15.812298529539126],[46.22292559186347,-15.807591892931939],[46.2192557141016,-15.816884884575202],[46.22774585587519,-15.822093139040538],[46.24312529665354,-15.73843922200899],[46.20740346932829,-15.70883567183325],[46.08914365207477,-15.722816024115435],[46.04733507075307,-15.777427668630338],[46.038439182150846,-15.788974697909822],[46.02434844071155,-15.791489171347916],[46.02333620072267,-15.801924101090743],[46.01293762855561,-15.803949284018655],[46.003635885216376,-15.818759678929462],[46.01333448174351,-15.823225754513178],[46.033003554897114,-15.818755406045835],[46.03676703037124,-15.808904810558563],[46.066625201703424,-15.786262931322005],[46.0742992531824,-15.778238710328514],[46.0824416115603,-15.783606789199364],[46.096955993664814,-15.785850968251975],[46.086624226140124,-15.794149473268495],[46.09424930772202,-15.802610619625293],[46.08617835461302,-15.810123292715241],[46.09420918445501,-15.819356047922142],[46.0695904670119,-15.818708201638438],[46.06073916815131,-15.830600351649105],[46.05325679857227,-15.824967545383945],[46.04590376490331,-15.843680077637826],[46.094918155094014,-15.852070606311736],[46.0901914916505,-15.86445832131347],[46.10190115216717,-15.863883586925802],[46.110886211148845,-15.868901976127843],[46.09397732942076,-15.87500107094055],[46.0723328240073,-15.88412794344162],[46.06852029264169,-15.893678926264545],[46.058928790228514,-15.891405962416142],[46.01665650130554,-15.84884487199534],[45.976248083131836,-15.858303182714101],[45.96150629887446,-15.854361136088936],[45.95188804172403,-15.819253077705406],[45.95206643189727,-15.809719962879415],[45.95215559092927,-15.800705589117918],[45.9594551393309,-15.789931594692485],[45.944766842458975,-15.78566647329047],[45.931710624710824,-15.78134117253496],[45.9219407233012,-15.827370027226234],[45.914146211713415,-15.83899572808039],[45.901959515421495,-15.852186396182866],[45.900938385444555,-15.861464401883907],[45.89391080958455,-15.867417917379203],[45.88443519824655,-15.861533058517578],[45.86246968533861,-15.82838675759208],[45.854924883973204,-15.838463751410075],[45.84857064545279,-15.846476992241652],[45.84441031906497,-15.837863190291618],[45.84169916928204,-15.825636790816434],[45.832401974583256,-15.830051267585265],[45.826061153744796,-15.841153450934442],[45.80660609381453,-15.834525692222384],[45.802383335287146,-15.843560024831115],[45.78646875951885,-15.857016350187791],[45.79440598995147,-15.912762467759755],[45.75123744219548,-15.86719059873177],[45.741445193040704,-15.845323057655177],[45.72143276571042,-15.831222433866483],[45.714485513439385,-15.824028026369346],[45.703484914306486,-15.79830282747092],[45.67109401581373,-15.780109640215231],[45.65535338611661,-15.807338771243966],[45.665065262545525,-15.807184346268842],[45.645663770846,-15.857479608122008],[45.629169535073466,-15.860104703505831],[45.638150131590336,-15.87965890566149],[45.6449591790152,-15.886083648715148],[45.64741617015052,-15.905137885316785],[45.66155597600645,-15.91411323323773],[45.6280458453443,-15.926707319608038],[45.63202777331881,-15.951905875661684],[45.627894190379436,-15.962649784438003],[45.6377666946388,-15.96854884763272],[45.65004701899185,-15.9505639149406],[45.657212793450604,-15.970550932257154],[45.647095133770286,-15.971352599232755],[45.63845783549786,-15.977564337468623],[45.62474610747741,-15.978631763136551],[45.600591168382266,-16.005752616112478],[45.597951392669195,-16.014522060888822],[45.62946383917292,-16.039679611873336],[45.637017573390764,-16.069285998137634],[45.64660463766817,-16.067970531686488],[45.64903480378468,-16.076720098009034],[45.63891708693819,-16.07958653056429],[45.626931052074184,-16.081681763894313],[45.61469082213557,-16.086356204734727],[45.59979297886473,-16.095413410845083],[45.59842848438501,-16.084342437429154],[45.58802984166968,-16.082050214272087],[45.57603040641863,-16.079248094979537],[45.565395433130526,-16.088554154220017],[45.56536871438693,-16.079278048746144],[45.55393109736929,-16.085747769283866],[45.546453194470764,-16.079586543317994],[45.53804782875709,-16.075224774038944],[45.53847587454521,-16.086304810130223],[45.52912956949496,-16.079372351765887],[45.52916080136276,-16.09031933969022],[45.50193800385704,-16.074800533947997],[45.475299312452954,-16.078206905082453],[45.49763939630936,-16.060767459887696],[45.505210965400195,-16.051344388079986],[45.52456792432321,-16.067657750178444],[45.5250762950315,-16.05812355269123],[45.53584496957136,-16.049210310748553],[45.55164808266288,-16.031262690614085],[45.52794795505983,-16.034284087776896],[45.51251945482395,-16.04450073588514],[45.51115942571562,-16.033165505898687],[45.52830466708481,-16.019082387536496],[45.54016585486628,-16.021375341529108],[45.55585744326658,-16.011414623423722],[45.56356274964673,-16.00559827670842],[45.54401850817092,-15.968030129553252],[45.533330081837164,-15.955305796167615],[45.524822073013056,-15.960094679707138],[45.50673597024482,-15.969667745277683],[45.497144482235115,-15.967888668316734],[45.48037377302021,-15.97088957898445],[45.47239643735574,-15.975931006823215],[45.461471617652556,-15.975052194162673],[45.425749809528526,-15.984757493657105],[45.34896853623492,-15.989562828088234],[45.36646158553265,-16.01297908502576],[45.392003343132046,-15.998251527848156],[45.42155826153808,-15.99303921605053],[45.43097589423882,-15.993883647484335],[45.42344888850724,-16.005405385850832],[45.422271725159604,-16.015970756667766],[45.42775190741518,-16.024461135524977],[45.411284499535796,-16.048456132929243],[45.3910356946826,-16.046947702641862],[45.39011714317813,-16.05596387971472],[45.376177996923325,-16.08188313842377],[45.36339370652513,-16.08538362184702],[45.36777704673847,-16.077388555352602],[45.33595684294607,-16.092641461642557],[45.381684920299804,-16.105708355883294],[45.36338926057386,-16.127950097468634],[45.34561085035898,-16.125092889669432],[45.334663706222734,-16.11531733197698],[45.317353505191825,-16.12307527134441],[45.33937697687119,-16.143391876694825],[45.32952240207981,-16.149075732669022],[45.31153434459596,-16.152198125708804],[45.31820966044406,-16.158626957322454],[45.308881203437956,-16.161860490364358],[45.25021728264579,-16.148797356056914],[45.242877606971746,-16.142235397890808],[45.24979365557185,-16.13114989936207],[45.26291680148541,-16.077542749701475],[45.2706355097505,-16.06825758797232],[45.27434099957968,-16.05021736196115],[45.2658018194451,-16.04121380544349],[45.27725278072109,-16.03810680153956],[45.27057754113174,-16.02677978475143],[45.277761119308934,-16.02058674738433],[45.26752749186106,-15.936603606763466],[45.20045370115604,-15.959348706537899],[45.14081768611496,-15.999593213185403],[45.13012031542918,-16.007711395726886],[45.12195124728227,-16.014702102572382],[45.0430697222959,-16.095392019402837],[45.02495686637662,-16.113775158576594],[45.03108814441408,-16.122145718857986],[45.021229050498185,-16.126656445255314],[45.011766830927336,-16.137480915461108],[44.98497656548159,-16.164532998224708],[44.98777243765187,-16.173291201443398],[44.995103168730324,-16.179346748757514],[45.01830389982028,-16.194677484380378],[45.01910207675702,-16.211938081401335],[44.972437561550635,-16.206268931269175],[44.957869731303454,-16.189949860155085],[44.9383120741707,-16.187581816691615],[44.936978804525324,-16.199820262685368],[44.925777570992906,-16.204586132898633],[44.91284168122878,-16.21192097930657],[44.903910134268564,-16.203930971583844],[44.89404659922907,-16.202124017954038],[44.89430517586567,-16.218099483010025],[44.90762903640198,-16.236526846634636],[44.89228972296902,-16.241283241817115],[44.89881783904936,-16.260354881417484],[44.88760767298691,-16.267948706329324],[44.88040173585269,-16.274258173466002],[44.874529076503336,-16.283272607356736],[44.87638857366713,-16.29692607434573],[44.86437574918357,-16.305164774486283],[44.85530591026423,-16.308378841092125],[44.83477620913458,-16.292260882407493],[44.811022610840304,-16.304351561989773],[44.80807510310043,-16.314909490479995],[44.814580917093224,-16.349442411419705],[44.804289369647,-16.365790940334332],[44.79787272112444,-16.37699581425836],[44.79121082498598,-16.368229638886202],[44.778002905411455,-16.36641135186806],[44.785084005002695,-16.36023316751683],[44.79457741130399,-16.338342890837605],[44.78537828871506,-16.334855470564985],[44.789681322275854,-16.30227162574911],[44.79772551199204,-16.26362964288541],[44.78812954014268,-16.256408014255783],[44.77693274004515,-16.251887367952516],[44.767327813560016,-16.25406637163238],[44.756929207718976,-16.254053506778764],[44.71957978275786,-16.258261590194582],[44.73054474570171,-16.236372760618796],[44.61912964599638,-16.206572967288185],[44.60969860266307,-16.209947051507402],[44.610835686056475,-16.219572350675055],[44.59831454966307,-16.213877741595983],[44.60100784101801,-16.201259009532194],[44.607420047692166,-16.194574653525233],[44.59195586087455,-16.19415933939204],[44.54852869441991,-16.18905914279016],[44.5457774200636,-16.21712329416607],[44.538027520327255,-16.223806823169163],[44.539860203783604,-16.23849619170708],[44.53423279587783,-16.250847147759718],[44.52215755939599,-16.280190804630706],[44.512499117491124,-16.302840847428094],[44.495826559154445,-16.250504674718588],[44.50265789794857,-16.238667497497236],[44.50047740872954,-16.204140821362664],[44.490903706398264,-16.193812440189216],[44.482930859229036,-16.18503376391957],[44.467471144719276,-16.18305962543698],[44.462637453871686,-16.195028580219397],[44.465901568459614,-16.221576133931094],[44.47425342437048,-16.239112746313065],[44.48396087551355,-16.24867240448558],[44.473691575804516,-16.249160425506833],[44.47180090038265,-16.259203351518654],[44.47068167168878,-16.27826461874984],[44.46308341124888,-16.28388465989436],[44.464233840870804,-16.295513675285456],[44.46154053622763,-16.304779592962717],[44.45698330413066,-16.31301366960846],[44.44149238848417,-16.31967260505976],[44.45802231006875,-16.323061857155803],[44.45213183513683,-16.330259611316105],[44.44118477066561,-16.33332348891973],[44.455832913412095,-16.34340922501964],[44.44435071878233,-16.346729610214744],[44.44445325139426,-16.356262648008087],[44.43594531059464,-16.36078939354971],[44.43360429552459,-16.371690805061842],[44.422889064772455,-16.385830053383195],[44.43603893149733,-16.406222200042098],[44.43673452898544,-16.39720492336736],[44.463926155520376,-16.407582433154037],[44.46070221193601,-16.416590695999336],[44.443044200495635,-16.4296831096062],[44.44729369051515,-16.43845503372584],[44.4464643287799,-16.448240190659646],[44.471805361988196,-16.50971112685806],[44.4626954659966,-16.55274534907034],[44.42285780110408,-16.586359856017673],[44.43788502572593,-16.673802594933555],[44.42095824227735,-16.721719835503663],[44.362597553163724,-16.78394423440501],[44.34865842508747,-16.791850527932652],[44.17411133739442,-17.079521807126255],[44.14196119435234,-17.08871568953288],[44.1016509327852,-17.17341687972788],[44.076082496510956,-17.241901170166276],[44.03285593902925,-17.30660955706332],[44.02067814015671,-17.327413465458054],[43.974994657195175,-17.392095974538183],[43.94433385220642,-17.452467828046878],[43.93410911790748,-17.491403235743082],[43.93968303384015,-17.511297312143178],[43.929248719316575,-17.50776772490215],[43.962312966004596,-17.740890371034567],[44.01899257570296,-17.76220076054787],[44.034055443981316,-17.83929699080264],[44.01537628096178,-17.885821414862953],[44.00925834511356,-17.899430097756273],[44.02272482812301,-17.895131604710233],[44.03383691203382,-17.87999063083993],[44.042692725942594,-17.883385565425776],[44.06036411779625,-17.873680064780853],[44.06708847352161,-17.89972708558265],[44.060056423691684,-17.906393151457895],[44.03076014713455,-17.90148379710953],[44.02002708134622,-17.9206197438561],[44.01013233157352,-17.933962683402413],[44.0193715822086,-17.94173468262316],[44.023964465352094,-17.98786320749267],[44.02548060765605,-18.005904119980638],[44.02090109054418,-18.013952782318512],[44.01151020140025,-18.024892995375623],[44.01683435400603,-18.052566980017023],[44.017275857584394,-18.06233475921694],[44.01752105487971,-18.07369158990472],[44.04675495658203,-18.078901401029043],[44.05955702449356,-18.102146228481544],[44.0691619280546,-18.119963541261875],[44.074410264049185,-18.128659671599546],[44.06758343999183,-18.13824516464656],[44.062005047192294,-18.14852085160032],[44.07197564499514,-18.14779627961405],[44.0909223608507,-18.183174061839132],[44.06800706047385,-18.18538118983381],[44.074156140575774,-18.245679868832553],[44.102917328471754,-18.261145054845212],[44.1061011557513,-18.271074754147175],[44.06868925796171,-18.259307243074616],[44.058825772766475,-18.289395546088492],[44.05607444198634,-18.29916701978992],[44.046884269093596,-18.328228266503636],[44.046875338482124,-18.337328760252348],[44.057488019350636,-18.3367784418923],[44.0573988054305,-18.35351792683397],[44.054380025354654,-18.36277788515314],[44.06489009312579,-18.3648896875576],[44.076457062800934,-18.370869355770875],[44.081839189778954,-18.398970814290198],[44.07649269070941,-18.415171160963354],[44.089687204474586,-18.419613362323812],[44.09039172699767,-18.440223868408573],[44.096282195669794,-18.449005485078203],[44.0671687426238,-18.442169724300836],[44.13341755764548,-18.524391581806466],[44.16748511603546,-18.5139817562192],[44.16276738047998,-18.54010236265123],[44.15374214857928,-18.536584920733375],[44.15059401461272,-18.545074088542655],[44.142817336481144,-18.53396368837282],[44.13269518513483,-18.5336592564245],[44.13898700506153,-18.54373389506568],[44.1624284724654,-18.582471186928615],[44.17356286845033,-18.625277328727627],[44.203951622208635,-18.68477552178361],[44.22055287741248,-18.688839095594492],[44.21673144719434,-18.69732057952727],[44.25458916373441,-18.723489119999282],[44.23403717605366,-18.72546971878561],[44.22540437433651,-18.721567587712574],[44.25670279769398,-18.85820347772028],[44.24081506433744,-18.888080763730446],[44.2431159412259,-18.90116333545788],[44.25581095941504,-18.90662224595948],[44.24721384311546,-18.923457504669],[44.24622392631657,-18.932597854129458],[44.23761336392897,-18.921744993843422],[44.2336224716153,-18.935892033516236],[44.24305794883668,-18.942922931365487],[44.2454391219134,-18.956802442201795],[44.25048235296462,-18.94884012154082],[44.26283410406706,-18.9409068907403],[44.28645395487761,-18.987872310675673],[44.28776487371613,-18.99753619070403],[44.26947809928616,-19.031591365503154],[44.26699889688807,-19.040595143839067],[44.27646555464329,-19.043853408218983],[44.28006406260552,-19.056359003534126],[44.270044473102146,-19.056059711912404],[44.27365632972177,-19.066250681757104],[44.27903400469135,-19.075926806842716],[44.28448743658957,-19.067708866230532],[44.29704877951363,-19.07548436315124],[44.29105573765266,-19.083187810758293],[44.299028573036836,-19.08836676950547],[44.29438220072409,-19.09788154483792],[44.30857998417291,-19.103856399749944],[44.29783352750408,-19.114246690654966],[44.30430819682014,-19.121611254480463],[44.29346362003769,-19.1228583519174],[44.291251932550786,-19.132897665736042],[44.302765333967805,-19.133971974819378],[44.30394696746286,-19.14324818801431],[44.312642212624915,-19.137611743106902],[44.333501922425086,-19.138589082495404],[44.344328624249464,-19.142237189294804],[44.35959657262251,-19.15323576537871],[44.331196538779814,-19.172838471182683],[44.324351829558765,-19.189423570811062],[44.325109851037894,-19.20346360974969],[44.318305270598536,-19.210264213064697],[44.32313894112624,-19.221359269350092],[44.34128304569283,-19.2263149974862],[44.34405659602578,-19.27963944902149],[44.35284549269909,-19.285851790662445],[44.372750932728316,-19.293650640740882],[44.38029568179546,-19.30681061898418],[44.38999869268003,-19.324358426135827],[44.37668832950912,-19.328044456186625],[44.403215515893805,-19.345775100926698],[44.406234340099054,-19.33574450332091],[44.40981047223917,-19.322620554129195],[44.40835686352922,-19.311540744748346],[44.41749800908141,-19.296116913485758],[44.42931460575877,-19.291003391188575],[44.42616205459078,-19.301036698928737],[44.43564651464017,-19.303385031177395],[44.44267855610368,-19.310619107124108],[44.45489204986737,-19.3492881635563],[44.440404411875285,-19.380923494864838],[44.44685672763424,-19.398198361939766],[44.45675144302108,-19.402606209518616],[44.45061574315024,-19.410571839639402],[44.463877069624786,-19.42246084927074],[44.46776542095092,-19.437279774220272],[44.47038741367956,-19.466779106771007],[44.463694256601784,-19.47834865088364],[44.46894711329808,-19.491754322728898],[44.459640951308046,-19.513876058357507],[44.487113447115775,-19.54409262702004],[44.48194981556319,-19.58657115984942],[44.475408330245756,-19.593250673034227],[44.45277838576948,-19.61533332160444],[44.45107945260919,-19.635800282451697],[44.45948043571625,-19.643036311697283],[44.4458578681265,-19.651368137401366],[44.45372375482913,-19.65783085051064],[44.43263216327283,-19.702319603635786],[44.43695302182438,-19.710572735550933],[44.42498036987319,-19.71234003985491],[44.419134467100655,-19.67536164218368],[44.40947159150243,-19.67700755415495],[44.393084387865414,-19.69366295979087],[44.399438669373616,-19.817212487137475],[44.4232502522877,-19.853268894738328],[44.43940555970632,-19.840644173660323],[44.44997809019914,-19.864974071979116],[44.48532093441941,-19.94809370668923],[44.49355685005729,-19.956698797030306],[44.503326767198615,-19.968056899664994],[44.5153038914204,-19.970407991969203],[44.51649898440568,-19.979682356015758],[44.50057550415041,-19.976803290947405],[44.50256872425147,-19.992262449915813],[44.50404021244855,-20.001149982102064],[44.49528697731706,-20.011558018826147],[44.50836552560246,-20.01236666975271],[44.503977792713755,-20.020855055978863],[44.49986207823938,-20.029338790607397],[44.48705553700932,-20.029045581377275],[44.48238681275224,-20.040620461882973],[44.46513903591928,-20.064521676572145],[44.45589532504257,-20.057794844809347],[44.445719625974036,-20.055566509094717],[44.445915828908376,-20.065748923603184],[44.45558765721932,-20.067968756291112],[44.453103925443386,-20.076847850903423],[44.422706236851454,-20.11563775568317],[44.41289617104203,-20.114314600050406],[44.41039462688323,-20.126155373635356],[44.39975073945973,-20.128952117472963],[44.39662936926356,-20.160617421621886],[44.385584213360175,-20.1603202642199],[44.36113051904077,-20.172082184705715],[44.359997916548586,-20.18211884625488],[44.35803588659537,-20.194988208576156],[44.34766398183847,-20.197009524535254],[44.35772823004161,-20.20400236088416],[44.34325839703802,-20.20652577168419],[44.34786470477892,-20.214522429436432],[44.323223689843545,-20.234003945761415],[44.313306629517,-20.234648295290334],[44.303304879470375,-20.23469848790774],[44.26445719007589,-20.29843132680095],[44.27017824242967,-20.310504841211422],[44.25894572929251,-20.307698790717428],[44.256247952861386,-20.318454324582174],[44.245965290804605,-20.326294722695987],[44.246866062258704,-20.367860945431882],[44.24763298436221,-20.378420023150372],[44.258691572312266,-20.378984333886372],[44.247178197502016,-20.387816408894917],[44.24113606137412,-20.39487585195915],[44.24655833554132,-20.402879579625967],[44.22794158337479,-20.411810587627166],[44.22074458836299,-20.43032294231444],[44.20541866549733,-20.435658949323333],[44.19271022427171,-20.436887391312467],[44.18976278811625,-20.426060675478254],[44.181401958634666,-20.43091212980175],[44.16218321716661,-20.448849827780762],[44.16190681453153,-20.460882280094108],[44.15285034078717,-20.45678383859239],[44.143245438036836,-20.464462592623477],[44.1332258585675,-20.472395788334687],[44.14510931630421,-20.473615609954756],[44.13920107343629,-20.481347835128588],[44.148310991718624,-20.487663677309722],[44.13485342820444,-20.499571983369762],[44.14122097957493,-20.5087438155985],[44.12631425032106,-20.510731800832744],[44.129502468267646,-20.52748670854486],[44.1248025905095,-20.536218422128155],[44.11736929181804,-20.545964270595356],[44.11196040348432,-20.53537909134785],[44.08746657064569,-20.573440495095824],[44.05487054917249,-20.705542005885167],[44.04794997683167,-20.71838005180101],[44.04172064705874,-20.708044613140178],[44.034015281820075,-20.714955884899297],[44.001067040456874,-20.730858341297274],[43.99362920376045,-20.73815639293689],[44.000416007519696,-20.746692508765083],[44.00968197039244,-20.75331007915099],[44.02481617534999,-20.740908661716478],[44.04424894074549,-20.741017091188553],[44.046322436016425,-20.759827336115364],[44.01035533073695,-20.775587508863072],[43.978245340897935,-20.78750249075038],[43.94160043363024,-20.819982493927576],[43.93325748079173,-20.79907473821996],[43.92676054385546,-20.82761379358746],[43.934109117907475,-20.833581849389006],[43.91626825961511,-20.858189239657598],[43.90628437998618,-20.85606413653582],[43.872466516106805,-20.964931557062773],[43.86698631323903,-21.020725777663404],[43.87943608053283,-21.022482336201826],[43.88237911171527,-21.03254223444173],[43.88243258660625,-21.043612824400128],[43.86669196129362,-21.054395459299094],[43.85770247307088,-21.049888545298128],[43.85581623257795,-21.063263154289462],[43.86138122231263,-21.07102350911973],[43.78312847072433,-21.24762114538411],[43.77400956477136,-21.254760975959876],[43.7669329523081,-21.26790511522451],[43.733373823259655,-21.284970389444513],[43.754291428295055,-21.2806242685846],[43.74973424378029,-21.299640728438334],[43.76282617605443,-21.29458872342255],[43.75021580525879,-21.340066928906577],[43.740169458908305,-21.3420521918813],[43.737757090401495,-21.350786365854493],[43.729338333160946,-21.339394006120067],[43.7197735065444,-21.33288555065161],[43.711207628181384,-21.338741979309688],[43.701344054361044,-21.33531952416586],[43.69510579971058,-21.32600290312335],[43.6751780558872,-21.3266176662395],[43.672105727714545,-21.317067871910442],[43.66408827785687,-21.322409826660365],[43.66592544220238,-21.33195099197642],[43.65632495996816,-21.329816051674023],[43.646671063633285,-21.334114954537174],[43.633534517649856,-21.328345608913676],[43.62931175302989,-21.339252867049815],[43.61094024859342,-21.334854356492613],[43.60418025547023,-21.323469113029358],[43.59997981234756,-21.33167265540615],[43.59039268852823,-21.32850343371459],[43.56096709253675,-21.331344596782163],[43.55372555969562,-21.34106368086841],[43.55250816798865,-21.35315359457375],[43.54215413835285,-21.358211874736934],[43.53450680912733,-21.367156867850298],[43.527483750317124,-21.354993360707613],[43.51968471903203,-21.36522589332478],[43.52358200322085,-21.374012593764984],[43.53041783865338,-21.381623751178818],[43.52193658265539,-21.387382784247464],[43.51039647835521,-21.38676828287998],[43.50236560711999,-21.392618388757796],[43.50198212778257,-21.40342534927688],[43.498847368374,-21.4142107056109],[43.501241886054586,-21.435339192830263],[43.488225789317006,-21.43110540706033],[43.49226126034386,-21.439892347292123],[43.49132934908558,-21.463311953859616],[43.50187067372491,-21.468171374364907],[43.50217830980962,-21.478342031422287],[43.50625838205552,-21.496399321221322],[43.495124005598356,-21.495785259144064],[43.49130254444412,-21.506045252611564],[43.502133743077536,-21.52287945525037],[43.5007380571973,-21.53830985990626],[43.493536606468716,-21.52975282100536],[43.492225643884254,-21.549819397194916],[43.502133743077536,-21.549649312596713],[43.49681400802661,-21.558611586599515],[43.480400078283665,-21.56232739894517],[43.46933255189769,-21.5550159980803],[43.47233356138163,-21.5970050164299],[43.471637911693534,-21.61090193573785],[43.482803493614284,-21.611204560189254],[43.48020836414907,-21.620631433866087],[43.48147028494712,-21.631326095353483],[43.47370249859751,-21.63691767153201],[43.469207726306124,-21.645630064462402],[43.48148365320273,-21.64342502156983],[43.47654743684725,-21.654449565446768],[43.47408597643502,-21.666012034250674],[43.49438380823458,-21.66079040914892],[43.5019286034344,-21.676562417754855],[43.502838289224634,-21.69536566238517],[43.489857789535506,-21.698336327477204],[43.455317650452606,-21.669957111258206],[43.45665979288498,-21.66018951679102],[43.455701123421726,-21.64679468621063],[43.44929339963927,-21.653682863778418],[43.432509353312305,-21.652497534994755],[43.36625157017959,-21.739326840041123],[43.34840622254184,-21.759538266297547],[43.35373928098773,-21.77503858182895],[43.35905453953483,-21.816533037369886],[43.34573078865158,-21.84857509814469],[43.34643976387021,-21.85888037232167],[43.34837948806126,-21.917589581956843],[43.33155970570061,-21.940588334205234],[43.33255856146402,-21.949861278602434],[43.33367335462903,-21.960684426648584],[43.323270303886616,-21.953500751292644],[43.31616243946294,-21.98290297627832],[43.29837512506054,-21.98194370761657],[43.26472671244803,-22.00269953876991],[43.23592539893937,-22.077164030976842],[43.24556152298094,-22.079585421424614],[43.237954291893146,-22.09172910055288],[43.23000373976315,-22.164486580359235],[43.24963711813897,-22.162343309045063],[43.253351556950534,-22.175805302437794],[43.26561853374189,-22.19164014186149],[43.27248559438963,-22.18192887465908],[43.272869073992446,-22.172927198517147],[43.2820280463875,-22.169805367024782],[43.280449551428184,-22.151899026098864],[43.2873120731884,-22.144378164674524],[43.296894683020454,-22.151556205693932],[43.306040270240715,-22.160918538506714],[43.30064926296994,-22.17244406730351],[43.31101220822701,-22.195847298277265],[43.31366982354121,-22.204756740835382],[43.31507887209137,-22.213781138198726],[43.310963121461235,-22.245910948685143],[43.30101933139458,-22.24503597552046],[43.29200303723598,-22.258840861266748],[43.28694640153213,-22.242699928955897],[43.2798743073005,-22.233231606397528],[43.27916084790894,-22.22382867412426],[43.26942665128967,-22.228484832549974],[43.26055746437397,-22.22408465134996],[43.23714715853611,-22.223250782371785]],[[49.30409305123142,-12.065088785772058],[49.31756847927719,-12.061164230837889],[49.30530597969551,-12.054082468752892],[49.30409305123142,-12.065088785772058]],[[49.218919775507565,-12.035033883638038],[49.213689239756114,-12.026956959567963],[49.207482212878986,-12.03439278267192],[49.218919775507565,-12.035033883638038]],[[49.04135839571049,-12.330151143416739],[49.04613856099168,-12.321556155218572],[49.03248919523652,-12.325320053186084],[49.04135839571049,-12.330151143416739]],[[48.88793408478476,-12.609754513616313],[48.876434056768346,-12.595742110005979],[48.8669941748564,-12.611020820239213],[48.88793408478476,-12.609754513616313]],[[48.8910287200492,-12.552211907322672],[48.89009674697069,-12.537526091231257],[48.881740407180054,-12.549304395458877],[48.8910287200492,-12.552211907322672]],[[47.98258939992731,-14.830843021949564],[47.993763937908085,-14.825808208513099],[47.98153258796334,-14.821333675919917],[47.98258939992731,-14.830843021949564]],[[47.99779052500375,-14.539297995099544],[47.99420535037394,-14.528019169905566],[47.988252483293245,-14.537234771254237],[47.99779052500375,-14.539297995099544]],[[48.01997455502016,-14.322038617805525],[48.03068974338703,-14.319662304542666],[48.01811506917675,-14.313008575051828],[48.01997455502016,-14.322038617805525]],[[47.88333431964402,-14.711304418932766],[47.89073192653968,-14.717476099019965],[47.89536941853435,-14.70828104283745],[47.88333431964402,-14.711304418932766]],[[48.076903865342594,-13.619016231151894],[48.09450840800102,-13.621282734685852],[48.09172147481817,-13.612498185042574],[48.076903865342594,-13.619016231151894]],[[48.061787530868365,-13.649727310596205],[48.07240908463574,-13.65294247422323],[48.06819525580052,-13.64233918200916],[48.061787530868365,-13.649727310596205]],[[48.06583639421815,-13.620433326707884],[48.07113826314119,-13.62796085797171],[48.076903865342594,-13.619016231151894],[48.06583639421815,-13.620433326707884]],[[47.9409102047302,-13.901560999424168],[47.928986540555556,-13.910157195050736],[47.94181987570193,-13.910944962607578],[47.9409102047302,-13.901560999424168]],[[47.91188587570136,-13.728802857703018],[47.92601681568914,-13.700324568361285],[47.89566818246109,-13.716123654647749],[47.91188587570136,-13.728802857703018]],[[47.41887434850959,-14.862182714764318],[47.409719819384435,-14.860221689276573],[47.409817895351566,-14.869229366446216],[47.41887434850959,-14.862182714764318]],[[46.67063271935872,-15.473124738621875],[46.680549711432576,-15.467894601542385],[46.67212653808068,-15.460747618973924],[46.67063271935872,-15.473124738621875]],[[46.4395175010919,-15.620802193649489],[46.447717813373984,-15.614948837402867],[46.43097386248557,-15.615446960318002],[46.4395175010919,-15.620802193649489]],[[45.65652166756553,-16.084942333078157],[45.65821609122275,-16.07437634481608],[45.64903480378468,-16.076720098009034],[45.65652166756553,-16.084942333078157]],[[44.060943788108034,-20.719222590904224],[44.067030485180865,-20.708440845562667],[44.05487054917249,-20.705542005885167],[44.060943788108034,-20.719222590904224]],[[43.30023009451323,-22.264845227793653],[43.30463126193764,-22.25560536686712],[43.29200303723598,-22.258840861266748],[43.30023009451323,-22.264845227793653]],[[45.49771519442045,-15.98308571210876],[45.515284090898454,-15.979956351573561],[45.50673597024482,-15.969667745277683],[45.49771519442045,-15.98308571210876]],[[43.512296048818214,-21.551930407466603],[43.51226925552292,-21.540732132525992],[43.502133743077536,-21.549649312596713],[43.512296048818214,-21.551930407466603]],[[43.481465804377144,-21.592199646882925],[43.47233356138163,-21.5970050164299],[43.48370875645551,-21.601743851481793],[43.481465804377144,-21.592199646882925]],[[43.55250816798865,-21.35315359457375],[43.55682457290484,-21.36143029315534],[43.561881192720186,-21.35014265791533],[43.55250816798865,-21.35315359457375]],[[44.38112959501293,-19.15665609664107],[44.37655449959613,-19.148656989624556],[44.35959657262251,-19.15323576537871],[44.38112959501293,-19.15665609664107]],[[45.13012031542918,-16.007711395726886],[45.137165678733346,-16.017625164461116],[45.13949336741081,-16.00861153353701],[45.13012031542918,-16.007711395726886]],[[44.465214821914415,-16.42484570373003],[44.47617976280504,-16.41662915989354],[44.46070221193601,-16.416590695999336],[44.465214821914415,-16.42484570373003]],[[46.10920514628091,-15.787593092367452],[46.124571158346065,-15.776436409686179],[46.096955993664814,-15.785850968251975],[46.103256692696704,-15.795093416399443],[46.10920514628091,-15.787593092367452]],[[45.95107647279928,-15.854035204470657],[45.952061930387,-15.865625047186416],[45.96376706170316,-15.864158068562803],[45.96150629887446,-15.854361136088936],[45.95107647279928,-15.854035204470657]],[[45.14457668306099,-16.04339080171032],[45.15416825768867,-16.04170664058088],[45.14776946584303,-16.03462692758638],[45.13471316203612,-16.033606928771828],[45.14457668306099,-16.04339080171032]],[[45.13124401077929,-16.024589763827983],[45.13471316203612,-16.033606928771828],[45.140835527602746,-16.026128357938905],[45.137165678733346,-16.017625164461116],[45.13124401077929,-16.024589763827983]],[[49.209765278799004,-12.108870039764467],[49.2094976597217,-12.119220216897135],[49.21873247401525,-12.118753706634996],[49.22119835008744,-12.098881363699316],[49.206144414846236,-12.099971344429742],[49.209765278799004,-12.108870039764467]],[[48.68822434973232,-13.528887965899333],[48.693396871290176,-13.511034216077565],[48.67325064058945,-13.471320289647371],[48.66416298165233,-13.473861430914756],[48.654045313394086,-13.471272605752743],[48.68822434973232,-13.528887965899333]],[[46.11536763565766,-15.844752561099172],[46.12439285913248,-15.840325526874121],[46.12140522422135,-15.829266222764389],[46.11273670273198,-15.825443752631207],[46.1106900426353,-15.816567375543023],[46.10339492907863,-15.823560411320335],[46.11536763565766,-15.844752561099172]],[[49.50344161505075,-12.397490014088358],[49.46735861190189,-12.427172895583142],[49.45412846899689,-12.446071248975322],[49.46357727832099,-12.446088634293544],[49.47849296528202,-12.451069944798471],[49.47855987079593,-12.439217465853138],[49.49261941269057,-12.43363071382429],[49.514781123849396,-12.417836409176246],[49.50344161505075,-12.397490014088358]],[[46.476171335193236,-15.542895517416719],[46.4680111336921,-15.553510745559587],[46.478677344969476,-15.558721476096405],[46.48863893565599,-15.57668532629326],[46.478276034333895,-15.577140637574786],[46.48418431916189,-15.585215649502807],[46.51076057520678,-15.567518880020973],[46.49688381574473,-15.540949390293463],[46.4873591631391,-15.546297917217844],[46.48649415725479,-15.536902436260874],[46.4753107079865,-15.533757609494382],[46.476171335193236,-15.542895517416719]]]},{"type":"Polygon","coordinates":[[[-14.964836801653247,11.29062966896516],[-14.95165125162588,11.290883265092946],[-14.95883038392473,11.297455533230051],[-14.964836801653247,11.29062966896516]]]},{"type":"Polygon","coordinates":[[[-15.386600878417383,12.057400987019877],[-15.398649323227296,12.060222332530676],[-15.395229191734222,12.050689687602205],[-15.386600878417383,12.057400987019877]]]},{"type":"Polygon","coordinates":[[[-16.398451162533444,14.218253216821523],[-16.393648677793422,14.210550370785407],[-16.377845641318892,14.217341142697846],[-16.392021160956848,14.22485791858379],[-16.398451162533444,14.218253216821523]]]},{"type":"Polygon","coordinates":[[[-16.362434938353747,14.113217920531564],[-16.38392788054144,14.110004788573889],[-16.3703008131138,14.10454276831838],[-16.362434938353747,14.113217920531564]]]},{"type":"Polygon","coordinates":[[[-16.366738036343122,14.082792988929768],[-16.358252390545893,14.075885675993742],[-16.357266884347197,14.087870523991716],[-16.366738036343122,14.082792988929768]]]},{"type":"Polygon","coordinates":[[[-15.078735632363552,11.429546070620566],[-15.078994220311989,11.414724763961747],[-15.072987842695019,11.422329974517583],[-15.078735632363552,11.429546070620566]]]},{"type":"Polygon","coordinates":[[[-15.072987842695019,11.422329974517583],[-15.061487787250794,11.413828694011796],[-15.063057351830322,11.422850137911267],[-15.072987842695019,11.422329974517583]]]},{"type":"Polygon","coordinates":[[[-15.54757885648229,12.027624230821251],[-15.556465871370873,12.020519725178607],[-15.547547639924092,12.012032462311803],[-15.54757885648229,12.027624230821251]]]},{"type":"Polygon","coordinates":[[[-16.54699271088339,14.1980186224348],[-16.55690080489577,14.19911230072118],[-16.552218773459852,14.189995212112336],[-16.54699271088339,14.1980186224348]]]},{"type":"Polygon","coordinates":[[[-16.51283158629743,14.242929056847615],[-16.50356107854466,14.238866326922787],[-16.50045311158552,14.248162999458666],[-16.51283158629743,14.242929056847615]]]},{"type":"Polygon","coordinates":[[[-16.581974385964624,14.102216132209504],[-16.574019284974895,14.096857737169469],[-16.572512123976633,14.108201414546627],[-16.581974385964624,14.102216132209504]]]},{"type":"Polygon","coordinates":[[[-16.367741285038107,14.16226553593145],[-16.3529950648239,14.168919412108796],[-16.363438255863556,14.171180568239475],[-16.367741285038107,14.16226553593145]]]},{"type":"Polygon","coordinates":[[[-16.346431299700168,14.175400173443455],[-16.3529950648239,14.168919412108796],[-16.34004585909615,14.166545801055108],[-16.346431299700168,14.175400173443455]]]},{"type":"Polygon","coordinates":[[[-16.555442677319522,14.236731143151628],[-16.54400961943179,14.225601319945593],[-16.537450273893068,14.232210173843571],[-16.547015008478212,14.240651312720905],[-16.555442677319522,14.236731143151628]]]},{"type":"Polygon","coordinates":[[[-16.540375373401115,14.251253112872515],[-16.547015008478212,14.240651312720905],[-16.534872875157323,14.24163244281479],[-16.530971144211616,14.250284995507894],[-16.540375373401115,14.251253112872515]]]},{"type":"Polygon","coordinates":[[[-16.54400961943179,14.225601319945593],[-16.552156374641044,14.219623395869007],[-16.539559380324825,14.211847138007794],[-16.535528370107894,14.221274645474733],[-16.54400961943179,14.225601319945593]]]},{"type":"Polygon","coordinates":[[[-16.637436618907813,14.106994831920607],[-16.627648935918632,14.104361153474933],[-16.619676049070797,14.114718477118187],[-16.62905799397072,14.116716392158187],[-16.637436618907813,14.106994831920607]]]},{"type":"Polygon","coordinates":[[[-16.530351354657085,14.197352879965765],[-16.522797601384113,14.212728947238503],[-16.539559380324825,14.211847138007794],[-16.53831085224316,14.202838595236294],[-16.530351354657085,14.197352879965765]]]},{"type":"Polygon","coordinates":[[[-16.581644363814046,14.130943389622196],[-16.59587786146364,14.127626731104268],[-16.578451717970065,14.122143488017675],[-16.566612798066632,14.132841669432635],[-16.581644363814046,14.130943389622196]]]},{"type":"Polygon","coordinates":[[[-16.45193810327439,14.199514368845534],[-16.461172902748746,14.198040250670601],[-16.470920409544924,14.194759139501803],[-16.456588884124464,14.189498062456499],[-16.45193810327439,14.199514368845534]]]},{"type":"Polygon","coordinates":[[[-16.513487013129144,14.122878610765744],[-16.49935169323515,14.141256295660323],[-16.506553129858876,14.152420470777546],[-16.510450366059704,14.142990154896012],[-16.513487013129144,14.122878610765744]]]},{"type":"Polygon","coordinates":[[[-16.358225621652128,14.182801506350891],[-16.346431299700168,14.175400173443455],[-16.336946805123876,14.178543210406236],[-16.343581943984887,14.184945868055914],[-16.358225621652128,14.182801506350891]]]},{"type":"Polygon","coordinates":[[[-16.524099708550523,14.190306511806428],[-16.514129137420937,14.18032434457772],[-16.50475609615014,14.1803805511439],[-16.508827243042138,14.196842784081001],[-16.5195558531629,14.20218587541905],[-16.524099708550523,14.190306511806428]]]},{"type":"Polygon","coordinates":[[[-16.522708421180337,14.160302620644599],[-16.534863974608886,14.161642901841669],[-16.52634703990286,14.151521202971594],[-16.51996614822813,14.144862423519651],[-16.506553129858876,14.152420470777546],[-16.511230738843437,14.160760892097162],[-16.522708421180337,14.160302620644599]]]},{"type":"Polygon","coordinates":[[[-16.593790951865206,14.055253507755284],[-16.58349492236815,14.054288909105063],[-16.57409508841236,14.069293977282873],[-16.570059649237656,14.077434142346899],[-16.579423786552454,14.076729122039191],[-16.588377635483983,14.073835569817415],[-16.593790951865206,14.055253507755284]]]},{"type":"Polygon","coordinates":[[[-16.530498525294128,14.100745697629566],[-16.543345197446257,14.108006830222736],[-16.551054957573303,14.115942370004504],[-16.55760986652412,14.109459917473137],[-16.554947795561727,14.08667689488723],[-16.541178063340983,14.0992623309656],[-16.530498525294128,14.100745697629566]]]},{"type":"Polygon","coordinates":[[[-16.327341859949122,14.139180729734358],[-16.316354646412105,14.133697846290822],[-16.31058901031819,14.141459489672616],[-16.302584891303145,14.149618738203909],[-16.314075997628777,14.15097203469369],[-16.323297443838566,14.147573523602182],[-16.327341859949122,14.139180729734358]]]},{"type":"Polygon","coordinates":[[[-16.56145355020863,14.189035535646237],[-16.559478200341445,14.170756819256885],[-16.54958787887419,14.17236944969272],[-16.553213200903045,14.180847460032762],[-16.543831241255372,14.17961963242264],[-16.542836857586913,14.189156511072065],[-16.552218773459852,14.189995212112336],[-16.56145355020863,14.189035535646237]]]},{"type":"Polygon","coordinates":[[[-16.535528370107894,14.221274645474733],[-16.526298043905864,14.222752848245035],[-16.522797601384113,14.212728947238503],[-16.5195558531629,14.20218587541905],[-16.50651744253179,14.207161346775179],[-16.50872026982055,14.220289088935752],[-16.50679835679339,14.229703229543643],[-16.50356107854466,14.238866326922787],[-16.515801294672407,14.23286708887644],[-16.534872875157323,14.24163244281479],[-16.537450273893068,14.232210173843571],[-16.535528370107894,14.221274645474733]]]},{"type":"Polygon","coordinates":[[[-16.543960529455035,14.159524315889719],[-16.534863974608886,14.161642901841669],[-16.527015903818917,14.172641837164111],[-16.514129137420937,14.18032434457772],[-16.523640410101688,14.181037712756263],[-16.524099708550523,14.190306511806428],[-16.530351354657085,14.197352879965765],[-16.542836857586913,14.189156511072065],[-16.535274209365255,14.183151758047455],[-16.543831241255372,14.17961963242264],[-16.54958787887419,14.17236944969272],[-16.543960529455035,14.159524315889719]]]},{"type":"Polygon","coordinates":[[[-16.558185047969207,14.155053706790149],[-16.54253809385315,14.144849485076566],[-16.553226507920154,14.124686193819477],[-16.541334142291973,14.122446176473895],[-16.535251913000486,14.115181261906983],[-16.525004913279027,14.108638222494577],[-16.52454111786204,14.117784577234264],[-16.536767981226085,14.130459083911878],[-16.525553396045197,14.13130226415867],[-16.528924425095113,14.142229181100163],[-16.537445778612035,14.152995609797301],[-16.543960529455035,14.159524315889719],[-16.558185047969207,14.155053706790149]]]},{"type":"Polygon","coordinates":[[[44.10796060519533,10.562499366605513],[44.07333563622498,10.600800395314515],[44.05441566962476,10.611056407892278],[44.049051381819424,10.618770177872037],[43.829422842320284,10.793271356343134],[43.65690017377905,10.990478099126832],[43.648459100881404,10.98270824534866],[43.64372799934472,10.991060232871938],[43.65112123420094,10.999727198251797],[43.641596563470934,11.00071640501813],[43.60920564731371,11.066795469693432],[43.60434078932072,11.074760002658884],[43.550733441998275,11.180540809970168],[43.54107057026148,11.181525066513094],[43.52385398406092,11.180536427063602],[43.51963121382279,11.189407777638625],[43.49148092355235,11.283313889479402],[43.483677540770685,11.352716772476231],[43.47263234466602,11.362260320920603],[43.471736062879636,11.351064191985017],[43.45206249384567,11.356415280946672],[43.42582957607476,11.378177324099802],[43.416028469829534,11.379672317015588],[43.37575391190763,11.390915429657323],[43.349199928133515,11.421298491299687],[43.32155354376054,11.437373869222817],[43.31516362451745,11.45846533799263],[43.288337694569016,11.46732801994228],[43.285515028301596,11.458679487667403],[43.24208342304872,11.474311338068858],[43.23661659138113,11.492699625427328],[43.22315006065781,11.494805798922762],[43.21336681596831,11.510287106523515],[43.19375568266104,11.516526602906188],[43.186086005576186,11.530905704261869],[43.17706079952276,11.532653288060581],[43.17984330722233,11.547354844698233],[43.17018933584959,11.554541533774568],[43.16985932296843,11.563982201397849],[43.15040876898948,11.615688395964497],[43.136772794453194,11.602624091454329],[43.12410455519367,11.579839706232882],[43.115436064459786,11.584378355820423],[43.09706896670115,11.5839939628202],[43.08376301503849,11.592669277963028],[43.08065949511423,11.60135298675346],[43.04955278758993,11.590511369278152],[43.01115100302187,11.589349442170874],[43.00072566484064,11.591336957449736],[42.85216178764137,11.590913273421153],[42.79648100378414,11.579289331939137],[42.680691492592665,11.539626301298815],[42.66349719456489,11.518754912836313],[42.687643254922065,11.504265953528211],[42.68751842767016,11.487399154806788],[42.68838348254274,11.477361585153998],[42.63760325289145,11.476697315769178],[42.602046309278585,11.4670046280752],[42.520917446954385,11.533413544496328],[42.53893224532798,11.548761651588915],[42.529840156885484,11.573147317715344],[42.516547521391686,11.56994088188032],[42.51868791589433,11.579232545178838],[42.52554155825676,11.586759103767593],[42.56571362476165,11.577572543185253],[42.589716914062045,11.565668506609054],[42.61947250140552,11.567586280635648],[42.645950630400705,11.556214750111016],[42.63803127004978,11.565934972993485],[42.65873490972708,11.557603999578593],[42.681311305524204,11.559718405862863],[42.70815955041123,11.646597462185913],[42.7505343816827,11.689044327626892],[42.77974151959834,11.745808989301588],[42.83240800013332,11.76308359877615],[42.88519032292479,11.782461217270347],[42.95229981670034,11.776590047909222],[42.99130805583611,11.804818579353888],[43.03025824909864,11.806376838385969],[43.020760388882415,11.816041207688798],[42.78979231246406,11.862231387584107],[42.00259823133724,11.884995168575097],[41.16650561838513,11.922930548091376],[41.183655335082726,11.493411878486175],[40.4698156955958,9.70881797716649],[40.11289587982102,7.686274947649098],[39.16111410068068,6.318085623621689],[38.863678738846765,6.020653053200174],[37.5549771780685,6.151521565053387],[37.25754174532478,6.020653029916946],[36.424733233019985,6.437058221328292],[35.17551611079714,7.3293562865042405],[34.71449636917869,9.27775570005412],[34.580649749401296,9.946765502997371],[34.52116527507964,11.433925511233042],[34.64013855940568,12.445196049061707],[35.770382444491275,12.802115886276106],[35.770382444491275,14.17030723034513],[36.00832459820756,15.062604185593367],[36.82626582550207,16.639309422422354],[36.96011080041715,16.90668932205217],[36.79354995141078,17.858473586741578],[36.60319096743791,18.048827606592408],[36.22247733850202,18.144008084507266],[34.98515704002288,18.144008145213558],[34.604443485605294,18.048827653957566],[34.24752529904527,17.703874070403806],[33.7478368210323,17.287400006566937],[32.314213804393965,16.84130484380708],[31.796680807999856,16.680652797785413],[30.642641972533568,16.407022607616394],[30.321414542108894,16.33561709767169],[29.750346304678267,16.05008022513523],[25.81233580027404,16.050080253566687],[21.88027596890651,16.050080243608026],[20.851160651503722,16.059009513552585],[19.233127868182457,16.35347093246864],[17.799503191113626,16.525973464112674],[13.935934900693693,16.525973488676453],[11.47608513433435,16.525973489253033],[10.809833014474666,16.716330332399867],[9.035715342961645,16.811508079332064],[5.67019734650197,16.811508098415562],[5.479842796436947,16.90668937322998],[4.62323609997984,16.906689405800865],[3.766629427243489,17.09704388305227],[2.1842884516022116,17.799038335174615],[1.2919888568526339,18.334365803666778],[0.6257412161344339,18.334365796110134],[-0.028608456049075262,18.215404007385132],[-0.6651169895170129,18.025057073481968],[-1.4681858076511483,17.668115198088394],[-2.9910401259370984,17.668115179884698],[-5.406194039197665,16.740147386451493],[-5.465680672061886,16.71633030976542],[-6.227107864977601,16.716330328340202],[-6.893355562194911,16.906689355058894],[-7.654782704470133,17.28739999445477],[-8.606568881819845,17.477759375852678],[-10.058037527631132,17.57293469894637],[-10.414957304422167,17.57293464912365],[-11.146640409208517,17.47775930190962],[-12.88959793202963,17.477759336619133],[-13.46066601895776,17.572934661102376],[-14.031738626630911,17.953650807340967],[-14.602806779516905,18.04882760317974],[-14.888345356821056,18.334365850616294],[-15.340442475195525,18.548527362901908],[-15.961760239033751,18.745499037845583],[-16.164424186029194,18.78728412305108],[-16.10393199941269,18.590886122564882],[-16.051524128018173,18.41244650254729],[-16.028278898473975,18.01187496159902],[-16.025893261438792,17.987621436541502],[-16.072544351406904,17.561592622910563],[-16.201051212507988,17.194844897748986],[-16.44372440310802,16.600863746033266],[-16.478532166931718,16.401003494947],[-16.518512409147846,16.25673761116067],[-16.510423667491036,16.20991711733527],[-16.482233211615636,16.23716048833399],[-16.471500118985965,16.299571079429896],[-16.451777507143962,16.319022132952618],[-16.4515902200386,16.348133086608787],[-16.46435668254052,16.36066528311576],[-16.46404005493387,16.37225555903542],[-16.454720560910122,16.374381817099003],[-16.463442571045963,16.381273986390088],[-16.444156926820177,16.4254530240271],[-16.44623490437025,16.435743542307215],[-16.440357794279695,16.45329938416213],[-16.434685824335528,16.462095942884343],[-16.432888777189582,16.47189700417869],[-16.429125254666086,16.486858449525602],[-16.428929091839418,16.496521503574776],[-16.40283893041883,16.50622669628944],[-16.393242942890236,16.508868850065944],[-16.388226396751985,16.516756628116628],[-16.379134358147255,16.51437105620563],[-16.372873758448996,16.49753908591159],[-16.364829559668145,16.49257077370521],[-16.356312642906754,16.496615504264987],[-16.348192652882112,16.480701268184582],[-16.337985745986792,16.471234226738726],[-16.338190894093962,16.481535116843737],[-16.326133403611284,16.475172442733335],[-16.319672168284136,16.467488274794576],[-16.321879478754546,16.456399778285817],[-16.320787002127584,16.435025014983648],[-16.325268402957374,16.42649664456483],[-16.337062671872847,16.412770994313924],[-16.346413424859033,16.414255259519102],[-16.360098374698957,16.405152786515377],[-16.37245908095951,16.40069123570471],[-16.370256255564648,16.409982130350837],[-16.370269640795136,16.430842132191604],[-16.36592200206643,16.43885703935532],[-16.366608677985347,16.460748927510252],[-16.37665503404693,16.466089988254048],[-16.39179367798005,16.455429066748245],[-16.399311709722035,16.461561373514733],[-16.402290409420385,16.448920203122317],[-16.410209827908,16.436504768673085],[-16.41722399654845,16.42860096333538],[-16.425825556351835,16.418370022850727],[-16.435042485851746,16.42023493950035],[-16.428594635994358,16.39568205048525],[-16.424099932302376,16.365063589236133],[-16.41857954120371,16.35762756599093],[-16.408332486565595,16.34224107579984],[-16.406036104506427,16.356810276718246],[-16.39767076127827,16.324799278698393],[-16.397603916085515,16.31552580387581],[-16.422806712089606,16.296296941791564],[-16.424626046635822,16.271428853818634],[-16.432121815345447,16.257341172572666],[-16.421205922925353,16.259473049564637],[-16.432059362220684,16.24249055413447],[-16.44038008059674,16.237580065804863],[-16.4332098506318,16.22333163505435],[-16.415404636993003,16.231436377222625],[-16.428434147700774,16.20778044847509],[-16.43036936082047,16.198882452853084],[-16.423841233701808,16.16222027072074],[-16.418053352329377,16.173205527255302],[-16.41805784505661,16.09889229909195],[-16.440861663328082,16.083674095098676],[-16.446520231363674,16.07384508575893],[-16.451906828808426,16.065695204571696],[-16.47674400066454,16.027079818682296],[-16.47982528262472,16.038436754050487],[-16.475031707540055,16.056306654335124],[-16.49146350185181,16.031965504057244],[-16.49899941676015,16.024354058232433],[-16.494798931423116,15.979098998708197],[-16.47413103132111,15.95007514579325],[-16.479116301547222,15.942001741999164],[-16.467143619286617,15.943112302303195],[-16.46349155243776,15.953440786679408],[-16.455995825176206,15.947567053471083],[-16.456860924304518,15.93854592019186],[-16.453592421350997,15.928521069471765],[-16.46041922804573,15.897054114544028],[-16.469618361016376,15.899309818743042],[-16.47488906950596,15.89180053928255],[-16.482366956296293,15.877750316068154],[-16.481814001689248,15.910815601602529],[-16.49453142635277,15.902744892475464],[-16.498727411902685,15.91198633184819],[-16.498544577374005,15.923577132715545],[-16.507150646278312,15.917080703921249],[-16.5083501788488,15.899554307900948],[-16.508929811534834,15.890565413013531],[-16.516902708835083,15.89590471800235],[-16.521393017531985,15.877441526501984],[-16.51965842685473,15.864604216338869],[-16.523667200236385,15.851294186846133],[-16.51307682051276,15.855733770377077],[-16.513067920879006,15.846459849039931],[-16.522146640698583,15.816134088928889],[-16.525473114837077,15.80658791713362],[-16.5321617313964,15.817382547404362],[-16.535729037735933,15.803275682118596],[-16.540170295957413,15.783688346187532],[-16.538221665524457,15.773325392746216],[-16.553485185708116,15.751589338926028],[-16.676578620539143,15.528198287996847],[-16.961889789363582,15.116360788847333],[-17.117293871478253,14.934180945088963],[-17.14834260054415,14.900541993391133],[-17.443338908619147,14.767028803881177],[-17.487278888953767,14.76072053172818],[-17.506497622845956,14.753976599253127],[-17.516686699318825,14.755196875394793],[-17.524182416798777,14.740802750371516],[-17.469817079960762,14.685813547111904],[-17.469892901028757,14.673934064038995],[-17.459293599405093,14.678165717247493],[-17.439686895628064,14.656933307690398],[-17.426849119572477,14.667851719054559],[-17.43279312074074,14.678726472154286],[-17.432423004278935,14.69123980765658],[-17.42216708036903,14.687737345073415],[-17.417859642914276,14.70353665601127],[-17.42778111537376,14.723194819655461],[-17.35280579148706,14.737344252037015],[-17.222301245477617,14.682095362692642],[-17.147045011533997,14.591808142689967],[-17.092585998829122,14.510515030751996],[-17.085991023081615,14.498803079689965],[-17.04867730058455,14.449863420561279],[-16.976047423754256,14.409619903262264],[-16.93081433381539,14.334930624694184],[-16.921436825173274,14.286032860334528],[-16.871106920755135,14.215313835598868],[-16.854559245734862,14.177674201134002],[-16.83489455631977,14.152965280531586],[-16.82956147194643,14.161573763658623],[-16.81716520854269,14.173065530707547],[-16.809098699304172,14.167202994294229],[-16.78913085711162,14.14957976671335],[-16.777162633600557,14.137818700744221],[-16.794178548266792,14.13665982090702],[-16.79206941162108,14.113948774473439],[-16.786647062858403,14.101428991039013],[-16.780957257132144,14.082927058989334],[-16.77849587480306,14.07135288404848],[-16.768743767669704,14.073225685801429],[-16.7676201061843,14.063960811988244],[-16.774148221923433,14.055413587791728],[-16.769871934892315,14.013974869448344],[-16.75947780210289,14.01057861871478],[-16.768748267727076,14.0047075871936],[-16.75888031012328,13.965561847801489],[-16.72128555613333,14.007645294010958],[-16.676360188972115,14.01282402782189],[-16.65278489765783,13.992960639399124],[-16.653694512576234,13.982554495560972],[-16.699734770599598,13.999225783189683],[-16.743050462003886,13.950467788580132],[-16.735750891778633,13.938592557280618],[-16.736767576232122,13.921358689005384],[-16.72446050079321,13.922734964670687],[-16.735510174554467,13.91152494055953],[-16.73344559640649,13.89752243369903],[-16.732326342669968,13.887878208760453],[-16.73309779746574,13.87724217715354],[-16.72537014289967,13.865852450523052],[-16.72957952468732,13.855592131111171],[-16.73003440078981,13.832203777291117],[-16.682103446275704,13.77961256417593],[-16.676052513905645,13.798221183634043],[-16.665127720670817,13.803590818722931],[-16.64768817392444,13.827527587303797],[-16.603164037843513,13.837659274434317],[-16.595405188965596,13.830116844263022],[-16.55755187192007,13.873566891254946],[-16.546323874033323,13.875207583914456],[-16.55143402422587,13.866393602883866],[-16.517027575689607,13.87473570773225],[-16.510280915605332,13.907832896369468],[-16.519150053785644,13.912169830355024],[-16.528152977314345,13.917220925657947],[-16.519836784733332,13.92388624916498],[-16.511712304270528,13.91760185196427],[-16.495231470581576,13.937116838660247],[-16.496966040621484,13.927192870512245],[-16.49613664164199,13.91701750615691],[-16.481965632627467,13.900214771205167],[-16.503115128543858,13.883311354660375],[-16.47540182987247,13.893341052069566],[-16.485711320020545,13.87441538317352],[-16.487526168327378,13.865545127739793],[-16.486643235615553,13.852730417228923],[-16.472151193018007,13.84928420106678],[-16.488199493522554,13.84362986042917],[-16.534868379930796,13.84432259612661],[-16.546203485421476,13.832065234515374],[-16.590910445547998,13.802135851278148],[-16.630279796649237,13.748472363541826],[-16.62053668758052,13.729106111781455],[-16.637953907423526,13.711956282568682],[-16.614882564802787,13.669537724848416],[-16.61087379089957,13.659593735943401],[-16.591499025779292,13.641771497973785],[-16.575383840873602,13.645420104592603],[-16.58917582939194,13.629516550829134],[-16.579842919425328,13.627124448874529],[-16.56106115825855,13.599361918726943],[-16.550412811569895,13.602131447907123],[-16.52725225422024,13.52772173149377],[-16.573840971656566,13.458124240160902],[-16.6421811299302,13.474698327096672],[-16.66669283140675,13.488483197078263],[-16.72726079591198,13.438417651694154],[-16.78215236085862,13.382038539342977],[-16.796586455498257,13.368863551316478],[-16.811943625638246,13.344524694170985],[-16.80055504468298,13.269457783826624],[-16.782562611071075,13.208646102559106],[-16.781728700447736,13.15527039318298],[-16.768467374319904,13.100319541534349],[-16.771807247714612,13.081239804357402],[-16.74079863469443,13.047220022574225],[-16.762719532264317,12.870304659742173],[-16.791610088358485,12.762652455645064],[-16.780007515146423,12.716358117569005],[-16.782669629075947,12.675219498366308],[-16.78299068339753,12.662994481580139],[-16.76674170114638,12.575871142710877],[-16.74824973890702,12.559188852795474],[-16.79130243320913,12.48068566843291],[-16.764079597004933,12.396614696806715],[-16.730997517410582,12.35874835146392],[-16.710186925942494,12.336881466052759],[-16.675927644733058,12.341015449472474],[-16.581885181017196,12.285452252097224],[-16.507534129197072,12.231407033424688],[-16.478772957108134,12.193652073065644],[-16.457962299708758,12.195696182333936],[-16.458011369690304,12.204970827137094],[-16.44622151423116,12.204391160775929],[-16.426302702375885,12.201662815795855],[-16.411164049275413,12.194693700433778],[-16.41373696464999,12.203659016395],[-16.43161796743277,12.21593178211572],[-16.44054947465703,12.220651572077259],[-16.45468928602793,12.219806159584941],[-16.465484790238353,12.229799008784605],[-16.468949499303992,12.241116216377671],[-16.49493717846414,12.250249808678563],[-16.49616792269745,12.259518191472369],[-16.472177886736915,12.279230416340358],[-16.471834553641607,12.288506560780489],[-16.46558293373821,12.295368635387579],[-16.45489886377614,12.30624732407568],[-16.447728674137004,12.312085200065649],[-16.443983036543496,12.322409979300334],[-16.413063609800016,12.322571174816353],[-16.400702986163548,12.3138757339845],[-16.39458063124257,12.320606455560725],[-16.385265598365287,12.318977177194025],[-16.37584794404163,12.322118126490324],[-16.32223621441723,12.343899069919408],[-16.31718404426264,12.355516385578001],[-16.306513405362583,12.362180663739935],[-16.307070740546244,12.35092961446009],[-16.310954617147257,12.341503256513128],[-16.2877673236412,12.342256921715384],[-16.28637609678113,12.352441087438265],[-16.276682044539417,12.353904650764418],[-16.27781909027769,12.344626573963055],[-16.23863247212382,12.343903490888037],[-16.23484227514047,12.35495879962614],[-16.24656968328204,12.359197017425924],[-16.238070657683974,12.363618088513721],[-16.24389428462555,12.375704829018797],[-16.234597013200453,12.377033192407932],[-16.21329143426592,12.361928025242488],[-16.20730730767168,12.371614941565744],[-16.195677974602447,12.379267593220552],[-16.193622298934176,12.38803924118223],[-16.20088174829093,12.398827072565094],[-16.189234571091777,12.403260491713468],[-16.179937335348182,12.405107068243678],[-16.182777824430367,12.3958176679251],[-16.184958321640092,12.384986200973696],[-16.173676807515918,12.382455685003325],[-16.11994012813473,12.35227558227478],[-16.121986871491927,12.371336233321522],[-16.11100853120492,12.378082893357726],[-16.10137246402657,12.36227213829788],[-16.09270842127271,12.358574151293293],[-16.084820267201682,12.352676353278172],[-16.080673310457193,12.364031808051687],[-16.090420938526442,12.408055336473078],[-16.079023397230127,12.408874098678522],[-16.064045287795047,12.400303475580118],[-16.070693850239664,12.39138405936725],[-16.05872118452792,12.380739709245427],[-16.049927828070302,12.377551510912228],[-16.044518910630632,12.36919763682242],[-16.026780630305538,12.356766462572978],[-16.011450216213998,12.358757062348753],[-16.019766447575467,12.374058459713332],[-16.009140380265926,12.371262209722023],[-15.997863303290327,12.369890155355908],[-15.988829208712385,12.371854513659832],[-15.987861589920508,12.358456544902806],[-15.993854593081736,12.34967512721999],[-15.931391546316316,12.326958012523688],[-15.925665999384263,12.338575992129988],[-15.922731945659537,12.323507831059013],[-15.907642389392407,12.317761702030424],[-15.89586589892145,12.323211615722643],[-15.895174684284875,12.313034916686213],[-15.887857357018586,12.318728830356148],[-15.88762543826337,12.327877171933855],[-15.872138968999689,12.32200049483898],[-15.863720169422185,12.311205185710007],[-15.856875447819755,12.302722846751093],[-15.851796545701996,12.311497056502454],[-15.838026882399234,12.308064090773875],[-15.840880680849631,12.299420442888547],[-15.82854239822644,12.29275881716678],[-15.838856212105215,12.280873094865678],[-15.82353477099152,12.284010116415079],[-15.817800339885588,12.293564911670988],[-15.80547989535323,12.292053073268955],[-15.791527373043971,12.271479047675074],[-15.780758627243495,12.262873447545747],[-15.781967084973338,12.272537862748939],[-15.772932907002275,12.275139067955887],[-15.769945285717442,12.284167007456572],[-15.761571159990853,12.28908599770919],[-15.749919448791148,12.291952858644313],[-15.73891442773809,12.293015901897428],[-15.744724662485053,12.308203445051603],[-15.72912668481267,12.307214530496513],[-15.717506319535559,12.322579882707329],[-15.711495425498134,12.329811402688366],[-15.690243350549505,12.320976771557872],[-15.695719106589054,12.309514783902584],[-15.687336036577573,12.304800966268772],[-15.706862430389302,12.263592360326482],[-15.65631399415799,12.272995390056703],[-15.655493546726513,12.259853719193517],[-15.629554947719907,12.261073832752846],[-15.614429694012017,12.236623354769545],[-15.58339431605054,12.243133830270992],[-15.579746824120146,12.252162801364289],[-15.566623683886764,12.243430159273498],[-15.5909570324736,12.22700993282008],[-15.588312747022256,12.215805398507896],[-15.597748202039455,12.217335128123464],[-15.607304054408045,12.214990404336167],[-15.618465171184285,12.226565431649357],[-15.627896224948625,12.224870130345876],[-15.636315010320166,12.240310050534966],[-15.654534826377384,12.2434911682906],[-15.670922020836722,12.247831349950925],[-15.669570909265547,12.230565984024443],[-15.697119291736477,12.245447782939285],[-15.705484551204234,12.237695370864838],[-15.732234694960713,12.246646091379068],[-15.711994811231525,12.222599601787614],[-15.710362815145523,12.200830395730042],[-15.69936215288045,12.201113707982607],[-15.697493846006351,12.188234376654806],[-15.707192421069607,12.189624789999517],[-15.717421534099486,12.194497641175836],[-15.733389557352474,12.222760866101432],[-15.758538948317467,12.23652311623132],[-15.763880904310914,12.226970681882584],[-15.755720809558673,12.212562931568026],[-15.75516784334534,12.20341493657353],[-15.766311128464453,12.205057977745291],[-15.79035011118632,12.218450733619257],[-15.794305396889458,12.206356740779587],[-15.800004077302802,12.21527368434315],[-15.80744631372664,12.206230406477394],[-15.818322051652178,12.208130597496016],[-15.815749159758676,12.222830612728334],[-15.836970090394527,12.222896015246869],[-15.842780280954194,12.238078877191223],[-15.863341154947818,12.235956667663636],[-15.875826636549116,12.24712542872664],[-15.867055619557142,12.249862044278233],[-15.911013394781023,12.269688213872813],[-15.925251366023696,12.257400516238574],[-15.914602968354869,12.246227802550104],[-15.90524777811347,12.230666229243013],[-15.896445542560759,12.223994154968185],[-15.89954462309236,12.21045354337203],[-15.904815265397978,12.219200356051283],[-15.912431434427514,12.224717610067637],[-15.922669563341193,12.23112376061139],[-15.935502828636624,12.228761835589792],[-15.933959933244493,12.2380440521897],[-15.933879709840484,12.25195800714934],[-15.94344894351402,12.253731509346022],[-15.93614049906346,12.262132700110161],[-15.937487107586852,12.271662044886547],[-15.952442966684641,12.277278429690549],[-15.960059081539884,12.282663804288688],[-15.97759223963036,12.275775283357573],[-15.980673461890754,12.258624990745002],[-15.992458898757377,12.256908116961919],[-15.987380023869243,12.264916978509588],[-16.004837410930133,12.274258926198991],[-16.01425050027797,12.268424599646869],[-16.04052357687951,12.285979521790324],[-16.04793457935304,12.271906095515163],[-16.052844013801174,12.287347567712608],[-16.0612583627663,12.294532080521897],[-16.098157437289164,12.282916516218378],[-16.10507352892132,12.276062852074766],[-16.081730112666023,12.26971442670285],[-16.087049823365046,12.257836289737286],[-16.09506725057367,12.263731852103582],[-16.11626587730793,12.257722996368345],[-16.134494613584135,12.262028068587991],[-16.137468863770756,12.253252185237017],[-16.14639152536022,12.256563905738501],[-16.14302491992199,12.265601082833463],[-16.147140624886166,12.27808018204205],[-16.17775689337745,12.269701302524378],[-16.180989735889305,12.259513915212677],[-16.23406636147332,12.235830245931032],[-16.2369068144379,12.2265392804345],[-16.244081561370272,12.22083898950165],[-16.248607499113415,12.207934448561826],[-16.245553027590397,12.199056543534185],[-16.247693361353807,12.18088131595597],[-16.23865033745384,12.178989630327742],[-16.22975889683725,12.182768628475397],[-16.181894862264457,12.198437633474123],[-16.15634424675938,12.195194918218844],[-16.14306503026668,12.183914958272034],[-16.15559511224638,12.173811390011213],[-16.147711424844903,12.168044607614611],[-16.138539073654577,12.166536466237211],[-16.133375434289487,12.153032104851782],[-16.103361237160453,12.147225629781545],[-16.09418880894349,12.145974507948374],[-16.098866430596264,12.136549594155431],[-16.105122513282463,12.129822886985407],[-16.108493671642904,12.121434938262624],[-16.121322476084853,12.120611014801531],[-16.124680185762237,12.109772549092954],[-16.131533777763202,12.12082894888341],[-16.135631745040957,12.129055592288182],[-16.150181739792693,12.133245048268277],[-16.1846149332487,12.161187935281001],[-16.205541528280637,12.155944020971774],[-16.184530208133282,12.142120827214276],[-16.197581982041207,12.13278733630814],[-16.19334145488122,12.121727039662861],[-16.20283930216647,12.107640549070327],[-16.21503493085364,12.112615166609302],[-16.218084986909727,12.12123439984337],[-16.249200586591957,12.110531151970347],[-16.237736245074792,12.094604129510092],[-16.246342273009105,12.087610382127421],[-16.288329186965445,12.107130450783206],[-16.2870003652118,12.130197747682042],[-16.304899243418564,12.148668540664302],[-16.302214809351124,12.162077226016581],[-16.317139408471995,12.161750300656154],[-16.327007389414124,12.144697234154558],[-16.319908552425442,12.138934162812587],[-16.327970565447213,12.127298709402872],[-16.318945414505002,12.129530736393278],[-16.333513227146927,12.083341654920384],[-16.331765293352753,12.07407152155998],[-16.32232090779448,12.069994415120567],[-16.318664485168064,12.045016214411595],[-16.336349239127937,12.022129114054128],[-16.32294070631739,12.009825546299037],[-16.306410847234066,12.001141689908023],[-16.28759787595433,12.008185626251953],[-16.291834020891905,12.0187315742905],[-16.28214886604061,12.018906081459946],[-16.28617989083255,12.040271493798581],[-16.285881137334986,12.053624573654513],[-16.278621751627597,12.04803829030292],[-16.273083552043683,12.03878871156592],[-16.26017885674597,12.050441122287392],[-16.23365618687599,12.061382277339943],[-16.228907236002208,12.05367250178182],[-16.200565170132336,12.03820435371031],[-16.190099615190736,12.039538825214384],[-16.17907673326102,12.033014641563044],[-16.17950932243398,12.042547939125637],[-16.167362721432973,12.048653183784824],[-16.157347524317977,12.063514640608423],[-16.151555147439765,12.056066563499073],[-16.14455441301521,12.041274498698094],[-16.132991937616197,12.030886399301027],[-16.137397528616326,12.020689884963186],[-16.149223097057614,12.03107830180846],[-16.155068978867188,12.020489254367408],[-16.168544376055575,12.01978701302617],[-16.17295883885415,12.010750199699519],[-16.18346001816044,12.018182094895852],[-16.18329056895272,12.009031755123361],[-16.18599728606012,11.999745931303492],[-16.19330124457951,11.994045171833449],[-16.19402808294108,11.980641212961128],[-16.20762389655283,11.9780065820771],[-16.205572764990272,11.986904904153883],[-16.212145418734085,11.993704987992599],[-16.219119456439298,12.001665077385612],[-16.22891612334753,11.998014376656663],[-16.231738728287667,11.984859146968187],[-16.23745973788929,11.976846275146084],[-16.231622832109785,11.959476046640269],[-16.227003198701883,11.95112209432309],[-16.21614972461642,11.952204033295295],[-16.226178211272227,11.942109121855257],[-16.211128758475986,11.941402432054133],[-16.214754056589857,11.932624713093675],[-16.211052998374743,11.924134658495682],[-16.146092801631685,11.90958838844428],[-16.137179036826428,11.905888469337976],[-16.106264049748418,11.896738783845139],[-16.099379225539025,11.876147480858455],[-16.04030510406854,11.92148203806364],[-15.958177301372567,11.922267384236108],[-15.92796245367548,11.959035447121318],[-15.947163375967982,11.986678117347452],[-15.944688573582418,11.997687260212235],[-15.916021035006723,11.968710896583696],[-15.890662091151686,11.981295494348043],[-15.905876563394807,11.959153252849834],[-15.858235465919572,11.986699929959917],[-15.851970451416511,12.002192854184834],[-15.834718200991627,12.004364912009066],[-15.834557659950248,12.013833756474435],[-15.765477288484938,12.018356493963598],[-15.751444521281691,11.998433103957298],[-15.75351799909451,11.983476491630846],[-15.776651828998858,12.010427493773669],[-15.850093156319364,11.966778485114487],[-15.882015923525515,11.923048274959363],[-15.882403847279122,11.913728970716413],[-15.922638282560014,11.878503787263186],[-15.946592630318184,11.808450058268214],[-15.956429380867458,11.779030184683066],[-15.964161482442789,11.76685972485157],[-15.954168618627785,11.740360531125667],[-15.874386381982497,11.767802618718976],[-15.875144456481925,11.754959369264562],[-15.865579681128082,11.764572232097024],[-15.837023574891328,11.785975121799742],[-15.8044274988333,11.830696209320857],[-15.806746290393782,11.81355677092736],[-15.816279823624061,11.805434000870418],[-15.820083466775106,11.780623457482653],[-15.82761931983469,11.769758297976614],[-15.818174961750575,11.746328536311207],[-15.754213611163093,11.77420657175917],[-15.709930310438386,11.794923380349237],[-15.644938865024915,11.80356592828462],[-15.62132797328717,11.827427260567404],[-15.588553500983409,11.841860107048571],[-15.547427246029267,11.886550212000131],[-15.536319607833782,11.891206002211952],[-15.496259064751158,11.925417341093057],[-15.439048825058745,11.939666067491734],[-15.418670742399838,11.967537503432544],[-15.396941483196912,11.966795950303728],[-15.390801352951978,11.974407842267173],[-15.374690619987012,11.967598542958802],[-15.360813876705732,11.965940942794912],[-15.336993309917274,11.963908154395765],[-15.322728723144909,11.966246268931103],[-15.312637714039777,11.956849980680516],[-15.30922653891334,11.948478463386133],[-15.29572435782654,11.927101387226797],[-15.25738057387182,11.927655514055237],[-15.237617855944752,11.927930328121219],[-15.231473219275005,11.93592294880793],[-15.221123594038843,11.921499508933012],[-15.211046080994924,11.921250779132304],[-15.191149503531472,11.912755995166878],[-15.164849752692158,11.91406496445112],[-15.133850051474845,11.945005863435965],[-15.129141240761719,11.953259703755068],[-15.078896101345775,11.9923222655061],[-15.00925833745382,11.998777703036883],[-14.976532963760604,11.959083455774357],[-15.006636407477817,11.95019291144475],[-15.018038327908837,11.88955661856116],[-15.040159870877558,11.838551983290008],[-15.019193205297336,11.805473263255482],[-14.991796518263907,11.799759717786289],[-15.006895058927613,11.784080712497055],[-15.050705667691172,11.802313177783335],[-15.057800110303372,11.889102834025836],[-15.026925264705573,11.922162621078746],[-15.04233591319807,11.953120085697803],[-15.071360205775562,11.94358369946086],[-15.104518122620778,11.900177017906577],[-15.150045539617906,11.885463691951479],[-15.152395452277093,11.875793993276648],[-15.161554478266936,11.87321504848516],[-15.218862876533313,11.8762696525035],[-15.240578650942059,11.868903677343331],[-15.291470404220522,11.866281022148348],[-15.302453162720107,11.860341874376372],[-15.315406882282685,11.859940325097313],[-15.31515712737574,11.871151015428206],[-15.331655764241301,11.881697954904595],[-15.362807100529857,11.88797703051464],[-15.375885593973791,11.885638231169771],[-15.388692166432959,11.871316865173995],[-15.406550828481162,11.877399792063562],[-15.44566168536729,11.864360944866833],[-15.438683129871785,11.847555262954787],[-15.517225734466761,11.762935241637374],[-15.54542510580277,11.711020675598297],[-15.53478571807454,11.720447263779334],[-15.534700929688913,11.680616616638307],[-15.520347148678574,11.677865530946791],[-15.505337806712804,11.67810570717939],[-15.489432188114097,11.70538808587247],[-15.477829577455395,11.703554225209908],[-15.488299557545801,11.69586486678153],[-15.476928861427064,11.686315167593806],[-15.48143704807109,11.678201793367508],[-15.48618149459294,11.658537399948468],[-15.46354706187138,11.646719709952494],[-15.451141872207048,11.657690165375621],[-15.441340806595381,11.65938457689523],[-15.43194548389258,11.670481162699277],[-15.427254449340605,11.679765074390229],[-15.414577288282151,11.685581530463597],[-15.422139873007373,11.671393834408825],[-15.417029738201466,11.661996112243298],[-15.428645719641713,11.651156858867546],[-15.420405254307092,11.646785232196308],[-15.419214708343105,11.637251297040926],[-15.430723662777307,11.642260704379282],[-15.445224640250306,11.633862096121028],[-15.440101130448264,11.617243320693436],[-15.45536912628424,11.602916708861937],[-15.444520131917908,11.602545469087293],[-15.457201808671858,11.593765646971553],[-15.454080449238907,11.583596438744136],[-15.442138984657122,11.586055823284767],[-15.438313055351946,11.560159661180316],[-15.43128554388719,11.580272177691892],[-15.425805269757703,11.587755063329238],[-15.430130587892407,11.59586673916958],[-15.40361234350941,11.605572399724089],[-15.394975030508036,11.598622960571268],[-15.37890447508537,11.604572201555465],[-15.360604262532066,11.60382526351378],[-15.377892218240495,11.63047731246345],[-15.371760989698032,11.639635910992636],[-15.351213435955016,11.61955819259006],[-15.330665852703268,11.59896365740566],[-15.331727142436826,11.613395331501838],[-15.327165519514631,11.623196540939272],[-15.325083113163828,11.634023751743701],[-15.33946814682735,11.635421327953807],[-15.326273630802154,11.643042483745045],[-15.334522975750126,11.6538558278917],[-15.323286052090461,11.661860759114722],[-15.30391576818128,11.642291258775648],[-15.292941935496122,11.650811865758353],[-15.278030636475094,11.64141780086181],[-15.272822383444948,11.662686059934687],[-15.277277073041054,11.671057583490684],[-15.278726243348391,11.684843591545649],[-15.28656539247583,11.678909186769488],[-15.300442067337158,11.692039826836982],[-15.289459350051064,11.693598655315952],[-15.278101992087306,11.71190701092253],[-15.273535918888687,11.722481909211549],[-15.263467222052567,11.724678019654906],[-15.269968629085119,11.687559657164968],[-15.262120607404285,11.6827999585764],[-15.252555845962322,11.660899991602998],[-15.25125825067299,11.66992220033659],[-15.227455515585932,11.664013714048613],[-15.218060209994913,11.682834909334659],[-15.218853949067567,11.700877574966922],[-15.209565625920677,11.693668539585822],[-15.203282765107714,11.682717033268975],[-15.207715075555262,11.666219012927865],[-15.216334548026213,11.65306967667749],[-15.20874068677418,11.640186154320473],[-15.197503763539352,11.64702543365008],[-15.184434087508848,11.650383849243509],[-15.185843181297765,11.662031069972926],[-15.17698743023479,11.65760278447666],[-15.169670070863283,11.66405296758012],[-15.16220997598295,11.651169982683383],[-15.155681798660064,11.674756354068723],[-15.1423402238215,11.66303544087264],[-15.151748917321859,11.647440321276305],[-15.138541061249503,11.644225979959385],[-15.127165869940201,11.645003386422074],[-15.119973397103438,11.638819180505926],[-15.102716654372378,11.637024153559006],[-15.09042289622044,11.619501407254909],[-15.080751094979584,11.619243770037022],[-15.06806493295889,11.609197841837048],[-15.059441079215542,11.605458830077175],[-15.070941079411256,11.599915864905093],[-15.066887766520495,11.591411226858996],[-15.058518071186352,11.583683841841038],[-15.042438469086502,11.57195914913638],[-15.04126130974183,11.561518341298994],[-15.051980998178568,11.5586830358467],[-15.051722363914346,11.572601292871846],[-15.065050590429106,11.571308210303433],[-15.07407139692597,11.572981329323682],[-15.0795650062672,11.585867979332061],[-15.091073917973075,11.610088807390577],[-15.111077461302385,11.621038867195805],[-15.114341481919052,11.60995342239285],[-15.126109088852898,11.620130381774201],[-15.121538526363693,11.629795993494328],[-15.130037522119268,11.633272543268825],[-15.137618053569662,11.626957017124603],[-15.166905361029837,11.635189872619986],[-15.166900898690875,11.625782149528607],[-15.177366484796053,11.638788636463167],[-15.196701110539884,11.623698785257591],[-15.187551032912266,11.619064649981489],[-15.181531233104637,11.608761003818994],[-15.173669869577246,11.582473828265218],[-15.184781919329756,11.584142499133856],[-15.184376160237592,11.562750215675674],[-15.193138313424917,11.572540171845784],[-15.20291266733974,11.571797480064935],[-15.196152680822903,11.581172077305888],[-15.19223312125102,11.589423731924528],[-15.192505097910546,11.59921704534174],[-15.200879286671906,11.615190463967282],[-15.212776151869074,11.614539650778505],[-15.224793408139911,11.605764653577129],[-15.225716454145651,11.615688394608146],[-15.237220986069353,11.618129931228355],[-15.237604463245221,11.603951929887717],[-15.226478982016982,11.587077991270178],[-15.248966231849838,11.595307631103092],[-15.26072935504807,11.592590626089205],[-15.248297356489504,11.575073796188029],[-15.260448427053168,11.572872156562637],[-15.261224328813736,11.563724492000597],[-15.270120174407413,11.571059244946744],[-15.26777476460877,11.580730872347631],[-15.275885874114122,11.585103484884188],[-15.273018583065022,11.595674523908713],[-15.28451867284903,11.592826486492084],[-15.280215614376182,11.601335530986212],[-15.289624309715744,11.60106909375743],[-15.30163268008016,11.584819600299927],[-15.29052056062593,11.583281990509159],[-15.296651901649412,11.572195029466409],[-15.286846274684311,11.56962632977911],[-15.266178343639837,11.549154843416623],[-15.280429684075271,11.554943423115184],[-15.278712936680819,11.538319904299318],[-15.266160572970811,11.531115363377971],[-15.279881158923425,11.527108887483003],[-15.289419159577836,11.528384678535884],[-15.301704045655997,11.531207171974623],[-15.292304234645734,11.537533498979322],[-15.301597041962808,11.552601796452539],[-15.31322636284111,11.549626675137102],[-15.303416292579014,11.541002507685922],[-15.327201163000868,11.542522913083046],[-15.327972547045373,11.529634293636262],[-15.337519506800373,11.537869960187827],[-15.324681749712814,11.511209028100163],[-15.334090501216712,11.50978023566974],[-15.346754303131757,11.501259709973489],[-15.344814603312225,11.518401011526723],[-15.35932004626529,11.51954576454583],[-15.392397692449487,11.530586752709889],[-15.391581692392027,11.50764794390663],[-15.379689228454346,11.507403325612792],[-15.383461670727955,11.494901974952064],[-15.364528271735347,11.504073746240369],[-15.3607202382878,11.489771965214048],[-15.368545924192862,11.477392181287946],[-15.370882539279584,11.468110294269612],[-15.38316731430556,11.471060094967402],[-15.3920543481795,11.473625229893942],[-15.401739475376093,11.48366295856211],[-15.407210852753341,11.473476703971738],[-15.398167801779806,11.451708915921598],[-15.395407569527872,11.440887794157398],[-15.388366613002379,11.4505638610914],[-15.378708242624416,11.457276670486072],[-15.355057175016963,11.455371258475074],[-15.34984450284648,11.463110854293296],[-15.3457822615916,11.454816226302881],[-15.336386890126054,11.462997286036389],[-15.349478818552397,11.486564512092073],[-15.331053830160878,11.482723480238528],[-15.324632707148215,11.466877899588015],[-15.321377616721529,11.475517436150666],[-15.311308929503959,11.470242907212842],[-15.317074514860371,11.483767818017853],[-15.314992142844392,11.493175914205434],[-15.3027028989174,11.48674800960597],[-15.30467382704519,11.496925115749535],[-15.282989164220975,11.502876479969002],[-15.281281321578485,11.493857577206716],[-15.293557220850705,11.48778804852575],[-15.279702812721988,11.48251805154795],[-15.28923633770132,11.479157633053182],[-15.29838196086132,11.47476585961277],[-15.289338957284262,11.451451084482127],[-15.29861382765237,11.44693211746158],[-15.301365171086653,11.455948111386071],[-15.310769415225627,11.45310302440285],[-15.325520120696169,11.442260129050668],[-15.313088088250264,11.425393964002312],[-15.33268141550504,11.425114171443653],[-15.343878219799182,11.393787350077456],[-15.317618515531993,11.38582287874386],[-15.323674012715673,11.392948123535461],[-15.31893841668686,11.401030362734517],[-15.309146237913664,11.405235380372176],[-15.306287940113158,11.4193447282787],[-15.29558609751687,11.426827543224643],[-15.28551751394107,11.418077217109092],[-15.27664389660272,11.42762296067057],[-15.266726824206044,11.436652710346564],[-15.275230376735507,11.449143473385016],[-15.273018583065022,11.459068410768586],[-15.258241203017251,11.442456741401513],[-15.248970696385292,11.450585759160145],[-15.256684965860268,11.45676535006988],[-15.260354754726876,11.468486136311409],[-15.25199839308328,11.476229741196763],[-15.240498382627726,11.4759806931001],[-15.243361190542439,11.4599949522604],[-15.234483100606534,11.46838125439154],[-15.230831108736945,11.477016341798146],[-15.22679110073863,11.485397772605424],[-15.221569527592946,11.494425655998864],[-15.216989993943493,11.485922141344295],[-15.200923919195954,11.495470026762126],[-15.201195910056002,11.504488854302279],[-15.184331532153331,11.496509971871761],[-15.192951044193196,11.49044919332589],[-15.197780211981978,11.479231916232843],[-15.2146266690955,11.47033027436005],[-15.219192836001957,11.461690576529561],[-15.210956899809087,11.453321513160487],[-15.227018583514784,11.444156856122019],[-15.219696703937068,11.438234828641148],[-15.227531313685006,11.433335417006584],[-15.23694000812294,11.436421076417961],[-15.249866998927127,11.431381739872279],[-15.240716866105068,11.42404339848893],[-15.254557976935452,11.417460901329619],[-15.261474004027816,11.409335355151956],[-15.249327413151697,11.408959440033648],[-15.243570748965492,11.400330991924312],[-15.261202004510068,11.39799678315075],[-15.270347626599529,11.400304757645793],[-15.276737488682553,11.389346204595958],[-15.28456323832622,11.376323815763076],[-15.267056788546375,11.370151178702427],[-15.27253259425545,11.362159775572392],[-15.279841060036476,11.35660766638119],[-15.28924973451018,11.363174026763486],[-15.297989592242292,11.352340798979995],[-15.307648037247812,11.34588344992746],[-15.317047806169487,11.342525812401524],[-15.326072992218986,11.355401017499075],[-15.338339984095974,11.34611083444628],[-15.34082815210217,11.355383530709664],[-15.336792658698501,11.3640221523548],[-15.360037966019075,11.362776223705305],[-15.366557190527201,11.356257912583066],[-15.375314868426353,11.360240650617907],[-15.384830604508343,11.346569830008304],[-15.382195244677709,11.329816042373194],[-15.392116725614342,11.32851755077096],[-15.399550079380393,11.319226346079018],[-15.4077592512811,11.308391483462417],[-15.40930212305316,11.291119467426316],[-15.393499043973652,11.288823679537119],[-15.383318960523294,11.289864436163871],[-15.387898435543109,11.298749896064777],[-15.378761768669602,11.30056890650349],[-15.360220774691642,11.2998167570463],[-15.364278623548572,11.307932375846566],[-15.352149859708522,11.319287614768761],[-15.353072886753107,11.328565589378188],[-15.343276242539348,11.324967249037105],[-15.334910961997362,11.317372513905752],[-15.326545645643959,11.31086188902337],[-15.313641008639802,11.3337641014109],[-15.312303283824646,11.302580288846235],[-15.301730751930528,11.309161017835867],[-15.299844620480952,11.337301202714238],[-15.282552177058832,11.325806743929036],[-15.279297002137763,11.336120678750008],[-15.266503841904262,11.337034499671521],[-15.261531958019976,11.326598096402538],[-15.250031919830304,11.320424427587064],[-15.23750633943263,11.330485007076934],[-15.237510803663074,11.34002059664602],[-15.250723125009369,11.361661385951718],[-15.249684130675945,11.371458278897201],[-15.239887487550279,11.366439669489397],[-15.22121278065448,11.368385006325099],[-15.211019299853028,11.363239644099586],[-15.210751756481455,11.353446879925535],[-15.221979751803007,11.350084854176128],[-15.22980991521016,11.344926009701226],[-15.227063133749315,11.333842813576052],[-15.230318279175348,11.3240490787702],[-15.242973235823031,11.311924436450058],[-15.257340391045718,11.314744661762967],[-15.255766392656106,11.305724183833368],[-15.263204149139739,11.299274598392026],[-15.284737124178337,11.290236135279724],[-15.283033729294525,11.281009360738269],[-15.275988396277864,11.287406943573284],[-15.275323968030916,11.276067912514867],[-15.265924196461235,11.274659733073642],[-15.255730674930948,11.268406266813576],[-15.250125586403469,11.277121746151732],[-15.244114691351712,11.270168576404663],[-15.249461170973111,11.261448491353667],[-15.238754900037717,11.26269484010194],[-15.231187786908892,11.269788119256193],[-15.231722850232476,11.283322646804246],[-15.21343613667618,11.273155430889867],[-15.199318584092385,11.254350583449671],[-15.188086134799946,11.244173601971385],[-15.197869386117413,11.234630529851623],[-15.181812206985553,11.234048794205526],[-15.178949473127586,11.245599375938154],[-15.172938553222792,11.236581112880035],[-15.161710565915081,11.238133724104378],[-15.153461236538577,11.229810693072746],[-15.152573841041955,11.240508604618617],[-15.157799940904946,11.248446569791753],[-15.160421887855344,11.262541759052775],[-15.178182432353674,11.276658206214591],[-15.1642120935883,11.2738288561249],[-15.166963371447286,11.293161510727971],[-15.160965915817773,11.301797619613815],[-15.156265969497461,11.310433437568557],[-15.152355383991708,11.318684243471775],[-15.160979213111554,11.326541281973205],[-15.153015307212439,11.332089578471201],[-15.144266519050564,11.336085694945766],[-15.135383993052919,11.333772911063853],[-15.128601689767747,11.343439517153602],[-15.138523214957676,11.344208963366123],[-15.159695002891953,11.366234221523554],[-15.137493130266796,11.36856430619661],[-15.122992141686208,11.363834153852846],[-15.118015802009879,11.33365043704479],[-15.126242836776493,11.325011004680082],[-15.142688056447042,11.311732036964653],[-15.134848883081125,11.303743386880127],[-15.13841176490888,11.295374142198288],[-15.137189923958283,11.286344284361851],[-15.151945153129923,11.288014705992616],[-15.14426205732257,11.221793508153034],[-15.209619098472336,11.221185579969058],[-15.202007422018637,11.17560639286738],[-15.192870709506357,11.173550328202113],[-15.195778046522845,11.16495418280926],[-15.187118489759778,11.161953055576385],[-15.182151107816928,11.148294799234128],[-15.179417607154779,11.156930873273144],[-15.169500588485777,11.159516368597421],[-15.16348974347083,11.152170980324236],[-15.158143254739167,11.160680043413139],[-15.154330699558974,11.151147259761716],[-15.166620039318492,11.142248541955649],[-15.172354412808705,11.133865796831016],[-15.163998083427574,11.128716161795756],[-15.154732012320148,11.119703071644157],[-15.162272357725245,11.113769958911314],[-15.158245793893617,11.105522049058466],[-15.14127897298799,11.095221715234496],[-15.134625988027754,11.102957958164366],[-15.142331300469792,11.114938241180699],[-15.126929601509298,11.11133718926879],[-15.129787865557484,11.131826966251039],[-15.131901481750203,11.140717282300757],[-15.12303229205854,11.148325437082311],[-15.112196686973611,11.138792214655533],[-15.102667587767886,11.129516901858542],[-15.100188315972021,11.138590951938141],[-15.105672988995845,11.148076053810454],[-15.123558441287992,11.157346434594821],[-15.098244159915664,11.168182634488383],[-15.100718941749014,11.159161985932244],[-15.091189885397336,11.161485013781343],[-15.079582846147927,11.124323448587688],[-15.045448379493813,11.14810233472672],[-15.054915098934817,11.181595043606249],[-15.06835927049349,11.187006252338437],[-15.056872652231695,11.191647388399282],[-15.057786732180334,11.200798290424746],[-15.044605623926303,11.19912299421356],[-15.035598222514606,11.200929504330862],[-15.03286038551303,11.211497285902272],[-15.025159519516766,11.224387214140982],[-15.02541811143744,11.235855089688725],[-15.016018382301352,11.234180010018509],[-15.00714470567003,11.226062337078009],[-14.998003607132613,11.227610713073528],[-15.00126758887759,11.240368706662903],[-14.991216858646041,11.236760409419617],[-14.976858513126615,11.22851170559489],[-14.984688655437688,11.24475095763207],[-15.000353560341368,11.252351981575348],[-14.99591669053716,11.264724022943042],[-14.984033246597878,11.258409034492278],[-14.967324968140163,11.249644830485517],[-14.96184470646207,11.240364268248976],[-14.949702550604806,11.241781329946859],[-14.952832836979253,11.250418989842295],[-14.954005607172277,11.26227503399348],[-14.938862488038614,11.253506550740845],[-14.93115721136017,11.263040366716503],[-14.928160666860922,11.240876011678878],[-14.918109888343011,11.240486760019184],[-14.904010176073486,11.244864671149514],[-14.906623208716637,11.234424969491021],[-14.921378391411785,11.223088186449369],[-14.93978106810134,11.22502577878635],[-14.942135516220338,11.212009100384412],[-14.952056966605776,11.211107993953707],[-14.962500202996095,11.218071377200276],[-14.973986890959877,11.209437103275658],[-14.969942424741575,11.190877477968517],[-14.95519175557931,11.185208333328186],[-14.941876879939539,11.194866830388698],[-14.93299883311346,11.198606796364716],[-14.933658756462872,11.18752240223409],[-14.939268259680219,11.180177740938463],[-14.948146387640378,11.177859289705031],[-14.941885792278567,11.161878695917546],[-14.94918979947429,11.167806415821524],[-14.967596927059608,11.16613529204646],[-14.977513981855404,11.154537838050064],[-14.979605295308888,11.142939806966988],[-14.967726265927428,11.149252920199478],[-14.960159181724949,11.13790849795411],[-14.957813648914605,11.127211088642564],[-14.971382739363424,11.134819609305781],[-14.9766043670563,11.120770654667865],[-14.965380800650772,11.11883674211779],[-14.952855208484078,11.108913147349798],[-14.975560955012224,11.096543197241722],[-14.976867427412072,11.105692742066205],[-14.987176862032008,11.096285063439417],[-14.993829890123239,11.11136340972945],[-15.007791292527862,11.113297405850583],[-15.013271514341165,11.105824006188861],[-15.00309583980591,11.105565855245622],[-15.010792266920326,11.092416849844481],[-15.022274464225442,11.094994171616088],[-15.032583857807802,11.081074584613487],[-15.033234915888562,11.07205558922405],[-15.018100743863227,11.069604959966576],[-15.022666892924457,11.061745307128202],[-15.011313952483336,11.052467444067481],[-15.02018313224186,11.043701422935357],[-15.024878546487754,11.034423016080511],[-15.017966995419034,11.022049946696285],[-15.040142035316617,11.01277092061808],[-15.038443117946702,11.002331592996631],[-15.032962935410767,10.99434317655181],[-15.024093768484619,10.997048314260509],[-15.008964017963851,10.99924130047004],[-15.00804994582817,11.009164279538808],[-15.004661005251743,11.018701617575765],[-14.991355042462706,11.028755219230263],[-14.982089055105202,11.02540258065741],[-14.96878308693805,11.03390655815277],[-14.983917266612071,11.034939533167806],[-14.967476591197663,11.045762776571872],[-14.976350132245518,11.054913876579892],[-14.966954869427127,11.055430267555767],[-14.976350132245518,11.064195943932232],[-14.965389714298741,11.068318349238194],[-14.975043664053409,11.076436001795365],[-14.979739101073049,11.08610248786976],[-14.960426760935517,11.08558612906565],[-14.94685770721904,11.078238938359661],[-14.94790111064398,11.088159138225738],[-14.927286711317,11.081197061703232],[-14.921017221153583,11.097820885501333],[-14.91241113191264,11.085577404161707],[-14.903796152730893,11.096915122271573],[-14.895185650301027,11.092657557634588],[-14.902757136764881,11.081192676811556],[-14.869099858013987,11.070996579051453],[-14.87078985230846,11.080536357048224],[-14.8655683084854,11.088006044151493],[-14.867646215484662,11.104760698484396],[-14.856685711577914,11.107333538799892],[-14.845203578918712,11.108619978506665],[-14.853952273845039,11.094447184567551],[-14.854478523951746,11.084780953578704],[-14.845087611049854,11.07987993595852],[-14.852396069571517,11.073954815764017],[-14.84535517452595,11.064156601932575],[-14.857617711825089,11.064935561044601],[-14.861153715461326,11.041351239214796],[-14.888554904638223,11.029508041015877],[-14.885166001634476,11.020999490938909],[-14.876689250867036,11.017257232965498],[-14.870941472521281,11.028597676751012],[-14.863124669270166,11.008748423414412],[-14.86808316202541,11.001014072011127],[-14.867311802985748,10.98593871650257],[-14.87969916745383,10.993936102755296],[-14.88009160293516,10.983106566927626],[-14.863271828157904,10.969956517625548],[-14.83365450757522,10.989016018738925],[-14.833908692192217,11.00383295316891],[-14.832597695355242,11.012854062138032],[-14.816665328043914,11.0408128819283],[-14.807533044895449,11.042353415047733],[-14.787957586106192,11.050073614124752],[-14.766821485777042,11.053666636480022],[-14.763958753811973,11.044769322140576],[-14.747526908284575,11.036895830496684],[-14.744405597439354,11.028002377450417],[-14.732535470795975,11.02554266354815],[-14.715443680410326,11.02913597299867],[-14.715952020010182,11.040607236532994],[-14.705647079265328,11.0417582293091],[-14.700287262689288,11.049999149339252],[-14.679935882002287,11.048042941713753],[-14.70940166934726,11.069727495616604],[-14.6981513435851,11.09897172673416],[-14.67770184171687,11.102375998175352],[-14.685108492134901,11.093156369924149],[-14.690347922884543,11.07486064211881],[-14.68291904249199,11.067250597610863],[-14.668186203855178,11.058988233185334],[-14.66284415389096,11.051250808456729],[-14.652820062258707,11.034869504277431],[-14.641881930354346,11.01552402419776],[-14.65336413384902,11.014639849382986],[-14.664712506784943,11.01593978469772],[-14.687266652546407,11.026015321050565],[-14.694869437960739,10.991743085249157],[-14.72880319136382,10.9689627776436],[-14.735852979812766,10.960461285989936],[-14.744204876499245,10.956604425529337],[-14.780992504636997,10.946193837806712],[-14.78347617589806,10.937433403034921],[-14.765350008074561,10.934841544826023],[-14.752975956552255,10.916789945738252],[-14.743981991999595,10.909692389487423],[-14.725846820812448,10.921663045551588],[-14.716843843234269,10.9271972111386],[-14.7108598002149,10.910695139310315],[-14.722997394899416,10.90206932983426],[-14.722364255615048,10.879260207567013],[-14.732678145449498,10.864191833094676],[-14.718471404987474,10.858507638364527],[-14.715590878014247,10.872682963015157],[-14.698882623135525,10.893154289268733],[-14.682571235449501,10.90228825401814],[-14.666803832902362,10.89492775477981],[-14.688466177537807,10.877937776345496],[-14.66943469003583,10.873795231528085],[-14.67583795687666,10.86078486638801],[-14.68795783975129,10.863631282726091],[-14.693982102157447,10.836833871662726],[-14.71080177728873,10.835300997785005],[-14.696211574240351,10.826007312197845],[-14.709004768247631,10.804883102526988],[-14.71865429316717,10.805408700446522],[-14.73260231336523,10.804134125834139],[-14.728442019299367,10.789951188523817],[-14.740173867625575,10.78932041821249],[-14.74357173938014,10.780301273303692],[-14.751647124183966,10.785334313233824],[-14.757912177113035,10.775544119731824],[-14.749051981589814,10.772959631052617],[-14.756355949244185,10.766261800776453],[-14.740205109832782,10.756711843367874],[-14.734720374429338,10.765985804615028],[-14.727946988876406,10.759664463900677],[-14.725726402667553,10.769074092530182],[-14.710605549609825,10.767510203077478],[-14.705254637291677,10.777300660040043],[-14.700407660962135,10.801528017968383],[-14.69080715126288,10.798334839568831],[-14.681768586289575,10.800345356406183],[-14.685121838735602,10.833987116845973],[-14.667111480088158,10.85149637342238],[-14.66151538729925,10.842728676560714],[-14.64911009011853,10.859983384867148],[-14.65744864683797,10.8645027711033],[-14.649101194477828,10.869648260869857],[-14.660436262241133,10.875717648871932],[-14.64204248915057,10.8822685615475],[-14.633810977711816,10.895277986352305],[-14.629793272897995,10.87697001855153],[-14.606182396725028,10.886476676167431],[-14.600323092525981,10.879382819191147],[-14.58857333036111,10.89096496644104],[-14.583516745931783,10.868662966193982],[-14.566821891866695,10.871991037108259],[-14.557181265675078,10.867082112884328],[-14.55915224643644,10.856256659654877],[-14.54350077490792,10.861262154855766],[-14.541828591910447,10.847467262168426],[-14.539376132011485,10.83238857412283],[-14.528678723356839,10.836750639996772],[-14.51249663983701,10.846911081172342],[-14.522498367993826,10.870379520915563],[-14.518422831038666,10.88996221714582],[-14.481791274069138,10.895028395285804],[-14.472520771892448,10.894266568862799],[-14.465778644691637,10.871058342294807],[-14.481537141247001,10.881655459306595],[-14.514552266923893,10.865470539082773],[-14.504256195605498,10.862619744862512],[-14.505210496492174,10.836457195643849],[-14.510449928489257,10.820484437468593],[-14.51904703320337,10.824754741277685],[-14.54628772867055,10.799294089648532],[-14.590530938254199,10.717265076512097],[-14.608853383304417,10.693504181155808],[-14.622293070246926,10.613607266553151],[-14.614659121653823,10.573782429838957],[-14.644022313088382,10.555577693677206],[-14.656797629677767,10.557712466338575],[-14.65206204815503,10.527968266495638],[-14.666094858847684,10.510659579856338],[-14.65011788060964,10.457035207291879],[-14.565702631140336,10.469120153997391],[-14.556588198436376,10.466533034530384],[-14.55552697752167,10.480450404863495],[-14.55006905800038,10.473224349920779],[-14.552441238192504,10.453768334890542],[-14.560146636915148,10.438955133386427],[-14.523211825017478,10.410550251420398],[-14.517972390313563,10.430131821709734],[-14.49610942673382,10.424430701026193],[-14.491306994419912,10.415400815401998],[-14.475731390785707,10.388568380957624],[-14.472881956392273,10.378125103997313],[-14.450791609773347,10.356307672602968],[-14.448949985491776,10.368286849932785],[-14.441409692434734,10.362992532019055],[-14.438301706463758,10.354224117532826],[-14.443130852039449,10.3457273546304],[-14.45239241119556,10.333628866310873],[-14.462420933947032,10.331839054461176],[-14.460436657852519,10.272809148083487],[-14.462581478982225,10.236214240798661],[-14.44996220972324,10.235288345007397],[-14.455585181713786,10.21970568785553],[-14.449748197546306,10.208739011430955],[-14.379182943140354,10.234906589201486],[-14.352923260727795,10.222996969031477],[-14.348223408761914,10.231365386359652],[-14.344602586734313,10.219113257857702],[-14.311859390996698,10.199975049036746],[-14.305638951140653,10.188748722616173],[-14.294442175235469,10.19336566974801],[-14.302365931986971,10.198794507715665],[-14.309861706720927,10.220719414527496],[-14.320920318822784,10.221640916648024],[-14.324014899887167,10.233765678140998],[-14.311404610978819,10.229741694302348],[-14.299690522925085,10.23255453782525],[-14.296671716905282,10.243888985543792],[-14.294696339299659,10.255223093512122],[-14.297666116160903,10.265411503450085],[-14.292172467331179,10.277126522301103],[-14.281684671315904,10.25467896814577],[-14.270635000044951,10.250918577151081],[-14.262684413368365,10.255666219117494],[-14.260107068314543,10.246126922678826],[-14.276632456539945,10.243972350537549],[-14.2738856506945,10.23240970983677],[-14.262622039813838,10.227187778576642],[-14.247255900169785,10.231918245636225],[-14.239341024320751,10.223396318756974],[-14.230106208442168,10.222988204750992],[-14.22383678287705,10.232896781188877],[-14.219431167337232,10.224897068284374],[-14.223881310718363,10.213693617128625],[-14.212827211141263,10.213281091384353],[-14.204337048301792,10.22602050909277],[-14.216144761666074,10.239321045755974],[-14.223809995218225,10.244494544530369],[-14.21404010735036,10.248338459108354],[-14.205072812304275,10.244060182743409],[-14.201643772854544,10.26183993530807],[-14.203311454945313,10.271506017343071],[-14.198214727037252,10.280772534321997],[-14.188774789505864,10.256780750612853],[-14.178478807422062,10.213452215977226],[-14.169640807760434,10.211113215063827],[-14.159478492160483,10.215466518288542],[-14.15010992064158,10.21595805690766],[-14.133731679469529,10.211534503509567],[-14.124746579133703,10.213829652701957],[-14.11931984253507,10.200282232140488],[-14.11254203305821,10.206320938181495],[-14.09837545167405,10.200356859097411],[-14.097568368574295,10.210406613486256],[-14.086353698376623,10.220166498535855],[-14.085604638138172,10.209081293228092],[-14.074898289793445,10.177091914635461],[-14.073373270500007,10.164846488716119],[-14.058702884962964,10.155655570091708],[-14.048246291863851,10.171864650628951],[-14.035854397727705,10.184456451198464],[-14.013295817345709,10.201396959448148],[-14.01118223112757,10.212732556757635],[-13.99890628230561,10.20110731411919],[-13.989363795595722,10.200036462716511],[-13.987312648768203,10.190750045982618],[-14.010486625259436,10.18489532693786],[-14.012341581976157,10.174076659541026],[-14.030521360315984,10.14010850017364],[-14.020229764137515,10.146266889906903],[-14.015057193259317,10.136197479605258],[-14.0096170785365,10.128963505739923],[-14.013023823285074,10.120210571607046],[-14.009808824723581,10.109376484419176],[-14.004194800755922,10.116834849263592],[-13.992101716130792,10.115895440170624],[-13.996311071114695,10.09941573850641],[-13.991156393318754,10.084836242061805],[-13.972753682599226,10.065580223468002],[-13.962065214283509,10.074049324770542],[-13.962792007462154,10.08925713068764],[-13.96314880950917,10.099955678893224],[-13.954970748752741,10.095161789700352],[-13.945731483439046,10.09783970809108],[-13.932443396820116,10.10552659213029],[-13.93364289420098,10.096513978145882],[-13.913639362773436,10.089099050216719],[-13.921340200329198,10.08074886401591],[-13.92954503088038,10.076266429256885],[-13.939965943465532,10.070888251218724],[-13.924907542397497,10.063362970524404],[-13.910353043738,10.061255557222491],[-13.908431134109547,10.052355821245827],[-13.938472147647163,10.051425004563624],[-13.931993023707063,10.043543675914854],[-13.943778449446139,10.018581209912114],[-13.951292054401863,10.026467524875857],[-13.979585013587856,10.042792883014963],[-13.98473084861434,10.060333514674143],[-13.992048228841325,10.049400884058457],[-13.97858620556267,10.029773939427567],[-13.971068104401258,10.022533201371418],[-13.96367498354032,10.015582061071635],[-13.960718589696933,10.006777719606585],[-13.972178421500864,9.999725282347026],[-13.981573796422701,10.005425161333525],[-13.98290707614072,9.995764212038267],[-13.99747490286829,9.99245744653279],[-13.991526463186196,9.982774119898663],[-13.970488423251757,9.975624587828657],[-13.936122207280517,9.974355338046838],[-13.935899227492698,9.963274934419594],[-13.943974619137096,9.958272562302234],[-13.931511494337785,9.95333597772684],[-13.926075817502944,9.945843216736654],[-13.81756807955847,9.866745289602774],[-13.821496480367257,9.857480045347101],[-13.790693033897288,9.839317761209767],[-13.740702019542194,9.860796980855469],[-13.731311156578837,9.864390543353807],[-13.728528716895795,9.851513913716964],[-13.720908128569974,9.864083097378366],[-13.710531803973502,9.866833198205113],[-13.73654174483263,9.822173806859183],[-13.722058559956213,9.817802052318568],[-13.699821030369232,9.820135103754613],[-13.693315154818217,9.81027534831257],[-13.66626184430594,9.801298517550366],[-13.633358099618432,9.791561263816856],[-13.649901387520536,9.824599181263428],[-13.619570578417544,9.797089036639834],[-11.121657934345672,9.86982927939118],[-8.734762175264848,9.12923645370536],[-7.086390604035242,8.691212447562107],[-6.260863231741516,8.42282192971711],[-5.339568374930337,8.227999826658959],[-3.7691220354030466,7.371391725881908],[-2.412828482047286,8.870455059913622],[-0.8423865993098789,7.728311121493177],[0.044096036570833774,5.673300173401505],[0.05638529760826061,5.6819261420743095],[0.2050517264563309,5.745046245305704],[0.3568261959366146,5.785174765989571],[0.6809225994984962,5.774487375025352],[0.6899343782794074,5.77220262287376],[0.9244786700256171,5.78650570118252],[0.9873921588121761,5.8551456185406865],[1.0012420732567484,5.938679437654557],[1.1097900062041788,6.067129114388618],[1.1640037708383963,6.097076309447782],[1.2991278458932054,7.585544331954695],[2.7981885023573487,7.72831113549197],[5.510775598899471,7.442778731067259],[8.18392196072649,6.5420041644790805],[9.008583598983611,7.942465559544487],[10.436258442896202,9.01322244811839],[11.00733108998095,8.94183913874692],[11.364250872918566,8.442149378550699],[10.856319182558122,7.450481015751689],[11.85679871894255,7.198488173886368],[12.649158746630627,6.7289397805384015],[14.505139132562466,6.800324567190839],[17.431874554202864,7.442778778051935],[21.286602457745282,7.300010984476732],[23.21396418741692,6.586169976323646],[25.64101713392261,6.800324506800258],[27.639760194557343,6.657553417438302],[30.209580206555014,5.943717822624282],[32.422480498933034,5.087112592954735],[33.4932354974551,3.8022017581798413],[33.70738827320861,2.0889914864954937],[33.56462128462131,0.018857531767649933],[32.77940030932266,-2.5509576165414436],[31.76165507838241,-3.56937540691746],[32.320161921061576,-4.413283161586894],[32.224982404948065,-4.603639887418498],[32.12980736585279,-4.603639864625569],[31.238285941546092,-4.092672199654335],[31.095135442910387,-4.235222457156026],[30.79156427625417,-5.3040090308454735],[31.99417491060281,-8.190282791611057],[31.04123376823465,-9.014123078422752],[30.35234730642366,-9.546572754010143],[29.92404614255758,-8.97550430336076],[29.35297356305333,-7.904743966838334],[29.067439433582603,-6.262917382385873],[28.4249855950879,-5.120778547084454],[27.996680014221138,-3.835868854353659],[25.30988875015553,-4.4757040440745],[22.561141192211796,-5.190358326741666],[20.786915534463674,-5.620463350445302],[18.788168140911726,-5.834616193082229],[16.289733807202452,-7.547826182480655],[15.218974291345958,-6.90537418979432],[13.418937828411096,-6.298642038989369],[13.284473560780224,-6.221671462867981],[12.80258747195824,-6.044252936605877],[12.776439302541313,-6.042417140426117],[12.767440822159411,-6.040576868589351],[12.758027671401617,-6.045432456808868],[12.759624031034782,-6.032688127676011],[12.750861860003377,-6.03573901556193],[12.748235466787063,-6.048611833665494],[12.73742664604498,-6.048053101340685],[12.727910855412135,-6.046722824114963],[12.66467637406899,-6.030227011167771],[12.610074664939544,-6.041064694497196],[12.60387208928776,-6.047866919448249],[12.5989403090237,-6.056730924987106],[12.589803640713429,-6.057591224807019],[12.636075668187786,-6.0979808355662035],[12.644200156288127,-6.09389720859311],[12.654576524078639,-6.104117302767949],[12.658656562407877,-6.113277478670624],[12.657425928850529,-6.130019040123251],[12.65103155817446,-6.14969502627953],[12.62892775232222,-6.143545738866122],[12.62126703172236,-6.129730832457759],[12.618631725625919,-6.143629974519858],[12.607319003853974,-6.141129492381879],[12.598842216823137,-6.137356589613318],[12.590459144679283,-6.141054179138134],[12.532218801831913,-6.129841686748569],[12.482517686826771,-6.137210300018852],[12.473501308343002,-6.138584663002608],[12.455985997559685,-6.142495063509054],[12.448494694278835,-6.148511279016898],[12.438033640897608,-6.156314062434554],[12.441315511578232,-6.142938411667211],[12.421254065855322,-6.141040880979933],[12.40944190508155,-6.134926960143225],[12.403083212717167,-6.146103891764165],[12.396135969367345,-6.172597638155194],[12.38364152090571,-6.175368417995677],[12.37920920571306,-6.160796219288129],[12.38566148859242,-6.135215190999144],[12.368168426433883,-6.127429757947742],[12.364503062042578,-6.11616380374676],[12.318302349706872,-6.114044514195653],[12.32335005227437,-6.08422234041934],[12.301170431606208,-6.1010179970630265],[12.288800898740663,-6.110639415342919],[12.273827262753226,-6.120708356634357],[12.272877449943035,-6.133193469730294],[12.279597314161705,-6.152962469809294],[12.422881629054144,-6.384145083614729],[12.585670066788344,-6.693436183541599],[12.756244004957313,-6.8873303925918545],[12.83282460007649,-7.010064154699666],[12.844288971040143,-7.137123819659314],[12.860529016277317,-7.277223297224496],[12.918613307558651,-7.3541446679703535],[12.980608118961028,-7.538260133151546],[13.00375977590826,-7.588103518472324],[13.008468591483144,-7.609416486713577],[13.058700427458367,-7.743161771879035],[13.103362776814462,-7.834392741885913],[13.149153218653762,-7.936463714892702],[13.250834172736782,-8.123075323475337],[13.288888119890526,-8.204794534956354],[13.396013585378324,-8.39960058301961],[13.381690895887756,-8.46828676416946],[13.372371383992602,-8.469534899165168],[13.347498568939233,-8.474845069447026],[13.389365054688483,-8.61391537050366],[13.414616885182088,-8.65280779404299],[13.384058697017018,-8.761761894114347],[13.352822704004229,-8.770302749050416],[13.340448711989062,-8.772470959318932],[13.332261764020313,-8.768121236386413],[13.301061416811923,-8.75707273796315],[13.257304327351783,-8.796968286380697],[13.221885656464162,-8.804825221004592],[13.213052164353265,-8.826927892339484],[13.209212900853387,-8.837894947283777],[13.157705788926979,-8.909602584753873],[13.150633686131117,-8.951115786082651],[13.102319298148707,-8.962501988766444],[13.03642273933247,-9.064693173472454],[13.018153786817507,-9.087524186229887],[13.00654672587296,-9.054226150403862],[13.010314641081228,-9.044608665817238],[12.995367762064578,-9.036902223770252],[12.998114622868268,-9.10184286621092],[13.124093105101672,-9.29961692066822],[13.132855257568552,-9.310741209130285],[13.151810875418802,-9.341441150827299],[13.1525466354049,-9.354227211557236],[13.178868720834188,-9.440580257892902],[13.173780850300474,-9.469927142171697],[13.205779380846831,-9.529866838362425],[13.195590292432236,-9.561413504487454],[13.236734471203443,-9.642623583096453],[13.196522244059404,-9.685183960228615],[13.20332241002143,-9.70042297353456],[13.209895126697202,-9.709732227591813],[13.31298065683123,-9.867435029414827],[13.335392090780052,-9.932346004519383],[13.33730504264283,-9.964566137021496],[13.322179773646825,-9.97453982874093],[13.312267211607482,-9.981061391825639],[13.442798438517197,-10.135016775590891],[13.488883237126462,-10.234309799282473],[13.53479858914037,-10.295619543097507],[13.543284321260215,-10.367668412666427],[13.536528734115874,-10.395449988301387],[13.77614741710688,-10.672651139821184],[13.774363829083104,-10.711621899674663],[13.722945893384999,-10.762441818934105],[13.853686732914838,-10.957523781355395],[13.862016406426383,-11.028939054694225],[13.828399162831662,-11.28161281505942],[13.821884488767997,-11.315658529163345],[13.796810927497768,-11.342407733566018],[13.79805052758179,-11.421420924329254],[13.775483066927766,-11.574256949190405],[13.794055161696855,-11.803819019480628],[13.75329898123804,-11.966499322550153],[13.725888895326651,-12.00682920779024],[13.696775484279815,-12.127289927166693],[13.669632947526626,-12.162203626839057],[13.643234996522837,-12.254058350556733],[13.562146285849094,-12.352898504563864],[13.549700882243856,-12.33993507448167],[13.488062766806841,-12.42793487711774],[13.481012935648392,-12.44618882910026],[13.477548238717386,-12.45518463773857],[13.474346597294218,-12.510045591463628],[13.339819971888772,-12.613461951191718],[13.301850735682809,-12.58372224441658],[13.262855836831102,-12.590428511527646],[13.24787774175886,-12.617291224059976],[13.20294786530428,-12.612643903446514],[13.204089371963034,-12.60132972304877],[13.14773083920296,-12.643494117366929],[13.128463019179218,-12.677751361687381],[12.938621300052693,-12.844412180797693],[12.976987329392395,-12.98415900110014],[12.897303245321508,-13.060694680977075],[12.868809546430517,-13.104888421059664],[12.839803086601433,-13.116622850615629],[12.828570642937912,-13.139060858532826],[12.812624858634292,-13.144206561610018],[12.771413923973773,-13.197419641647132],[12.728116025350557,-13.232451724462786],[12.712923898616218,-13.21210163914849],[12.698868814565468,-13.239401060412929],[12.655838409749457,-13.272100841261713],[12.652605605386293,-13.294086344209212],[12.644414203767045,-13.298386836753506],[12.652030362438621,-13.339791091681182],[12.645007282938616,-13.345778581907195],[12.605379280640431,-13.37720596160233],[12.559963284119357,-13.408060987674311],[12.55145093228062,-13.40424385088381],[12.550831106334062,-13.413764821068412],[12.541979778958122,-13.417542679214053],[12.531804077837261,-13.42233543272379],[12.532941202444615,-13.452599271903278],[12.541819232445537,-13.49761922534664],[12.550090821421337,-13.551006019064113],[12.53939793114466,-13.605230206864517],[12.535839603847249,-13.631072326525013],[12.518984174805079,-13.868900171779956],[12.504634788405415,-13.879878549316398],[12.48817621017192,-13.878934851284598],[12.493134736089294,-13.871004133482014],[12.471789033015614,-13.871298521535083],[12.462545360982947,-13.873004145851711],[12.421022158369327,-13.886215924777748],[12.423238328415158,-13.948031320878547],[12.399172608995721,-14.00184335922063],[12.37306007705631,-14.055547657649322],[12.355183562179636,-14.090050350616592],[12.36435150648382,-14.17522289455221],[12.335077502765582,-14.185862306505067],[12.348891729197245,-14.23378776379362],[12.369260909246636,-14.310277842084966],[12.357497807980826,-14.344832491899828],[12.34681378457722,-14.444344938128896],[12.280301855773489,-14.71955056559731],[12.28603180415273,-14.726826016506173],[12.286401956071224,-14.7389269445292],[12.242033910293284,-14.834222417777895],[12.15571463344091,-15.159632575184794],[13.196433079893133,-16.316141986700476],[13.910272771876446,-17.83899563575303],[14.005452310361834,-18.64801355134268],[14.481340943896535,-19.742565471955082],[15.100001062934686,-20.646760037042885],[15.614560423468047,-21.018625647901334],[16.194554319882645,-21.598543139069516],[16.432500847805276,-22.931041355189812],[17.955355220032608,-23.88282676883391],[18.61446832571993,-24.876649688436714],[19.287854973667756,-24.596665798864933],[19.954102621340343,-25.453271933441876],[22.333563694901024,-26.452644545529612],[22.857044311034667,-27.737555091865353],[23.94118905678915,-27.20516149575747],[25.09373828879551,-26.92853481008702],[25.284097310178474,-25.643628586781578],[25.807578024529214,-24.834611203785922],[27.28284477772604,-24.16836093173589],[28.32980772739164,-23.86203141723351],[29.043645732726745,-23.549701706147832],[29.66230589107535,-22.883452601635113],[30.423733052629203,-22.31238016963641],[30.785263587431718,-21.840119253881088],[30.62065583874724,-22.95239048731516],[30.804446583852382,-23.549701746663978],[30.614087562291687,-25.358093313248343],[30.423733052629203,-26.309877397504742],[31.518281776671117,-26.880948628036464],[32.04176690113338,-27.59478463060535],[32.58311066755464,-27.991323166949968],[32.627666027726036,-27.717448767136933],[32.67419671676505,-27.528199345540504],[32.86558131648492,-27.01905484901442],[32.89139953412725,-26.844741611435182],[32.90138346946282,-26.689726578325143],[32.90949455734749,-26.55564631343142],[32.921957797825876,-26.443070740855397],[32.96080100736814,-26.08767768713482],[32.90304225901821,-26.119035147575246],[32.86804723162977,-26.234186097660807],[32.872082735890956,-26.26953085550433],[32.83308342386785,-26.28825067799233],[32.800188676064565,-26.253547418328296],[32.71625495645185,-26.184490031006025],[32.68093002338713,-26.186094590945896],[32.644619483323574,-26.091269966260835],[32.58826541076765,-26.025486374439655],[32.55147333673398,-25.976306871754574],[32.49503010464065,-25.972695028994895],[32.491337930544525,-25.986380076748052],[32.47376463474568,-25.99389137192947],[32.494601965603394,-25.96282906399125],[32.52754133760041,-25.941158022427118],[32.593888348349125,-25.983445952716625],[32.599957147149105,-25.96939578144868],[32.69036988947026,-25.87935450903807],[32.74261717600905,-25.869853956684718],[32.74069085105141,-25.760618379800388],[32.82299252705769,-25.595762096244847],[32.99890398731923,-25.459222668982438],[33.38297082194648,-25.25989179217737],[33.94124134622852,-25.047613698067128],[34.90603926942087,-24.70664797211783],[35.13456369099174,-24.591451662963387],[35.20244464222025,-24.51890916743277],[35.22885590024637,-24.45823425392144],[35.42462381883181,-24.22974818242932],[35.49931372172619,-24.108535569400612],[35.508062471941415,-23.968625355670152],[35.551850852186384,-23.855930211334815],[35.52923873371866,-23.791622426289088],[35.51028754725636,-23.796028867021263],[35.503482962620275,-23.784955238582747],[35.48015294986495,-23.782853845018657],[35.488210549825844,-23.789259965242767],[35.4900967980297,-23.801447001219696],[35.486908510765815,-23.849882149457798],[35.46697635314642,-23.859025442118035],[35.47432495838107,-23.872294748766837],[35.462659948144214,-23.881734071444498],[35.44879658382126,-23.866818350833437],[35.43774245949635,-23.867519749888096],[35.44617909928406,-23.85801001276553],[35.44053832459315,-23.84487792438223],[35.42701835994652,-23.843695170521627],[35.43375600139095,-23.85153799148098],[35.42802161925879,-23.85894388182905],[35.391046770101376,-23.834175541197656],[35.383600039113965,-23.842161684499953],[35.39398973102321,-23.857769433380707],[35.37953336635321,-23.865611319359466],[35.38912936249809,-23.919981882674367],[35.3553650606566,-23.965793414330395],[35.34037795391349,-23.99461443506752],[35.33074183957456,-23.99261017310562],[35.32547117999901,-23.9493958886427],[35.339557475542485,-23.898331829134218],[35.37659482319902,-23.701807436748926],[35.3653623661026,-23.68838599078177],[35.35556118495179,-23.692232574284045],[35.33792545272863,-23.697201810117164],[35.36568786069809,-23.672227032219695],[35.39538988864186,-23.675028539121374],[35.39863170330181,-23.7378919294052],[35.43240048933706,-23.64813795905684],[35.42458810634271,-23.50378863348308],[35.49386473411935,-23.280766704167405],[35.49378442840432,-23.154610626731124],[35.55676480081299,-23.02543826176253],[35.60140041666673,-22.93535747051222],[35.59017236050483,-22.921197187838615],[35.56790358137034,-22.920765949380666],[35.571292552528064,-22.931739501059706],[35.546794220254704,-22.911364626672125],[35.54493927157944,-22.900763270265752],[35.5385939432848,-22.890485549870956],[35.5356866082176,-22.87699853910527],[35.5329665977524,-22.866591619680957],[35.51376122297108,-22.726051964811827],[35.50882494642239,-22.553888665967442],[35.54221030188005,-22.377861205607502],[35.531249818696644,-22.230201928112955],[35.52626899901331,-22.216827707314014],[35.52625563400047,-22.206304859924234],[35.512267438669355,-22.18210646560367],[35.4811651664209,-22.099624620392508],[35.462133704747835,-22.104809561507327],[35.44446232491944,-22.122796245423782],[35.43872794284902,-22.159064309086315],[35.41266001400754,-22.18152014199408],[35.42214004906807,-22.18787052936451],[35.397913793152036,-22.21592775271482],[35.37882884527951,-22.217145526531887],[35.34934968501054,-22.191722754329035],[35.32290275717217,-22.010724025927992],[35.320584056988295,-21.920237099542845],[35.27820915873605,-21.76770066450174],[35.2790475080952,-21.723143290802724],[35.254758823871015,-21.592601796285958],[35.141818639529795,-21.426709698171944],[35.11111331666378,-21.294950186476814],[35.11217012023516,-21.28312561805924],[35.07679159655159,-21.3093536581052],[35.083208218212775,-21.256016029470956],[35.054982146246616,-21.252757818419145],[35.057599606463334,-21.242492539921404],[35.096349244217244,-21.24179431742975],[35.10321180077109,-21.21265265753515],[35.1040054871225,-21.201220576906998],[35.08252603143119,-21.20601802686643],[35.07899886166011,-21.197499746865873],[35.07524426746287,-21.182865019841888],[35.0546343439343,-21.162452922571614],[35.06453799716288,-21.1328298313385],[35.05546814295849,-21.12287644168519],[35.04387452759875,-21.130920684198248],[35.025320189336725,-21.095691718067417],[35.03823374610547,-21.083880246855102],[35.08674428044621,-21.086160226701306],[35.07849049286499,-21.020005741219094],[35.099403714369956,-21.026931710116482],[35.106988649410944,-21.021375103204132],[35.1246154367711,-20.968375071469712],[35.11181785386232,-20.956037152337444],[35.126403596165645,-20.93031714860933],[35.10273019497273,-20.90394288083915],[35.06050696917237,-20.909987014589827],[35.02873137541996,-20.827693046736265],[35.002703667633774,-20.811558909905465],[35.02201601987229,-20.78230804683067],[34.99166288006847,-20.714121685815275],[34.95122775077441,-20.68488958012944],[34.95648947542319,-20.65744590863549],[34.91808324069221,-20.62427583508192],[34.886499496963886,-20.621425433086188],[34.88723074536385,-20.646067342308605],[34.82768841555566,-20.613224500227023],[34.749136836156424,-20.53678632181514],[34.73647749062349,-20.512987060331778],[34.685072923346006,-20.515981494361274],[34.7151495491592,-20.465097632567176],[34.69567669013021,-20.433390054620013],[34.66936353260249,-20.44234012677424],[34.66746395497117,-20.41824213440246],[34.657422059072736,-20.4128135539598],[34.70184812912545,-20.37661420756052],[34.690767249103,-20.338223856188677],[34.696644354762626,-20.31709526383086],[34.70957568323212,-20.30521472206163],[34.74150735316918,-20.227953914018816],[34.707814401328946,-20.18578097280706],[34.7105254783753,-20.159621193145075],[34.7524900667444,-20.168051402327134],[34.77758143607241,-20.154325938492],[34.754719692029724,-20.00324085258395],[34.76179178930419,-19.959330852553318],[34.761394901302566,-19.94385176976908],[34.751437790998516,-19.88843645764729],[34.73811844707454,-19.881614055961492],[34.743745779353326,-19.874229508054906],[34.7535736924275,-19.87109267712755],[34.84075802650965,-19.84866367902508],[34.89997931636302,-19.844196843015506],[34.95012190336777,-19.805159713932476],[34.987270694305025,-19.793697584109264],[35.2923133408794,-19.555896131096368],[35.4718055065864,-19.37352003531934],[35.78055816528838,-19.043596244750173],[35.924720849056555,-18.96082992226095],[35.98592206849396,-18.93663851470267],[36.11812105151698,-18.904782969754216],[36.282777762360624,-18.883224704212818],[36.383428588378536,-18.788031386502198],[36.38626907028092,-18.73497555348686],[36.37306119839401,-18.741136563902632],[36.361917911691684,-18.74387288559891],[36.364682584522264,-18.73174084558869],[36.380708553476225,-18.68740711714922],[36.420902863584466,-18.673539120254837],[36.45097509961687,-18.62005867094599],[36.48722753735958,-18.594330685995896],[36.46491422947948,-18.566730454416625],[36.483254522757306,-18.5641899715447],[36.50174191050858,-18.568116933263582],[36.519529255968486,-18.52744421609051],[36.54007233354135,-18.491485624581397],[36.56679573683688,-18.47713642067972],[36.8342704911035,-18.209281223155728],[36.847955421543425,-18.181589628941257],[36.87812129894775,-18.18600397853579],[36.903101143045234,-18.12898173173674],[36.96930547506586,-18.048764027239816],[36.97810325447414,-18.017557235036854],[37.17920873052259,-17.78875660562742],[37.30746138466662,-17.690908397726453],[37.95079374946067,-17.360749154059533],[38.086167596686806,-17.31226731355721],[38.13702358061025,-17.291099859251005],[38.16601670309023,-17.288562294401753],[38.25910039692275,-17.23047898640262],[38.62089405237748,-17.104037795866834],[38.78793194969409,-17.069372666053997],[39.018645841405835,-17.00919524643012],[39.07661416692266,-17.007468291576266],[39.17664068897062,-16.851721925543355],[39.4006614598759,-16.717530380629384],[39.54177424934832,-16.63332905200683],[39.79934079009108,-16.46909611520411],[39.914265204480834,-16.403668486826305],[39.907019207050965,-16.36784887874636],[39.950620259677926,-16.30350418645814],[39.9293369886721,-16.29741822904895],[39.91980345306035,-16.271552941955324],[39.81160779881062,-16.2912464632364],[39.81349397790086,-16.275152825849535],[39.86129106716056,-16.252683652919554],[39.87269304507542,-16.248231450828637],[39.887211838977244,-16.227548898192353],[39.900553444327855,-16.225258316312342],[39.9060515393906,-16.245397453534814],[39.969852375820516,-16.23743879803455],[40.031508400144055,-16.176203361830854],[40.061781210922206,-16.121199014991067],[40.104387939777105,-16.076407289673984],[40.124864130294895,-16.01676363784428],[40.16022925121592,-15.935184342788038],[40.370025454808555,-15.718360661687443],[40.44043019842955,-15.605187136412322],[40.558212933697,-15.503024485327417],[40.60669669869512,-15.376189548078301],[40.63645678621881,-15.338397877280922],[40.678269776992984,-15.249234292404521],[40.665387420462494,-15.207155586763825],[40.65479706786224,-15.182567025957407],[40.612662971193814,-15.148291434573158],[40.58897181971494,-15.163148888489],[40.58926611057956,-15.186431463488802],[40.55572474026507,-15.201690704901829],[40.51620372002534,-15.18131038780806],[40.532532978340576,-15.125624511128038],[40.56953904936883,-15.133768691112355],[40.582630947488134,-15.141830845143751],[40.631030065099985,-15.087753411428464],[40.70837316151651,-15.081798972202158],[40.68628275950254,-15.032710513074973],[40.65765534521185,-14.992501274822073],[40.6378658286668,-14.986281426376962],[40.65486838906051,-14.96715124015815],[40.695192071590824,-14.988103403121304],[40.74924974591707,-14.98574297973874],[40.75261188886129,-14.995387139768734],[40.765289150029865,-15.002528437079986],[40.7749341718935,-14.996774056257388],[40.72837222394912,-14.93269880929301],[40.664981635870724,-14.930135201922837],[40.647649092508416,-14.913740477261943],[40.769346857784186,-14.862540457839682],[40.83292922548522,-14.827709228949852],[40.83416441216745,-14.815518422405788],[40.8287109396294,-14.807030205830653],[40.81950288342031,-14.808702906326733],[40.82373898744714,-14.791772986649587],[40.828572664096,-14.770029875041768],[40.82981226803376,-14.659896943987007],[40.80711105793224,-14.64615665456857],[40.80334751776633,-14.637661825019931],[40.81399141097466,-14.609215288349791],[40.832264838445866,-14.55380459234017],[40.837499823680915,-14.540653328324959],[40.82742220800077,-14.546074465897407],[40.825321973567064,-14.53718300223541],[40.806375237909634,-14.522122765913275],[40.82492958979964,-14.517102414627557],[40.81491447972626,-14.427045710377325],[40.80449351316244,-14.409537854077572],[40.67516178110022,-14.458728201293871],[40.67493883500399,-14.535301078243986],[40.66676974563886,-14.540027419670196],[40.65897079769758,-14.571210421038405],[40.63449925263398,-14.588912578516819],[40.62966555826227,-14.596658511859221],[40.62593327875266,-14.555250439909303],[40.64419331633066,-14.524449418952525],[40.62352980047539,-14.522446513196845],[40.63041021901138,-14.502584826248572],[40.63314365871405,-14.490255060526746],[40.6244618080395,-14.462070217081287],[40.65454732681815,-14.468352555042227],[40.643635883802986,-14.396231179048806],[40.63216267514506,-14.335803384600355],[40.62121556153216,-14.332627974952967],[40.639422087501416,-14.3301739734401],[40.673462879221155,-14.383727075944],[40.734454419852405,-14.321338676412914],[40.73441428437997,-14.269858035948834],[40.71332275068337,-14.241494131138753],[40.70937645116393,-14.199423558449306],[40.69580294467132,-14.186809106579412],[40.67609373293116,-14.20169742301875],[40.65732980715142,-14.1976036250595],[40.620644813319785,-14.22264485115523],[40.61136987229066,-14.268116477392295],[40.5951075071213,-14.272671336143045],[40.59625794911453,-14.246127332487548],[40.5916873639323,-14.230308374633525],[40.59529479172989,-14.22145185327982],[40.58673334629032,-14.21496803412651],[40.57715515281847,-14.216956455158686],[40.56829943450054,-14.221992132617931],[40.56103555529421,-14.233052960284875],[40.548162080792345,-14.23182116803713],[40.55873907328452,-14.224136037059026],[40.553419360655454,-14.214587656368609],[40.52588886848736,-14.17123239676823],[40.56388487598202,-14.153843028767568],[40.60939002521653,-14.142756686143652],[40.597711608272995,-14.10227662129586],[40.58598417148516,-14.09436657752719],[40.62533576944822,-14.07831645923666],[40.630115904070834,-14.016934110815578],[40.6122037329641,-13.999416100056031],[40.58021854426236,-14.002016438443977],[40.578229804585554,-13.983497777133046],[40.621772977055876,-13.97608124818111],[40.60167133315671,-13.907772265596076],[40.58589501105532,-13.838395303617128],[40.5669616848753,-13.707359957548706],[40.53834313154618,-13.673094893168669],[40.54897815081588,-13.610079875970243],[40.59373409406677,-13.58022189309197],[40.591277187510364,-13.564370337672795],[40.55299130510246,-13.557850817137405],[40.52662461363293,-13.495672382805713],[40.56178016474304,-13.408277853247794],[40.58216720750438,-13.375201705313714],[40.556536282932996,-13.214515278092597],[40.55691086711029,-13.054326653411922],[40.587344199989296,-12.973217860620231],[40.565173601783854,-12.965152875954953],[40.52448425248246,-12.961867749812207],[40.49084479597426,-12.95654442251132],[40.48195337036273,-12.963992629904501],[40.49170989177979,-12.967130068075264],[40.514339792189844,-12.992001779758317],[40.49677991913475,-13.034248554641001],[40.44588369256894,-13.02872702579527],[40.43840576049706,-13.021932423026618],[40.4059033787497,-12.941629972807599],[40.46123636933411,-12.882763052774111],[40.501560054361036,-12.888909427641856],[40.50174282584364,-12.917083512281211],[40.51284601432499,-12.926336532151405],[40.546458762563084,-12.842277493136436],[40.54454575778471,-12.833204000751968],[40.56341672081562,-12.824651912900405],[40.561155934466655,-12.812221047083051],[40.580098204491804,-12.809299082393062],[40.619115326118546,-12.789570874230465],[40.6228609834315,-12.749035557475684],[40.61483016086258,-12.753771731293648],[40.60309819423089,-12.74965746388013],[40.61308214108968,-12.720307714129031],[40.59605283862544,-12.70600126244115],[40.574876599021884,-12.709020027271889],[40.57164821079261,-12.6538492737352],[40.578475066509114,-12.647727626994497],[40.55061460095543,-12.562427025860158],[40.569168966912066,-12.531610594608665],[40.49515228720884,-12.525821192210259],[40.478127498973095,-12.507028745059522],[40.517893716792834,-12.417366089232617],[40.53307254187649,-12.406783697468482],[40.49823800157267,-12.369585294881984],[40.51141469042893,-12.320850386176806],[40.48816936352939,-12.273866786203017],[40.506416037993546,-12.21113338889201],[40.50784290387913,-12.188787891102654],[40.488615290376416,-12.138772837778768],[40.50969345333458,-12.0791295723745],[40.50230472422758,-12.039181237833859],[40.53487394798807,-12.003693261736736],[40.4849855707571,-11.931717269337197],[40.492365383592094,-11.873472525160128],[40.51094199961622,-11.850592729375462],[40.46613244715588,-11.822451780696268],[40.460710205808,-11.744425034171941],[40.43643488605491,-11.729419573347645],[40.435525211434815,-11.649108612361832],[40.44218712635954,-11.634525992956625],[40.45834241148107,-11.604637672371794],[40.422923800169244,-11.572854683282147],[40.42909070511478,-11.541972381897597],[40.45199270125819,-11.527987060429535],[40.44254386840489,-11.497973806300893],[40.45858771114783,-11.468127742523686],[40.47186243159112,-11.403478177343674],[40.43252869653669,-11.398652498134446],[40.38391108792991,-11.356096165259475],[40.362177449615054,-11.33828053754377],[40.37535857563335,-11.321583099186162],[40.38777266647396,-11.322352634008274],[40.42476988137027,-11.257420699650028],[40.431503134901014,-11.239113412142572],[40.438494990823045,-11.23293349361944],[40.50342392399932,-11.19953850200997],[40.492048782196804,-11.14561293129559],[40.55997873648349,-11.05329022259204],[40.56325616971823,-11.030238920636396],[40.500226752495124,-11.00481345667583],[40.484784883882185,-11.004012447688735],[40.5087525427818,-10.920099960608471],[40.60748149013941,-10.84804978680138],[40.613113371411934,-10.827435130225725],[40.51931168664334,-10.786968220282132],[40.49263290538781,-10.773375800421414],[40.48648378836841,-10.786674711853685],[40.48432564696963,-10.75294877021038],[40.582902940395456,-10.6884126889205],[40.63472219944383,-10.702127229952287],[40.62934451139585,-10.674942899667474],[40.57130481905159,-10.653698598984949],[40.57373061963048,-10.613664193992204],[40.57585312192084,-10.596763646268483],[40.53185962274534,-10.567610516352476],[40.531922092964436,-10.548892557922082],[40.544692938098954,-10.540655389336834],[40.52044429909492,-10.481507108877661],[40.429937978105634,-10.481016069151508],[40.40027599445176,-10.512500971836861],[40.42697709479168,-10.453338612754855],[40.4188883421789,-10.373660003308647],[40.44555370560985,-10.352263320764406],[40.39781903633358,-10.301112403053342],[40.39387721990965,-10.321095578271692],[40.41434896620265,-10.339173700265501],[40.3890791991887,-10.365962118582262],[40.323392219520414,-10.347074023703689],[40.306585842601805,-10.300265652792536],[40.29422969500024,-10.301858225163565],[40.304075353268715,-10.291254147249768],[40.29454183057553,-10.283045321484575],[40.2815970301317,-10.266477748634427],[40.27013715156264,-10.2635554896053],[40.2368009527506,-10.222711707873382],[40.23779971944837,-10.211626662489545],[40.21666808178752,-10.230132256409014],[40.20655039622918,-10.23841271341447],[40.20063313514976,-10.256091852607835],[40.23053585501502,-10.250308646048383],[40.263399486804026,-10.270286206704943],[40.265174169323174,-10.29140772269079],[40.236091916469,-10.274770378349556],[40.237179918291204,-10.286879907124915],[40.219093804577376,-10.286691272134748],[40.21450987611463,-10.27832870021699],[40.1883616853792,-10.264551556014737],[40.18929367035109,-10.255468772646887],[40.15670652107114,-10.269136668291544],[40.16363596790265,-10.27839015581062],[40.15379027911605,-10.289762420836448],[40.15040580711684,-10.281338584615758],[40.13510217445269,-10.265301831359373],[40.12473480940968,-10.278912254119133],[40.109988518915834,-10.266723431468991],[40.11567836986988,-10.256907999780893],[40.12451625257071,-10.25430162123295],[40.13245794022911,-10.181594955226474],[39.97431594666474,-10.130864208208079],[39.87940845455732,-10.019867790341953],[39.86560750469253,-10.013206420332095],[39.85623002005402,-10.006913847162599],[39.84064544693985,-10.012622420880275],[39.811705902927805,-9.982409642467374],[39.744096985074364,-9.979603380919885],[39.717855175453714,-9.994517071871735],[39.70745209395458,-9.963384679512155],[39.754803286072736,-9.931269916857845],[39.78854533533636,-9.927035725846464],[39.78909379281907,-9.894144232682866],[39.808869931136876,-9.840613835112805],[39.78499139990363,-9.790049630287545],[39.75826354092199,-9.774181914618717],[39.7554810598783,-9.744171427398355],[39.72524390826941,-9.743736296072523],[39.72621602701738,-9.725537034929443],[39.75634617167491,-9.705051236214912],[39.73681079762854,-9.687997136598794],[39.746219571166066,-9.650488128217125],[39.721092467370454,-9.629008645492409],[39.73034958134865,-9.597362716238765],[39.703042066088855,-9.530926647642874],[39.680068802889814,-9.49050196174557],[39.65246247533332,-9.476537817782264],[39.65196303611429,-9.465313298096149],[39.634634977120534,-9.430546671190346],[39.62865088882158,-9.423336846768855],[39.61878732036369,-9.42283983853612],[39.60737203016622,-9.425694729433824],[39.59854745491106,-9.428804700174233],[39.587658339200324,-9.435007075553179],[39.584947191433535,-9.444033201027402],[39.56662920162327,-9.435042216531874],[39.55364882590892,-9.434417589238148],[39.56220134334277,-9.425254781620636],[39.55724283190155,-9.409537187117266],[39.54710286986988,-9.399502644135039],[39.52347850581399,-9.395798507459514],[39.521387210577174,-9.38587795477511],[39.525266625645145,-9.377624584972759],[39.536035367559,-9.37528842769962],[39.55590064503815,-9.380669073190846],[39.56966139099388,-9.383999453351615],[39.580720038830876,-9.400738852746937],[39.61096606281639,-9.403519173389018],[39.65773760356177,-9.36013168112616],[39.653309669953394,-9.35137612793394],[39.64990294427479,-9.335144716459633],[39.64133698209979,-9.262470389831568],[39.62134239396751,-9.253223912094393],[39.64414181806267,-9.235658764168093],[39.64165810610771,-9.225865746934424],[39.63943745638879,-9.216979177818077],[39.62536901203791,-9.163787059281796],[39.61133171154494,-9.16431093952223],[39.56530488364018,-9.097083241737675],[39.54811062225022,-9.093807399756793],[39.5372036210559,-9.107139617383481],[39.52694327156276,-9.108508893239307],[39.530078012909605,-9.125516754338758],[39.517400769651715,-9.144738282314513],[39.534024266198294,-9.160696718703461],[39.530408001373296,-9.170628042366648],[39.52938686207811,-9.18403216852457],[39.53294519254153,-9.193135278837113],[39.5239512076753,-9.191515357333827],[39.51900154842387,-9.17734554397901],[39.51639299100895,-9.166520815121435],[39.50219971725933,-9.219127087736585],[39.49440515037067,-9.211921736868739],[39.48492515626792,-9.203941576537783],[39.49696473668229,-9.186915392773411],[39.486071157840684,-9.18770333583627],[39.47465583976376,-9.186039478293479],[39.472956929889776,-9.176892145419206],[39.48613803952295,-9.172067484505883],[39.493045179175496,-9.166040955206874],[39.50133907955509,-9.161000480180023],[39.500451746584375,-9.145755215964892],[39.476702588942715,-9.166318335672912],[39.46633065082505,-9.168264105766827],[39.46642875403462,-9.14674137124064],[39.47173510137227,-9.13462139078088],[39.47327798168577,-9.125723684999457],[39.49869038462621,-9.120405220842112],[39.48102789783471,-9.102256756708664],[39.47091021532751,-9.101627142889903],[39.49783869833523,-9.069884806684875],[39.50768882394011,-9.06394025563323],[39.472399488416514,-9.050839802180507],[39.47059807635188,-9.060382233382015],[39.461505946237075,-9.048792153149535],[39.480684537592616,-9.037941481682052],[39.4937496835028,-9.018335486797772],[39.49464153361633,-9.00750599071637],[39.48581697520588,-9.000816024993016],[39.47863776162052,-8.961127690646592],[39.47148986398928,-8.948891294935096],[39.44533276714841,-8.971478566571655],[39.42579747924398,-8.968320446238193],[39.41811443642206,-8.974345904711376],[39.40826426991576,-8.97693576976548],[39.40384977638175,-8.968950295971279],[39.40487535130381,-8.959669757198839],[39.40356434238677,-8.9465259205347],[39.41522495825798,-8.940196068497091],[39.42386216475598,-8.934297840681458],[39.412362146442106,-8.931562317039308],[39.402770655071784,-8.93234645349603],[39.39253705192877,-8.938028867643933],[39.37012554081829,-8.950684104490776],[39.35885742938232,-8.960489043109707],[39.350960322105074,-8.971324395792731],[39.34952449251159,-8.961273066125523],[39.33643709495294,-8.963862989987838],[39.33512607560127,-8.949041096304644],[39.34964493759488,-8.952247807044026],[39.357541973395136,-8.942702485811592],[39.35973143074809,-8.923624352909737],[39.370107741044826,-8.931478650618294],[39.37229272427123,-8.916655421065139],[39.38278053024859,-8.903236888725075],[39.38251295439284,-8.894214595594596],[39.372921466344046,-8.893712358734824],[39.38250401672255,-8.885064264012724],[39.37833923970632,-8.87179436958152],[39.36965293533714,-8.868710363251491],[39.375868907184284,-8.860453813377509],[39.39439647305757,-8.85656774769765],[39.38219190931076,-8.83518517047429],[39.390869274982336,-8.83233873673587],[39.40527218284219,-8.847535541939497],[39.41073015922124,-8.86402695242528],[39.42395582951164,-8.868908575350895],[39.435099112957275,-8.868379897428234],[39.44469068946415,-8.867080164936192],[39.4755520708439,-8.882896695604227],[39.49840499049425,-8.91315326450707],[39.50217295572739,-8.92165526745631],[39.50595426946005,-8.935570860256338],[39.516067505550886,-8.938134590284587],[39.51838619700252,-8.929236489538821],[39.55454060309857,-8.923646383817838],[39.513784402757196,-8.882716055400033],[39.49959108463647,-8.831955413290245],[39.501133983613336,-8.822155800815155],[39.49205966503193,-8.820234655734568],[39.489219256594474,-8.828875421287172],[39.47328690634915,-8.832246223980956],[39.458478179728374,-8.805838781511275],[39.448235624704175,-8.79799066488251],[39.425369399335516,-8.743498598315952],[39.36371784890225,-8.718221980282717],[39.35747954294719,-8.606812714792527],[39.34984554699274,-8.61326284631333],[39.34491828347925,-8.60501826045076],[39.3425772206886,-8.59625767281892],[39.331960139330974,-8.596006344711126],[39.32548109182217,-8.58956916234756],[39.31834651778693,-8.576429880159834],[39.311724721054716,-8.555423632502768],[39.30112094874855,-8.5746397179499],[39.28739583690588,-8.574904256852347],[39.28195134497952,-8.567562766478808],[39.29539552006191,-8.537520732171384],[39.27907522590513,-8.529539096883205],[39.292086825542654,-8.501602156756968],[39.279008280734374,-8.440605561379257],[39.281590094407434,-8.430548819174232],[39.29023189074358,-8.390327996786922],[39.29242575830717,-8.38053016867756],[39.27973516679288,-8.366616128102795],[39.268596290849494,-8.357342700998405],[39.279208957583194,-8.355533894729716],[39.26547937878574,-8.339558525491407],[39.26132798438871,-8.327963785858815],[39.25666378775368,-8.319713127024023],[39.2472149058806,-8.314824389713516],[39.249408767473504,-8.305285058754043],[39.23842601165315,-8.288266257903052],[39.23774375729421,-8.278479156680168],[39.229458764376126,-8.27075256917311],[39.24187736354773,-8.267650395278833],[39.25067520862244,-8.260942971617155],[39.24859727427886,-8.2508903813251],[39.25558014907632,-8.244310646866271],[39.26308035679554,-8.237991144920606],[39.258416210702705,-8.230259334805925],[39.25815309676443,-8.218917341776931],[39.254781971051216,-8.210412814492335],[39.26073045648657,-8.203060004589465],[39.26978691289389,-8.204732685273697],[39.27288594273244,-8.196223483972352],[39.28297693672056,-8.194537494819919],[39.28245075463375,-8.184099279781286],[39.29150717419975,-8.186023607883193],[39.289812704966046,-8.16991342013597],[39.30030053928001,-8.182669235081875],[39.30171848901074,-8.172486644840053],[39.310645594162416,-8.176600320894188],[39.31969763321509,-8.17285740523502],[39.32021036064291,-8.162674616067585],[39.331853117189496,-8.165243517744516],[39.34297413117053,-8.15775749735148],[39.34748670385699,-8.14538046918917],[39.33804680209256,-8.148351153848685],[39.32485234832659,-8.143720795510404],[39.31798531809832,-8.134318543169899],[39.32767942783765,-8.122452891865755],[39.3121573009806,-8.121177168203367],[39.32818773605764,-8.111496288371145],[39.34927038586315,-8.110578080320593],[39.356908803912425,-8.116758356499034],[39.369340763772506,-8.135563372101686],[39.376965816480805,-8.12962620633038],[39.37891895874051,-8.139809828085518],[39.38726191941191,-8.119393775915146],[39.38781039513785,-8.10796469552002],[39.394391965532776,-8.093264054301503],[39.38379268903381,-8.09946219839678],[39.38404246360396,-8.086310847244965],[39.36412364481363,-8.08529987547638],[39.376016038271565,-8.079874089428891],[39.37290358825968,-8.07111495250635],[39.364096903031104,-8.05848803643693],[39.38064455803944,-8.049966863227464],[39.39047693879473,-8.055370998132753],[39.3868650525031,-8.066201065862115],[39.39617565467598,-8.06245276541686],[39.39965376523443,-8.051494496865862],[39.40870574953232,-8.050456945604335],[39.41037787269826,-8.04117179615009],[39.39822237440784,-8.039123080547414],[39.388657577020886,-8.044028449064323],[39.385286496935464,-8.034495844029589],[39.38396661386379,-8.008846392191256],[39.39353141773402,-8.002779260482793],[39.4092586224481,-7.953523900128445],[39.386753537035226,-7.945941148345141],[39.399680491808866,-7.943481293819392],[39.39320141404084,-7.927246589931978],[39.37976167347996,-7.936022074705776],[39.37134738427105,-7.925718511168307],[39.380778389658,-7.915396991773529],[39.38451511851342,-7.904567265482501],[39.376368281344355,-7.900450856442599],[39.36355288724619,-7.879324865515036],[39.365354308268536,-7.870296464446325],[39.357203075804485,-7.863988798791059],[39.34687139735793,-7.871860099788196],[39.30447422837088,-7.881431772508327],[39.293870499110376,-7.874996241046717],[39.29011592579684,-7.866488902479344],[39.268533851110995,-7.871144545933657],[39.25974499854817,-7.87527447370072],[39.2506930422909,-7.873732921331465],[39.239317862192,-7.872708206633213],[39.22716232059009,-7.863436627951092],[39.21642930446545,-7.862411866121652],[39.22715344007349,-7.850030301473424],[39.23230813188732,-7.820380213547932],[39.24200221654793,-7.819858974132244],[39.2443209494547,-7.804904960093123],[39.25142429761167,-7.799099962989541],[39.26305365117402,-7.790714807463833],[39.253997177276034,-7.77679806561317],[39.25450996526712,-7.76777623916451],[39.26372247697874,-7.765620148409271],[39.273644037658784,-7.781428187561181],[39.28398017202841,-7.779099862499042],[39.27865160833957,-7.730895995004518],[39.27218591699268,-7.722650870232883],[39.279289212298515,-7.716716599949002],[39.288332304102674,-7.712845766112501],[39.28741373938707,-7.691705901462405],[39.28249084032556,-7.672372422867934],[39.26926965353489,-7.607931474191636],[39.298788863810024,-7.510590960904122],[39.29006689410543,-7.503933118288654],[39.29965396131794,-7.50105952234162],[39.32198064734724,-7.4333652337660885],[39.31216616951097,-7.43595188162192],[39.30172743821201,-7.407767711460888],[39.31111381461752,-7.408625497845617],[39.33797548732966,-7.412729027248503],[39.3466261436037,-7.4098857593009315],[39.35172285578681,-7.390146100612821],[39.340802529169906,-7.395713438253776],[39.334203050238045,-7.375610601629489],[39.33122887049601,-7.366845668193615],[39.346840137252265,-7.35214127358591],[39.32854444389793,-7.350438659809872],[39.33379278599537,-7.341323905005524],[39.344873647400306,-7.314761286920587],[39.35532134184544,-7.303925246155291],[39.35801016020739,-7.277112726128117],[39.370535804415255,-7.28173932333826],[39.37426808275964,-7.264851492240435],[39.36883690323934,-7.25235106791215],[39.38845250501427,-7.248210722716436],[39.396189018708974,-7.235572675931165],[39.40817508812406,-7.216227894991203],[39.4263459325709,-7.188883696835495],[39.42736702773267,-7.172642682963352],[39.428900970664195,-7.157299314374],[39.43561642677073,-7.163351745082054],[39.44490916729285,-7.164117147414852],[39.45627986002688,-7.1775137406141445],[39.4733046766928,-7.166793851006318],[39.489281634224476,-7.166134666970176],[39.50984262252424,-7.180031039694441],[39.54201502775553,-7.10214193539348],[39.54148881685157,-7.091570796420255],[39.540761975753064,-7.077707066904143],[39.54652313857887,-6.988496862607497],[39.507158216765035,-6.943389633500319],[39.48151837533069,-6.880424323559741],[39.47128024647057,-6.8730046627934795],[39.360444880899784,-6.848287729331184],[39.34536416767117,-6.829431555485794],[39.31013286777427,-6.818172394380366],[39.30051453262723,-6.825229852923824],[39.288434806093804,-6.800758451818377],[39.28156783306526,-6.7943559410622365],[39.282495355905844,-6.735662030280245],[39.26107827547363,-6.760172187712853],[39.23382869860523,-6.710836241796776],[39.19472686638244,-6.629565596908041],[39.16731228798737,-6.607166173177646],[39.139928951876456,-6.57570698708128],[39.11006191631272,-6.555068263100528],[39.10586138347127,-6.545703302117422],[39.09709479566825,-6.548024633408003],[39.094642343644814,-6.535004653304443],[39.08459151512934,-6.532169352284561],[39.077626401433264,-6.524438649867674],[39.07466110334986,-6.5156711613274325],[39.05661955747755,-6.516707889545193],[39.05249492681005,-6.508458580253253],[39.0581623892388,-6.500590182771172],[39.06718759653131,-6.502911731699207],[39.06538170338697,-6.491955229096769],[39.054813603460175,-6.49221221332443],[39.042698277499724,-6.496341392067503],[39.03032422600041,-6.495827494613293],[39.02130350837817,-6.494795171575376],[38.97748392781598,-6.467981166607932],[38.95995518240247,-6.4682381401814055],[38.949904329798706,-6.469784470586386],[38.89952094631398,-6.417955861245823],[38.88598313817459,-6.401356527443777],[38.85890297777847,-6.376646987686668],[38.8438892514433,-6.295995949741166],[38.86312133107792,-6.181965031778278],[38.8496325096243,-6.157710590891602],[38.7926987428326,-6.0825064019967074],[38.78304033147263,-6.083016291981054],[38.77892454913554,-6.064579448884874],[38.80412743167979,-5.955475182832305],[38.822159990530565,-5.902646975584553],[38.835274244689465,-5.821347972340993],[38.89656460592901,-5.704568699683575],[38.89580208671901,-5.667185663163613],[38.90403804369834,-5.656101124516096],[38.89284127144091,-5.6582887437969935],[38.87508061832619,-5.672337346593779],[38.878175231600615,-5.651969934018504],[38.89580655011684,-5.639340832666306],[38.9039131641104,-5.635347053656454],[38.91317917719057,-5.641275592522397],[38.952303334592884,-5.569476806046672],[38.955647696267675,-5.55078346372333],[38.961569380058485,-5.543824288476707],[38.967999412227385,-5.554653542759875],[38.999007947699646,-5.4653199079105566],[39.00183504415588,-5.4562956803431195],[38.98742770792401,-5.441083410235958],[38.9824156555732,-5.431543867319029],[39.010713151390675,-5.407177285919888],[39.04325118555265,-5.351874921813484],[39.08118030123537,-5.2440971166626085],[39.07912016504164,-5.232241074056725],[39.07037588492398,-5.2350741103088705],[39.05250383180909,-5.232241015511165],[39.07577136768679,-5.188535939770043],[39.087217907661056,-5.189694973522639],[39.09711267265234,-5.162623129354565],[39.092742752638664,-5.15462927775859],[39.10405547497394,-5.156174780851794],[39.11857874727892,-5.116212903959293],[39.12076373065626,-5.106153177480039],[39.13361929841675,-5.106668404925569],[39.13142991335461,-5.095324948909138],[39.12680131223057,-5.083466061020151],[39.13155919327649,-5.055465888808102],[39.091699292311574,-5.064780166064005],[39.10270879567271,-5.0278331298399905],[39.132678470043516,-5.021836487651608],[39.14773235248056,-5.000248068991623],[39.13508633711224,-4.992825192745107],[39.13869379784973,-4.972706251781442],[39.145850623984735,-4.966273776692332],[39.1402589362436,-4.957260173176588],[39.13900592344753,-4.946642705312082],[39.12220398357719,-4.928912469229955],[39.14496324998294,-4.895525410472443],[39.15284692305608,-4.8685613109694446],[39.15811316741942,-4.856569501911582],[39.14538689183542,-4.8367174415945335],[39.152071102923166,-4.830141469098009],[39.17533419564629,-4.848056488370215],[39.17495519326594,-4.86700621172782],[39.18523340058178,-4.865846613022167],[39.17907092970639,-4.875901098812543],[39.175222701253645,-4.9089026215404665],[39.185251252744656,-4.917152786840442],[39.20554019131569,-4.8663530907241555],[39.21209060286882,-4.851397698654192],[39.2011702024232,-4.857333707856215],[39.2016785812469,-4.840831848645409],[39.19589064215235,-4.8330962268420965],[39.20321693968872,-4.8270356396662795],[39.21978701757884,-4.806276254313133],[39.2057764776395,-4.794034510684102],[39.20834939528229,-4.808342449893554],[39.194472689192324,-4.809120044605618],[39.17815235951104,-4.809897670473261],[39.171851668816046,-4.790044236336252],[39.15784114203026,-4.791337326636133],[39.16028027983221,-4.778188792113795],[39.173131410969745,-4.768932719619589],[39.180836695865324,-4.753046422871442],[39.16669696486559,-4.745185386854472],[39.17151272248049,-4.73458236302461],[39.18519777558389,-4.7261033778184],[39.195605292979614,-4.718619758642488],[39.18673613834572,-4.709856148105604],[39.185701601640574,-4.6840757450150745],[39.20586563008798,-4.670258572837926],[39.219492656824464,-4.679164906326383],[39.22462513788406,-4.670138550612046],[39.21550628073557,-4.670787457096174],[39.212933337373215,-4.661765475562359],[39.21061908183939,-4.651841182436623],[39.21459656694068,-4.643587833218],[39.23773487826715,-4.60748007658361],[39.2473442664112,-4.6018086810450445],[39.24449486485644,-4.574024151252014],[39.279565706041964,-4.582500501122171],[39.292644214119136,-4.571534952342764],[39.31967973993395,-4.587723147670969],[39.310302246113004,-4.638761177402525],[39.40256104339808,-4.646725653543717],[39.39533284497166,-4.585496316951644],[39.41960821378532,-4.581687079719008],[39.423224529299965,-4.5567154832645835],[39.438247263773945,-4.590887890500352],[39.46768180750329,-4.525177488617622],[39.50749708914277,-4.418489310087535],[39.50865198829445,-4.401870497830445],[39.52135595898866,-4.4013325595680595],[39.51853780589085,-4.413194242021942],[39.52829437195096,-4.407387939370915],[39.53665961705397,-4.427878877446123],[39.63867490429903,-4.16379262994692],[39.68636059270755,-4.0624270560590166],[39.72427633628396,-4.025553118559979],[39.83294906419952,-3.8055120336949475],[39.86580816868339,-3.680701096415323],[39.86191986205166,-3.6420350428858033],[39.97045881350951,-3.388375866428066],[40.12565778714681,-3.2790323214720187],[40.12863205078856,-3.1854511450179483],[40.16189690727298,-3.1158117339067304],[40.161085380353306,-3.079465267324518],[40.17404350189977,-3.0649495075158844],[40.183220363083876,-3.0357437099843017],[40.211522260269426,-2.997586598207359],[40.18216353624628,-3.005455061525412],[40.15401325872747,-3.0524060989898354],[40.14018108840231,-3.0480869246211415],[40.15286281557473,-2.940395270640975],[40.165941335932054,-2.9389657791345787],[40.158744369444996,-2.924795464917208],[40.16347096625836,-2.9067417159508997],[40.16819765698705,-2.8910123144372353],[40.16280213097059,-2.8814819103555283],[40.17110944678219,-2.8746502823748976],[40.17265226606289,-2.8621359389083962],[40.17558195121706,-2.8408656392050275],[40.18465615931122,-2.8146913902471637],[40.17555072198868,-2.81237990860953],[40.165285881149885,-2.801303415922551],[40.16450547920091,-2.7884185798682437],[40.166034960586266,-2.7793906609976973],[40.16781864224511,-2.770367153862026],[40.173196303338194,-2.762630695606344],[40.177543894679665,-2.749994888202032],[40.166262423374796,-2.7489749208284384],[40.17804330944809,-2.740454455877615],[40.18201193493623,-2.7316844950259633],[40.17995185191215,-2.7226649890996915],[40.183403186447734,-2.7137702011406453],[40.18569514429358,-2.6999758034076495],[40.189530020670205,-2.6883726688375362],[40.19492546842822,-2.698933525323404],[40.20337993121144,-2.6948000728899557],[40.202363261547525,-2.705757230212327],[40.19634794878862,-2.713110999657873],[40.20379461632106,-2.724188285155393],[40.26228912360808,-2.6475671345026326],[40.268175144547286,-2.636604951868753],[40.27446245771507,-2.6442040891159277],[40.27740100084326,-2.635179519167621],[40.28328707953038,-2.62730860616117],[40.298309767676876,-2.6248854082036477],[40.299085608805676,-2.6153306416413056],[40.352710825778885,-2.5898597818076627],[40.49438089141795,-2.534025259502401],[40.560772457680336,-2.544128605931859],[40.608716705290604,-2.5609494351529385],[40.73543544893919,-2.459753747817924],[40.771670089579445,-2.444116637683854],[40.82411802170659,-2.38580329649168],[40.81934682549512,-2.3600384275218964],[40.79806793527318,-2.3505307560031516],[40.78708523624961,-2.377605659058493],[40.77632539042443,-2.3774898104227273],[40.780664125554274,-2.3624086688408212],[40.76269837729464,-2.3384611529449186],[40.74806809035636,-2.3181221810702675],[40.730378786863604,-2.308088412989355],[40.7138533646673,-2.308885978096607],[40.69303833264842,-2.2925031007496304],[40.70806547118607,-2.290333240677094],[40.717407323770644,-2.2810434034571148],[40.7313687016192,-2.2799963154989427],[40.74763110978737,-2.2753402371526463],[40.73942636244762,-2.2689063637107183],[40.72469348583331,-2.268407369298103],[40.720323538804,-2.2583599063775597],[40.729264029711,-2.235671641886603],[40.7496465893434,-2.246472247498218],[40.76439280021797,-2.257406431049123],[40.77614703689838,-2.255731069409749],[40.78284457418218,-2.2645978031553193],[40.802040991791706,-2.249243674962942],[40.79306930328856,-2.244097337263908],[40.81035281716229,-2.238665851488289],[40.823547268818764,-2.237747991725958],[40.839002536590314,-2.236874710777149],[40.828425509533,-2.2458573689765307],[40.83663030560556,-2.2521621193822505],[40.8514657311167,-2.2388530348464037],[40.85994247314359,-2.250972473741063],[40.869962063733354,-2.2429611396574263],[40.878429896489216,-2.2390089388541976],[40.87472434206605,-2.2293266753578305],[40.885230039684046,-2.232650662667536],[40.881858917305465,-2.219399300726725],[40.88961329681732,-2.213566720423833],[40.90434170013226,-2.2184145907574617],[40.895624149305725,-2.2230976116969936],[40.93579174437607,-2.2867687652644393],[40.95643294710071,-2.289344111321598],[40.96375927109893,-2.29876751942051],[40.969547133631714,-2.2917100088479607],[40.98664780213093,-2.2645264980973216],[40.984181911570005,-2.249261478904544],[40.973667396004316,-2.2387104517117775],[40.96599321486689,-2.245420685920136],[40.93900680335084,-2.224946713907238],[40.929718454725894,-2.2261408818607125],[40.91738462041921,-2.2138340874896913],[40.91745145404959,-2.1491080933253213],[40.918209513071034,-2.140084755315019],[40.91677370961698,-2.1205005461005437],[40.917915201744506,-2.110710586378199],[40.90865364086528,-2.076701435338601],[40.90072094816928,-2.083929312568594],[40.88943938280818,-2.075181883169837],[40.883031651709,-2.06874716076805],[40.8922352852364,-2.0561049020961994],[40.883776361051794,-2.0504454815823956],[40.88239399385844,-2.038774517959016],[40.89914243574409,-2.0487520733386146],[40.90512653366355,-2.019754969773394],[40.89960617793265,-2.0071346111584165],[40.89065676976112,-2.018484925448486],[40.87937969737032,-2.0154056251149823],[40.8688784801335,-2.0149020607681187],[40.866680158117994,-1.9963501881201926],[40.84476369036673,-1.9803961996153068],[40.86857527364432,-1.9728960169243603],[40.87753361495618,-1.9669599717677795],[40.87694503445422,-1.9768399729497255],[40.886786260928695,-1.9941353505510864],[40.91841910682801,-1.9955168167751058],[40.92227174850646,-2.0042736365117375],[40.9176788573961,-2.0184537255864257],[40.92727930825291,-2.0161230690413],[40.93002164518178,-2.0285517772121073],[40.91858853880598,-2.0300490604642265],[40.92320817994331,-2.038030307334075],[40.93115431778922,-2.044465174505532],[40.93823538142509,-2.067120647585342],[40.93990304520218,-2.0761890077955556],[40.96654175157311,-2.076888586179708],[40.96076721727364,-2.0665903517643653],[40.96503900102685,-2.031189902714274],[40.95879181328475,-2.020334315471926],[40.96415609443462,-2.0098930966426245],[40.97066639032267,-1.993132650337099],[40.98716503503328,-1.990547915816792],[40.98954618587908,-2.039237982750691],[40.99876766160929,-2.0389705881434965],[41.00697240567463,-2.0445988622569073],[41.01261757804167,-2.0535113225303183],[41.026436341233946,-2.044086351988061],[41.03412828630649,-2.0489748797824117],[41.04537413296627,-2.0311809875063886],[41.05482300751343,-2.0088770766726376],[41.06123518066768,-2.016729159128682],[41.06506108455305,-2.0059001886399073],[41.07741279245961,-1.9821653945167919],[41.08795412650803,-1.9839702837248219],[41.09909738220451,-1.985503303056383],[41.09960129543861,-1.9763541906285533],[41.11366978557896,-1.9656453298427343],[41.12463469567469,-1.973724917709746],[41.13748578878542,-1.9653556646572554],[41.14658238261181,-1.9686935515032313],[41.1801370956728,-1.9685687922983066],[41.17178969953012,-1.952944305949147],[41.15822060037259,-1.9585016021953996],[41.158336583537015,-1.9490939104173266],[41.21040106775806,-1.9089624351731198],[41.223055932211146,-1.8956771815429874],[41.230890600934956,-1.914087542927796],[41.24071847874958,-1.9173542335952132],[41.25291408063795,-1.9132853600569824],[41.25344474039353,-1.9295162807115362],[41.24577064267971,-1.9350691602452843],[41.23708431483139,-1.9510547389264568],[41.24004068861204,-1.9603242694129235],[41.248102740376,-1.9558053784227079],[41.26217565084823,-1.9468968355640197],[41.271129499250655,-1.9414732374504757],[41.283949483852226,-1.9517633313160978],[41.272953281180584,-1.965302163571403],[41.27861637007337,-1.985391848502338],[41.28757026711081,-1.9790682125756156],[41.32849587087689,-1.9469324993156465],[41.32671224296109,-1.9371770952901324],[41.33423030673272,-1.9277336634401818],[41.34204711464145,-1.9333890328591736],[41.34139603002122,-1.9218465248060477],[41.34938226969512,-1.9156161976085215],[41.350060111326364,-1.9247076176798747],[41.359054099586054,-1.912799598517964],[41.374500421467594,-1.884655837248301],[41.38524237802757,-1.8762683042165227],[41.377550452372,-1.865273567443081],[41.39035248684422,-1.8687899648587134],[41.40677539018182,-1.8398432349931026],[41.41639368798651,-1.831446629177131],[41.421013276969155,-1.8226354359650878],[41.576930235607904,-1.6415896140020068],[41.59395062120581,-1.6380906801964048],[41.59340211330666,-1.6118192570981964],[41.64093614465277,-1.5535476744058696],[41.7058160567347,-1.4476090529954526],[41.74350887487558,-1.4035222096424265],[41.74795903367879,-1.3803372561432603],[41.77096351630193,-1.3571298092995203],[41.77953397037627,-1.3532603732114954],[41.78080030273094,-1.3436001612472017],[41.789241410335414,-1.340368216426092],[41.81553672441747,-1.2854866629047301],[41.835196925144935,-1.246447818267881],[41.84744605893341,-1.215272520017452],[41.87841002229979,-1.2193606305362787],[41.89349070345936,-1.2087859939776873],[41.87993057587623,-1.2093165212948114],[41.900112458645395,-1.1782655986483705],[41.90432631382767,-1.1692467212233537],[41.89830210310057,-1.160624621571861],[41.909677238193254,-1.1494122557492086],[41.92079379404168,-1.139100441012042],[41.929243832788515,-1.1424396009207667],[41.97633191758639,-1.0303803035305346],[41.96801119309527,-1.0202151635203802],[42.02352259205509,-0.9871203208926628],[42.05901254897048,-0.9205863980846558],[42.09780672842499,-0.8674403599990438],[42.08644050737146,-0.8490174220271101],[42.07326384947971,-0.8522276482007229],[42.06839447808903,-0.8612384665349881],[42.0620046100723,-0.8545371942206756],[42.07493599177224,-0.8392263255268964],[42.125332734126616,-0.8354008116040589],[42.13685059916249,-0.8312899716231721],[42.14721357748911,-0.8270453573252075],[42.22427131673572,-0.750097458163947],[42.43318463162598,-0.48104664491816296],[42.470427084879276,-0.45221060069684377],[42.47604997215391,-0.46483390055655194],[42.476656420608556,-0.44491123387574916],[42.51791652163306,-0.3806706711425559],[42.55105650390559,-0.369286838433831],[42.61914698472885,-0.26187761672575866],[42.62951440137431,-0.25260281264090506],[42.63834344924255,-0.24809469955287158],[42.63911485239895,-0.23843635340027725],[42.6488401645805,-0.23521690373458612],[42.65856544392707,-0.23032085813487574],[43.120675468377684,0.25268307691660225],[43.570268784040636,0.724325985758257],[43.90488421093893,1.0054221827182184],[43.938042086792095,1.03263177330932],[44.03018490690667,1.1033809150999738],[44.10384037947517,1.1756442262432076],[44.130091089338336,1.187641075641996],[44.18284225464089,1.2510797236889621],[44.55717044248187,1.55967670322507],[44.91760398943432,1.8059578660011024],[45.12171041499582,1.9249081679721822],[45.13123951565797,1.9323863154942498],[45.27822487038547,1.9986808604228685],[45.33204622462394,2.0220054473311992],[45.34167347585756,2.0245990477280134],[45.34383167587682,2.0337701037674036],[45.35573747370109,2.0331061198191005],[45.967312049245194,2.402015781274067],[46.11722704053654,2.53144156029915],[46.24258128215026,2.675557891786777],[46.301584105610424,2.719703037037179],[46.343700364525446,2.7859066350755843],[46.70253314353664,3.101412245093908],[47.26767513100371,3.7208650377877386],[47.51731341452831,3.9815113102170527],[47.99111969625242,4.521154569029918],[48.273643897469434,5.007666370601508],[48.66862658345582,5.53678964591116],[48.971167690098376,6.034160350377626],[49.077445909900455,6.291448505394097],[49.085971653922634,6.422896624964652],[49.241393656362916,6.799173310875093],[49.527997895481,7.240195299447742],[49.709804372990824,7.514600637381862],[49.790906502457936,7.696540228416476],[49.8247421308968,7.747023498633074],[49.82563842113043,7.7965155355147875],[49.8039448798994,7.837052031817797],[49.82950894138662,7.937386768061409],[50.00968338913708,8.108750463567086],[50.120991450339815,8.187753797476917],[50.12744380205722,8.195111260129892],[50.133106828987,8.208788684026889],[50.165216846167446,8.31892330969903],[50.27441125878077,8.470059796204444],[50.332392945755764,8.552010676173541],[50.335095222106816,8.63656265576533],[50.38779728094334,8.721977246212944],[50.426319497863894,8.860718121091004],[50.51249165199416,8.960471405356982],[50.64316557532743,9.084485995271265],[50.65627977890259,9.204619451470272],[50.73210235630363,9.284984999291643],[50.84231793025865,9.449126841785947],[50.844899735687235,9.475161140178308],[50.815420626796346,9.492679002107447],[50.80627501336594,9.598101376307943],[50.86213865045444,9.868274113607889],[50.89809687395918,10.003361245357917],[50.89285293500061,10.130438459990733],[50.89959065901989,10.224528455900185],[50.906716294767804,10.322223029881693],[51.085570783368254,10.405866321978255],[51.23087510880374,10.424869250029266],[51.21707863426293,10.432741119808448],[51.04346356642142,10.411173026998963],[51.04180031260995,10.458451569967213],[51.09079691926376,10.468892110505891],[51.1112373953273,10.512987614469901],[51.11347144942983,10.556634134999213],[51.16796611310997,10.568167219452656],[51.13776463023225,10.66837870496237],[51.12493580588382,10.841857180515872],[51.124418525006384,10.855516562126201],[51.12983630720685,11.023573099598742],[51.18222183372449,11.145459782992562],[51.101320361120194,11.16998501900079],[51.07706282585894,11.25685650237528],[51.10309060158152,11.378247257174616],[51.12520776270708,11.48365419345191],[51.196107469392935,11.603209365336216],[51.25624737705537,11.680551103387916],[51.25484274838243,11.728197067125874],[51.283273968690786,11.837679123979306],[51.18958826322268,11.849309664203409],[51.127954582929654,11.87230739127395],[51.04302210879385,11.878577991734707],[50.9333638321793,11.930731291842651],[50.82601097151766,11.966390235778213],[50.80103556969147,11.980567070815903],[50.78723915818686,11.980205012439233],[50.78232072133663,11.988078260205564],[50.77787051607412,11.97852564434736],[50.76854655385407,11.977832088794136],[50.7618936306506,11.970861510266444],[50.75398311841399,11.965168819666566],[50.659401195937576,11.938811018684355],[50.638193675907836,11.942780963148607],[50.560248615306314,11.893256814470307],[50.5200899251917,11.78937118000806],[50.46207699128875,11.69920523758827],[50.28623681820202,11.601304931833873],[50.13938082134666,11.542811249329324],[50.05119763212636,11.506179804560775],[49.93352191161064,11.509885131973277],[49.91829854145515,11.50457188365471],[49.82406437891358,11.460379505956208],[49.71299265935678,11.471007607110167],[49.68392377883684,11.478799305655379],[49.62088097624154,11.45643755012773],[49.547863226762914,11.43954603901208],[49.496476540853166,11.376612318640323],[49.395669597694344,11.3312501317423],[49.29413142504915,11.327848550580557],[49.20550237246137,11.293651289892622],[48.916503560486554,11.24119526255484],[48.65022835858164,11.32265428305777],[48.54751738525416,11.310232315027458],[48.429302173569695,11.28244808170664],[48.35065700230024,11.267207977419393],[48.279164217974696,11.21313314677225],[48.21943013052223,11.187351807459743],[48.143094743015496,11.12741674223181],[47.94576614046035,11.116775896721256],[47.54871440887182,10.910445523748994],[46.92806109811088,10.905405825366508],[46.70898099723762,10.770541615443491],[46.62339746492524,10.725523754436036],[46.51427879146807,10.70997008692924],[46.41409618001236,10.681835661628481],[46.3309339380252,10.700370199988058],[46.31329374034609,10.718483036282949],[45.746180827270514,10.337892763693366],[46.24000839766302,9.768302227230842],[45.764115285023415,8.81652006100298],[44.93130681131032,7.7457642624238146],[43.667218550995486,6.690027131972775],[42.90876557829332,6.020653010010565],[42.25441040282593,5.068870954596525],[41.65954845953472,5.604247906944748],[41.005193180004724,5.7232216224539485],[40.94570881916059,6.675003501564184],[41.36211522583816,7.522836545800904],[41.852879476463954,8.608530513383151],[42.373383664656394,9.649331975092492],[42.73030345431479,9.946765507749388],[44.10796060519533,10.562499366605513]],[[42.62823909225642,-0.23740188001101542],[42.615187352115115,-0.2340531098844532],[42.61966428408757,-0.2421685924586324],[42.62823909225642,-0.23740188001101542]],[[40.23289026773159,-10.320911335906885],[40.231878080598456,-10.294628006235124],[40.22264771695134,-10.297501711770702],[40.23289026773159,-10.320911335906885]],[[35.520860081773755,-22.235233506335117],[35.531249818696644,-22.230201928112955],[35.5214754957723,-22.225306444832377],[35.520860081773755,-22.235233506335117]],[[40.97521912678349,-2.251079420277736],[40.96599321486689,-2.245420685920136],[40.957547685702245,-2.253423093509908],[40.97521912678349,-2.251079420277736]],[[40.89031781666966,-2.1985729833957675],[40.87679337563987,-2.207270693255055],[40.88961329681732,-2.213566720423833],[40.89031781666966,-2.1985729833957675]],[[39.51544320640089,-9.404447389670018],[39.5232377342478,-9.409589948022584],[39.52347850581399,-9.395798507459514],[39.51544320640089,-9.404447389670018]],[[39.45867441076502,-9.065164355039734],[39.466723062734694,-9.07005210691175],[39.47059807635188,-9.060382233382015],[39.45867441076502,-9.065164355039734]],[[36.34002368777815,-18.751262283656295],[36.34232464022417,-18.7633548400072],[36.35105552564922,-18.75646001240802],[36.34002368777815,-18.751262283656295]],[[39.40814385865446,-8.98621587425592],[39.40826426991576,-8.97693576976548],[39.397384020559635,-8.983392669155322],[39.40814385865446,-8.98621587425592]],[[39.38778809239763,-8.983401487438782],[39.397384020559635,-8.983392669155322],[39.39452133927308,-8.972698635009321],[39.38778809239763,-8.983401487438782]],[[39.35310965253176,-8.913320638232749],[39.347022949294605,-8.920417442766347],[39.35973143074809,-8.923624352909737],[39.35310965253176,-8.913320638232749]],[[39.31024428218877,-8.157267515558713],[39.32021036064291,-8.162674616067585],[39.32007220334044,-8.152619557051041],[39.31024428218877,-8.157267515558713]],[[39.24135567351117,-8.258370264821671],[39.24859727427886,-8.2508903813251],[39.24082946058876,-8.245224105589898],[39.24135567351117,-8.258370264821671]],[[39.2511522773304,-8.199070236344912],[39.245078991970914,-8.209900806426756],[39.254781971051216,-8.210412814492335],[39.2511522773304,-8.199070236344912]],[[39.28782842596497,-6.821041416164674],[39.30084003554373,-6.838826528679646],[39.30051453262723,-6.825229852923824],[39.28782842596497,-6.821041416164674]],[[32.12980736585279,-21.45022266729515],[32.03462786103955,-21.25986833005936],[31.749089307616863,-21.25986829311362],[32.12980736585279,-21.45022266729515]],[[-16.348148010309718,16.39685845245533],[-16.34273914518861,16.405520655079524],[-16.360098374698957,16.405152786515377],[-16.348148010309718,16.39685845245533]],[[-16.521393017531985,15.877441526501984],[-16.511449182610484,15.869399478854769],[-16.51005797834433,15.878938322677687],[-16.521393017531985,15.877441526501984]],[[-16.451483275941438,15.894022036881875],[-16.45243301333432,15.878432220960287],[-16.443987439964733,15.888219457783103],[-16.451483275941438,15.894022036881875]],[[-16.43348626354119,15.889763388783447],[-16.443987439964733,15.888219457783103],[-16.440174920759983,15.876064737817108],[-16.43348626354119,15.889763388783447]],[[-16.558385736935513,14.281020244386795],[-16.561351046284134,14.289762074366315],[-16.573158742494076,14.278090329492242],[-16.558385736935513,14.281020244386795]],[[-16.62890194119474,14.206102316354743],[-16.627247608792253,14.195809620488692],[-16.620077362160277,14.208998524528614],[-16.62890194119474,14.206102316354743]],[[-16.604524012292554,14.193903216518489],[-16.617705110744737,14.190596101866946],[-16.611319696202493,14.18393854724987],[-16.604524012292554,14.193903216518489]],[[-16.519876879317433,14.289641081311023],[-16.52908939535498,14.284429756126608],[-16.520741971261078,14.28023376911523],[-16.519876879317433,14.289641081311023]],[[-16.703440254689344,14.033866682005517],[-16.714619256665788,14.02742087316728],[-16.714235765660316,14.017608977807514],[-16.703440254689344,14.033866682005517]],[[-16.463607490089654,14.268483811135102],[-16.464378971416465,14.258600159397972],[-16.455505310347313,14.261448203608484],[-16.463607490089654,14.268483811135102]],[[-16.436986656805505,14.256923356432281],[-16.440085775593776,14.266824282909988],[-16.446243801174546,14.258928668757601],[-16.436986656805505,14.256923356432281]],[[-16.41557859324226,14.276245159365867],[-16.414080292003554,14.289649723716002],[-16.42236084411821,14.283548201710278],[-16.41557859324226,14.276245159365867]],[[-16.701366799038023,13.908088206901908],[-16.71409755789683,13.908720225332017],[-16.70759613223531,13.901405143254182],[-16.701366799038023,13.908088206901908]],[[-16.465569542360527,14.183458642651619],[-16.47483109755382,14.186493523293187],[-16.475259191586968,14.17103350230118],[-16.465569542360527,14.183458642651619]],[[-16.521928095997385,14.045101074402357],[-16.534908567259365,14.043863911537247],[-16.527319140802295,14.037422705420575],[-16.521928095997385,14.045101074402357]],[[-16.67514730398169,13.851011648200505],[-16.67120542922153,13.842183733852861],[-16.663036365933028,13.848405286118044],[-16.67514730398169,13.851011648200505]],[[-16.36536459610403,14.206335721474817],[-16.374055360307263,14.202419264509352],[-16.370572829974062,14.193682766098815],[-16.36536459610403,14.206335721474817]],[[-16.53969765658668,13.987335785155832],[-16.54136974557102,13.99892293651814],[-16.54895023281314,13.992320283064874],[-16.53969765658668,13.987335785155832]],[[-16.666514441681343,13.818309074247706],[-16.67612385489862,13.808003391669489],[-16.665127720670817,13.803590818722931],[-16.666514441681343,13.818309074247706]],[[-16.398794464548004,13.88623325110621],[-16.40643737202973,13.892371437232288],[-16.409554274983176,13.883826465747756],[-16.398794464548004,13.88623325110621]],[[-16.492975121664706,13.765485195750367],[-16.49699723191151,13.756688780848606],[-16.48740131891833,13.754731027596696],[-16.492975121664706,13.765485195750367]],[[-16.54621238644422,13.690841108622408],[-16.557997756420324,13.683770525374117],[-16.54638627114494,13.680256750559332],[-16.54621238644422,13.690841108622408]],[[-16.522119850756003,13.690338527599213],[-16.529883142337514,13.69993031497891],[-16.53541239293613,13.688614195361689],[-16.522119850756003,13.690338527599213]],[[-16.548227893259746,13.628333537097632],[-16.546417469707606,13.616667301966086],[-16.53659410438309,13.617906779705686],[-16.548227893259746,13.628333537097632]],[[-16.518739850198433,13.604632151187456],[-16.523457554037773,13.612532875425241],[-16.529535310159428,13.602343786831408],[-16.518739850198433,13.604632151187456]],[[-16.511850562383632,13.584534614575222],[-16.508639994993178,13.59370587603925],[-16.518454425203654,13.59530084845935],[-16.511850562383632,13.584534614575222]],[[-16.093894560589664,12.454553294857284],[-16.102527345922926,12.449881201152193],[-16.090300460455026,12.441555758101666],[-16.093894560589664,12.454553294857284]],[[-16.18944863280511,12.246720191094836],[-16.178546139698078,12.240710979076676],[-16.17937550688559,12.250241102554133],[-16.18944863280511,12.246720191094836]],[[-16.048331451614935,12.404871828346504],[-16.05819943781552,12.413856099137387],[-16.064045287795047,12.400303475580118],[-16.048331451614935,12.404871828346504]],[[-15.981788262101148,12.417618611118542],[-15.990693090146515,12.414622517611118],[-15.991183630752566,12.405472862994896],[-15.981788262101148,12.417618611118542]],[[-16.16766147737238,12.117328072281348],[-16.153659831346957,12.119189703173793],[-16.15801195172774,12.1274163930469],[-16.16766147737238,12.117328072281348]],[[-16.163746365518904,12.090287591502014],[-16.167505413459452,12.081767569148376],[-16.158074410173047,12.080647003902437],[-16.163746365518904,12.090287591502014]],[[-16.02901014581841,12.222756526704755],[-16.041861324657564,12.226574093175973],[-16.036314162350354,12.215256271374892],[-16.02901014581841,12.222756526704755]],[[-16.166359392985736,11.997896605336276],[-16.159447783053107,12.00423840773893],[-16.17295883885415,12.010750199699519],[-16.166359392985736,11.997896605336276]],[[-16.05811467765204,12.130136764689873],[-16.05200128057775,12.140852251856757],[-16.063514646861318,12.137975130534578],[-16.05811467765204,12.130136764689873]],[[-16.148237628316227,12.014330974429056],[-16.142052852257038,12.007400595128694],[-16.137397528616326,12.020689884963186],[-16.148237628316227,12.014330974429056]],[[-15.994608214866217,12.201109379048301],[-15.987767894699072,12.193403620890129],[-15.98216733510539,12.202055122862053],[-15.994608214866217,12.201109379048301]],[[-15.98216733510539,12.202055122862053],[-15.972691722148078,12.189720650357707],[-15.967487951653071,12.198760152726802],[-15.98216733510539,12.202055122862053]],[[-15.779487753482414,12.320989795436777],[-15.787496285535685,12.326639992905505],[-15.788120642886243,12.315295976323204],[-15.779487753482414,12.320989795436777]],[[-15.957428216229022,12.059376339894495],[-15.971866823060093,12.063423057095292],[-15.972794285657836,12.05333237781297],[-15.957428216229022,12.059376339894495]],[[-15.972794285657836,12.05333237781297],[-15.98300563782326,12.048461286600604],[-15.97414536781424,12.041209102145013],[-15.972794285657836,12.05333237781297]],[[-15.95180524141115,12.072824459418456],[-15.958855120189368,12.080660047035941],[-15.957428216229022,12.059376339894495],[-15.95180524141115,12.072824459418456]],[[-15.911526225230213,12.113260384458263],[-15.902349352486402,12.109811764980597],[-15.9018588623784,12.11909383066833],[-15.911526225230213,12.113260384458263]],[[-15.80759348467623,12.168345351368359],[-15.80481544003119,12.15933539829405],[-15.798545958631996,12.166052551040464],[-15.80759348467623,12.168345351368359]],[[-15.781944784006576,12.131052282884779],[-15.768594244879294,12.133279919182957],[-15.777004066980144,12.143180150246895],[-15.781944784006576,12.131052282884779]],[[-15.754681771751383,12.123139622687793],[-15.749990817351271,12.131527479521068],[-15.759417353207573,12.131244043065752],[-15.754681771751383,12.123139622687793]],[[-15.737688166604451,12.134265166831486],[-15.743993358598875,12.140821727498643],[-15.749990817351271,12.131527479521068],[-15.737688166604451,12.134265166831486]],[[-15.68517782613078,12.186848382740727],[-15.68756340657636,12.196890411481172],[-15.697493846006351,12.188234376654806],[-15.68517782613078,12.186848382740727]],[[-15.882403847279122,11.913728970716413],[-15.868518218657009,11.911455833404467],[-15.87284801990772,11.919736834792062],[-15.882403847279122,11.913728970716413]],[[-15.658659543948877,12.163071075447315],[-15.664197711660307,12.176975871661215],[-15.667314633681324,12.166532037743648],[-15.658659543948877,12.163071075447315]],[[-15.864179467898644,11.82942614607556],[-15.878074093811449,11.831678233070017],[-15.866435835104737,11.820164728321712],[-15.864179467898644,11.82942614607556]],[[-15.872076513867142,11.793046464165528],[-15.881124033496475,11.796874588883949],[-15.884267756390628,11.781256419094582],[-15.872076513867142,11.793046464165528]],[[-15.714697050802172,11.95993844665487],[-15.701814704142931,11.964907067248944],[-15.714291304949302,11.97172080059574],[-15.714697050802172,11.95993844665487]],[[-15.787652397066179,11.831158851266355],[-15.79257969602047,11.840625015765164],[-15.8044274988333,11.830696209320857],[-15.787652397066179,11.831158851266355]],[[-15.746151550718945,11.86402931084614],[-15.75016919410006,11.874943077501364],[-15.77163530976254,11.871286252802674],[-15.746151550718945,11.86402931084614]],[[-15.724631928993556,11.919662684602239],[-15.717091614378417,11.92701851238782],[-15.727285111723898,11.928580408708308],[-15.724631928993556,11.919662684602239]],[[-15.745108090033419,11.848742296992372],[-15.736372731998378,11.852163718158968],[-15.746151550718945,11.86402931084614],[-15.745108090033419,11.848742296992372]],[[-15.726816842265182,11.848319012711432],[-15.724877163005582,11.857391844008063],[-15.736372731998378,11.852163718158968],[-15.726816842265182,11.848319012711432]],[[-15.568599048245668,12.061988433833763],[-15.578400158006952,12.053205878652314],[-15.571185339970379,12.047035283458504],[-15.568599048245668,12.061988433833763]],[[-15.70927479605546,11.863414040515293],[-15.718839524232719,11.866302851537702],[-15.715673548338769,11.85641867225464],[-15.70927479605546,11.863414040515293]],[[-15.732952610573086,11.836657892339813],[-15.724003221764022,11.839245868667772],[-15.726816842265182,11.848319012711432],[-15.732952610573086,11.836657892339813]],[[-15.705462259566639,11.832799865693634],[-15.702104579344205,11.824162645521701],[-15.69669120508414,11.836308758046926],[-15.705462259566639,11.832799865693634]],[[-15.498038256146133,12.068049650212032],[-15.509689871328018,12.067125202388175],[-15.50077168446956,12.059153942161693],[-15.498038256146133,12.068049650212032]],[[-15.50077168446956,12.059153942161693],[-15.508619707880204,12.054370203276623],[-15.50198898947468,12.046071541678018],[-15.50077168446956,12.059153942161693]],[[-15.47199708998985,12.07763395117342],[-15.462311965566208,12.079194961459843],[-15.467961563484009,12.088722249475728],[-15.47199708998985,12.07763395117342]],[[-15.487648524065465,12.042940373351138],[-15.494970353805417,12.03725797012023],[-15.486061142749099,12.033795274459077],[-15.487648524065465,12.042940373351138]],[[-15.447365000771306,12.01100757082621],[-15.448073990397704,12.021099821375556],[-15.457496112443778,12.019538447809945],[-15.447365000771306,12.01100757082621]],[[-15.395202470828155,12.031361766431186],[-15.380411612204412,12.033442016660926],[-15.3825207864121,12.04246072802789],[-15.395202470828155,12.031361766431186]],[[-15.336369112088729,12.095611286902999],[-15.34605421824404,12.090060829985926],[-15.339106951690685,12.083751537294976],[-15.336369112088729,12.095611286902999]],[[-15.339106951690685,12.083751537294976],[-15.349706287850196,12.078458112789274],[-15.341318714376103,12.074472644338504],[-15.339106951690685,12.083751537294976]],[[-15.363141540529904,12.040681402344541],[-15.362338903498006,12.029599858386296],[-15.353937933177871,12.041893748229901],[-15.363141540529904,12.040681402344541]],[[-15.423437518970061,11.8341527856764],[-15.42096710189568,11.842986045934577],[-15.430424935128379,11.84246668458123],[-15.423437518970061,11.8341527856764]],[[-15.393124508596287,11.862807444504186],[-15.402711566110398,11.863627845285302],[-15.402925610913552,11.85428901335135],[-15.393124508596287,11.862807444504186]],[[-15.394109955730704,11.820020696055067],[-15.404067157897424,11.827868092102976],[-15.404053752072002,11.818720062670053],[-15.394109955730704,11.820020696055067]],[[-15.383122723015394,11.819134716806362],[-15.384705765588176,11.828025180191416],[-15.394109955730704,11.820020696055067],[-15.383122723015394,11.819134716806362]],[[-15.373566871296072,11.815149895499887],[-15.375279214897184,11.82442887851017],[-15.383122723015394,11.819134716806362],[-15.373566871296072,11.815149895499887]],[[-15.371587014875503,11.80033594386363],[-15.366360972201814,11.80781722457513],[-15.381535316374608,11.807926334442511],[-15.371587014875503,11.80033594386363]],[[-15.404905470919031,11.685599000880869],[-15.405440545552214,11.695004689534757],[-15.414577288282151,11.685581530463597],[-15.404905470919031,11.685599000880869]],[[-15.406943267794626,11.65002576759313],[-15.403037057310913,11.659825693968939],[-15.417029738201466,11.661996112243298],[-15.406943267794626,11.65002576759313]],[[-15.398676134037906,11.627227790805325],[-15.40768793077415,11.62167215892966],[-15.396963825317114,11.617308875179296],[-15.398676134037906,11.627227790805325]],[[-15.396963825317114,11.617308875179296],[-15.409373444227716,11.612779434395652],[-15.40361234350941,11.605572399724089],[-15.396963825317114,11.617308875179296]],[[-15.333247710580213,11.680276013447676],[-15.319642945818188,11.675009578799004],[-15.331428408361182,11.691101021693852],[-15.333247710580213,11.680276013447676]],[[-15.290395701469862,11.715631429998174],[-15.299024061161981,11.711243362754631],[-15.295612892141701,11.702868742419817],[-15.290395701469862,11.715631429998174]],[[-15.255628165101898,11.731131002975518],[-15.264787147039195,11.737823937916477],[-15.263467222052567,11.724678019654906],[-15.255628165101898,11.731131002975518]],[[-15.204928130112634,11.783491377103145],[-15.213552011459173,11.777301566816202],[-15.200598369840067,11.766872800321275],[-15.204928130112634,11.783491377103145]],[[-15.292941935496122,11.650811865758353],[-15.295046543991196,11.659572381442683],[-15.306020423769672,11.654532685986075],[-15.292941935496122,11.650811865758353]],[[-15.196143754572924,11.758884005232936],[-15.1988860996067,11.749476214827315],[-15.188683630085944,11.74780844891785],[-15.196143754572924,11.758884005232936]],[[-15.165790583246736,11.736221655532526],[-15.1703745982019,11.747690605329844],[-15.178213670854461,11.735959738305693],[-15.165790583246736,11.736221655532526]],[[-15.14683051561179,11.744093220541474],[-15.151936229259103,11.751693962904156],[-15.159646008550732,11.746407063629897],[-15.14683051561179,11.744093220541474]],[[-14.95571789560743,12.005860922315783],[-14.953755953821895,11.991558975880617],[-14.944855500448439,11.988462104315946],[-14.95571789560743,12.005860922315783]],[[-15.16093914274628,11.720246475832782],[-15.15492825167011,11.730170510075107],[-15.165790583246736,11.736221655532526],[-15.16093914274628,11.720246475832782]],[[-15.30246656057542,11.50788392883825],[-15.312388052532087,11.5019413579684],[-15.30467382704519,11.496925115749535],[-15.30246656057542,11.50788392883825]],[[-15.249710918004977,11.54788348857545],[-15.240819456115622,11.542217092673352],[-15.242656622578918,11.553689627581848],[-15.249710918004977,11.54788348857545]],[[-15.397053015089876,11.308535734911201],[-15.389753458812878,11.317696030255487],[-15.399550079380393,11.319226346079018],[-15.397053015089876,11.308535734911201]],[[-15.361808251960607,11.318631749114726],[-15.370944909021427,11.31436860826759],[-15.364278623548572,11.307932375846566],[-15.361808251960607,11.318631749114726]],[[-15.132895840121748,11.590616210170014],[-15.127660892661847,11.58056487495699],[-15.12335331694357,11.59036289413637],[-15.132895840121748,11.590616210170014]],[[-15.159637084264277,11.498074275792039],[-15.155592647196828,11.508255287845492],[-15.165260015557934,11.508250935821152],[-15.159637084264277,11.498074275792039]],[[-15.037484469469339,11.64270615124759],[-15.04441388649784,11.650698325641414],[-15.04558660966046,11.637810278685869],[-15.037484469469339,11.64270615124759]],[[-15.220191645854428,11.402923086058808],[-15.22789700205183,11.398023061320776],[-15.221747901347731,11.387457789614452],[-15.220191645854428,11.402923086058808]],[[-15.09001264144804,11.567822159613776],[-15.080211524789188,11.563056060150096],[-15.083221419746788,11.574781131840531],[-15.09001264144804,11.567822159613776]],[[-15.087787613756051,11.557385522183752],[-15.078115790066155,11.554292537488186],[-15.080211524789188,11.563056060150096],[-15.087787613756051,11.557385522183752]],[[-15.078115790066155,11.554292537488186],[-15.078508175210352,11.54527088037705],[-15.065830928398805,11.556616691644535],[-15.078115790066155,11.554292537488186]],[[-15.034862527943167,11.57711388966344],[-15.040088528645557,11.584845808349616],[-15.042438469086502,11.57195914913638],[-15.034862527943167,11.57711388966344]],[[-15.035509047237257,11.545537383517084],[-15.026229646902351,11.545926255548023],[-15.034987372847398,11.554559017973455],[-15.035509047237257,11.545537383517084]],[[-15.00780466652496,11.56977048604922],[-15.004014430935207,11.578144797298238],[-15.014734150851988,11.57879131400121],[-15.00780466652496,11.56977048604922]],[[-14.994342605573676,11.582399535139636],[-15.002315536279834,11.587038667577167],[-15.004014430935207,11.578144797298238],[-14.994342605573676,11.582399535139636]],[[-15.174566124748189,11.335040816338491],[-15.181611473055803,11.327302061328542],[-15.17220724009389,11.326147761563218],[-15.174566124748189,11.335040816338491]],[[-15.165161934349648,11.336334908321037],[-15.17220724009389,11.326147761563218],[-15.160979213111554,11.326541281973205],[-15.165161934349648,11.336334908321037]],[[-15.049862884852946,11.411507786565704],[-15.043593431221565,11.418728466200838],[-15.053653123216778,11.420398089526508],[-15.049862884852946,11.411507786565704]],[[-15.032748918306472,11.422207647464688],[-15.041243474059838,11.427491882467642],[-15.043593431221565,11.418728466200838],[-15.032748918306472,11.422207647464688]],[[-14.997481875450209,11.428265521434014],[-15.008455714043256,11.43728641630624],[-15.019295746538843,11.434196435667046],[-14.997481875450209,11.428265521434014]],[[-14.991341669830105,11.417954832867906],[-14.987814543042036,11.426976161339464],[-14.997481875450209,11.428265521434014],[-14.991341669830105,11.417954832867906]],[[-14.987814543042036,11.426976161339464],[-14.980238489059358,11.435997116612537],[-14.990035168980247,11.43599714457629],[-14.987814543042036,11.426976161339464]],[[-14.955677786616741,11.43135557662011],[-14.9520168585325,11.441923606403753],[-14.963253840140382,11.437928948639767],[-14.955677786616741,11.43135557662011]],[[-15.139731680972092,11.135174014567053],[-15.141029210162861,11.125509161745422],[-15.129787865557484,11.131826966251039],[-15.139731680972092,11.135174014567053]],[[-14.96352579215498,11.338311165881544],[-14.974628976726558,11.334446201512767],[-14.962745502361223,11.326327017139773],[-14.96352579215498,11.338311165881544]],[[-14.994347063200818,11.2799336505889],[-15.003225207220087,11.282251239814476],[-15.002574180803231,11.271038887678726],[-14.994347063200818,11.2799336505889]],[[-15.017324826096457,11.258282234218264],[-15.021244399148495,11.248359098226965],[-15.006881595846405,11.25879831417675],[-15.017324826096457,11.258282234218264]],[[-14.936891573682566,11.314338052900583],[-14.939892560035439,11.322842326970079],[-14.946554500291311,11.315754729623084],[-14.936891573682566,11.314338052900583]],[[-14.89197506354586,11.306847914515222],[-14.904250930403126,11.302728978456607],[-14.894588076197504,11.296795278672533],[-14.89197506354586,11.306847914515222]],[[-14.890806759324827,11.283908609293372],[-14.902685855582611,11.287389387303353],[-14.898253476349218,11.277725271230773],[-14.890806759324827,11.283908609293372]],[[-14.908442537805133,11.257495008747966],[-14.907002256168017,11.267933947321417],[-14.919670570359399,11.25079507477243],[-14.908442537805133,11.257495008747966]],[[-14.91550575596716,11.215998156645224],[-14.907671071295622,11.220892540969645],[-14.921378391411785,11.223088186449369],[-14.91550575596716,11.215998156645224]],[[-14.997352512643978,11.095256737059932],[-14.99082887478316,11.088036626218098],[-14.987176862032008,11.096285063439417],[-14.997352512643978,11.095256737059932]],[[-14.997744969940891,11.054012346510019],[-15.002311078432324,11.062003456946682],[-15.011313952483336,11.052467444067481],[-14.997744969940891,11.054012346510019]],[[-14.989656102959712,11.067158638002542],[-14.997744969940891,11.054012346510019],[-14.985482424017654,11.053754148468059],[-14.989656102959712,11.067158638002542]],[[-14.934323138500512,11.126305439838466],[-14.94345535205888,11.128239335361432],[-14.938108965795058,11.117931040706342],[-14.934323138500512,11.126305439838466]],[[-14.860912937607385,10.995214287589938],[-14.853475194190908,11.007711020040603],[-14.863124669270166,11.008748423414412],[-14.860912937607385,10.995214287589938]],[[-14.640709189127978,11.121973880215],[-14.646702237017886,11.129586865535462],[-14.647830368575057,11.113673656537458],[-14.640709189127978,11.121973880215]],[[13.488682618419457,-12.457052601276306],[13.497471491438986,-12.454196274402227],[13.490047078786102,-12.44804370845874],[13.488682618419457,-12.457052601276306]],[[-14.704567999727828,10.943295572480793],[-14.693085784299393,10.951403581320754],[-14.705468744965545,10.956700776936193],[-14.704567999727828,10.943295572480793]],[[-14.630020705780655,11.010227833850099],[-14.620875094480441,11.020010383715407],[-14.63313764675113,11.018736636071768],[-14.630020705780655,11.010227833850099]],[[-14.70552222743596,10.903085190378583],[-14.701335077867265,10.915196169720538],[-14.7108598002149,10.910695139310315],[-14.70552222743596,10.903085190378583]],[[-14.63851975237079,10.991292256375603],[-14.627180265128036,10.985479159528982],[-14.628080999718325,10.994632085621074],[-14.63851975237079,10.991292256375603]],[[-14.655330582727052,10.894139527151799],[-14.659745110217651,10.908965614071782],[-14.666803832902362,10.89492775477981],[-14.655330582727052,10.894139527151799]],[[-14.719849345937908,10.781957047306703],[-14.716447011966132,10.79651710079226],[-14.728442019299367,10.789951188523817],[-14.719849345937908,10.781957047306703]],[[-14.55375669241971,10.891302149104959],[-14.563013825477505,10.8901548597802],[-14.5553352171142,10.881252598547604],[-14.55375669241971,10.891302149104959]],[[-14.4364466465297,10.8699766960333],[-14.41963144831959,10.867883464172321],[-14.4317379031173,10.87795529215571],[-14.4364466465297,10.8699766960333]],[[-14.408247329391184,10.888994459515006],[-14.416715147162707,10.893136801009275],[-14.422480746416696,10.878712826973986],[-14.408247329391184,10.888994459515006]],[[-14.38605884479743,10.89900432851716],[-14.397933416031828,10.896193184718362],[-14.399516415402472,10.885373187043484],[-14.38605884479743,10.89900432851716]],[[-14.380863949800466,10.889716979470364],[-14.373408386833395,10.90181535417649],[-14.38605884479743,10.89900432851716],[-14.380863949800466,10.889716979470364]],[[-14.357953092880944,10.871885989831988],[-14.366028584386644,10.876282550062426],[-14.370871163192195,10.868430867992194],[-14.357953092880944,10.871885989831988]],[[-14.449288903050657,10.323828615314406],[-14.442635955528901,10.33077740812337],[-14.45239241119556,10.333628866310873],[-14.449288903050657,10.323828615314406]],[[-14.259019059077593,10.265196542244098],[-14.267469068924779,10.268952359371662],[-14.262684413368365,10.255666219117494],[-14.259019059077593,10.265196542244098]],[[-14.007423219861533,10.16633001201573],[-13.995294431065563,10.176345819102375],[-14.012341581976157,10.174076659541026],[-14.007423219861533,10.16633001201573]],[[-13.99441603526773,10.166290501684276],[-13.983352922359245,10.167286880078468],[-13.995294431065563,10.176345819102375],[-13.99441603526773,10.166290501684276]],[[-13.99566451197702,10.140907382509125],[-13.993800656749125,10.154562661327079],[-14.007463339771013,10.152670933586718],[-13.99566451197702,10.140907382509125]],[[-13.939470930930417,10.221913041444807],[-13.941513223203714,10.23351992843309],[-13.949651090743936,10.211121963765569],[-13.939470930930417,10.221913041444807]],[[-13.992574424231798,10.130460347935019],[-14.00091287743221,10.125587936378146],[-13.992101716130792,10.115895440170624],[-13.992574424231798,10.130460347935019]],[[-13.913719636606295,10.2195082167638],[-13.912649440704415,10.228912315682035],[-13.92266015211731,10.230751019600334],[-13.913719636606295,10.2195082167638]],[[-13.940095185228829,10.111865607879015],[-13.948170645961753,10.107383544688995],[-13.945731483439046,10.09783970809108],[-13.940095185228829,10.111865607879015]],[[-13.676441938029681,9.82408953141769],[-13.667465780969994,9.814831824432671],[-13.665806969702853,9.82447172926914],[-13.676441938029681,9.82408953141769]],[[12.39781256761953,-6.198487201993198],[12.402748784702581,-6.189111286149343],[12.394289877914934,-6.181730068877594],[12.39781256761953,-6.198487201993198]],[[12.385269153781158,-6.1843899599078],[12.394289877914934,-6.181730068877594],[12.38364152090571,-6.175368417995677],[12.385269153781158,-6.1843899599078]],[[12.329186974542763,-6.145913230238296],[12.334876792430773,-6.134723039774423],[12.322872924324889,-6.129207668219782],[12.329186974542763,-6.145913230238296]],[[12.315368278066643,-6.135148705393545],[12.322872924324889,-6.129207668219782],[12.313691600458162,-6.1237676079596834],[12.315368278066643,-6.135148705393545]],[[12.296760420174447,-6.145957613326942],[12.291284617862171,-6.156048108478895],[12.30302992835003,-6.152953545352264],[12.296760420174447,-6.145957613326942]],[[12.30088505003802,-6.119129956385748],[12.313691600458162,-6.1237676079596834],[12.311297101765758,-6.108050030350864],[12.30088505003802,-6.119129956385748]],[[12.288742990209716,-6.126937620925577],[12.290638090904169,-6.138921618828432],[12.303440145175403,-6.130014593295409],[12.288742990209716,-6.126937620925577]],[[40.79704239638936,-14.520819116990301],[40.75998280638207,-14.55604462272152],[40.778621835875036,-14.559303133804331],[40.806375237909634,-14.522122765913275],[40.79704239638936,-14.520819116990301]],[[40.76839268339496,-2.3853577708994194],[40.766698223605665,-2.394553318718463],[40.777872669064394,-2.3863780022267815],[40.77632539042443,-2.3774898104227273],[40.76839268339496,-2.3853577708994194]],[[39.48104124367517,-9.113470883206098],[39.45485292908991,-9.119432236493328],[39.46406988978298,-9.12612437423673],[39.47327798168577,-9.125723684999457],[39.48104124367517,-9.113470883206098]],[[39.43559406208578,-9.065063117271903],[39.438456834548916,-9.073825787810202],[39.44960455647892,-9.070461666977595],[39.45867441076502,-9.065164355039734],[39.43559406208578,-9.065063117271903]],[[39.23459122772642,-8.196117542252887],[39.23175076392789,-8.210170051209394],[39.24146269126919,-8.218414175902426],[39.245078991970914,-8.209900806426756],[39.23459122772642,-8.196117542252887]],[[39.29681350129909,-6.8469196948478475],[39.300318358887075,-6.86327832033125],[39.306110730441965,-6.852905381739913],[39.30084003554373,-6.838826528679646],[39.29681350129909,-6.8469196948478475]],[[39.04478511651291,-5.238431081568979],[39.037458812524164,-5.246166383988248],[39.051090306665884,-5.246295120105172],[39.05250383180909,-5.232241015511165],[39.04478511651291,-5.238431081568979]],[[31.749089307616863,-22.687545631745223],[31.749089307616863,-22.592366667540375],[31.834632717332212,-22.33576833249202],[30.8575383219465,-23.501894854220605],[31.749089307616863,-22.687545631745223]],[[-16.782571521735633,14.11395307259873],[-16.786647062858403,14.101428991039013],[-16.77646698960516,14.099443935308427],[-16.769657911186798,14.106320203114228],[-16.782571521735633,14.11395307259873]],[[-16.749988857819417,14.009159513883414],[-16.754002067239522,13.995703807052092],[-16.74391104528923,14.00067083013725],[-16.743264550120024,14.018149782220451],[-16.749988857819417,14.009159513883414]],[[-16.473595894321754,14.261210470163764],[-16.481457350334388,14.271595297050208],[-16.490669809164274,14.266902101410913],[-16.482959999930593,14.259477518784593],[-16.473595894321754,14.261210470163764]],[[-16.35477875154113,14.22481470684386],[-16.364182954364573,14.229141328974439],[-16.37697611013576,14.226751073527916],[-16.36766546628729,14.215210103409419],[-16.35477875154113,14.22481470684386]],[[-16.217438401293244,14.199401936763238],[-16.231038684076935,14.198948057555027],[-16.236273634123307,14.190933317951446],[-16.226485942855522,14.18737971359462],[-16.217438401293244,14.199401936763238]],[[-16.44845992605301,13.901699479356427],[-16.465636409382476,13.915623819426775],[-16.470144590051916,13.901175756580962],[-16.47540182987247,13.893341052069566],[-16.44845992605301,13.901699479356427]],[[-16.472151193018007,13.84928420106678],[-16.46394640587253,13.85390798035548],[-16.466563921887136,13.866774555572533],[-16.47652550297998,13.864913046890342],[-16.472151193018007,13.84928420106678]],[[-16.510940919148442,13.670131326211639],[-16.52232500067105,13.679728244377625],[-16.534855074060815,13.678801022716168],[-16.54249349960324,13.66465022867587],[-16.510940919148442,13.670131326211639]],[[-16.514343179284456,13.574222897495439],[-16.514731080147275,13.561864859218684],[-16.506080475521802,13.566242870639975],[-16.503436219640815,13.579931436763944],[-16.514343179284456,13.574222897495439]],[[-16.088886934397145,12.417082981728138],[-16.079023397230127,12.408874098678522],[-16.083714379504244,12.434366596591712],[-16.09793898928219,12.41897731092333],[-16.088886934397145,12.417082981728138]],[[-15.984708972693582,12.392485983873575],[-15.993114423713239,12.39657547587482],[-15.993448866937545,12.380600289542448],[-15.988829208712385,12.371854513659832],[-15.984708972693582,12.392485983873575]],[[-16.06412108094759,12.224042138450812],[-16.0549977717443,12.23644475024235],[-16.061445645455112,12.243508628507376],[-16.068870096794477,12.232139163115791],[-16.06412108094759,12.224042138450812]],[[-16.183125607416105,12.06173111921654],[-16.19075517716381,12.069684879282013],[-16.192017032349984,12.059372024162531],[-16.185702990040063,12.05231197484104],[-16.183125607416105,12.06173111921654]],[[-16.041861324657564,12.226574093175973],[-16.044514426282237,12.235329113859319],[-16.0549977717443,12.23644475024235],[-16.054418094310698,12.221375020504366],[-16.041861324657564,12.226574093175973]],[[-16.125946553325296,12.036843713392608],[-16.119824207662095,12.04356841714252],[-16.133433398521916,12.042739814507375],[-16.132991937616197,12.030886399301027],[-16.125946553325296,12.036843713392608]],[[-16.032684450161028,12.112105053201372],[-16.024412857685885,12.11660442418818],[-16.0316366147505,12.123021888509095],[-16.04317674980555,12.12003110441255],[-16.032684450161028,12.112105053201372]],[[-15.791068075222748,12.294026715342092],[-15.788120642886243,12.315295976323204],[-15.798340843040474,12.31552686165335],[-15.80547989535323,12.292053073268955],[-15.791068075222748,12.294026715342092]],[[-15.858471828202674,12.146676376047772],[-15.861981189248196,12.13828898139794],[-15.852527828836566,12.131618956972899],[-15.843252966614001,12.13847640603194],[-15.858471828202674,12.146676376047772]],[[-15.648434828300266,12.158716373478123],[-15.639008242431592,12.160154821298597],[-15.650289829441157,12.16773076287733],[-15.658659543948877,12.163071075447315],[-15.648434828300266,12.158716373478123]],[[-15.852764183886343,11.869850583986242],[-15.853419672013892,11.879498699693137],[-15.865811482973958,11.876592549764345],[-15.87665156430153,11.870278229660128],[-15.852764183886343,11.869850583986242]],[[-15.75351799909451,11.983476491630846],[-15.757339420659163,11.972750302245691],[-15.738651356200176,11.970787321331033],[-15.734210088927155,11.983437179556711],[-15.75351799909451,11.983476491630846]],[[-15.723115854714742,11.983607351907244],[-15.714291304949302,11.97172080059574],[-15.70378117359544,11.974865915877542],[-15.706037456312083,11.990315914090965],[-15.723115854714742,11.983607351907244]],[[-15.610015192723434,11.965770836566575],[-15.61618215671917,11.972972707318386],[-15.624734707535147,11.96940449826739],[-15.615749609565071,11.955318735705982],[-15.610015192723434,11.965770836566575]],[[-15.53362632093199,11.988475190583397],[-15.528623193448093,11.973151551004376],[-15.523932242183202,11.985400093819138],[-15.526830634477351,11.994804117808767],[-15.53362632093199,11.988475190583397]],[[-15.482890715194618,12.017820106493083],[-15.477156230539652,12.031230935140595],[-15.486061142749099,12.033795274459077],[-15.489713133849673,12.025539556588512],[-15.482890715194618,12.017820106493083]],[[-15.42445862428035,12.071782264172656],[-15.428271107951181,12.080023447044386],[-15.44162167474741,12.076910153794294],[-15.432703483914567,12.067386841178939],[-15.42445862428035,12.071782264172656]],[[-15.368768861809526,11.648532125745783],[-15.376228995277128,11.653807732622298],[-15.37974275480554,11.644134265153097],[-15.371760989698032,11.639635910992636],[-15.368768861809526,11.648532125745783]],[[-15.27135986848478,11.503658654091536],[-15.274249368048398,11.51757521311474],[-15.28286877606507,11.513184002501843],[-15.282989164220975,11.502876479969002],[-15.27135986848478,11.503658654091536]],[[-15.11672264752026,11.674389485590387],[-15.128490246430726,11.681861103662282],[-15.137377219372592,11.672188610726344],[-15.1423402238215,11.66303544087264],[-15.11672264752026,11.674389485590387]],[[-15.072956624166443,11.653178871112875],[-15.082070993400949,11.667184120532081],[-15.092919950714869,11.66692212429317],[-15.088081897644443,11.65893481419241],[-15.072956624166443,11.653178871112875]],[[-15.113873353943474,11.419222360926986],[-15.113605789115178,11.404789483379817],[-15.107077663616757,11.412784092897041],[-15.105120133062053,11.422321275859268],[-15.113873353943474,11.419222360926986]],[[-15.16919295030028,11.309913111207171],[-15.178989547847733,11.312868900600307],[-15.17519489856907,11.302435983399665],[-15.160965915817773,11.301797619613815],[-15.16919295030028,11.309913111207171]],[[-15.159043977265542,11.136709704244556],[-15.134518912849112,11.156313955626521],[-15.143655620375396,11.159398253966827],[-15.154330699558974,11.151147259761716],[-15.159043977265542,11.136709704244556]],[[-15.002574180803231,11.271038887678726],[-15.018372699374243,11.267430997718137],[-15.006881595846405,11.25879831417675],[-14.99591669053716,11.264724022943042],[-15.002574180803231,11.271038887678726]],[[-14.946554500291311,11.315754729623084],[-14.95360434374812,11.32774361366343],[-14.962094461556347,11.314595991097596],[-14.954781486992765,11.308408983030379],[-14.946554500291311,11.315754729623084]],[[-14.896951389354001,11.268572460670576],[-14.898253476349218,11.277725271230773],[-14.908438082570836,11.2773403855188],[-14.907002256168017,11.267933947321417],[-14.896951389354001,11.268572460670576]],[[-14.791997580999292,11.059614047096517],[-14.787957586106192,11.050073614124752],[-14.772948267206239,11.061920322879137],[-14.781032658313292,11.067079885110779],[-14.791997580999292,11.059614047096517]],[[-14.66267022857668,11.088881156080545],[-14.658746241376411,11.098538515573827],[-14.67150819780808,11.093598303924601],[-14.67389829153781,11.081547185442707],[-14.66267022857668,11.088881156080545]],[[-14.461778844388855,10.92131278767179],[-14.47233800309623,10.922363539410949],[-14.463879083717949,10.912551594982986],[-14.453319904920402,10.91124676808253],[-14.461778844388855,10.92131278767179]],[[-14.438074208755618,10.905033673602725],[-14.43283928207076,10.915590202365212],[-14.453319904920402,10.91124676808253],[-14.448249943290868,10.903632468943588],[-14.438074208755618,10.905033673602725]],[[-14.462545762805531,10.85790765402256],[-14.453551779258612,10.85609026861035],[-14.451050220785765,10.869486201151076],[-14.465778644691637,10.871058342294807],[-14.462545762805531,10.85790765402256]],[[-14.4317379031173,10.87795529215571],[-14.422480746416696,10.878712826973986],[-14.437182431774778,10.894980228168462],[-14.446180929278215,10.893189397158773],[-14.4317379031173,10.87795529215571]],[[-13.911619433715405,10.071055087270864],[-13.90197882684848,10.07707862650302],[-13.910807859506216,10.080200122253077],[-13.921340200329198,10.08074886401591],[-13.911619433715405,10.071055087270864]],[[39.4605873939488,-9.03874295557862],[39.454741456138905,-9.03127419454972],[39.45086648169326,-9.040557305933397],[39.45269477410939,-9.05318692231693],[39.461505946237075,-9.048792153149535],[39.4605873939488,-9.03874295557862]],[[-16.60875570832087,14.213450875004492],[-16.606312173208302,14.222744225729896],[-16.616848980450136,14.219195461380007],[-16.620077362160277,14.208998524528614],[-16.604867379767583,14.20484871168099],[-16.60875570832087,14.213450875004492]],[[-16.560722266707373,14.256020076652101],[-16.56383471222569,14.266820019478283],[-16.570625962132024,14.255307018981645],[-16.567914813428082,14.24592417551419],[-16.552611149159528,14.247955472016148],[-16.560722266707373,14.256020076652101]],[[-16.404841021936807,14.055396252054933],[-16.392440280130632,14.055465473151196],[-16.390518358428174,14.064882140026995],[-16.396239434327484,14.072447161584767],[-16.415658832408447,14.054301904527616],[-16.404841021936807,14.055396252054933]],[[-16.505251040730798,12.290131630111032],[-16.51541779676658,12.281827276096069],[-16.52429587037555,12.276624921632544],[-16.516528108713274,12.269714352947762],[-16.506883125554303,12.277884138244165],[-16.505251040730798,12.290131630111032]],[[-16.185569170310753,11.961478339420186],[-16.17978126175443,11.95428920206963],[-16.166988132917776,11.941158092436064],[-16.172383658089426,11.969138442911849],[-16.19402808294108,11.980641212961128],[-16.185569170310753,11.961478339420186]],[[-15.881097329731059,12.137199121517458],[-15.89457273008629,12.133288677574146],[-15.88615390789717,12.122751573918839],[-15.878056172112615,12.128702428489733],[-15.861981189248196,12.13828898139794],[-15.881097329731059,12.137199121517458]],[[-15.770177147032916,12.182629176848643],[-15.756425295409853,12.183954180847076],[-15.747275249829244,12.191067436214022],[-15.75776308272247,12.193229276555453],[-15.767323365677358,12.193460239816273],[-15.770177147032916,12.182629176848643]],[[-15.465883711035511,12.02352031168458],[-15.465999578752252,12.014501050572987],[-15.457496112443778,12.019538447809945],[-15.459886142140398,12.0369309184285],[-15.477156230539652,12.031230935140595],[-15.465883711035511,12.02352031168458]],[[-15.440542632207556,12.058739671745268],[-15.430589852034192,12.058238265009274],[-15.432703483914567,12.067386841178939],[-15.443864613664687,12.067883923726736],[-15.450236645660086,12.061172935038975],[-15.440542632207556,12.058739671745268]],[[-15.342076761386707,12.05256487515045],[-15.33343942408967,12.055665348790058],[-15.333715917159354,12.066362145329915],[-15.341318714376103,12.074472644338504],[-15.351645953911655,12.058996975511644],[-15.342076761386707,12.05256487515045]],[[-15.406439379811458,11.840494037495528],[-15.404067157897424,11.827868092102976],[-15.396763103813212,11.844373857661544],[-15.402925610913552,11.85428901335135],[-15.42096710189568,11.842986045934577],[-15.406439379811458,11.840494037495528]],[[-15.092911119253221,11.636766528235261],[-15.091345906315494,11.64668918481293],[-15.10272557557477,11.65686914820815],[-15.100759086674282,11.645916160676576],[-15.102716654372378,11.637024153559006],[-15.092911119253221,11.636766528235261]],[[-15.128717683713475,11.602602178868622],[-15.12335331694357,11.59036289413637],[-15.116299033235773,11.597067944795533],[-15.107148945933154,11.599134014736382],[-15.114341481919052,11.60995342239285],[-15.128717683713475,11.602602178868622]],[[-15.024914214252412,11.413575230816756],[-15.021516449112813,11.424917512558388],[-15.019295746538843,11.434196435667046],[-15.031709958454964,11.441670067658498],[-15.032748918306472,11.422207647464688],[-15.024914214252412,11.413575230816756]],[[-14.94160041942977,11.26729545903209],[-14.954527375910226,11.27928637114228],[-14.961184755901982,11.272971739748819],[-14.966932585090644,11.258667117914856],[-14.954005607172277,11.26227503399348],[-14.94160041942977,11.26729545903209]],[[-14.929003436523969,11.171371792054778],[-14.92531130605967,11.159424498654412],[-14.916562588016395,11.162775523706038],[-14.919826603758235,11.171538032085463],[-14.922823169749075,11.18378224581814],[-14.929003436523969,11.171371792054778]],[[-14.383303135301531,10.907761489898553],[-14.382625337975794,10.920130620179075],[-14.390834506318397,10.924272476634645],[-14.392948122911097,10.910230982519073],[-14.38605884479743,10.89900432851716],[-14.383303135301531,10.907761489898553]],[[-13.968147410934277,10.20383701902067],[-13.964557876727188,10.227793298466793],[-13.98136420251244,10.219986561453577],[-13.994879718453646,10.225055039906879],[-13.998821619471821,10.21217955340056],[-13.968147410934277,10.20383701902067]],[[-17.07503497786894,14.493052594492681],[-17.065082254634564,14.501686827787745],[-17.065135784106346,14.511205719124613],[-17.07713074409644,14.502084037301533],[-17.083311085938142,14.509034298342693],[-17.085991023081615,14.498803079689965],[-17.07503497786894,14.493052594492681]],[[-16.47075548474854,13.964536271573548],[-16.479736120572756,13.967574050383945],[-16.474817705585757,13.975549013007171],[-16.485033508617768,13.976462067282759],[-16.49488809985532,13.978876538539545],[-16.495231470581576,13.937116838660247],[-16.47075548474854,13.964536271573548]],[[-16.54249349960324,13.66465022867587],[-16.553199803974497,13.669542044417094],[-16.56202883191814,13.673229230837343],[-16.564169202783933,13.66311209573738],[-16.55114414966623,13.660655334787974],[-16.54880754493288,13.65100558942546],[-16.54249349960324,13.66465022867587]],[[-16.512911772820434,13.706276937106658],[-16.524273575163566,13.707351326117305],[-16.522119850756003,13.690338527599213],[-16.52232500067105,13.679728244377625],[-16.512483692205354,13.690620114509601],[-16.506758264687125,13.697850776017777],[-16.512911772820434,13.706276937106658]],[[-16.503088430901844,12.30212158594109],[-16.510334402604116,12.308652204340863],[-16.51900298092011,12.312725639178096],[-16.523141017438505,12.302914501551633],[-16.512113594648017,12.299368099751028],[-16.505251040730798,12.290131630111032],[-16.503088430901844,12.30212158594109]],[[-16.299227237284324,12.113648430273077],[-16.312805203094506,12.105081292617049],[-16.297920704706183,12.086856064590418],[-16.288017050459075,12.09669695805133],[-16.29629314095074,12.102583021589435],[-16.288329186965445,12.107130450783206],[-16.299227237284324,12.113648430273077]],[[-15.195965318936263,11.692258147825605],[-15.186289109711552,11.687498488530485],[-15.181584785904224,11.696004644328129],[-15.194146071870914,11.703087051639983],[-15.203951639015218,11.703466859517807],[-15.209565625920677,11.693668539585822],[-15.195965318936263,11.692258147825605]],[[-15.10046924053467,11.571557219222479],[-15.108571476233259,11.56729797327358],[-15.126608480420648,11.565231590130777],[-15.120851784139397,11.5569836224545],[-15.105561561209713,11.555830267861424],[-15.09001264144804,11.567822159613776],[-15.10046924053467,11.571557219222479]],[[-14.432790248814243,10.378699737855543],[-14.428870661108736,10.386941167427691],[-14.440321663392305,10.387993844428754],[-14.449302228789657,10.389814047071326],[-14.4517948737729,10.377445286769857],[-14.448949985491776,10.368286849932785],[-14.432790248814243,10.378699737855543]],[[-13.976753482426203,10.197420870862018],[-13.976267458028044,10.186852778946328],[-13.960883530582304,10.19788606978825],[-13.947738103774697,10.20067725173074],[-13.95799403914928,10.206768591070615],[-13.968147410934277,10.20383701902067],[-13.976753482426203,10.197420870862018]],[[39.34474440836116,-8.978675496826655],[39.357970043610784,-8.981498766851368],[39.361608680489354,-8.990906520924508],[39.37016121946007,-8.984709590992288],[39.37273414173734,-8.965633666350257],[39.36600092103154,-8.971954237999798],[39.350960322105074,-8.971324395792731],[39.34474440836116,-8.978675496826655]],[[39.816138253288564,-3.614662075673431],[39.815099234130734,-3.6269491244065275],[39.805770830005955,-3.627923662183355],[39.79596080152921,-3.629205339222401],[39.79725838984936,-3.64647624237166],[39.80906167071355,-3.647495282102783],[39.843048943850356,-3.6322536513688295],[39.816138253288564,-3.614662075673431]],[[-16.725129346979365,14.080755849182005],[-16.740085196352826,14.086573029857032],[-16.765056091165782,14.090898059641763],[-16.76907821218072,14.082239331370964],[-16.758603839004117,14.075747310364392],[-16.758260500510655,14.065189243986062],[-16.723078183095282,14.071240379658862],[-16.725129346979365,14.080755849182005]],[[-16.404689447037256,13.986483417989165],[-16.392672166152586,13.984233370074922],[-16.38810600904873,13.992631814007506],[-16.406325958667193,13.995487469989678],[-16.406125235066916,14.00631271691743],[-16.41596649104431,13.995504842442417],[-16.42576759801107,13.99306881959772],[-16.404689447037256,13.986483417989165]],[[-15.607687548237982,11.97930644893881],[-15.602733508485281,11.986917955236722],[-15.596740403129465,11.999301033241387],[-15.611294989581372,11.992095468643353],[-15.623958788599165,11.990695358186224],[-15.616726108174104,11.982250749944509],[-15.61618215671917,11.972972707318386],[-15.607687548237982,11.97930644893881]],[[-15.450459599499096,12.037977580387805],[-15.441572688162365,12.046368122695595],[-15.450481948536433,12.051636021874504],[-15.450236645660086,12.061172935038975],[-15.463083329788043,12.070173250637392],[-15.459569573516127,12.057719311652345],[-15.459886142140398,12.0369309184285],[-15.450459599499096,12.037977580387805]],[[-15.175324223671776,11.717146456475062],[-15.184353846193961,11.728223252087423],[-15.178213670854461,11.735959738305693],[-15.191421567678992,11.738011650541349],[-15.19520730434721,11.729633470783016],[-15.202002958736664,11.719447483052654],[-15.192580880130865,11.714557313664562],[-15.175324223671776,11.717146456475062]],[[-15.251944906992081,11.563733186056693],[-15.239526326570397,11.56257984973385],[-15.228289385844112,11.565423827101352],[-15.220833804823513,11.552933836109263],[-15.21953172362374,11.562212951992732],[-15.2264700541445,11.576379992850356],[-15.248297356489504,11.575073796188029],[-15.251944906992081,11.563733186056693]],[[-15.17870866799738,11.489299961131131],[-15.175712110333357,11.50437962491227],[-15.165260015557934,11.508250935821152],[-15.159779783662398,11.520625018783104],[-15.168537424943331,11.524356268247029],[-15.18447425280894,11.511204667293836],[-15.184331532153331,11.496509971871761],[-15.17870866799738,11.489299961131131]],[[39.53729277571567,-9.34976577743277],[39.53740875547918,-9.340745967177897],[39.5272910316157,-9.341920769558508],[39.51769057499649,-9.345673870446486],[39.50978460686736,-9.350839385014165],[39.52107950801306,-9.354948762233809],[39.52551188736233,-9.368213915195524],[39.536035367559,-9.37528842769962],[39.53729277571567,-9.34976577743277]],[[-16.738234658857397,14.051555080888358],[-16.73604965146345,14.024007532666355],[-16.750501641765574,14.024903073743724],[-16.743264550120024,14.018149782220451],[-16.73052932144877,14.015445805519516],[-16.723715801029744,14.022220788153358],[-16.714619256665788,14.02742087316728],[-16.713691753049968,14.050958177629512],[-16.738234658857397,14.051555080888358]],[[-15.834901049523012,12.147003244548248],[-15.843948558536392,12.151231730159914],[-15.843252966614001,12.13847640603194],[-15.831984811597554,12.13696370243553],[-15.819552792013196,12.138934147978379],[-15.80766926477265,12.150564738425187],[-15.80481544003119,12.15933539829405],[-15.823146880142746,12.157861978357305],[-15.834901049523012,12.147003244548248]],[[-15.193793757396028,11.385416376977975],[-15.196674331703148,11.396497487048936],[-15.202288341226605,11.389276226197042],[-15.209596870314389,11.383602201932897],[-15.221747901347731,11.387457789614452],[-15.221217244450303,11.378439619494008],[-15.22121278065448,11.368385006325099],[-15.207501098624716,11.374068064439776],[-15.193793757396028,11.385416376977975]],[[-16.091508922578722,12.13090837863496],[-16.083179289279094,12.142922960946144],[-16.072312477172236,12.143480959992885],[-16.063514646861318,12.137975130534578],[-16.06526264601432,12.14943571064739],[-16.072767345612974,12.15945740242129],[-16.078631036954697,12.152474088775572],[-16.089769837520254,12.15423520881894],[-16.09418880894349,12.145974507948374],[-16.091508922578722,12.13090837863496]],[[-15.861160716642832,12.330795879290575],[-15.858315746631128,12.341498977051021],[-15.851256999999595,12.347706228448335],[-15.840648820409747,12.350189146098224],[-15.83071394391223,12.358983569118546],[-15.831137595369551,12.36838747915214],[-15.847096673080765,12.358543626539822],[-15.877895683375984,12.35728916224677],[-15.875844468427118,12.332037434234374],[-15.861160716642832,12.330795879290575]],[[-14.941595963268153,11.2872713904825],[-14.93454611482252,11.299641919379546],[-14.948253339936837,11.301452183701542],[-14.954781486992765,11.308408983030379],[-14.95883038392473,11.297455533230051],[-14.970321444268826,11.299003481183572],[-14.97685405598407,11.289855731054622],[-14.964836801653247,11.29062966896516],[-14.954527375910226,11.27928637114228],[-14.941595963268153,11.2872713904825]],[[39.96273119285093,-10.145410979342362],[39.975800779641325,-10.167409738614161],[39.96554932126058,-10.218472571413164],[39.97623780159762,-10.224111545738102],[39.98189639765069,-10.20347273916858],[39.99031520119636,-10.192365046320324],[39.98723398286376,-10.163121611888771],[39.98174475880775,-10.1539920526848],[39.97184111768663,-10.148092883223914],[39.97627344314822,-10.139950525218799],[39.96273119285093,-10.145410979342362]],[[39.982239776761226,-3.3696712839465772],[39.98966416666678,-3.357291865572828],[39.988888288469504,-3.347752374450967],[39.98733203793939,-3.325325512527122],[39.95783063141635,-3.328962449193207],[39.95373720119915,-3.341213115252612],[39.93835326839895,-3.348834084565866],[39.94016810428862,-3.3694576111577916],[39.94787345631145,-3.3796289723803477],[39.97045881350951,-3.388375866428066],[39.982239776761226,-3.3696712839465772]],[[-16.66992564190585,14.074060479607583],[-16.67486194142279,14.081880371717705],[-16.693706024553705,14.073307894531034],[-16.716300344411863,14.064977297026967],[-16.705995369145622,14.056849691971408],[-16.694312517543352,14.048354036785755],[-16.690170026529696,14.063614730284804],[-16.680520502118995,14.06149096748991],[-16.671704895557152,14.064773982380228],[-16.660650781475276,14.068969566235765],[-16.66992564190585,14.074060479607583]],[[-16.10348602958206,12.240894011419014],[-16.090385234667277,12.23978711404859],[-16.093751832356066,12.231271955394353],[-16.08327742642057,12.231825429003235],[-16.068870096794477,12.232139163115791],[-16.07154554502283,12.24655899738862],[-16.07014094580091,12.255587796780544],[-16.074368139374634,12.264071664993134],[-16.087049823365046,12.257836289737286],[-16.08937297018734,12.248811813469851],[-16.10348602958206,12.240894011419014]],[[-16.102835064383477,12.018766522047368],[-16.096257889787186,12.01093341458533],[-16.087370883709063,12.01431788849394],[-16.087410982649242,12.023594499457703],[-16.07488095948781,12.033049581268688],[-16.065204702029554,12.035661830427502],[-16.073485216471894,12.043747172064402],[-16.082786920617654,12.04577500413548],[-16.084842603901468,12.03649046953042],[-16.096841998225745,12.025879738057968],[-16.115275908546806,12.019621329335083],[-16.102835064383477,12.018766522047368]],[[-15.395229191734222,12.050689687602205],[-15.3825207864121,12.04246072802789],[-15.367734415848057,12.049438159887965],[-15.358312283222594,12.051513942342126],[-15.351645953911655,12.058996975511644],[-15.371680659236715,12.061674469005066],[-15.3887100392716,12.06796677777852],[-15.398649323227296,12.060222332530676],[-15.406773815410308,12.065363567982107],[-15.412677666811353,12.073086022653841],[-15.42445862428035,12.071782264172656],[-15.406760409374355,12.055569457404744],[-15.395229191734222,12.050689687602205]],[[-15.122831629517858,11.288412636161366],[-15.116566602451414,11.296274892841707],[-15.1087319744682,11.302724582650482],[-15.099465978969844,11.304530480919915],[-15.089018275213238,11.302986978312717],[-15.090066164517193,11.312007528174457],[-15.101815883066186,11.313550974446235],[-15.112263599870067,11.314062600249903],[-15.114225587333117,11.323213959045733],[-15.126242836776493,11.325011004680082],[-15.132762086793253,11.313021956420018],[-15.125538319249468,11.307189023372048],[-15.125707756509906,11.298076446472857],[-15.122831629517858,11.288412636161366]],[[-15.948367352830992,12.237220426703008],[-15.945317310884317,12.226151361267807],[-15.957486217330814,12.222887250142048],[-15.966912752065038,12.221436070937157],[-15.976865402270857,12.220241905623825],[-15.993515755652577,12.223662959198643],[-15.986149260963954,12.21544365259735],[-15.98216733510539,12.202055122862053],[-15.975518783572417,12.210453570466914],[-15.96503547622715,12.209717020770736],[-15.952460805811508,12.209503419817153],[-15.943448943514017,12.216881859937844],[-15.932430495591353,12.2120224955396],[-15.935502828636624,12.228761835589792],[-15.948367352830992,12.237220426703008]],[[-16.393648677793422,14.210550370785407],[-16.391744623626906,14.20128669512468],[-16.382014932181413,14.208427898220844],[-16.377845641318892,14.217341142697846],[-16.37697611013576,14.226751073527916],[-16.38362017971763,14.233411679466279],[-16.392021160956848,14.22485791858379],[-16.403775327855897,14.225692131990176],[-16.41334457839143,14.23555553484723],[-16.417915156087275,14.227282746336101],[-16.431501957679455,14.224754151496542],[-16.436973357122845,14.213001318775898],[-16.4259950284301,14.21023477074512],[-16.421937261446008,14.194543049291337],[-16.40204521516418,14.202000011372817],[-16.393648677793422,14.210550370785407]],[[-16.128657687680768,11.995728792573697],[-16.12174605593488,12.002070726558644],[-16.114241444093167,11.991794518796942],[-16.111329630974687,11.983171161653676],[-16.09926771315811,11.978194088467365],[-16.09995894740691,11.987467627169355],[-16.11113790411384,12.000565972945582],[-16.10593856224855,12.008835538452109],[-16.115275908546806,12.019621329335083],[-16.123654554261417,12.023363339059962],[-16.137397528616326,12.020689884963186],[-16.12414058682146,12.01133902785403],[-16.132630783853124,12.007439777526821],[-16.137825629661226,11.998010018113709],[-16.135957281873814,11.988998574120693],[-16.128657687680768,11.995728792573697]],[[35.27783019790148,2.5172931994249783],[35.45629012634279,1.8035956995027205],[35.634750027251215,1.0896181897294999],[35.56336870129542,-0.19529038899652362],[35.27783019790148,-1.6229670310574196],[35.491983002438566,-2.9792624056425674],[35.9916697928335,-4.050017327239065],[35.84890282312776,-4.406938900968923],[37.06242930676995,-4.192788717544524],[37.41934916137264,-2.6223419191537163],[37.70488321709697,-0.9091324497359441],[38.70425690287051,0.3043946399127493],[37.70488321709698,1.8748377312408941],[37.06242930676995,1.01823114714057],[36.56274242607345,2.4459075367273355],[36.20582261884213,3.588049315388147],[35.20644886296428,4.087739608154397],[35.27783019790148,2.5172931994249783]],[[-13.98341092232041,10.231589152226466],[-13.98728138989029,10.242296159204615],[-13.990621259337644,10.255582851548388],[-14.005684170197014,10.265679194306768],[-13.998241910702696,10.27274335070355],[-13.983031930647066,10.26831618232864],[-13.97598650500562,10.274994127344502],[-13.971014625238167,10.283352394661105],[-13.993903204886541,10.287805669785905],[-14.00326728512121,10.288354097019289],[-14.01212751318108,10.285155693645047],[-14.00812323866412,10.27586729515143],[-14.015297926109556,10.269829926871456],[-14.02415369480561,10.267412286875652],[-14.01976599634003,10.254766685491974],[-14.004422230341975,10.25317388473243],[-14.005536977239217,10.228565682317301],[-13.994879718453646,10.225055039906879],[-13.98341092232041,10.231589152226466]],[[-16.367478255178757,14.073774958349896],[-16.358252390545893,14.075885675993742],[-16.34607452175947,14.069514588563555],[-16.344558491918686,14.080859666233671],[-16.33457900615865,14.081184067642777],[-16.336830848621517,14.090949913605991],[-16.357266884347197,14.087870523991716],[-16.36680936313911,14.094773105168876],[-16.360134126770088,14.103439958935848],[-16.362434938353747,14.113217920531564],[-16.359982494913226,14.12250672572452],[-16.355938061911335,14.130644995015968],[-16.346703284912646,14.131855748468363],[-16.346774604740855,14.143967384170521],[-16.356803102510778,14.142877777409252],[-16.36362555312139,14.136011224410456],[-16.376244840757025,14.12731103102497],[-16.38392788054144,14.110004788573889],[-16.388997867977057,14.097350748626434],[-16.377127754528633,14.098194046061636],[-16.387548632866352,14.076106277793953],[-16.367478255178757,14.073774958349896]],[[-15.113851049422957,11.370251749474734],[-15.1142478919045,11.382238378263859],[-15.073241961739857,11.407250444423758],[-15.06435944725605,11.404549107865847],[-15.061487787250794,11.413828694011796],[-15.053653123216778,11.420398089526508],[-15.054959691895485,11.432513746438094],[-15.069982417752659,11.432382627191592],[-15.078998680266396,11.439725206450094],[-15.078735632363552,11.429546070620566],[-15.088527740082307,11.417696991057941],[-15.096496196603734,11.407503938883877],[-15.104589493037754,11.401314516146558],[-15.113605789115178,11.404789483379817],[-15.122880702148588,11.404916288729293],[-15.128240502989495,11.412259547532217],[-15.132284983576843,11.40052770797989],[-15.131624964816883,11.389062069544005],[-15.142202001157752,11.388283917433652],[-15.132012927396058,11.379392552021082],[-15.122992141686208,11.363834153852846],[-15.113851049422957,11.370251749474734]],[[-15.587581451035454,12.002157924130135],[-15.578953119186941,12.005908913527321],[-15.567453026507666,12.015469260556115],[-15.552635475054739,12.00429079767161],[-15.547547639924092,12.012032462311803],[-15.535757746490269,12.007928339597333],[-15.526830634477351,11.994804117808767],[-15.500686912497445,12.013022504630765],[-15.49177767859588,12.010331515462688],[-15.489713133849673,12.025539556588512],[-15.504388034187429,12.032473906606391],[-15.520338205487864,12.022264294940182],[-15.528971010851935,12.018120975976945],[-15.539053095080611,12.019006397740082],[-15.539084310136197,12.035757819656057],[-15.548644605611326,12.036769546126594],[-15.558601776887329,12.039970529016442],[-15.57024442673344,12.036468617912588],[-15.571185339970379,12.047035283458504],[-15.590016103957158,12.036813179823016],[-15.609225916161373,12.015412553649119],[-15.596740403129465,11.999301033241387],[-15.587581451035454,12.002157924130135]],[[-16.546011708930852,14.028264465052038],[-16.56444120154028,14.023985866743924],[-16.575209932574474,14.037046295137687],[-16.54354587244718,14.057701759040782],[-16.483289958699714,14.107224028819394],[-16.487811551523883,14.12273591629384],[-16.455808534292302,14.122978087679934],[-16.431800743581167,14.146436385962478],[-16.356803102510778,14.142877777409252],[-16.351046474221253,14.152186981532227],[-16.323297443838566,14.147573523602182],[-16.336219899957182,14.144538117819206],[-16.333767411253458,14.131674124971617],[-16.316354646412105,14.133697846290822],[-16.30710199303174,14.131816818456336],[-16.29089319645911,14.136028516136484],[-16.30147015729682,14.139319168997858],[-16.292150653253398,14.148516116870717],[-16.28341075825596,14.143409581540475],[-16.275696574162932,14.133403817368714],[-16.27390846279747,14.144360884959656],[-16.258595860873456,14.144443074075143],[-16.253093406325835,14.151685493021136],[-16.239613541448364,14.149307416453626],[-16.224849441070784,14.15325067914064],[-16.208167942301,14.144832160167278],[-16.204056623338218,14.165719987200404],[-16.23724571440771,14.174954872141921],[-16.24819729476598,14.173995091048372],[-16.244968928725317,14.186765848799281],[-16.236273634123307,14.190933317951446],[-16.244621037879114,14.195788005554073],[-16.254350807075824,14.188780400626618],[-16.266470649927644,14.183562407396881],[-16.275973044136553,14.183125815288925],[-16.288289047404994,14.16631232703666],[-16.293880735472175,14.174656530310735],[-16.29964634605399,14.16676627804218],[-16.30602288700635,14.173562737498846],[-16.312849748125483,14.166952185349324],[-16.31949829319429,14.175032658815335],[-16.312408339630387,14.182412501296692],[-16.33144868909499,14.186688025144315],[-16.343581943984887,14.184945868055914],[-16.34983805734084,14.193414693502108],[-16.358702701352925,14.196324047103587],[-16.370572829974062,14.193682766098815],[-16.367054605334374,14.179917949621814],[-16.378875715761303,14.169546243301273],[-16.367741285038107,14.16226553593145],[-16.38503812283489,14.162810311820074],[-16.399115575087414,14.154616925344396],[-16.40195150413457,14.165291959044945],[-16.41501224757994,14.164055486778691],[-16.420233863989704,14.175231541024091],[-16.437477217990867,14.167012703215518],[-16.452736232824094,14.17967152020218],[-16.432095036881027,14.193064586604544],[-16.45193810327439,14.199514368845534],[-16.461324428898987,14.207610940056034],[-16.448442132255956,14.209841485447676],[-16.446515827889,14.2188670158055],[-16.45615193099788,14.218037065078867],[-16.47017577736497,14.222074243264272],[-16.475896795361272,14.208644079728561],[-16.470920409544924,14.194759139501803],[-16.465569542360527,14.183458642651619],[-16.456513122749783,14.171405369090525],[-16.460735850178757,14.15051375915492],[-16.467428974796785,14.144287356830972],[-16.477858782804248,14.14474135952837],[-16.486723502072675,14.147906472170924],[-16.50475609615014,14.1803805511439],[-16.48829755775078,14.1870554844228],[-16.490206089078846,14.196056053574148],[-16.48485068597173,14.204978411477255],[-16.495570347474864,14.20903311598906],[-16.489501567282026,14.229422291345529],[-16.493385365125814,14.237772776637373],[-16.479700437786345,14.245587090365786],[-16.491120137264392,14.255047697617144],[-16.50045311158552,14.248162999458666],[-16.50064925148826,14.258336564735828],[-16.510165042136716,14.258790302774837],[-16.510361191055647,14.26896776388609],[-16.511217344562187,14.278233006806293],[-16.520741971261078,14.28023376911523],[-16.521994980900523,14.270696391570404],[-16.524416246580735,14.257282057430928],[-16.537111329970134,14.260034970824714],[-16.549784154124303,14.258794692423571],[-16.540375373401115,14.251253112872515],[-16.552611149159528,14.247955472016148],[-16.555442677319522,14.236731143151628],[-16.570064145205826,14.231743315599042],[-16.558283144568517,14.22782733458172],[-16.564490206311675,14.208077781888699],[-16.5834057167888,14.194430604349787],[-16.58757054179682,14.186030978885798],[-16.58658503730426,14.177021352818938],[-16.599293526661505,14.163156167555767],[-16.611319696202493,14.18393854724987],[-16.616135496158734,14.173990696180494],[-16.62619527539377,14.177786630400973],[-16.62691320006924,14.167734737273623],[-16.61817783210804,14.164444537748158],[-16.6260303203485,14.15485907757342],[-16.62833565494685,14.144797622469198],[-16.616452170290103,14.144360833321404],[-16.60261112911346,14.147033067803577],[-16.607574048338062,14.139397007233073],[-16.609090178898082,14.129728289468751],[-16.604510702092373,14.116880744893475],[-16.613254961069323,14.121585687020154],[-16.62211964539377,14.124232162794083],[-16.625633403407118,14.13605882905829],[-16.631497108963874,14.125585645513413],[-16.641534574355312,14.126290496716269],[-16.637690810606586,14.14292969154559],[-16.64610511948863,14.138108428083113],[-16.659509229303005,14.136236067942093],[-16.656780233170764,14.117940184459068],[-16.65170581431707,14.109477142493375],[-16.663678487430218,14.090474197748495],[-16.66403967035767,14.08118403229985],[-16.660650781475276,14.068969566235765],[-16.653154967984115,14.090789879934603],[-16.643938029390355,14.09329835075818],[-16.628906438391322,14.095075836933391],[-16.626427148074395,14.06212249317498],[-16.593790951865206,14.055253507755284],[-16.589483471165693,14.044729099001874],[-16.59722448016556,14.036215709103217],[-16.59955217011267,14.020010065388172],[-16.626409339380274,13.993761140604935],[-16.641900218027132,13.990407883890835],[-16.653694512576234,13.982554495560972],[-16.62233370535056,13.9778943354036],[-16.61249687983408,13.975921160788817],[-16.61518574636332,13.986453085983419],[-16.582879566489723,13.999450769712338],[-16.573662568565766,14.000809295637579],[-16.570759762539225,14.013014447309656],[-16.547786434767826,14.018941525197869],[-16.546011708930852,14.028264465052038]]]}]},"id":"00000000000000000000","properties":{"OBJECTID":1,"nomi":"Savannalar va siyrak o'rmonlar"}},{"type":"Feature","geometry":{"type":"GeometryCollection","geometries":[{"type":"Point","coordinates":[-9.791722193179163,31.497756099497934]},{"type":"Point","coordinates":[10.971983753878284,33.66635474757503]},{"type":"Point","coordinates":[39.480327829462084,15.595639693574645]},{"type":"Point","coordinates":[39.466794388546504,15.599350544440137]},{"type":"Point","coordinates":[49.97227596205062,-13.323251081125584]},{"type":"Point","coordinates":[49.97338187289169,-13.314160505832804]},{"type":"Point","coordinates":[49.99821010943743,-13.297154437391203]},{"type":"Point","coordinates":[49.9802042976462,-13.26152402661113]},{"type":"LineString","coordinates":[[10.99146115139446,33.648858265847515],[10.983247509603178,33.681673225286175]]},{"type":"LineString","coordinates":[[10.770392253486639,33.69499313448936],[10.77576548306018,33.687079352252624]]},{"type":"LineString","coordinates":[[10.869045447205982,33.60340055866807],[10.872835644174387,33.59408918448923],[10.869125732551746,33.57872535866379]]},{"type":"LineString","coordinates":[[32.031658117058925,-28.792235619611972],[32.04822371325621,-28.8057049997106]]},{"type":"LineString","coordinates":[[10.980393672340803,33.66036829300817],[10.99146115139446,33.648858265847515],[10.981628858601436,33.64221352511355]]},{"type":"LineString","coordinates":[[10.946821093708516,33.628588455978154],[10.911612036447762,33.67899421933743]]},{"type":"LineString","coordinates":[[44.99912526497907,10.453825316787754],[44.98061107723884,10.445037494014706]]},{"type":"LineString","coordinates":[[10.464350810995874,33.64689087171224],[10.45868327290181,33.63873505226448]]},{"type":"LineString","coordinates":[[-9.651117790425547,30.426293312263223],[-9.641138289619372,30.416572720522154]]},{"type":"LineString","coordinates":[[31.061081235019138,-29.876492068995113],[31.055529651963916,-29.86858093017692]]},{"type":"LineString","coordinates":[[32.08290652537914,-28.81194875262427],[32.09795155527969,-28.814320357221618]]},{"type":"LineString","coordinates":[[32.09416581171793,-28.797358626308135],[32.09299754038506,-28.806369248147934]]},{"type":"Polygon","coordinates":[[[31.051627960769284,-29.8885702577772],[31.061081235019138,-29.876492068995113],[31.04465841602229,-29.873162950741897],[31.051627960769284,-29.8885702577772]]]},{"type":"Polygon","coordinates":[[[10.709217864498475,33.735578200370426],[10.72140461697329,33.72487928133407],[10.720847198922796,33.73545577148912],[10.709217864498475,33.735578200370426]]]},{"type":"Polygon","coordinates":[[[10.917101182702677,33.60292141799966],[10.961674376531608,33.626045131298355],[10.946821093708516,33.628588455978154],[10.914720051923059,33.6132381725665],[10.917101182702677,33.60292141799966]]]},{"type":"Polygon","coordinates":[[[7.723672182867285,5.515414464952327],[9.865190294514626,5.515414430772235],[11.364250872918566,8.442149378550699],[11.00733108998095,8.94183913874692],[10.436258442896202,9.01322244811839],[9.008583598983611,7.942465559544487],[7.580904297387909,5.51541443744291],[7.723672182867285,5.515414464952327]]]},{"type":"Polygon","coordinates":[[[2.0891111605181867,22.74826392248523],[2.517412247976396,22.177192791442607],[3.3740189461168097,21.89165770955545],[4.730312531783399,21.891657762682705],[5.623200110074452,22.51752340157008],[6.157987336164758,22.89103190481897],[7.371513845529353,24.31870772467822],[6.657674174899874,25.603615830057194],[4.882001911668742,26.13459695098708],[2.874332093821368,26.602989994677802],[2.802946368100931,25.318082158808323],[2.0891111605181867,23.890406286449597],[2.0891111605181867,22.74826392248523]]]},{"type":"Polygon","coordinates":[[[19.946963661061538,23.093286521138115],[20.042143178368693,22.37944871383171],[20.518036261647314,21.33248675445454],[21.08910440369328,20.666236886778748],[21.422230485888935,19.952398377612923],[22.08847813132128,19.999985133226282],[22.849905337362358,20.4758797375641],[23.105699361729158,21.083052843298937],[23.563744911942425,21.998734666536997],[23.230618869431307,22.617395202571785],[22.073607602115036,22.444890222839263],[21.517409966433252,22.379448711443644],[20.946337381933834,22.902927922372207],[19.946963661061538,23.093286521138115]]]},{"type":"Polygon","coordinates":[[[27.140077755322633,-1.7657384737952075],[27.996680014221138,-3.835868854353659],[28.4249855950879,-5.120778547084454],[29.067439433582603,-6.262917382385873],[29.35297356305333,-7.904743966838334],[29.92404614255758,-8.97550430336076],[30.35234730642366,-9.546572754010143],[30.280966019273656,-9.68934214112244],[31.99417491060281,-8.190282791611057],[30.56650010022479,-4.763858024417962],[30.852034130147384,0.4471630072244722],[30.852034130147384,1.8748377474415228],[30.35234730642366,4.087739592407333],[30.066813181801663,2.8742138693490276],[28.83847359768724,0.4309992797175109],[28.49636688472694,-0.7663628279769416],[27.140077755322633,-1.7657384737952075]]]},{"type":"Polygon","coordinates":[[[35.20644886296428,4.087739608154397],[35.27783019790148,2.5172931994249783],[35.464122460576036,1.7721253212858603],[35.62179182781389,0.8563429364826267],[35.56336870129542,-0.19529038899652362],[35.34456511254613,-1.2893160708409688],[35.35810740998364,-2.131391094930858],[35.491983002438566,-2.9792624056425674],[35.9916697928335,-4.050017327239065],[35.84890282312776,-4.406938900968923],[37.06242930676995,-4.192788717544524],[37.41934916137264,-2.6223419191537163],[37.70488321709697,-0.9091324497359441],[38.70425690287051,0.3043946399127493],[37.70488321709698,1.8748377312408941],[37.06242930676995,1.01823114714057],[36.20582261884213,3.588049315388147],[35.20644886296428,4.087739608154397]]]},{"type":"Polygon","coordinates":[[[10.73430924361477,33.743472679887084],[10.761309087855835,33.70035384837421],[10.770392253486639,33.69499313448936],[10.787822911667707,33.70272806373508],[10.813034640764444,33.73558186134278],[10.848466726613353,33.7179511832551],[10.878922345709857,33.677227881392255],[10.873263793109487,33.63938101379418],[10.887220694480433,33.63250917728016],[10.900820994051218,33.675832598888505],[10.911612036447762,33.67899421933743],[10.958584150346752,33.724805110558464],[10.96926374025512,33.68739477442456],[10.986315328149507,33.71104847458492],[10.995434234901824,33.74933464123874],[11.058579493967613,33.78809658435951],[11.049835231403778,33.82873021892172],[10.994524573900122,33.84810838904006],[10.986101345279506,33.857880982291036],[10.73430924361477,33.743472679887084]]]},{"type":"Polygon","coordinates":[[[34.52116527507964,11.433925511233042],[34.580649749401296,9.946765502997371],[34.81116237309743,8.83924488957053],[35.17551611079714,7.3293562865042405],[36.424733233019985,6.437058221328292],[37.25754174532478,6.020653029916946],[38.863678738846765,6.020653053200174],[39.16111410068068,6.318085623621689],[40.11289587982102,7.686274947649098],[40.4698156955958,9.70881797716649],[41.183655335082726,11.493411878486175],[41.12416649012611,12.980578625128835],[40.11289587982102,14.051334507361489],[39.999901110955555,14.327992244177409],[39.505758029833835,15.520073684569251],[39.475859762284585,15.520653773524172],[39.44240757004739,15.59647722146528],[39.45493769896078,15.60676753669146],[38.34317078321599,16.0999543276463],[36.96011080041715,16.90668932205217],[36.268578626085215,15.557852657266766],[36.00832459820756,15.062604185593367],[35.770382444491275,14.17030723034513],[35.770382444491275,12.802115886276106],[34.64013855940568,12.445196049061707],[34.52116527507964,11.433925511233042]]]},{"type":"Polygon","coordinates":[[[40.94570881916059,6.675003501564184],[41.005193180004724,5.7232216224539485],[41.92723499822711,5.247354193860508],[42.25441040282593,5.068870954596525],[41.65954845953472,5.604247906944748],[42.254410402825926,5.544760786598678],[42.97197002152489,6.0764670116097985],[44.17285384679145,7.121300248352839],[44.93130681131032,7.7457642624238146],[45.764115285023415,8.81652006100298],[46.24000839766302,9.768302227230842],[45.46271573427036,10.664846784785063],[45.256914852440374,10.586081921260757],[45.20205010145915,10.544491243098346],[45.069057370981994,10.491319920003006],[44.99912526497907,10.453825316787754],[44.99950434614461,10.439376142972835],[44.99327052466936,10.431820160353036],[44.90643397000644,10.405607548895372],[44.725202727019635,10.413238707961154],[44.57292889589074,10.378528665053613],[44.436475922606924,10.396362226873928],[44.35184219142208,10.404967228733101],[44.23868806988817,10.47031279222817],[44.15556150086103,10.539436666181842],[44.107202534007975,10.555279577441942],[42.73030345431479,9.946765507749388],[42.373383664656394,9.649331975092492],[41.719035089206535,8.325912144719497],[41.21339864748685,7.210485816613254],[40.94570881916059,6.675003501564184]]]},{"type":"Polygon","coordinates":[[[44.504191802887995,-23.180884328506924],[44.74213838151739,-23.746006353414096],[45.24777371864716,-24.132669271199322],[45.723666824079885,-24.340871854889016],[46.223353662459736,-21.539056489620318],[47.60344097460391,-19.516515527690196],[48.05553584429201,-18.065043689956482],[48.793169258662715,-16.875311797836677],[49.07870778647573,-15.257279089632217],[50.14412529881512,-14.197750617552698],[50.165520076828734,-14.051728109555405],[50.13872973058502,-14.012149115945414],[50.1302708158483,-13.772800224002774],[50.08460071176325,-13.667635616743954],[50.078826176807134,-13.613884988973588],[50.06382579805645,-13.60970721678536],[50.042114440349906,-13.537736278061937],[50.02064383826852,-13.494206794178975],[50.010610878544156,-13.417534052645927],[50.01744222334345,-13.360603363695978],[50.0047070018905,-13.356295303465677],[50.00081864852523,-13.366221564943658],[49.991044373232704,-13.369128255067686],[49.962193936350005,-13.327538065686745],[49.96869085325438,-13.28387498556176],[49.950047400488685,-13.260916430935364],[49.919600593800865,-13.178438610013],[49.93064137646227,-13.04435731659551],[49.90182221631961,-13.01608906706029],[49.52369934824642,-13.299328493079408],[48.63850533766842,-14.257908712780246],[48.042765019951545,-14.714500272339716],[47.92809029873392,-15.236637354939392],[47.86518130984482,-15.92352996294269],[46.84016323279839,-17.016669971299148],[46.05083993017937,-18.2435031177174],[45.94163211813217,-19.181413405954263],[46.00133058907524,-20.27684557873203],[45.70712349501338,-20.827880507331255],[45.08670203905286,-21.285552109467353],[44.605275208666754,-21.891632916071114],[44.504191802887995,-22.58601822828105],[44.504191802887995,-23.180884328506924]]]},{"type":"Polygon","coordinates":[[[-10.502226372024493,29.03805592286091],[-9.170498020696167,27.894244508121997],[-7.473646210121297,28.92199509839281],[-6.505502885745182,29.797812757266765],[-5.280082602214573,30.19492861910399],[-3.772095680617106,30.895770432667987],[-2.723646542681468,31.387824565631153],[0.34883062862812714,32.617498935479404],[1.9594304720738693,33.01606962116094],[3.342491419403229,33.492395965737],[4.322530093242747,33.826593754215445],[5.576211475864576,34.15825390543425],[6.914656682568898,34.60432658284582],[8.312592074672166,33.498872672986394],[8.723049563773275,33.17664968482454],[10.007957334016599,32.74834689331338],[10.738857496844256,33.482702547368746],[10.69891288663616,33.500050505693984],[10.693454983628955,33.529595424100876],[10.68309199455502,33.53307829263381],[10.706176799209814,33.56784341231055],[10.736993626554053,33.61200531512023],[10.731718524847093,33.64754790950837],[10.743923089390517,33.673847289078864],[10.722773534887024,33.707684037376254],[10.575440375101499,33.65516465092873],[10.562772111977425,33.65159763318708],[10.497085093862056,33.63827474636565],[10.487324067729038,33.62477156629175],[10.462500273571145,33.62841024625509],[10.451682466425451,33.62442259118384],[10.44110552259096,33.62874808953073],[10.433119284517561,33.635178519259185],[10.464350810995874,33.64689087171224],[10.478089326957278,33.6518871580087],[10.427808461756316,33.66711180583992],[10.418069774165057,33.67313482202645],[10.374633713443586,33.686734293533256],[9.484476765412303,33.557361434412066],[9.198938187893493,34.88986021008331],[9.15135062936877,36.12717995321342],[7.068221136827118,35.970897235132945],[4.416820908110838,35.54680194290437],[1.7656768107805263,35.235811653559466],[0.014220075723453811,34.985037658554845],[-2.7980046488979635,33.83274243624867],[-2.9333365519298416,33.78788223184748],[-4.316400892120937,33.55736144273764],[-5.445154468322639,32.437635504150144],[-6.505502885745182,31.653792984763108],[-9.527454831782316,31.696480712767013],[-9.675531337578908,31.690862452092844],[-9.689599835325573,31.601051412710316],[-9.779361516116866,31.50926815791246],[-9.767353213891882,31.497086961007522],[-9.842511336704728,31.391069264287502],[-9.802441860754486,31.364686979043782],[-9.80658434295377,31.26461078690626],[-9.839871532644056,31.102080115680366],[-9.82018458395464,31.090785511463572],[-9.812666522672998,30.995495565658015],[-9.819431053672568,30.9393588972479],[-9.812113641250109,30.87699337982705],[-9.824015004596056,30.844974192348314],[-9.805505223180392,30.81737510461628],[-9.89088363615257,30.641179675738442],[-9.872587985325794,30.623944584249887],[-9.809509510636527,30.619593109884853],[-9.7447098633805,30.564998987633995],[-9.73256330983219,30.548940798282793],[-9.700676205730131,30.5365055490354],[-9.651117790425547,30.426293312263223],[-9.6393769795051,30.425881951992675],[-9.641138289619372,30.416572720522154],[-9.627734230792921,30.419475947924433],[-9.617340109588628,30.423174994168644],[-9.603811191782102,30.36870903971414],[-9.67298970712436,30.079411022132167],[-9.836973088175423,29.80334989291286],[-9.984074424958587,29.66529797102151],[-10.014953706523448,29.624970273108733],[-10.022993470449697,29.614073655629912],[-10.125213860268435,29.435707902926215],[-10.204001747504648,29.33967493544727],[-10.251464423681698,29.28419825413176],[-10.354853150459025,29.20629805822812],[-10.502226372024493,29.03805592286091]]]},{"type":"Polygon","coordinates":[[[23.047403343237214,-31.687458918451092],[23.86462027978447,-31.54478495257709],[25.046150801041918,-31.592281656101427],[25.989011289809266,-32.047411722423995],[26.596095298920716,-32.47614586040938],[27.436500973047597,-33.31679014144298],[27.70347180035867,-33.14814961180585],[27.770099678744263,-33.103449134734625],[27.913152092242527,-33.033129657183025],[27.977991865279098,-32.971579332501996],[28.090410326206474,-32.894508950136604],[28.116990992931054,-32.8394599213368],[28.16764194478109,-32.79040830272878],[28.281670103445872,-32.74791183905556],[28.35888836038414,-32.70832915460186],[28.44956856915794,-32.624379276211656],[28.52457963799355,-32.59097860238009],[28.632208901376018,-32.48589139772249],[28.65554785661584,-32.47759340446295],[28.690801486583783,-32.43393959911349],[28.74801176395472,-32.386058568938786],[28.859101340771193,-32.291671607806705],[28.894930229320295,-32.25979902050593],[29.045429392147014,-32.108740692073084],[29.088597912384948,-32.076528235110054],[29.17452927940947,-31.96144978956952],[29.226968304274198,-31.925223071936866],[29.263069152738094,-31.86960273658563],[29.27019922656824,-31.85958206303739],[29.336180561439487,-31.80714317099407],[29.369200204067713,-31.751535026211357],[29.403018003503675,-31.730598482779246],[29.41252932750745,-31.70950920689204],[29.41730942260349,-31.70040061396461],[29.52311943412738,-31.64833080345396],[29.533999681442854,-31.64743876539201],[29.70934936640963,-31.50991822989404],[29.75546092158898,-31.45541011866927],[29.7656098131209,-31.45235180080852],[29.77632062649918,-31.448239655165384],[29.860851805454537,-31.42764950783586],[29.983089101801017,-31.31511933062503],[30.097420481295465,-31.19307903764795],[30.10463976921336,-31.18596867208818],[30.124719050921765,-31.170468225128904],[30.128727830917292,-31.15810943800664],[30.274709832612107,-30.992139438101322],[30.42595813719994,-30.785110029464075],[30.43726196551543,-30.771988726101892],[30.671690237660528,-30.431080232048572],[30.90725569286245,-30.03412776469235],[31.051627960769284,-29.8885702577772],[31.039677610837682,-29.881437172032342],[31.02520337035731,-29.869710000692912],[31.04465841602229,-29.873162950741897],[31.055529651963916,-29.86858093017692],[31.03801881311709,-29.82570823868139],[31.185753309868282,-29.57178626334123],[31.410598985253326,-29.315338585796255],[31.78470866631233,-28.956859396432154],[32.012791649471296,-28.87700882768285],[32.08290652537914,-28.81194875262427],[32.04822371325621,-28.8057049997106],[32.03695550022026,-28.82488040539245],[32.02348010523141,-28.798030778688826],[32.031658117058925,-28.792235619611972],[32.05039523612737,-28.79464671752483],[32.06184179727382,-28.796733416922894],[32.070996270715874,-28.790777991551696],[32.08240269115763,-28.79607696671446],[32.09416581171793,-28.797358626308135],[32.382130114758674,-28.55116920113389],[32.4282728550215,-28.413194759175806],[32.44844133796649,-28.338930109338314],[32.56022207997355,-28.132109776611514],[32.58091232168936,-27.997748925888665],[32.04176690113338,-27.59478463060535],[31.518281776671117,-26.880948628036464],[30.423733052629203,-26.309877397504742],[30.625985053497146,-25.245835402420347],[30.804446583852382,-23.549701746663978],[30.423733052629203,-22.31238016963641],[29.66230589107535,-22.883452601635113],[29.043645732726745,-23.549701706147832],[28.219757641438367,-23.900691226456086],[27.23674269857372,-24.189234493315542],[25.807578024529214,-24.834611203785922],[25.284097310178474,-25.643628586781578],[25.09373828879551,-26.92853481008702],[25.792703680873416,-27.914695451235414],[26.8069517100477,-28.974871748390957],[26.18829154362002,-29.641121133003512],[24.95097125288081,-29.926658726020943],[23.808830567253437,-30.497726477751158],[23.047403343237214,-31.687458918451092]],[[31.00797786564563,-29.873719719741494],[31.01165214477624,-29.88672613644725],[31.024717336811037,-29.883122860163834],[31.02520337035731,-29.869710000692912],[31.00797786564563,-29.873719719741494]]]}]},"id":"00000000000000000001","properties":{"OBJECTID":2,"nomi":"Balandlik mintaqalanish o'lkalari"}},{"type":"Feature","geometry":{"type":"GeometryCollection","geometries":[{"type":"Point","coordinates":[-15.948639326623976,23.663666937301624]},{"type":"Point","coordinates":[-15.788196414988116,23.867148658829976]},{"type":"Point","coordinates":[-16.50375731122594,19.898394913228316]},{"type":"Point","coordinates":[-16.263817522899274,20.054372664296658]},{"type":"Point","coordinates":[-16.290389246103405,20.004745123246323]},{"type":"Point","coordinates":[-16.30110447774218,20.01599502984607]},{"type":"Point","coordinates":[-16.682366596668633,20.71111861903052]},{"type":"Point","coordinates":[11.363180733539203,34.75789826049145]},{"type":"Point","coordinates":[20.00298780011629,30.867731264166057]},{"type":"Point","coordinates":[19.874601368285955,30.757390299574187]},{"type":"Point","coordinates":[19.121985358817565,30.291271365048168]},{"type":"Point","coordinates":[11.055137122687595,33.777645187264284]},{"type":"Point","coordinates":[10.869125732551746,33.57872535866379]},{"type":"Point","coordinates":[11.131084556129967,33.480947099375825]},{"type":"Point","coordinates":[11.321644185713472,33.266538654221776]},{"type":"Point","coordinates":[11.310376044091319,33.27191102920552]},{"type":"Point","coordinates":[11.71527579316917,33.105357889593634]},{"type":"Point","coordinates":[33.97769902002034,26.81639872501124]},{"type":"Point","coordinates":[33.97760087264014,26.831460357796846]},{"type":"Point","coordinates":[33.92253102263114,27.032250463714586]},{"type":"Point","coordinates":[33.57967520235264,27.63903259268003]},{"type":"Point","coordinates":[33.69607113318574,27.750574470529912]},{"type":"Point","coordinates":[33.77309314604111,27.691357062387617]},{"type":"Point","coordinates":[33.85766449403316,27.14922284117734]},{"type":"Point","coordinates":[33.873663704939474,27.56333515519884]},{"type":"Point","coordinates":[32.52992701650627,29.911353971504234]},{"type":"Point","coordinates":[26.63907990845521,31.519858884572418]},{"type":"Point","coordinates":[23.168240544520767,32.39058838996597]},{"type":"Point","coordinates":[23.153507614289737,32.41423160727427]},{"type":"Point","coordinates":[23.236108036024387,32.372569428210085]},{"type":"Point","coordinates":[34.844753382024955,26.312695401083317]},{"type":"Point","coordinates":[34.86193871418202,26.302230558846464]},{"type":"Point","coordinates":[35.38603920950085,24.319244066184687]},{"type":"Point","coordinates":[35.38504037173646,24.38008733741701]},{"type":"Point","coordinates":[35.39522046540589,24.360013979743012]},{"type":"Point","coordinates":[36.34994523869885,22.586837504027233]},{"type":"Point","coordinates":[36.35252701119466,22.567584670194684]},{"type":"Point","coordinates":[36.18344681536068,22.789540473135297]},{"type":"Point","coordinates":[36.157227332012035,22.78290107753724]},{"type":"Point","coordinates":[36.1926727295442,22.67805826382491]},{"type":"Point","coordinates":[35.95266161673058,22.703992666795447]},{"type":"Point","coordinates":[36.24418872095936,23.56489493139023]},{"type":"Point","coordinates":[35.489312001750946,23.791173564105982]},{"type":"Point","coordinates":[35.67610373684385,22.959949604991532]},{"type":"Point","coordinates":[36.52666827117017,22.402602979219022]},{"type":"Point","coordinates":[37.1153499246453,21.199520262318792]},{"type":"Point","coordinates":[37.16478792665375,21.130305140960896]},{"type":"Point","coordinates":[37.18719940721171,21.126170776707276]},{"type":"Point","coordinates":[37.14707197085008,21.20913999503847]},{"type":"Point","coordinates":[37.16099324312454,21.204143138684895]},{"type":"Point","coordinates":[37.22144083360155,21.119070515353368]},{"type":"Point","coordinates":[37.148244725216365,21.081475406322824]},{"type":"Point","coordinates":[37.12843741419317,21.05358811271814]},{"type":"Point","coordinates":[37.131362536745414,21.03881846770509]},{"type":"Point","coordinates":[37.13301240054117,21.027510316246122]},{"type":"Point","coordinates":[37.24459694132554,20.63817649765437]},{"type":"Point","coordinates":[37.23339570907528,20.637033112314445]},{"type":"Point","coordinates":[37.22083883853883,20.63535978025609]},{"type":"Point","coordinates":[37.2048440516563,20.447784340741094]},{"type":"Point","coordinates":[37.6171548290359,18.797639239706776]},{"type":"Point","coordinates":[37.616592987148074,18.76699005618606]},{"type":"Point","coordinates":[37.62707186250186,18.77479224357343]},{"type":"Point","coordinates":[37.636939897184384,18.75838532700513]},{"type":"Point","coordinates":[37.65088346827138,18.749898450495653]},{"type":"Point","coordinates":[37.68026007256983,18.749940645501404]},{"type":"Point","coordinates":[37.68636903627305,18.763760161120608]},{"type":"Point","coordinates":[37.69855573828111,18.778397625799844]},{"type":"Point","coordinates":[37.70553424542994,18.767370054852247]},{"type":"Point","coordinates":[37.66720382603975,18.794139770623605]},{"type":"Point","coordinates":[37.67912741651292,18.790876618583702]},{"type":"Point","coordinates":[37.64580903075616,18.798622775803995]},{"type":"Point","coordinates":[37.74643310554877,18.757346664330505]},{"type":"Point","coordinates":[37.73319406856534,18.756227745904063]},{"type":"Point","coordinates":[37.731789440930406,18.727374329843833]},{"type":"Point","coordinates":[38.30069493719495,18.288370933255468]},{"type":"Point","coordinates":[38.27950079434264,18.261763322863345]},{"type":"Point","coordinates":[38.190443606921875,18.252392029935532]},{"type":"Point","coordinates":[38.33433435391439,18.23491439184953]},{"type":"Point","coordinates":[38.415164465933366,18.16460056451484]},{"type":"Point","coordinates":[38.49321656473888,18.149622519439372]},{"type":"Point","coordinates":[37.760577366812136,18.892903024700686]},{"type":"Point","coordinates":[37.32787512016505,20.799904279604995]},{"type":"Point","coordinates":[40.04005642184679,16.532432766080365]},{"type":"Point","coordinates":[40.18386695575158,16.488650012325394]},{"type":"Point","coordinates":[40.844166128218504,15.69375108803138]},{"type":"Point","coordinates":[40.08475000050038,16.42916555339431]},{"type":"Point","coordinates":[40.08248481891017,16.333605949860438]},{"type":"Point","coordinates":[40.23933371313822,16.009974532834978]},{"type":"Point","coordinates":[40.01640537472043,15.85219500393717]},{"type":"Point","coordinates":[40.18985550818044,15.840106774394132]},{"type":"Point","coordinates":[40.26296245382431,15.87073344358694]},{"type":"Point","coordinates":[40.29613372756603,15.85559656056974]},{"type":"Point","coordinates":[40.231940479934266,15.817159411706015]},{"type":"Point","coordinates":[40.46627516365317,15.757404381604072]},{"type":"Point","coordinates":[40.63433424975255,15.669404727418888]},{"type":"Point","coordinates":[40.55668343297874,15.56127312539416]},{"type":"Point","coordinates":[40.51222172604656,15.531188467817696]},{"type":"Point","coordinates":[40.53874002440613,15.560113260434413]},{"type":"Point","coordinates":[40.470640628841764,15.474542868233522]},{"type":"Point","coordinates":[40.39756936027459,15.470894295860056]},{"type":"Point","coordinates":[40.34026100698191,15.480649510853846]},{"type":"Point","coordinates":[40.31053661315016,15.485337843195484]},{"type":"Point","coordinates":[40.39088068091845,15.70019457757981]},{"type":"Point","coordinates":[40.31697107475294,15.744057303751157]},{"type":"Point","coordinates":[40.10269788495489,15.567106531441219]},{"type":"Point","coordinates":[40.12938119965121,15.587062557433692]},{"type":"Point","coordinates":[40.17017303906869,15.561861571434285]},{"type":"Point","coordinates":[40.16034514134849,15.563072982780938]},{"type":"Point","coordinates":[40.043632657445556,15.395811448191203]},{"type":"Point","coordinates":[40.11708742353464,15.226195267519952]},{"type":"Point","coordinates":[40.726102546656726,15.436640150690682]},{"type":"Point","coordinates":[42.14715560638854,13.751634195822945]},{"type":"Point","coordinates":[42.15520876329841,13.738852215797483]},{"type":"Point","coordinates":[42.16319053997687,13.754003359127118]},{"type":"Point","coordinates":[42.11243708252111,13.683657842091195]},{"type":"Point","coordinates":[42.13584732172592,13.685343213668723]},{"type":"Point","coordinates":[41.67212312954365,14.106878088063123]},{"type":"Point","coordinates":[41.65874584913674,14.067637388354733]},{"type":"Point","coordinates":[41.874566323723606,13.927448235327347]},{"type":"Point","coordinates":[41.83172323659107,13.936701333538842]},{"type":"Point","coordinates":[40.83745968286691,14.738793239760133]},{"type":"Point","coordinates":[40.80486811747006,14.73389865000144]},{"type":"Point","coordinates":[40.81591328934765,14.725312323286166]},{"type":"Point","coordinates":[40.726133716073015,14.86818205973883]},{"type":"Point","coordinates":[40.78375871691521,14.838894937157313]},{"type":"Point","coordinates":[40.75635308498841,14.789393085534797]},{"type":"Point","coordinates":[40.82043482070278,14.823665806056795]},{"type":"Point","coordinates":[40.84200792143777,14.838692341757492]},{"type":"Point","coordinates":[40.50021782333868,15.000887449899212]},{"type":"Point","coordinates":[40.586742262210976,14.982912916576737]},{"type":"Point","coordinates":[40.59938381783872,14.972135313344559]},{"type":"Point","coordinates":[40.348162529391274,15.054392654023056]},{"type":"Point","coordinates":[40.37621915043669,15.027430697822119]},{"type":"Point","coordinates":[40.4289168023564,15.079142499972583]},{"type":"Point","coordinates":[40.32231312095839,15.161711396670515]},{"type":"Point","coordinates":[40.288272311762164,15.102524687633872]},{"type":"Point","coordinates":[40.250057849161855,15.052377370824924]},{"type":"Point","coordinates":[40.16574510630077,15.099325965549887]},{"type":"Point","coordinates":[40.21306957236309,15.167732445418102]},{"type":"Point","coordinates":[40.09259361197663,15.158044421328015]},{"type":"Point","coordinates":[40.217827435467115,14.978355586790002]},{"type":"Point","coordinates":[40.29882258126004,14.92158250046443]},{"type":"Point","coordinates":[40.28720659896047,14.93239291688113]},{"type":"Point","coordinates":[42.549941758481154,13.410667839550872]},{"type":"Point","coordinates":[42.497578518325156,13.19489299575347]},{"type":"Point","coordinates":[42.780125013925186,12.869130937891738]},{"type":"Point","coordinates":[42.79005539702174,12.859171595956456]},{"type":"Point","coordinates":[42.879304344618625,12.827838825274236]},{"type":"Point","coordinates":[42.871237806457856,12.85082902112058]},{"type":"Point","coordinates":[42.88774093122566,12.823530177296314]},{"type":"Point","coordinates":[43.36439212934524,12.460710019306664]},{"type":"Point","coordinates":[43.452316640683584,12.444351262978184]},{"type":"Point","coordinates":[43.44319777618059,12.456277551026329]},{"type":"Point","coordinates":[43.413678529507656,12.46100173560634]},{"type":"Point","coordinates":[43.38744117568589,12.464197627957402]},{"type":"Point","coordinates":[42.90385170931,12.969181020963438]},{"type":"Point","coordinates":[42.90819040238968,13.015706770155587]},{"type":"Point","coordinates":[42.916243538766075,13.010619216482043]},{"type":"Point","coordinates":[42.71772879760029,13.07668350495327]},{"type":"Point","coordinates":[42.81560162057333,13.000265755221678]},{"type":"Point","coordinates":[42.796119819250684,12.975633800258095]},{"type":"Point","coordinates":[42.82456439297665,12.936080279622093]},{"type":"Point","coordinates":[42.64963388649627,13.356763870016751]},{"type":"Point","coordinates":[42.57400750537308,13.450296456377831]},{"type":"Point","coordinates":[42.60721890631104,13.523230253616669]},{"type":"Point","coordinates":[42.61999868803543,13.534940045845554]},{"type":"Point","coordinates":[42.6309725313746,13.542899474266203]},{"type":"Point","coordinates":[39.93029119246275,15.526166040048933]},{"type":"Point","coordinates":[39.91731525576187,15.53626662649361]},{"type":"Point","coordinates":[39.76294118512099,15.578850149311625]},{"type":"Point","coordinates":[39.81078282254828,15.475879375097085]},{"type":"Point","coordinates":[39.78281986764121,15.457945457685378]},{"type":"Point","coordinates":[39.89810986933694,15.642234430442487]},{"type":"Point","coordinates":[39.884915450331384,15.726533064901435]},{"type":"Point","coordinates":[39.75186473795683,15.784872645406013]},{"type":"Point","coordinates":[39.575788244744636,15.90147983283604]},{"type":"Point","coordinates":[39.53863055358405,15.944985938406596]},{"type":"Point","coordinates":[39.43656174226066,16.032689804342265]},{"type":"Point","coordinates":[39.42756770388468,16.185744649451305]},{"type":"Point","coordinates":[39.4405837957783,16.16407903102747]},{"type":"Point","coordinates":[39.587047454447,16.110523629571187]},{"type":"Point","coordinates":[39.59684855146428,16.091300442481913]},{"type":"Point","coordinates":[39.61066282489795,16.07631734218131]},{"type":"Point","coordinates":[39.595029236786615,16.01710655831894]},{"type":"Point","coordinates":[39.57430784122267,16.036229759357344]},{"type":"Point","coordinates":[39.66056019554642,16.016913684316755]},{"type":"Point","coordinates":[39.6730724191729,16.014299157486064]},{"type":"Point","coordinates":[39.76456876061405,16.04838756587323]},{"type":"Point","coordinates":[39.87354919579011,15.929593057330012]},{"type":"Point","coordinates":[39.87879749421755,15.911536044765157]},{"type":"Point","coordinates":[39.92369173271441,16.006412718434817]},{"type":"Point","coordinates":[39.86048842597828,16.019815305476524]},{"type":"Point","coordinates":[39.84550588441722,16.004158097197305]},{"type":"Point","coordinates":[39.84415923861918,16.032501261223143]},{"type":"Point","coordinates":[39.85816975599824,16.13137263929347]},{"type":"Point","coordinates":[39.741751549480576,16.14520799136145]},{"type":"Point","coordinates":[39.74209935620168,16.309316049920024]},{"type":"Point","coordinates":[39.77426280359218,16.212075136527787]},{"type":"Point","coordinates":[39.938611929344795,16.1772782845737]},{"type":"Point","coordinates":[39.819981975222134,16.306191928085436]},{"type":"Point","coordinates":[39.832935637507845,16.341436597868626]},{"type":"Point","coordinates":[39.667436128275675,16.476250047273158]},{"type":"Point","coordinates":[39.49892667260598,16.464353839096546]},{"type":"Point","coordinates":[39.31877453910146,16.506957817997623]},{"type":"Point","coordinates":[39.15301196123133,16.609939880683022]},{"type":"Point","coordinates":[39.770026658506694,16.526131688614377]},{"type":"Point","coordinates":[38.61587757838292,17.934302047112908]},{"type":"Point","coordinates":[15.23862561501247,-27.11951587651169]},{"type":"Point","coordinates":[15.11743613849669,-26.493613698057445]},{"type":"Point","coordinates":[14.832178481488702,-25.719789266241587]},{"type":"Point","coordinates":[14.98018945946684,-26.354956842113]},{"type":"Point","coordinates":[14.93780568634997,-26.289837767938867]},{"type":"Point","coordinates":[14.466938028531354,-23.384540312534735]},{"type":"Point","coordinates":[14.457703190856616,-22.978009947938247]},{"type":"Point","coordinates":[47.2449336933744,11.225856772756758]},{"type":"LineString","coordinates":[[33.35143610969793,31.16426419448768],[33.3449971304727,31.17146019409852]]},{"type":"LineString","coordinates":[[33.32200156716437,31.184164242537257],[33.31319930709017,31.191804971767528]]},{"type":"LineString","coordinates":[[40.043993837265205,15.573060020346134],[40.025448406633544,15.585512022347476]]},{"type":"LineString","coordinates":[[37.65924876099025,18.77425605054879],[37.66622276557499,18.781644144513695]]},{"type":"LineString","coordinates":[[-16.341280984825406,19.772877467360694],[-16.33790104610595,19.791570415436862],[-16.32924145462328,19.796785627008887]]},{"type":"LineString","coordinates":[[33.43857140782763,31.11169364869697],[33.432529292170585,31.122714710256286]]},{"type":"LineString","coordinates":[[40.01804635441658,15.593792863803237],[40.004410374306126,15.604929463377829]]},{"type":"LineString","coordinates":[[40.20944876305006,14.949290231106975],[40.21905815125725,14.961861121099528]]},{"type":"LineString","coordinates":[[39.89925139309245,15.720807231405196],[39.89098870389236,15.716459134073554],[39.89974191071004,15.711531413099838]]},{"type":"LineString","coordinates":[[29.877716104754775,31.21205010693544],[29.906209786821005,31.20758037011233]]},{"type":"LineString","coordinates":[[38.24344006197778,18.30927233756099],[38.23210501743594,18.310902156181292],[38.22403401549442,18.306105764298753]]},{"type":"LineString","coordinates":[[38.32455108584949,18.25509804804662],[38.342655072978324,18.24434583974097]]},{"type":"LineString","coordinates":[[42.84416662578543,13.037849865929067],[42.876205285604414,13.039144420945817]]},{"type":"LineString","coordinates":[[38.515137579206474,18.06531919819187],[38.51717531801906,18.074814970507816]]},{"type":"LineString","coordinates":[[32.88252152127773,31.10701297201294],[32.891729503588365,31.099277599697825]]},{"type":"LineString","coordinates":[[33.57392297690472,27.64780571136243],[33.56514743304955,27.657368196102205],[33.54720847267474,27.668928059185184]]},{"type":"LineString","coordinates":[[39.151830249842384,16.63673426239271],[39.15355597291458,16.62075891290826]]},{"type":"LineString","coordinates":[[37.744435417976966,18.64350543015746],[37.76254386435401,18.64259701448814],[37.76016269031428,18.654169267412506],[37.766048675203784,18.662192086308035],[37.75949385202276,18.671549364949]]},{"type":"LineString","coordinates":[[37.52383921021718,18.738987209942486],[37.51215194107428,18.730651353431615]]},{"type":"LineString","coordinates":[[14.463370702065188,-23.438587456065427],[14.466402893000298,-23.447608124040908],[14.45634318385855,-23.45182171268408]]},{"type":"LineString","coordinates":[[32.9213602298897,31.09571897451837],[32.93238761805062,31.096581958818827]]},{"type":"LineString","coordinates":[[40.37924693546179,15.47152178791962],[40.37211675682178,15.477619830904256]]},{"type":"LineString","coordinates":[[33.67047135260505,27.64553844149649],[33.66906677720171,27.636239678661166]]},{"type":"LineString","coordinates":[[35.651199590572816,23.720730690203016],[35.663787637239984,23.719016050241645]]},{"type":"LineString","coordinates":[[38.189600844424625,18.2306199012899],[38.19224510630517,18.241580426047676]]},{"type":"LineString","coordinates":[[-16.54307313567266,19.384507320343126],[-16.522427485803757,19.36730261113865]]},{"type":"LineString","coordinates":[[35.59826116185987,23.813885941726642],[35.602367972830365,23.8310144273545]]},{"type":"LineString","coordinates":[[42.96664028876653,12.91777891607642],[42.98049027643782,12.909772958075568]]},{"type":"LineString","coordinates":[[43.40201353370323,12.157691994475693],[43.410468015362824,12.153494146183851],[43.41321926685874,12.166514671148898]]},{"type":"LineString","coordinates":[[33.780428389385584,27.627181119574107],[33.78587291584319,27.619386146227058]]},{"type":"LineString","coordinates":[[33.75906039752568,27.554962403788327],[33.76848240101945,27.55119490057762],[33.78041049072833,27.548502593990502],[33.78899429151262,27.55603768753795]]},{"type":"LineString","coordinates":[[37.327603161430424,19.294534476619887],[37.325034674558026,19.3073871669168]]},{"type":"LineString","coordinates":[[37.355490331000034,19.14930988915389],[37.35458963960269,19.15831564739786]]},{"type":"LineString","coordinates":[[33.689899696617275,27.766441135971853],[33.68433029610099,27.776352150145904],[33.67317360784708,27.79568632076362]]},{"type":"LineString","coordinates":[[33.982073360569686,27.16302993014417],[33.984588294827,27.173082651551873]]},{"type":"LineString","coordinates":[[-24.6522784110805,14.959340959913813],[-24.652412143272013,14.970132188173464],[-24.64083633910467,14.971424522955969]]},{"type":"LineString","coordinates":[[39.81101029498241,15.466605360602744],[39.816820450947986,15.457825144138472]]},{"type":"LineString","coordinates":[[-24.71141503581503,14.960435237721594],[-24.696111354587774,14.965910578706715],[-24.691719162557284,14.974004826801398]]},{"type":"LineString","coordinates":[[33.699558147870604,27.77576428503508],[33.70646081888173,27.752740977335414]]},{"type":"LineString","coordinates":[[-24.69266451833499,16.66783931856435],[-24.666904223730516,16.6440955320143]]},{"type":"LineString","coordinates":[[37.19515446494152,21.114673754749564],[37.207907511679515,21.09241338763522]]},{"type":"LineString","coordinates":[[35.705810222817284,23.698145021726063],[35.70816910662144,23.708001169738466]]},{"type":"LineString","coordinates":[[14.453311020853363,-23.442928110171163],[14.463370702065188,-23.438587456065427],[14.472614422106515,-23.429868859732693]]},{"type":"LineString","coordinates":[[43.00493058205329,12.940356672499528],[42.97092994190472,12.955549298280891],[42.955278472754465,12.942803366696955]]},{"type":"LineString","coordinates":[[33.79384135648986,27.68088158132981],[33.80559552131763,27.679606091236195]]},{"type":"LineString","coordinates":[[37.33601741368831,20.781449248237262],[37.339477672017395,20.790233090999074]]},{"type":"LineString","coordinates":[[40.471313990732504,15.699928390412078],[40.47736046155586,15.70864250636887]]},{"type":"LineString","coordinates":[[33.62868069815749,27.682539998909835],[33.6388697306321,27.651972893936215]]},{"type":"LineString","coordinates":[[42.75867674703669,12.963592859453705],[42.76721147362189,12.978345218132693]]},{"type":"LineString","coordinates":[[39.98137020296495,16.09078206853521],[39.98314943997781,16.100177541878285]]},{"type":"LineString","coordinates":[[37.18909898528175,21.161587962033394],[37.195042995434704,21.146849869541438]]},{"type":"LineString","coordinates":[[38.4494015050436,18.159935690213846],[38.44653876096342,18.17061685223986],[38.456107988948034,18.170388012593982],[38.4494015050436,18.159935690213846],[38.46367060564161,18.164481937445935]]},{"type":"LineString","coordinates":[[23.274469649351314,32.235274418059305],[23.288052089031858,32.228345340645724]]},{"type":"LineString","coordinates":[[40.55936782829445,15.722498418634089],[40.565008557124784,15.729670670688652]]},{"type":"LineString","coordinates":[[39.89826595362638,15.918928837098223],[39.89580455952049,15.903992863343804]]},{"type":"LineString","coordinates":[[37.35742116098349,19.12302681034739],[37.367075095664084,19.12489741819099]]},{"type":"LineString","coordinates":[[40.18091948854873,15.109937950497264],[40.18890128616127,15.114793826412127]]},{"type":"LineString","coordinates":[[40.105012171628275,15.79946561100154],[40.11580317757172,15.803018235382218]]},{"type":"LineString","coordinates":[[40.29396656795057,15.210305290284413],[40.30323257900169,15.207676216804035]]},{"type":"LineString","coordinates":[[38.32744505334234,18.273784700436632],[38.338811314611746,18.262618662240378]]},{"type":"LineString","coordinates":[[42.579661635631616,13.181603699026299],[42.57382026507465,13.192018991913617],[42.56151761002577,13.200402155537153]]},{"type":"LineString","coordinates":[[34.25250000172069,27.724534148168857],[34.24173571576034,27.727083978467654],[34.24039803931998,27.73616977437926]]},{"type":"LineString","coordinates":[[40.21820199705564,15.090805937437464],[40.22723616620359,15.094237233059019]]},{"type":"LineString","coordinates":[[40.532546325866335,15.602915223446885],[40.54201748802817,15.60774250027406]]},{"type":"LineString","coordinates":[[40.09765909502403,15.26545258915016],[40.102488315143795,15.275346433388423]]},{"type":"LineString","coordinates":[[40.331632623970236,15.502727997279845],[40.34062218245349,15.49558648827841]]},{"type":"LineString","coordinates":[[30.40931228423136,31.471388615932682],[30.419898210562945,31.468133080334717]]},{"type":"LineString","coordinates":[[33.59722619888235,27.76356472690169],[33.60719678787566,27.76149713210416],[33.60719678787566,27.77450568705583]]},{"type":"LineString","coordinates":[[39.83646730489563,15.847682368418814],[39.83677052564736,15.856827606285012]]},{"type":"LineString","coordinates":[[36.631925380226576,22.289928847774185],[36.64055377159189,22.29468592097396]]},{"type":"LineString","coordinates":[[35.16538950743785,24.668810732109147],[35.17443703983575,24.647705401155747]]},{"type":"LineString","coordinates":[[40.676004556031714,15.710041880149744],[40.68112356753195,15.717987177163906]]},{"type":"LineString","coordinates":[[37.146202430818406,21.14657950116701],[37.15715396120853,21.148500925477656]]},{"type":"LineString","coordinates":[[40.46409025020452,15.600033349598593],[40.4641705067963,15.611362828406083]]},{"type":"LineString","coordinates":[[-16.298063400032852,19.877353597926255],[-16.293617711016044,19.86618606146513]]},{"type":"LineString","coordinates":[[40.55650952128748,15.905137861093626],[40.56339888182666,15.898868119858662]]},{"type":"LineString","coordinates":[[33.67711549455823,27.719742216588056],[33.68420538839894,27.692821896041135],[33.69775221190217,27.68012336064336]]},{"type":"LineString","coordinates":[[40.23790227809489,15.059142212652464],[40.24774801903445,15.065269497591972]]},{"type":"LineString","coordinates":[[39.828949270872556,15.993917916813858],[39.83471036918977,16.001753474175707]]},{"type":"LineString","coordinates":[[39.79385165089743,15.77068198899242],[39.79496197911178,15.782787205780453]]},{"type":"LineString","coordinates":[[38.16632439890157,18.807470267151214],[38.16745701041831,18.824602513794453]]},{"type":"LineString","coordinates":[[12.292773950050018,-14.630107197655832],[12.297995548204007,-14.62198715535965]]},{"type":"LineString","coordinates":[[40.16625344356952,16.220848270064725],[40.17349502203795,16.22801986540149]]},{"type":"LineString","coordinates":[[40.198006711821684,15.97929187079032],[40.21174970542138,15.984886075327426]]},{"type":"LineString","coordinates":[[40.112463368128964,15.993407850732295],[40.120284593991165,15.987702441749658],[40.11120145401874,15.982082553306514]]},{"type":"LineString","coordinates":[[36.202906366321145,22.788081088514268],[36.22980362186499,22.78880871326691]]},{"type":"LineString","coordinates":[[11.118786285485863,33.509490970548114],[11.085851414727705,33.58592100318036]]},{"type":"LineString","coordinates":[[14.455023256933773,-23.43366973217939],[14.462024058836176,-23.427000730136914]]},{"type":"LineString","coordinates":[[40.08567750466567,16.476557902872123],[40.094332657793736,16.472136485701622]]},{"type":"LineString","coordinates":[[39.88886174585453,16.050868732160684],[39.894364274834416,16.059863305129994]]},{"type":"LineString","coordinates":[[39.974806403848,16.056165298052665],[39.97525682819002,16.038642484293877]]},{"type":"LineString","coordinates":[[39.4786422630538,15.613703384657384],[39.47732238146289,15.627870597851365]]},{"type":"LineString","coordinates":[[40.0837422558762,15.893841909124465],[40.08776437563293,15.874001688353507]]},{"type":"LineString","coordinates":[[40.16086687843569,15.129106982025998],[40.164759653660795,15.137844991927736]]},{"type":"LineString","coordinates":[[40.23666711704866,15.87977042884925],[40.24469352792849,15.88655113136299]]},{"type":"LineString","coordinates":[[42.207219738287925,13.672003055535676],[42.2163430538274,13.668627797253228]]},{"type":"LineString","coordinates":[[42.154160832597256,13.651235284426354],[42.14193847672938,13.66044728006754],[42.151516605916726,13.662873748496224]]},{"type":"LineString","coordinates":[[40.809287028104634,14.756399980398916],[40.80645108333982,14.765567133381186]]},{"type":"LineString","coordinates":[[39.8220465571088,15.502633452719264],[39.81678927077037,15.483331030569092]]},{"type":"LineString","coordinates":[[40.64151787016818,15.384736719573741],[40.65529646928311,15.381284370537918]]},{"type":"LineString","coordinates":[[40.34716367719377,15.148812288706434],[40.341041358112705,15.160114616856752]]},{"type":"LineString","coordinates":[[37.39171164742442,19.018051097268092],[37.40086173400478,19.023539845577425],[37.395314582349485,19.009328530266146]]},{"type":"LineString","coordinates":[[42.83651482731275,12.87449522633507],[42.855042388306344,12.872460789361378],[42.86443326263622,12.879233363769648]]},{"type":"LineString","coordinates":[[40.03398312551918,16.165115494189113],[40.03883023044328,16.17475150933217]]},{"type":"LineString","coordinates":[[10.798979595420871,33.48313020289171],[10.787916554937674,33.48200707433696]]},{"type":"LineString","coordinates":[[40.16240527734524,15.264093258250849],[40.165905650766604,15.273350456056816]]},{"type":"LineString","coordinates":[[40.17574691934446,15.181714898844405],[40.18013468530699,15.191419018689153]]},{"type":"LineString","coordinates":[[33.86693939586501,27.15697167286636],[33.86744775306205,27.16639418415171]]},{"type":"LineString","coordinates":[[42.18981581250754,13.618903547254623],[42.20410275436874,13.634898798020535]]},{"type":"LineString","coordinates":[[33.70551100673574,27.660417179466876],[33.70479755371837,27.650523304885343]]},{"type":"LineString","coordinates":[[40.699976658599624,15.56034092319594],[40.70202336061156,15.582861908706063]]},{"type":"LineString","coordinates":[[40.12534124770847,15.231177605336478],[40.13060741449544,15.248799796910864]]},{"type":"LineString","coordinates":[[33.868558039730736,27.211246163487903],[33.88536440673327,27.217432329640264]]},{"type":"LineString","coordinates":[[42.912573670833964,12.914780003442571],[42.92153650031721,12.910985658900692]]},{"type":"LineString","coordinates":[[35.81028252965009,23.84402964771457],[35.811749549070875,23.831455009834233]]},{"type":"LineString","coordinates":[[14.472712514993638,-23.374889023340327],[14.486067523730888,-23.368618135602265]]},{"type":"LineString","coordinates":[[42.79448779343505,12.99725042678614],[42.800199843291885,13.004510656624818]]},{"type":"LineString","coordinates":[[29.013435348718122,30.82590690624814],[29.022919790099753,30.832366444409626],[29.024141589844255,30.82340643044799]]},{"type":"LineString","coordinates":[[15.156404203931283,-26.621504223936967],[15.155387572241658,-26.611725176477947]]},{"type":"LineString","coordinates":[[40.56651131492193,15.821612642742691],[40.55773131362517,15.839192995962012],[40.562185972886056,15.847532209492492]]},{"type":"LineString","coordinates":[[40.131891654969436,15.166355245368601],[40.145612326580284,15.152371773982344]]},{"type":"LineString","coordinates":[[33.99325677005339,26.714595909688626],[33.996378189295356,26.704398649524165]]},{"type":"LineString","coordinates":[[40.57733357786741,14.964562154400934],[40.58610907338794,14.969007877147122]]},{"type":"LineString","coordinates":[[40.23984649135068,15.920326725953592],[40.25721025078397,15.930013259198176]]},{"type":"LineString","coordinates":[[12.274937600375347,-14.704300077684842],[12.276872814185706,-14.686559809087067]]},{"type":"LineString","coordinates":[[40.88268386025363,14.750276817172582],[40.895838221536714,14.75647760075517]]},{"type":"LineString","coordinates":[[40.09255342663098,15.201841331658855],[40.104271941054805,15.210929242430206]]},{"type":"LineString","coordinates":[[40.78366955174334,15.692192751914293],[40.77789051936177,15.684899004578684]]},{"type":"LineString","coordinates":[[40.07202379114386,15.23491642116067],[40.08983342586996,15.241017152405849]]},{"type":"LineString","coordinates":[[-16.494781133696197,19.63648061916375],[-16.48625080229161,19.624964428343723]]},{"type":"LineString","coordinates":[[-16.49344334219118,20.642704086314367],[-16.491026566017048,20.633198089628696]]},{"type":"LineString","coordinates":[[40.76128928312946,14.827476433993528],[40.76825889986379,14.821368211049595]]},{"type":"LineString","coordinates":[[40.31701570414031,15.076856172336557],[40.34306128525524,15.086621101464415]]},{"type":"LineString","coordinates":[[39.750348628999234,16.30413332589403],[39.755320599319006,16.31364704069529]]},{"type":"LineString","coordinates":[[39.903982518537994,15.827447237992883],[39.91434103028318,15.823538940461818],[39.919700897507596,15.832016052476366]]},{"type":"LineString","coordinates":[[40.694233342260375,15.791806665371723],[40.685332938025894,15.809389618518408],[40.689792056685846,15.817854474570659]]},{"type":"LineString","coordinates":[[38.49018440746402,18.126689111380486],[38.50310242929228,18.13110483028468],[38.49540157572044,18.139325719780036]]},{"type":"LineString","coordinates":[[38.398804090208586,18.142139397980934],[38.410919395928246,18.145012376426134]]},{"type":"LineString","coordinates":[[40.72265122244219,15.660100759377636],[40.73251473874384,15.663758888111097]]},{"type":"LineString","coordinates":[[42.92548727592996,12.988803915561844],[42.94170502354676,12.980687295778761]]},{"type":"LineString","coordinates":[[42.92150968741466,12.834616998856134],[42.921585521099914,12.82521714523075]]},{"type":"LineString","coordinates":[[41.93990108325687,13.873904575105614],[41.944351254616855,13.881956411139253]]},{"type":"LineString","coordinates":[[40.350846914385826,15.879217152505094],[40.3597784418053,15.886448192059342]]},{"type":"LineString","coordinates":[[30.36752160242525,31.46449706195059],[30.391912849256414,31.482474236548494]]},{"type":"LineString","coordinates":[[40.65120750803089,15.701473805720838],[40.64768479624105,15.710003274671196],[40.646833089709375,15.719794280645923],[40.65695075898414,15.721004698786398]]},{"type":"LineString","coordinates":[[-16.351037491686363,19.719761537319027],[-16.353271550069845,19.71073229697245],[-16.35629925858602,19.698864586690235]]},{"type":"LineString","coordinates":[[41.975631842238045,13.876302803930482],[41.994052350572325,13.895124432458806]]},{"type":"LineString","coordinates":[[43.144995418600985,12.713413393647407],[43.15596925429528,12.719546511864605]]},{"type":"LineString","coordinates":[[38.147569396174404,18.82644268230007],[38.15955097876018,18.837187839330028]]},{"type":"LineString","coordinates":[[43.07571436427078,12.835664810282164],[43.078019683891654,12.826147535166587]]},{"type":"LineString","coordinates":[[-16.34648474458624,19.744642932914918],[-16.340563136136797,19.751769149704263]]},{"type":"LineString","coordinates":[[40.7848779057774,14.781701492811543],[40.79631108236326,14.787539224444869]]},{"type":"LineString","coordinates":[[14.449703600610219,-22.962150259180216],[14.473475047234997,-22.961329110756047]]},{"type":"LineString","coordinates":[[40.22728523152072,16.324054694492556],[40.243556455996476,16.3445687997425]]},{"type":"LineString","coordinates":[[40.14344967060633,15.96310855590915],[40.1437261193671,15.953933824292237],[40.167827543731455,15.942623504281894]]},{"type":"LineString","coordinates":[[43.432344364177766,12.473737053644355],[43.43580460981585,12.465255600969483]]},{"type":"LineString","coordinates":[[40.85884550464765,15.493515301145422],[40.85725804229405,15.509237656272232],[40.875232716743525,15.499299072557289]]},{"type":"LineString","coordinates":[[39.952149716554025,15.969191934369372],[39.94002545266797,15.967695774719504],[39.94193836720645,15.978121566455146]]},{"type":"LineString","coordinates":[[42.85426201229774,12.963758021635304],[42.84466158994796,12.965478815134562],[42.84071974559556,12.981030551263897]]},{"type":"LineString","coordinates":[[40.076259878852134,15.180793969724084],[40.08345685026088,15.187072670358809]]},{"type":"LineString","coordinates":[[45.855879168511926,10.832187120268568],[45.90434513782718,10.823156139629422]]},{"type":"LineString","coordinates":[[40.06319474002365,16.169351098007265],[40.0805985748881,16.183689102079708],[40.07870797051343,16.203661222828625]]},{"type":"LineString","coordinates":[[15.153581620707394,-26.601287515176242],[15.157893555654166,-26.592088918400727]]},{"type":"LineString","coordinates":[[40.005106034544156,16.20015851619684],[40.007821655443706,16.210062686683795],[40.02251880074019,16.216048599344276],[40.016708634083386,16.2275402806979]]},{"type":"LineString","coordinates":[[42.88215814671935,12.972227155219889],[42.892748500164224,12.977980271786615]]},{"type":"LineString","coordinates":[[37.33906743473655,19.122116863455812],[37.34000836711861,19.10640556373912]]},{"type":"LineString","coordinates":[[32.92597987310617,31.13568114223595],[33.06017650959147,31.203808408098823]]},{"type":"LineString","coordinates":[[33.10171753474027,31.22732260748174],[33.115192896396735,31.229374016280154],[33.27904259705664,31.207870284765296],[33.36272655382645,31.190614858128452]]},{"type":"LineString","coordinates":[[39.5326241337274,16.33880072793924],[39.548507486804475,16.3417232928079],[39.560801217358346,16.34813307696275]]},{"type":"LineString","coordinates":[[39.57267576857328,16.348488232471517],[39.579328768741775,16.34177032668188]]},{"type":"LineString","coordinates":[[7.511703831999131,16.809599845634413],[7.383410742473721,16.811508108893335]]},{"type":"LineString","coordinates":[[11.34818907496148,16.53490289969678],[11.391954225171723,16.540013366740585]]},{"type":"LineString","coordinates":[[39.95040177387181,15.710024716825238],[39.956194123239335,15.697378503190748]]},{"type":"LineString","coordinates":[[42.80086430559746,12.958673739773618],[42.810179348867926,12.959912253422562],[42.823837579079054,12.959251744383177]]},{"type":"LineString","coordinates":[[40.60781149309362,15.59928605525884],[40.62349865323547,15.600072019330707],[40.64867914797758,15.591898831310285]]},{"type":"LineString","coordinates":[[40.742659178798284,14.86470829483434],[40.75221947243829,14.868367411300031]]},{"type":"LineString","coordinates":[[40.77193315811867,14.84980423614082],[40.75995606125209,14.842683741681235]]},{"type":"LineString","coordinates":[[39.612000590933505,15.904082923434265],[39.62080732487981,15.910369618398166]]},{"type":"LineString","coordinates":[[-16.524938027426522,19.38903751696564],[-16.51450373329812,19.390543335958686]]},{"type":"LineString","coordinates":[[-16.502767340333687,19.383430546429334],[-16.497683980791468,19.391325698085694]]},{"type":"LineString","coordinates":[[40.02193018547432,15.944913029378297],[40.02795891420037,15.952613295780429]]},{"type":"LineString","coordinates":[[-16.486125953639046,20.60697639616116],[-16.482621143329737,20.598252981571875]]},{"type":"LineString","coordinates":[[40.301506949928395,15.120872201716749],[40.31441156583837,15.12736360613911]]},{"type":"LineString","coordinates":[[36.63651383534348,22.255386662245154],[36.63088196747037,22.245126733984073]]},{"type":"LineString","coordinates":[[36.65789968668973,22.266116262207937],[36.66102101155647,22.244548941869173]]},{"type":"LineString","coordinates":[[36.64364840232154,22.275173815429113],[36.645980468519085,22.284474324184707]]},{"type":"LineString","coordinates":[[40.06335524711601,15.19940575449101],[40.07347297568093,15.205929221282402]]},{"type":"LineString","coordinates":[[39.63308319712586,15.445283781369122],[39.63708746439677,15.430201284159846]]},{"type":"LineString","coordinates":[[39.547388197591026,15.537108653086593],[39.53672652309761,15.536137732054303]]},{"type":"LineString","coordinates":[[33.94722549999289,27.20996920140348],[33.94572275559427,27.18923494352575],[33.96068308099421,27.18319788055438]]},{"type":"LineString","coordinates":[[40.22625960975406,16.24497790581338],[40.23686779249579,16.241544434661098],[40.23778193739886,16.23241682404085]]},{"type":"LineString","coordinates":[[40.33446858407663,15.488801383147903],[40.34062218245349,15.49558648827841],[40.34987924519754,15.489351383506376]]},{"type":"LineString","coordinates":[[40.72426537759979,15.741864165676212],[40.743591124746516,15.746731083235014]]},{"type":"LineString","coordinates":[[40.764825402623835,15.742181794106868],[40.77205804569994,15.748434915741132]]},{"type":"LineString","coordinates":[[37.25665884261228,20.75543249664069],[37.25923615645161,20.745420700850357]]},{"type":"LineString","coordinates":[[44.68276992715602,10.40572160009069],[44.736399491646786,10.415308747971723]]},{"type":"LineString","coordinates":[[44.76582069186836,10.41610254688476],[44.841010041649554,10.410225732728032]]},{"type":"LineString","coordinates":[[42.17693350780527,13.662007204666947],[42.16599530338568,13.65209755879648]]},{"type":"LineString","coordinates":[[42.19598725588186,13.65334117148974],[42.236346513092094,13.6347427480834],[42.23158423250573,13.625681415944017]]},{"type":"LineString","coordinates":[[15.189785083552493,-26.996624365180832],[15.199153623933142,-27.016691238091862],[15.200919455943007,-27.030284334822884]]},{"type":"LineString","coordinates":[[40.71534275559253,14.893246397999825],[40.70889484645594,14.881960030667216]]},{"type":"LineString","coordinates":[[39.75702840950782,15.451593244227903],[39.763641271931114,15.444359690549408],[39.758678233191226,15.430979355362199]]},{"type":"LineString","coordinates":[[39.746803713680734,15.48975958044601],[39.75215013931606,15.49850414271266]]},{"type":"LineString","coordinates":[[46.283203699890876,10.750819727591269],[46.29013762000713,10.7437183105271]]},{"type":"LineString","coordinates":[[46.16589366501308,10.775119240454618],[46.15351078856801,10.771627936977087]]},{"type":"LineString","coordinates":[[40.15708552833928,16.134598175857764],[40.16546868145086,16.154904998832176]]},{"type":"LineString","coordinates":[[40.1380318289771,16.481175882882294],[40.129024440944846,16.493331887326114],[40.13960143968998,16.498552313547055]]},{"type":"LineString","coordinates":[[40.17028453739829,16.538571218162527],[40.181146894539225,16.54636366985377]]},{"type":"LineString","coordinates":[[40.1447740196202,16.538066786584004],[40.14789980110741,16.54719290911009],[40.1573754247111,16.5459832754712],[40.1609248229107,16.536818585963704]]},{"type":"LineString","coordinates":[[42.942891141622425,12.883980189987987],[42.96336730053201,12.868044172430137]]},{"type":"LineString","coordinates":[[39.46485916309934,16.115591538634522],[39.4661701466895,16.10631242137527]]},{"type":"LineString","coordinates":[[39.47003619065295,16.048593287708275],[39.46188053599241,16.036756814751183]]},{"type":"LineString","coordinates":[[12.299788167840147,-14.611713613405183],[12.336803172116994,-14.475636352046404]]},{"type":"LineString","coordinates":[[11.25183700565699,33.29994965371251],[11.300191435445567,33.27670532815413]]},{"type":"LineString","coordinates":[[11.099870788189467,33.46477453000194],[11.11368067846493,33.4714774380121]]},{"type":"LineString","coordinates":[[38.44036287948996,18.163388834154453],[38.43243903364573,18.155635086803745]]},{"type":"LineString","coordinates":[[38.456107988948034,18.170388012593982],[38.46367060564161,18.164481937445935],[38.47976351419231,18.14288946160413],[38.47319074934822,18.133600769417555]]},{"type":"LineString","coordinates":[[39.86838550800427,16.333434775590867],[39.85961003696311,16.339528195178026],[39.86817151209959,16.34528761121874]]},{"type":"LineString","coordinates":[[39.907754966050454,16.308669810530194],[39.90606942009057,16.290129410889563]]},{"type":"LineString","coordinates":[[39.92010664953798,16.32548825391142],[39.93329669488441,16.322467031078187]]},{"type":"LineString","coordinates":[[12.152807289366933,-15.16807247603391],[12.149694762367162,-15.146298624595163]]},{"type":"LineString","coordinates":[[44.99912526497907,10.453825316787754],[44.98061107723884,10.445037494014706]]},{"type":"LineString","coordinates":[[44.99950434614461,10.439376142972835],[44.99327052466936,10.431820160353036],[44.9665783461585,10.417220832059279]]},{"type":"LineString","coordinates":[[39.923887970801196,15.728172718588914],[39.93334568788298,15.730966860011703]]},{"type":"LineString","coordinates":[[39.954490806880585,15.673942802783458],[39.949750778658206,15.683752741636384]]},{"type":"LineString","coordinates":[[40.07035605157202,15.583106696672504],[40.07454760199571,15.571625369762451]]},{"type":"LineString","coordinates":[[40.217238867353295,15.67881994579791],[40.20750464744335,15.67410594541444]]},{"type":"LineString","coordinates":[[39.97196598962381,15.883192938931034],[39.95365687977277,15.887588960088758]]},{"type":"LineString","coordinates":[[39.1677492725047,16.507389595019824],[39.16656315331924,16.522976786372695]]},{"type":"LineString","coordinates":[[39.14680935821348,16.533685223198166],[39.15442544519408,16.539605680688776]]},{"type":"LineString","coordinates":[[38.557231453889415,18.033992391542046],[38.565293510984496,18.0389065177847],[38.56190904464777,18.04752607781066]]},{"type":"LineString","coordinates":[[38.51721099271892,18.095589358865492],[38.50357511807994,18.10663468907337],[38.508252670271204,18.120039866141404]]},{"type":"LineString","coordinates":[[38.50357511807994,18.10663468907337],[38.500774778552916,18.097352563197433]]},{"type":"LineString","coordinates":[[38.27243759287207,18.274741617668443],[38.28470458721776,18.274919414836358]]},{"type":"LineString","coordinates":[[38.30305823879887,18.270350684054332],[38.31426838679333,18.265108545209213]]},{"type":"LineString","coordinates":[[43.323684931893524,12.472052096526749],[43.31462408075012,12.474572997598207]]},{"type":"LineString","coordinates":[[42.99614616315929,12.889161555811112],[42.995744853088716,12.906930421027173],[42.98049027643782,12.909772958075568],[42.97983474591363,12.926384360613493]]},{"type":"LineString","coordinates":[[42.971135035978534,12.930434864151922],[42.961717443009185,12.9319429248648]]},{"type":"LineString","coordinates":[[42.91943175606303,12.958877993774312],[42.91177106798643,12.964353351922076]]},{"type":"LineString","coordinates":[[42.20494999751754,13.596293412975426],[42.20046414657306,13.608597708926188]]},{"type":"LineString","coordinates":[[42.234509417479934,13.555046142564171],[42.22586322538584,13.551734266585822]]},{"type":"LineString","coordinates":[[40.77965187601631,14.72469129530198],[40.79060787332486,14.721900987313383]]},{"type":"LineString","coordinates":[[40.63724605560871,14.951000552081021],[40.63479354534066,14.959776119493773],[40.62784624337667,14.952099176755784]]},{"type":"LineString","coordinates":[[40.5337279578072,15.017408986306126],[40.52290574601226,15.024179145939343]]},{"type":"LineString","coordinates":[[40.38662224021146,14.975973444391348],[40.392499384775,14.983154170938628],[40.390974339657404,14.992819958568528],[40.37687017547983,14.986574292031994]]},{"type":"LineString","coordinates":[[40.11319912070364,15.065971355072495],[40.102943176849074,15.08276768411207],[40.10021418928078,15.092954276138942]]},{"type":"LineString","coordinates":[[11.814646868409488,-15.788816004758344],[11.851068773008645,-15.779101200058358]]},{"type":"LineString","coordinates":[[11.822887327456396,-16.681516936359543],[11.81548961701756,-16.67149164376766]]},{"type":"LineString","coordinates":[[11.815596667704853,-16.660679714218563],[11.82053737955982,-16.65160601284275]]},{"type":"LineString","coordinates":[[11.778238327951138,-16.827966873515816],[11.784048558322112,-16.804981382986007]]},{"type":"LineString","coordinates":[[14.430328835782325,-22.908148613628228],[14.439425342409251,-22.89260521722851]]},{"type":"LineString","coordinates":[[14.452111499011627,-23.3736487897057],[14.461373086445212,-23.376894604015533]]},{"type":"LineString","coordinates":[[15.155026326812253,-26.643841684418103],[15.150643076234257,-26.634742183806804]]},{"type":"LineString","coordinates":[[15.091015934291773,-26.64710583664686],[15.089522192539796,-26.633881235661665]]},{"type":"LineString","coordinates":[[9.803975784129225,16.775503983253895],[10.175329144565001,16.74754013908731]]},{"type":"LineString","coordinates":[[37.29421786040858,19.479866222701915],[37.28992816677431,19.46180125839294]]},{"type":"LineString","coordinates":[[37.241212531978825,19.578021655324882],[37.249381605015856,19.58339503645857]]},{"type":"LineString","coordinates":[[37.19168975829627,20.039087235475417],[37.19399505921549,20.02804010685985]]},{"type":"LineString","coordinates":[[37.19577874002104,20.240451220607426],[37.20433131054439,20.232041678680613]]},{"type":"LineString","coordinates":[[37.12555233772454,21.152143915325414],[37.13428770447016,21.155974052958612]]},{"type":"LineString","coordinates":[[37.25575363761704,21.011564153203313],[37.25529433520108,20.99225263311933]]},{"type":"LineString","coordinates":[[36.98484092227249,21.410619854269015],[36.989438241004486,21.399742837709567]]},{"type":"LineString","coordinates":[[36.95953557217068,21.49618355433474],[36.95713655266768,21.48569468447269]]},{"type":"LineString","coordinates":[[35.93193568516086,22.70077580543445],[35.92084591247825,22.707151787388458],[35.93157449782499,22.709784408200186]]},{"type":"LineString","coordinates":[[35.78641737002089,22.852580348910042],[35.78166844068875,22.844300256207394]]},{"type":"LineString","coordinates":[[35.51135327589118,23.763768214907497],[35.50549401816383,23.754883527881066]]},{"type":"LineString","coordinates":[[35.47694688743192,23.844147880143712],[35.487126967299645,23.841317421249624]]},{"type":"LineString","coordinates":[[35.55565449565641,23.95501544147574],[35.5100244548324,23.92609597223367]]},{"type":"LineString","coordinates":[[35.76320774488867,23.932780309825397],[35.79292319644115,23.901205960886482],[35.785779755218364,23.893777971980075]]},{"type":"LineString","coordinates":[[33.5766429485205,27.66974158879933],[33.582800969990316,27.65887298276269]]},{"type":"LineString","coordinates":[[33.59285626262063,27.652897162284813],[33.593217428388456,27.642935364571727]]},{"type":"LineString","coordinates":[[32.36563586751513,29.635997455745336],[32.37026437964186,29.65025545749424],[32.356967333472234,29.651604024833226]]},{"type":"LineString","coordinates":[[32.499774575734975,29.86062272725179],[32.50938392021236,29.864679200358204]]},{"type":"LineString","coordinates":[[32.5297308017488,29.954348227604964],[32.540124925927934,29.940450390809644]]},{"type":"LineString","coordinates":[[32.73049289494211,29.474092593470573],[32.71812780258514,29.45371392138741],[32.72699696647498,29.44767601711645]]},{"type":"LineString","coordinates":[[33.21979002777156,28.616011999520293],[33.208450535386994,28.619249188479948]]},{"type":"LineString","coordinates":[[33.237510539552055,28.58009107327246],[33.246919210009594,28.551130032417632]]},{"type":"LineString","coordinates":[[33.59884935199985,28.238327825888824],[33.60762484381206,28.230360720113026]]},{"type":"LineString","coordinates":[[34.51339753576612,28.48047020987062],[34.507565022736316,28.470392745084872],[34.49626125228688,28.479541220671425]]},{"type":"LineString","coordinates":[[33.47593864308723,31.138360441863878],[33.39478748381726,31.171086253249975]]},{"type":"LineString","coordinates":[[33.12534182531638,31.131280328241317],[33.15051344184327,31.120840431708764]]},{"type":"LineString","coordinates":[[32.67502616347912,31.05810461053962],[32.685999968567394,31.052481608449426]]},{"type":"LineString","coordinates":[[32.69663940902129,31.058070228367285],[32.72736710494901,31.06292126421177],[32.91180889289265,31.13570780054851]]},{"type":"LineString","coordinates":[[32.32483956269246,31.277984544804546],[32.34283202592795,31.29992959053372]]},{"type":"LineString","coordinates":[[31.969730153692865,31.49102236671809],[31.995735608502734,31.46873781026233],[31.993778073864632,31.458818304135438],[32.00318230073433,31.45388102395176],[31.9997041870587,31.443746861789986]]},{"type":"LineString","coordinates":[[30.074616619317933,31.329940943394345],[30.08557263136906,31.33207388833704]]},{"type":"LineString","coordinates":[[29.875624765925966,31.19971589717897],[29.864035577557612,31.20083346148973],[29.86026768066239,31.191957547929043],[29.84636414480493,31.165454716081793],[29.85839486241965,31.165435597999505]]},{"type":"LineString","coordinates":[[29.788761473122392,31.144535568688486],[29.805688265186433,31.155560439582278]]},{"type":"LineString","coordinates":[[28.95636326996665,30.856014678906824],[28.963667241704872,30.848706780747296]]},{"type":"LineString","coordinates":[[27.269106327654743,31.367432135203973],[27.25644251278608,31.366274658665382],[27.24382769085093,31.366754389724775]]},{"type":"LineString","coordinates":[[27.179723594909586,31.375084740762645],[27.220921278004976,31.367158018126254]]},{"type":"LineString","coordinates":[[23.9963847612736,32.07438582829498],[24.006551494519528,32.07097383789581]]},{"type":"LineString","coordinates":[[23.106531056159564,32.309386296023476],[23.12176332617254,32.31362983667325]]},{"type":"LineString","coordinates":[[20.045741637299056,32.1162378753381],[20.035155774452843,32.113586533074255],[20.045103983831265,32.106599131528654],[20.05100782106978,32.09545966020848]]},{"type":"LineString","coordinates":[[15.231201179095356,32.34562283261244],[15.243080202305096,32.34977045518431],[15.25438403293614,32.348900229340316]]},{"type":"LineString","coordinates":[[15.213503001236823,32.37424154156573],[15.226157936021892,32.3707466411909]]},{"type":"LineString","coordinates":[[-11.348835822347368,28.477118956617552],[-11.357615760100808,28.483652740817828]]},{"type":"LineString","coordinates":[[-15.991620554563694,23.63791370196416],[-15.988343157185355,23.62931042253672]]},{"type":"LineString","coordinates":[[-15.986795887940248,23.646438763110943],[-15.981565283606642,23.63823233610858]]},{"type":"LineString","coordinates":[[-16.19625322293546,23.091288945659397],[-16.203276251572678,23.08338447412654]]},{"type":"LineString","coordinates":[[-17.006462929074665,21.001831662715535],[-17.00301602405138,21.01062345198709]]},{"type":"LineString","coordinates":[[-16.995306235910775,21.033079132114263],[-17.006030385172856,21.019202346003002]]},{"type":"LineString","coordinates":[[-16.373836880687044,19.635770879095894],[-16.399829046036317,19.608406834901793],[-16.397840210344903,19.598636136071203]]},{"type":"LineString","coordinates":[[-16.408689282541445,19.439415897393364],[-16.40307073825568,19.44924662998363]]},{"type":"LineString","coordinates":[[-16.37585683782565,19.489497013663087],[-16.392640900606352,19.46735090222516]]},{"type":"Polygon","coordinates":[[[46.16589366501308,10.775119240454618],[46.283203699890876,10.750819727591269],[46.22820960238749,10.781194900181275],[46.16589366501308,10.775119240454618]]]},{"type":"Polygon","coordinates":[[[44.736399491646786,10.415308747971723],[44.74555573565339,10.407511403852821],[44.76582069186836,10.41610254688476],[44.736399491646786,10.415308747971723]]]},{"type":"Polygon","coordinates":[[[42.97983474591363,12.926384360613493],[42.971135035978534,12.930434864151922],[42.96664028876653,12.91777891607642],[42.97983474591363,12.926384360613493]]]},{"type":"Polygon","coordinates":[[[42.963197871805725,12.905130985129624],[42.96564588776607,12.89472098227363],[42.97373025057359,12.901736362168226],[42.963197871805725,12.905130985129624]]]},{"type":"Polygon","coordinates":[[[42.86648443132341,13.008798839244124],[42.87571478911294,13.004497584700427],[42.876419309503014,13.014160088061228],[42.86648443132341,13.008798839244124]]]},{"type":"Polygon","coordinates":[[[42.90295542466155,12.85610672992064],[42.90437336455724,12.843368752657103],[42.91348776396068,12.852324505619698],[42.90295542466155,12.85610672992064]]]},{"type":"Polygon","coordinates":[[[42.84416662578543,13.037849865929067],[42.84155805448309,13.020828897687938],[42.86648443132341,13.008798839244124],[42.84416662578543,13.037849865929067]]]},{"type":"Polygon","coordinates":[[[42.87621866677053,12.867353003795943],[42.884008662244554,12.861493007325322],[42.89115663109587,12.870048214500075],[42.87621866677053,12.867353003795943]]]},{"type":"Polygon","coordinates":[[[32.91180889289265,31.13570780054851],[32.92597987310617,31.13568114223595],[32.9228184132262,31.147470299790566],[32.91180889289265,31.13570780054851]]]},{"type":"Polygon","coordinates":[[[40.769364710726265,15.698490394132742],[40.78366955174334,15.692192751914293],[40.78122147336414,15.701096081732853],[40.769364710726265,15.698490394132742]]]},{"type":"Polygon","coordinates":[[[40.743591124746516,15.746731083235014],[40.756803450020655,15.737353431269138],[40.764825402623835,15.742181794106868],[40.743591124746516,15.746731083235014]]]},{"type":"Polygon","coordinates":[[[40.77911676744196,15.629515298666602],[40.796306601906416,15.629657074367762],[40.792137385437115,15.64189947767067],[40.77911676744196,15.629515298666602]]]},{"type":"Polygon","coordinates":[[[40.71388461805798,15.644845134734544],[40.72265122244219,15.660100759377636],[40.7138489551529,15.656691608562575],[40.71388461805798,15.644845134734544]]]},{"type":"Polygon","coordinates":[[[40.49396622509122,15.852006221752397],[40.50764221779052,15.848046967694753],[40.50190339097373,15.863797781271474],[40.49396622509122,15.852006221752397]]]},{"type":"Polygon","coordinates":[[[40.79631108236326,14.787539224444869],[40.816069356607706,14.792018695375422],[40.80246466013532,14.795605701867371],[40.79631108236326,14.787539224444869]]]},{"type":"Polygon","coordinates":[[[40.482238725903656,15.75819409286539],[40.48990397035015,15.75106146321954],[40.50389659798065,15.75560197252908],[40.482238725903656,15.75819409286539]]]},{"type":"Polygon","coordinates":[[[40.44517918448275,15.783173401546419],[40.4550159627373,15.78246541950463],[40.44871966975035,15.794484147510989],[40.44517918448275,15.783173401546419]]]},{"type":"Polygon","coordinates":[[[40.3597784418053,15.886448192059342],[40.37110461482553,15.883338773121851],[40.37625486479737,15.89708839192107],[40.3597784418053,15.886448192059342]]]},{"type":"Polygon","coordinates":[[[40.27763739049056,15.98141385379328],[40.30140886412727,15.992863458882884],[40.29308811874433,16.003605189670136],[40.27763739049056,15.98141385379328]]]},{"type":"Polygon","coordinates":[[[40.16546868145086,16.154904998832176],[40.19707033664075,16.15795024197795],[40.16715422842983,16.192377884711362],[40.16546868145086,16.154904998832176]]]},{"type":"Polygon","coordinates":[[[40.258913625895936,15.818592395497339],[40.27642893300509,15.811019994573966],[40.28781746140163,15.824216773935575],[40.258913625895936,15.818592395497339]]]},{"type":"Polygon","coordinates":[[[40.37018155604542,15.486519519805302],[40.37211675682178,15.477619830904256],[40.37959472317733,15.483885325113144],[40.37018155604542,15.486519519805302]]]},{"type":"Polygon","coordinates":[[[40.47471626091107,15.06970449307508],[40.50666121390189,15.06962266531152],[40.506861903359045,15.07915111471062],[40.47471626091107,15.06970449307508]]]},{"type":"Polygon","coordinates":[[[40.17691073972214,15.902260354531206],[40.192762805459935,15.90436163623905],[40.19403368874257,15.91633450031025],[40.17691073972214,15.902260354531206]]]},{"type":"Polygon","coordinates":[[[40.10240803587594,15.858989437235257],[40.14322665152943,15.85336599118991],[40.10428085201585,15.872371870796332],[40.10240803587594,15.858989437235257]]]},{"type":"Polygon","coordinates":[[[39.96621816574186,16.1803745073804],[39.96882233436818,16.168254709493116],[39.98087972084129,16.18004905980092],[39.96621816574186,16.1803745073804]]]},{"type":"Polygon","coordinates":[[[33.78226997235031,27.66930715825555],[33.79539310359156,27.66784991627748],[33.79384135648986,27.68088158132981],[33.78226997235031,27.66930715825555]]]},{"type":"Polygon","coordinates":[[[39.96321719992086,16.138526030986416],[39.974150971670234,16.139635433829348],[39.97499370244822,16.14864743823994],[39.96321719992086,16.138526030986416]]]},{"type":"Polygon","coordinates":[[[40.25712550176072,15.081962596524802],[40.270516215991314,15.082406061373469],[40.27282601680882,15.09115034632411],[40.25712550176072,15.081962596524802]]]},{"type":"Polygon","coordinates":[[[33.776664907876174,27.567280190313735],[33.76445587830704,27.563971643307823],[33.76848240101945,27.55119490057762],[33.776664907876174,27.567280190313735]]]},{"type":"Polygon","coordinates":[[[33.59054200193076,27.783867707344093],[33.59722619888235,27.76356472690169],[33.60719678787566,27.77450568705583],[33.59054200193076,27.783867707344093]]]},{"type":"Polygon","coordinates":[[[33.75341071114533,27.567272250206702],[33.75906039752568,27.554962403788327],[33.76445587830704,27.563971643307823],[33.75341071114533,27.567272250206702]]]},{"type":"Polygon","coordinates":[[[39.94193836720645,15.978121566455146],[39.952149716554025,15.969191934369372],[39.948502214936276,15.986210695085095],[39.94193836720645,15.978121566455146]]]},{"type":"Polygon","coordinates":[[[39.80429486625913,16.31900499158264],[39.82328170731177,16.33039656616218],[39.813681304482955,16.33069185411576],[39.80429486625913,16.31900499158264]]]},{"type":"Polygon","coordinates":[[[40.165905650766604,15.273350456056816],[40.175965366734715,15.268919820905806],[40.17204583978603,15.280146942927251],[40.165905650766604,15.273350456056816]]]},{"type":"Polygon","coordinates":[[[39.92704501933491,15.896136281104136],[39.93968653614857,15.894661051407352],[39.940685409538894,15.908958799516228],[39.92704501933491,15.896136281104136]]]},{"type":"Polygon","coordinates":[[[40.166298030241514,15.165653713937987],[40.17715151115468,15.172303018126494],[40.17574691934446,15.181714898844405],[40.166298030241514,15.165653713937987]]]},{"type":"Polygon","coordinates":[[[33.97134924603275,27.211194594063887],[33.97125559979491,27.188251271805402],[33.982135784027314,27.198991756079362],[33.97134924603275,27.211194594063887]]]},{"type":"Polygon","coordinates":[[[33.55635851744997,27.675988935631892],[33.5766429485205,27.66974158879933],[33.57247818176269,27.682690090451985],[33.55635851744997,27.675988935631892]]]},{"type":"Polygon","coordinates":[[[33.582800969990316,27.65887298276269],[33.57392297690472,27.64780571136243],[33.59285626262063,27.652897162284813],[33.582800969990316,27.65887298276269]]]},{"type":"Polygon","coordinates":[[[39.741796136163764,16.299785036582684],[39.75417456375918,16.293300904014536],[39.750348628999234,16.30413332589403],[39.741796136163764,16.299785036582684]]]},{"type":"Polygon","coordinates":[[[39.98127213819007,15.546040190443774],[40.00947148113387,15.525302501777983],[39.996834399730965,15.549317994242127],[39.98127213819007,15.546040190443774]]]},{"type":"Polygon","coordinates":[[[40.05457530095654,15.193906352067671],[40.06335524711601,15.19940575449101],[40.05222980638209,15.202809532307615],[40.05457530095654,15.193906352067671]]]},{"type":"Polygon","coordinates":[[[36.1958029793857,23.622549216533688],[36.187179079262954,23.60142979467262],[36.205635371795715,23.606390239826514],[36.1958029793857,23.622549216533688]]]},{"type":"Polygon","coordinates":[[[39.560801217358346,16.34813307696275],[39.57267576857328,16.348488232471517],[39.57123550631925,16.357892767291688],[39.560801217358346,16.34813307696275]]]},{"type":"Polygon","coordinates":[[[39.62080732487981,15.910369618398166],[39.66496579733234,15.898387821182661],[39.64508710505838,15.927174731432826],[39.62080732487981,15.910369618398166]]]},{"type":"Polygon","coordinates":[[[39.321878120924566,16.60936299577711],[39.32857120086229,16.61656300701258],[39.32029515503149,16.62082724707376],[39.321878120924566,16.60936299577711]]]},{"type":"Polygon","coordinates":[[[39.547388197591026,15.537108653086593],[39.63308319712586,15.445283781369122],[39.586958292674694,15.526956629028792],[39.547388197591026,15.537108653086593]]]},{"type":"Polygon","coordinates":[[[36.64364840232154,22.275173815429113],[36.63651383534348,22.255386662245154],[36.65789968668973,22.266116262207937],[36.64364840232154,22.275173815429113]]]},{"type":"Polygon","coordinates":[[[35.15743447762218,24.676886450685586],[35.15506221941586,24.663603687725484],[35.16538950743785,24.668810732109147],[35.15743447762218,24.676886450685586]]]},{"type":"Polygon","coordinates":[[[38.15955097876018,18.837187839330028],[38.16745701041831,18.824602513794453],[38.170230514715364,18.838133176064424],[38.15955097876018,18.837187839330028]]]},{"type":"Polygon","coordinates":[[[38.26103566117317,18.260662305120025],[38.27243759287207,18.274741617668443],[38.24900500453168,18.268855993672908],[38.26103566117317,18.260662305120025]]]},{"type":"Polygon","coordinates":[[[10.91558060649036,33.52713465221713],[10.798979595420871,33.48313020289171],[10.959890709185132,33.475453690945166],[10.91558060649036,33.52713465221713]]]},{"type":"Polygon","coordinates":[[[14.432188260322793,-22.92849107053392],[14.441365098010703,-22.9163343780163],[14.430328835782325,-22.908148613628228],[14.432188260322793,-22.92849107053392]]]},{"type":"Polygon","coordinates":[[[14.439425342409251,-22.89260521722851],[14.44741602677994,-22.874997721001275],[14.433200458697096,-22.885502509989774],[14.439425342409251,-22.89260521722851]]]},{"type":"Polygon","coordinates":[[[-16.486125953639046,20.60697639616116],[-16.47319908132078,20.613524982448922],[-16.4816356759362,20.623495382286915],[-16.486125953639046,20.60697639616116]]]},{"type":"Polygon","coordinates":[[[-16.498442013924585,19.72322450242211],[-16.489153711637528,19.674505045443443],[-16.47630700552271,19.74091600724522],[-16.498442013924585,19.72322450242211]]]},{"type":"Polygon","coordinates":[[[-16.51450373329812,19.390543335958686],[-16.51279140315215,19.381415693258756],[-16.502767340333687,19.383430546429334],[-16.51450373329812,19.390543335958686]]]},{"type":"Polygon","coordinates":[[[11.81548961701756,-16.67149164376766],[11.824461380896397,-16.66441759936823],[11.815596667704853,-16.660679714218563],[11.81548961701756,-16.67149164376766]]]},{"type":"Polygon","coordinates":[[[42.93557821336156,12.84760759633672],[42.93612219177628,12.82919539724416],[42.94499580967461,12.818960460516536],[42.95606777370926,12.829095352310459],[42.93557821336156,12.84760759633672]]]},{"type":"Polygon","coordinates":[[[33.39478748381726,31.171086253249975],[33.37423104151639,31.187494567979265],[33.36272655382645,31.190614858128452],[33.375497373194364,31.178373231689157],[33.39478748381726,31.171086253249975]]]},{"type":"Polygon","coordinates":[[[42.842253671591514,12.955544978951666],[42.84574069047565,12.94707528032383],[42.8586676007689,12.955036518140862],[42.85426201229774,12.963758021635304],[42.842253671591514,12.955544978951666]]]},{"type":"Polygon","coordinates":[[[42.830744685881854,12.980300588007818],[42.84071974559556,12.981030551263897],[42.846302510003305,12.988417170121558],[42.83592619159996,12.98871701723174],[42.830744685881854,12.980300588007818]]]},{"type":"Polygon","coordinates":[[[42.789422219540334,12.871787037743086],[42.79708743964145,12.865540220462782],[42.81023286802496,12.863201480772341],[42.816711921416534,12.872656461459606],[42.789422219540334,12.871787037743086]]]},{"type":"Polygon","coordinates":[[[33.06017650959147,31.203808408098823],[33.0883580320881,31.21446799599668],[33.10171753474027,31.22732260748174],[33.081977065705544,31.22188890607955],[33.06017650959147,31.203808408098823]]]},{"type":"Polygon","coordinates":[[[40.783602639140554,15.500055318375544],[40.79134806708924,15.489179482368767],[40.83410195867939,15.518703089713833],[40.79530335702244,15.516963013796031],[40.783602639140554,15.500055318375544]]]},{"type":"Polygon","coordinates":[[[40.78011565851166,15.573231851489284],[40.79619961158297,15.559065118961309],[40.81286769200732,15.566011152508887],[40.79482617803902,15.584442513085378],[40.78011565851166,15.573231851489284]]]},{"type":"Polygon","coordinates":[[[40.73642086913005,15.495539216235978],[40.7398320885652,15.474908169453402],[40.76382655531636,15.485793306525506],[40.75180927227239,15.49387191208943],[40.73642086913005,15.495539216235978]]]},{"type":"Polygon","coordinates":[[[40.58890041751833,15.877857554778226],[40.60924285339912,15.875648738147524],[40.603535259828206,15.8943651171801],[40.59343091091547,15.895467267380218],[40.58890041751833,15.877857554778226]]]},{"type":"Polygon","coordinates":[[[34.22039445209595,27.765312661136498],[34.24039803931998,27.73616977437926],[34.25250000172069,27.724534148168857],[34.248700825174765,27.766401638912214],[34.22039445209595,27.765312661136498]]]},{"type":"Polygon","coordinates":[[[40.75221947243829,14.868367411300031],[40.76085232553272,14.855295321335314],[40.77193315811867,14.84980423614082],[40.76384881566335,14.865574585998791],[40.75221947243829,14.868367411300031]]]},{"type":"Polygon","coordinates":[[[40.222924188460354,16.28724456836426],[40.21226693508589,16.24570566296285],[40.22625960975406,16.24497790581338],[40.23257367348672,16.273534809278033],[40.222924188460354,16.28724456836426]]]},{"type":"Polygon","coordinates":[[[40.361111746187945,15.822226173248048],[40.355207884319924,15.81479117066563],[40.366382404507135,15.814465161825995],[40.37201871046051,15.821642737635615],[40.361111746187945,15.822226173248048]]]},{"type":"Polygon","coordinates":[[[40.12612599051965,16.126262350457175],[40.139369578629754,16.088841190645137],[40.16622228753901,16.101317081125174],[40.15708552833928,16.134598175857764],[40.12612599051965,16.126262350457175]]]},{"type":"Polygon","coordinates":[[[40.36079957307719,15.493661396457956],[40.34987924519754,15.489351383506376],[40.35644306412099,15.477847602786145],[40.37018155604542,15.486519519805302],[40.36079957307719,15.493661396457956]]]},{"type":"Polygon","coordinates":[[[40.40023586135666,15.031405621943298],[40.398300651457205,15.019312592387365],[40.420083310743536,15.026388518661575],[40.42496159993258,15.042589431890804],[40.40023586135666,15.031405621943298]]]},{"type":"Polygon","coordinates":[[[40.31441156583837,15.12736360613911],[40.311927814808264,15.111922480546209],[40.33922643995994,15.130695345254697],[40.33823210804182,15.141266962100246],[40.31441156583837,15.12736360613911]]]},{"type":"Polygon","coordinates":[[[40.02795891420037,15.952613295780429],[40.03200778291943,15.937263931812572],[40.05893183677507,15.94344671034123],[40.05583277563364,15.961235066876096],[40.02795891420037,15.952613295780429]]]},{"type":"Polygon","coordinates":[[[33.78722400497659,27.645554243662815],[33.80603698611562,27.61873425915031],[33.81022410845141,27.65337894612877],[33.79539310359156,27.66784991627748],[33.78722400497659,27.645554243662815]]]},{"type":"Polygon","coordinates":[[[40.237121970022926,15.244243809992177],[40.23748315137575,15.214616792316358],[40.26937909338137,15.224745355313265],[40.2727947606984,15.241081700692906],[40.237121970022926,15.244243809992177]]]},{"type":"Polygon","coordinates":[[[33.741977551207604,27.58448163005404],[33.776664907876174,27.567280190313735],[33.80016876673425,27.573707397382545],[33.76132114804883,27.62769074953602],[33.741977551207604,27.58448163005404]]]},{"type":"Polygon","coordinates":[[[33.896405099622875,27.239893932051935],[33.93419156625263,27.205832953909827],[33.94722549999289,27.20996920140348],[33.9172513850166,27.263663020613162],[33.896405099622875,27.239893932051935]]]},{"type":"Polygon","coordinates":[[[40.08345685026088,15.187072670358809],[40.09409632127398,15.19281763136337],[40.09255342663098,15.201841331658855],[40.084170361750274,15.196987423547693],[40.08345685026088,15.187072670358809]]]},{"type":"Polygon","coordinates":[[[40.07347297568093,15.205929221282402],[40.07075734880082,15.193833143766186],[40.084170361750274,15.196987423547693],[40.08395181310632,15.206264853598881],[40.07347297568093,15.205929221282402]]]},{"type":"Polygon","coordinates":[[[39.89974191071004,15.711531413099838],[39.91011377327804,15.710582752452298],[39.912022301723766,15.72113777067402],[39.89925139309245,15.720807231405196],[39.89974191071004,15.711531413099838]]]},{"type":"Polygon","coordinates":[[[39.7448996668811,15.477142813758519],[39.73823326674709,15.470464553038125],[39.75702840950782,15.451593244227903],[39.746803713680734,15.48975958044601],[39.7448996668811,15.477142813758519]]]},{"type":"Polygon","coordinates":[[[38.30255436326399,18.22733328014347],[38.31256054790928,18.21925202438807],[38.33199330149352,18.2115939745181],[38.34572733211655,18.21486392446293],[38.30255436326399,18.22733328014347]]]},{"type":"Polygon","coordinates":[[[38.28470458721776,18.274919414836358],[38.29106770611629,18.2681149463885],[38.30305823879887,18.270350684054332],[38.28815591359015,18.287807819249636],[38.28470458721776,18.274919414836358]]]},{"type":"Polygon","coordinates":[[[38.28815591359015,18.287807819249636],[38.28191762114259,18.297058608664926],[38.271938153711844,18.297795288342904],[38.27804269117257,18.28815924570014],[38.28815591359015,18.287807819249636]]]},{"type":"Polygon","coordinates":[[[37.992851912448224,18.78175806677879],[37.999812621292364,18.770464779968602],[38.028903768066776,18.76623852510576],[38.011624769549144,18.789416038117345],[37.992851912448224,18.78175806677879]]]},{"type":"Polygon","coordinates":[[[-24.608133303539137,16.60654279540975],[-24.596481647453654,16.60714530219573],[-24.58334517266403,16.622656012761855],[-24.604374296757634,16.62435655527883],[-24.608133303539137,16.60654279540975]]]},{"type":"Polygon","coordinates":[[[-16.482621143329737,20.598252981571875],[-16.446662939940058,20.569207291606407],[-16.449200167327458,20.619367877026985],[-16.47319908132078,20.613524982448922],[-16.482621143329737,20.598252981571875]]]},{"type":"Polygon","coordinates":[[[-16.34949465733844,19.735648616841708],[-16.344308695687268,19.72805158781474],[-16.338404844747387,19.737621263500316],[-16.34648474458624,19.744642932914918],[-16.34949465733844,19.735648616841708]]]},{"type":"Polygon","coordinates":[[[11.784048558322112,-16.804981382986007],[11.783901375180584,-16.794689360652175],[11.783495557640158,-16.76689680539791],[11.775036688100286,-16.791462013801173],[11.784048558322112,-16.804981382986007]]]},{"type":"Polygon","coordinates":[[[42.17693350780527,13.662007204666947],[42.18340363954599,13.649077309783788],[42.19598725588186,13.65334117148974],[42.19126948334153,13.673883483210973],[42.18183403762631,13.670170266206316],[42.17693350780527,13.662007204666947]]]},{"type":"Polygon","coordinates":[[[40.136065382590914,16.046609169568526],[40.17548826348281,16.023085416232686],[40.18913311083104,16.033572623103097],[40.185209142004226,16.045957734796367],[40.151199515168564,16.061084591790753],[40.136065382590914,16.046609169568526]]]},{"type":"Polygon","coordinates":[[[33.69775221190217,27.68012336064336],[33.70551100673574,27.660417179466876],[33.73912371085521,27.67521893531517],[33.73707253116794,27.706336159708986],[33.71228435983289,27.67976800477733],[33.69775221190217,27.68012336064336]]]},{"type":"Polygon","coordinates":[[[39.949750778658206,15.683752741636384],[39.962900665049716,15.681116779555014],[39.96613347353328,15.690119287177716],[39.956194123239335,15.697378503190748],[39.94357040240555,15.69910855035575],[39.949750778658206,15.683752741636384]]]},{"type":"Polygon","coordinates":[[[33.96988661865515,26.777475999479208],[33.96478544208804,26.758688484894446],[33.99325677005339,26.714595909688626],[33.99502259419836,26.742661526730505],[33.99395686226884,26.767105207634412],[33.96988661865515,26.777475999479208]]]},{"type":"Polygon","coordinates":[[[39.59550635786147,15.952437510071434],[39.6012051194959,15.944046932161022],[39.6099761998467,15.939000431829122],[39.60974427598795,15.94982219302167],[39.605909485912456,15.95910860571851],[39.59550635786147,15.952437510071434]]]},{"type":"Polygon","coordinates":[[[39.4661701466895,16.10631242137527],[39.463887104281845,16.097298481435743],[39.47003619065295,16.048593287708275],[39.485549367698034,16.075091943271765],[39.47733572809928,16.0941795201202],[39.4661701466895,16.10631242137527]]]},{"type":"Polygon","coordinates":[[[37.25665884261228,20.75543249664069],[37.271489804637945,20.76253338094423],[37.28974983882736,20.84252102680842],[37.26381565064858,20.847409205106082],[37.25033139504148,20.769783981351544],[37.25665884261228,20.75543249664069]]]},{"type":"Polygon","coordinates":[[[14.438698518024667,-23.434123927454735],[14.453203967887344,-23.401483521197534],[14.454938590823502,-23.38616919842456],[14.452111499011627,-23.3736487897057],[14.43517584219846,-23.410171248316775],[14.438698518024667,-23.434123927454735]]]},{"type":"Polygon","coordinates":[[[33.92401585013672,27.52750731555481],[33.92909478645448,27.50664649761327],[34.014285938169856,27.466143501681756],[34.03465060421379,27.44798565233896],[34.01620778132129,27.504617556399037],[33.961463383323164,27.536166881181984],[33.92401585013672,27.52750731555481]]]},{"type":"Polygon","coordinates":[[[40.26726552140443,14.980405957519281],[40.311655808637724,14.980410306282923],[40.33885638008881,15.007429854282815],[40.34956709046003,15.010095879001728],[40.3203243380259,15.054556305528621],[40.29151858101941,15.047507169796116],[40.26726552140443,14.980405957519281]]]},{"type":"Polygon","coordinates":[[[39.4346978085101,16.15430113069772],[39.4456760855661,16.117433563737965],[39.45512051075898,16.108912867717752],[39.45540586673613,16.118187487870603],[39.46485916309934,16.115591538634522],[39.45360886067496,16.1482062209552],[39.4346978085101,16.15430113069772]]]},{"type":"Polygon","coordinates":[[[40.13960143968998,16.498552313547055],[40.17624634917328,16.509428889563072],[40.18444211522491,16.517496193219714],[40.17028453739829,16.538571218162527],[40.1609248229107,16.536818585963704],[40.1447740196202,16.538066786584004],[40.135793351498855,16.50926645783622],[40.13960143968998,16.498552313547055]]]},{"type":"Polygon","coordinates":[[[40.674519647570676,14.90642815116697],[40.69261912157241,14.900369607581593],[40.70264762473139,14.895788903425693],[40.71534275559253,14.893246397999825],[40.69509843580018,14.912714981500491],[40.685573800358846,14.91420151488129],[40.67525986162818,14.916080249417098],[40.674519647570676,14.90642815116697]]]},{"type":"Polygon","coordinates":[[[39.86817151209959,16.34528761121874],[39.86838550800427,16.333434775590867],[39.867805826115735,16.323391362151213],[39.907754966050454,16.308669810530194],[39.92010664953798,16.32548825391142],[39.909975599066264,16.32708015349415],[39.88873685907675,16.350097018805855],[39.86817151209959,16.34528761121874]]]},{"type":"Polygon","coordinates":[[[39.92539066460462,15.707556454851387],[39.934255382667864,15.697472969152535],[39.94357040240555,15.69910855035575],[39.95040177387181,15.710024716825238],[39.94779320545636,15.720601250578966],[39.94264736702272,15.729640595689133],[39.93334568788298,15.730966860011703],[39.92539066460462,15.707556454851387]]]},{"type":"Polygon","coordinates":[[[38.342655072978324,18.24434583974097],[38.34780532496899,18.236375526252264],[38.357383476887094,18.233703090764468],[38.35782490023137,18.22443198294479],[38.36915995199519,18.219836545325723],[38.37884509380634,18.224762380811224],[38.35180512218212,18.24836901715571],[38.342655072978324,18.24434583974097]]]},{"type":"Polygon","coordinates":[[[35.74335590100673,22.91288024539063],[35.7295594021376,22.917365338810953],[35.72017747348761,22.9134100476725],[35.73102641096835,22.907433880336857],[35.741496406287396,22.903268916237714],[35.76187008949311,22.894683845336388],[35.75589038434713,22.907906264667346],[35.74335590100673,22.91288024539063]]]},{"type":"Polygon","coordinates":[[[-24.797805620506672,16.773523005939825],[-24.747725483207095,16.73016676610878],[-24.68890545773519,16.748088570750735],[-24.70992120439256,16.753097144853854],[-24.73155226437881,16.750304688794014],[-24.76067025778251,16.79301595529079],[-24.791888386017007,16.79490709305763],[-24.797805620506672,16.773523005939825]]]},{"type":"Polygon","coordinates":[[[-24.75801260926338,14.830080038319934],[-24.709675976297813,14.802214750519855],[-24.677427732841885,14.832019790193057],[-24.69255299637597,14.888790590462698],[-24.699486952460322,14.895133851898303],[-24.738615556770505,14.885679129653976],[-24.759849804532145,14.86313093855889],[-24.75801260926338,14.830080038319934]]]},{"type":"Polygon","coordinates":[[[11.683897140100902,-16.52163013411308],[11.672816240740922,-16.569393080504206],[11.72861747309629,-16.703026759369298],[11.737928014353026,-16.709723448062363],[11.72820717771672,-16.63636681868188],[11.726936332335304,-16.603179821695864],[11.718303491290513,-16.511019277094398],[11.683897140100902,-16.52163013411308]]]},{"type":"Polygon","coordinates":[[[40.2330552330219,15.160411626126553],[40.23124043362803,15.122292723873583],[40.261535564711885,15.110407178132775],[40.27966182303656,15.125633161903254],[40.27034223483959,15.164457269708118],[40.27879672269564,15.15848344007395],[40.29840341764809,15.198170750577228],[40.26760882412609,15.19487023064422],[40.2330552330219,15.160411626126553]]]},{"type":"Polygon","coordinates":[[[38.43960480939578,18.183428251589937],[38.42454201792823,18.181627768045235],[38.43360736277367,18.170066037373218],[38.44036287948996,18.163388834154453],[38.44653876096342,18.17061685223986],[38.45324970745764,18.179136709566997],[38.456107988948034,18.170388012593982],[38.463309396464474,18.19423502928883],[38.43960480939578,18.183428251589937]]]},{"type":"Polygon","coordinates":[[[-24.499228660495405,14.97612420403014],[-24.51212436699286,14.906385130334062],[-24.4999376521415,14.875064739085687],[-24.41314127645418,14.810164292482273],[-24.349906808715954,14.819618042218359],[-24.299501101245472,14.85762281040821],[-24.30661784904469,14.989137212010975],[-24.33026889070206,15.031814773692052],[-24.389516934518454,15.041706658252558],[-24.499228660495405,14.97612420403014]]]},{"type":"Polygon","coordinates":[[[12.149694762367162,-15.146298624595163],[12.241088560317982,-14.834468097356751],[12.215961521117931,-14.844123398728257],[12.214405312777126,-14.897853063392194],[12.187543690299517,-14.954098103197095],[12.167736347211548,-14.975344546241285],[12.169372775675711,-15.0222110450255],[12.118663923876792,-15.109244806131754],[12.119511157838577,-15.138008530202661],[12.141244802300879,-15.127535820870314],[12.149694762367162,-15.146298624595163]]]},{"type":"Polygon","coordinates":[[[10.959890709185132,33.475453690945166],[11.12365567546652,33.29552571252386],[11.140167667197996,33.31374580628605],[11.25183700565699,33.29994965371251],[11.17526084895417,33.329927814812706],[11.142098490936268,33.367679344857365],[11.125162861292637,33.36398875431045],[11.122897600018163,33.38420141788314],[11.13386699040878,33.381829589393696],[11.094417336871594,33.43556842915973],[11.099870788189467,33.46477453000194],[10.959890709185132,33.475453690945166]]]},{"type":"Polygon","coordinates":[[[42.95130097897099,12.93131274311118],[42.961717443009185,12.9319429248648],[42.955278472754465,12.942803366696955],[42.91943175606303,12.958877993774312],[42.91195834806429,12.94194721350666],[42.898946656304716,12.95909964577298],[42.886643985303785,12.9542325858289],[42.912573670833964,12.914780003442571],[42.921255521195924,12.92913975714804],[42.94266373516718,12.91192443449257],[42.93324162424809,12.90837348218034],[42.942891141622425,12.883980189987987],[42.95153732878584,12.902466635510955],[42.95130097897099,12.93131274311118]]]},{"type":"Polygon","coordinates":[[[39.997200010899455,16.059023431552852],[39.98936092768447,16.009468774571005],[40.05312605101067,16.0042695692631],[40.06556248895553,15.988881235449718],[40.11120145401874,15.982082553306514],[40.112463368128964,15.993407850732295],[40.074155167371714,16.02683547822293],[40.0922725193664,16.05173434214392],[40.12379392317493,16.067284940257462],[40.0646751904702,16.097726940162712],[40.04483660781246,16.114002187635236],[40.051899813500306,16.07486479517877],[40.044310415537545,16.050041704424657],[39.997200010899455,16.059023431552852]]]},{"type":"Polygon","coordinates":[[[-25.094081695828333,16.829375325189922],[-25.03187272286809,16.791282801416546],[-24.990153425885513,16.77030810041063],[-24.870729786607445,16.8142826472244],[-24.87176431250504,16.856881408256697],[-24.92257568952778,16.880270073448866],[-24.914625193029753,16.90923632925537],[-24.942133313835892,16.917576877481594],[-24.96769738929998,16.905324124365425],[-24.97169272462216,16.91901454872315],[-24.99999908006771,16.90243576929164],[-25.003365772562294,16.879856197065013],[-25.065191168233138,16.87536724750563],[-25.094081695828333,16.829375325189922]]]},{"type":"Polygon","coordinates":[[[-16.444451237566938,19.66058135735975],[-16.442721055792337,19.61939497743395],[-16.428576843892998,19.602513421781165],[-16.366185119765728,19.72685526988351],[-16.366399099652174,19.7358669155203],[-16.360477454765256,19.79101655925532],[-16.343336640044296,19.85577691035612],[-16.351956137568955,19.860859954143162],[-16.369235117764934,19.844763070889876],[-16.385056001036922,19.817606846995762],[-16.392953107063406,19.83415108950668],[-16.420706504390377,19.81886951617865],[-16.425009558316134,19.736697952406026],[-16.444451237566938,19.66058135735975]]]},{"type":"Polygon","coordinates":[[[45.01066875105376,10.437310870450165],[45.855879168511926,10.832187120268568],[45.800693323149204,10.86339048120282],[45.76167618915005,10.850217591227906],[45.739844441364504,10.825140149250538],[45.73097525034002,10.822586776087265],[45.62813944907918,10.767654775698945],[45.590442228942976,10.75316782285161],[45.564441201668224,10.717519134144691],[45.4350915823422,10.661792474969609],[45.318606544712296,10.658194702737466],[45.21038857863407,10.548612016446661],[45.069057370981994,10.491319920003006],[44.99912526497907,10.453825316787754],[45.00658089714879,10.44579614366263],[44.99950434614461,10.439376142972835],[45.01066875105376,10.437310870450165]]]},{"type":"Polygon","coordinates":[[[-25.35640171211397,17.04187636006074],[-25.319507094290543,16.999242705559322],[-25.319012109654658,16.932017139698985],[-25.292208501446684,16.90789675420265],[-25.243568555107693,16.92142910776396],[-25.20171546616987,16.910341335421798],[-25.078590737678837,17.016435492467373],[-24.98303222683908,17.069121191365532],[-24.97240169797725,17.111172018754978],[-24.99591456086832,17.121847392892143],[-25.024573207676234,17.15993256280954],[-25.03935064241906,17.17667596251545],[-25.11210982895921,17.195368888148973],[-25.22558503638634,17.142936257282006],[-25.283232297985965,17.106842120124327],[-25.339934230814134,17.088153071385754],[-25.35640171211397,17.04187636006074]]]},{"type":"Polygon","coordinates":[[[-24.42470375729332,16.650653334015807],[-24.42578729790241,16.600222713273833],[-24.379176291792653,16.581731465430227],[-24.35457987054315,16.531128992007822],[-24.336012169504038,16.487786347354476],[-24.318858086430506,16.484998511195684],[-24.272269396303322,16.574902065966484],[-24.22795037998645,16.59097094837704],[-24.131268111409348,16.560374838546213],[-24.080929313594865,16.546915125453133],[-24.025096881203574,16.55413444892975],[-24.03108106309499,16.58157340533063],[-24.113511945575755,16.61487515028316],[-24.16560323095026,16.612725837576154],[-24.21181290170673,16.63950270246536],[-24.24063204177538,16.641485080259176],[-24.29122053699978,16.63199175965958],[-24.355039221767885,16.677800737729363],[-24.42470375729332,16.650653334015807]]]},{"type":"Polygon","coordinates":[[[39.93334568788298,15.730966860011703],[39.93949928474028,15.738799792061515],[39.94264736702272,15.729640595689133],[39.952769575579985,15.732945518323609],[39.94779320545636,15.720601250578966],[39.991108916564016,15.739988632365272],[40.02588545975686,15.726172570113379],[40.03142810407788,15.717386285536898],[40.08227079943176,15.650676161285817],[40.03766638184739,15.636849736555632],[40.03921812279772,15.627956504991499],[40.01616012022493,15.642234410393009],[40.01044359897996,15.634921668799755],[39.991001861534414,15.663084815837868],[39.98957496506879,15.64235466507895],[39.962900665049716,15.681116779555014],[39.954490806880585,15.673942802783458],[39.9684299143453,15.641418586729621],[39.96288280115105,15.620574572851963],[40.004410374306126,15.604929463377829],[40.022099647773736,15.606651657480496],[40.03031780040035,15.602107783045627],[40.06209331500531,15.578253111013437],[40.07035605157202,15.583106696672504],[40.11971381719794,15.592779310371442],[40.125475021183405,15.601124289729217],[40.170846320277256,15.586718979101509],[40.26437597803557,15.582337902275091],[40.3245827407999,15.563176108812488],[40.380950297611875,15.568111646006868],[40.41599882656301,15.563639989898647],[40.41010832173668,15.634900183514162],[40.389480527231186,15.634402066009537],[40.37982214566664,15.637412247540645],[40.370935131672155,15.640302143503298],[40.33814739713309,15.64681598977401],[40.33621209347945,15.656485549521133],[40.327235958591466,15.686165409257525],[40.237130861147165,15.693004127518655],[40.217238867353295,15.67881994579791],[40.249469210490055,15.666532457913092],[40.302331830278014,15.659010229418241],[40.28790224446468,15.647502991107576],[40.251578348576786,15.641787830905646],[40.239324744354406,15.615451240794929],[40.16446534218256,15.633508891566319],[40.157197051140415,15.66484938414252],[40.20750464744335,15.67410594541444],[40.20549804125912,15.739937140448498],[40.17618389139648,15.73005266101229],[40.18672966182044,15.714020995107902],[40.15580136106445,15.6768364793178],[40.13701068490961,15.741078745759756],[40.13987790626681,15.778161457539623],[40.14628565070549,15.805562492673399],[40.11580317757172,15.803018235382218],[40.122919911689706,15.790356410325156],[40.12378946914791,15.780959252888316],[40.095567799969885,15.77698142503313],[40.08676106030569,15.79686117310329],[40.105012171628275,15.79946561100154],[40.08356389707427,15.84556753470362],[39.98953486738031,15.883630403798723],[39.97196598962381,15.883192938931034],[39.991706447726834,15.862742601720122],[40.027597716254,15.854588541700053],[40.0447161903886,15.819343188970945],[40.01071557308731,15.832127641530422],[39.98829965754624,15.791527810009626],[39.99928690420847,15.7802683626667],[40.020244694496384,15.768193027993926],[39.96094751414927,15.77490454958499],[39.93334121972316,15.788288177272783],[39.93722510182168,15.764699883032607],[39.928726061431604,15.768600711804845],[39.93334568788298,15.730966860011703]],[[40.32905077813859,15.638498659393344],[40.34178596369905,15.634041374984369],[40.33814739713309,15.64681598977401],[40.32905077813859,15.638498659393344]]]},{"type":"Polygon","coordinates":[[[36.60319096743791,16.192848964234237],[36.96011080041715,16.90668932205217],[38.38778558650978,16.07387505872917],[39.47294350333327,15.638794931180271],[39.46727597386349,15.660066467230081],[39.447678277703,15.698752244074683],[39.44770055903696,15.70854373947786],[39.42546748806751,15.76192333739978],[39.441243774331944,15.797706457758238],[39.33773019875201,15.87750582178949],[39.30237399483155,15.912595241996387],[39.22981103746869,16.139159962026238],[39.20253914328854,16.3169636938211],[39.17813450534528,16.47440280537622],[39.1677492725047,16.507389595019824],[39.157876861800716,16.516931857665423],[39.15855458109718,16.529555808174482],[39.14987274877554,16.5244089100074],[39.14680935821348,16.533685223198166],[39.151094507078255,16.551843469733193],[39.15442544519408,16.539605680688776],[39.15966044340204,16.571418846058872],[39.14138258524758,16.606085562192252],[39.143933191439956,16.618062744615337],[39.14273821047248,16.63261977394474],[39.151830249842384,16.63673426239271],[39.1448874292254,16.64550110816154],[39.147299834562084,16.654258933871937],[39.132910343287406,16.718935415297334],[39.04233709148503,16.975830389845964],[38.98328515788944,17.20679325944372],[38.900724946841315,17.46091150780228],[38.77900926756197,17.675920068274976],[38.64655169772668,17.868413292004824],[38.62721254536374,17.918222516165777],[38.61483414902522,17.918583191249994],[38.60679434317977,17.925392717126787],[38.587004843146865,17.96772927794027],[38.56941821149529,18.00375403773776],[38.582563616926365,18.02387536365206],[38.56990868838168,18.02345981268533],[38.557231453889415,18.033992391542046],[38.56190904464777,18.04752607781066],[38.52869764338939,18.095089208923717],[38.51721099271892,18.095589358865492],[38.51717531801906,18.074814970507816],[38.524836117158884,18.064441678843497],[38.515137579206474,18.06531919819187],[38.500899630856004,18.053431840035948],[38.48686682356171,18.063572615134017],[38.49466137786334,18.06951602806941],[38.463652793951404,18.081927977580616],[38.4673894532015,18.09262656430291],[38.47946471892667,18.107859525270932],[38.46447766273779,18.119921217760563],[38.455702203943524,18.126078792510025],[38.45413256208868,18.111135650201664],[38.44015773189021,18.101824172408193],[38.40396325064332,18.13056240311313],[38.398804090208586,18.142139397980934],[38.39715865123664,18.15102084538873],[38.39591458623901,18.160160261868043],[38.405055712226094,18.165854664459513],[38.38000890314081,18.200809441848218],[38.35804340089224,18.200995828433552],[38.354547465076884,18.192061831573522],[38.36487474108051,18.18693595128534],[38.371590167237045,18.18043305418481],[38.327280077652816,18.176289750002223],[38.25839587508229,18.21621930089256],[38.27563924177364,18.249897770464756],[38.26103566117317,18.260662305120025],[38.24458159943922,18.23200477083079],[38.189600844424625,18.2306199012899],[38.15652321910554,18.24271539635656],[38.16200347332273,18.251752582383286],[38.10756236530603,18.275461400093423],[38.10708073828384,18.290398964078378],[38.094354493950846,18.30115674935952],[38.10267963307567,18.307633978161036],[38.079407530137495,18.348219051561017],[38.0947959541659,18.396872112197276],[38.10490026641256,18.40049825567536],[38.117011192920124,18.40570665307956],[37.98949423045084,18.503841932755083],[37.92547045547197,18.57534491218543],[37.798497562500074,18.62016426607911],[37.78077709062118,18.64297302954925],[37.77271060180131,18.637252162187558],[37.76254386435401,18.64259701448814],[37.75955181826358,18.6268661239403],[37.74112235381913,18.634983169240677],[37.744435417976966,18.64350543015746],[37.73669444334745,18.648862739688624],[37.73679257229865,18.672170407175432],[37.75000035429917,18.668474012019825],[37.75949385202276,18.671549364949],[37.7538798147635,18.68194112081228],[37.74491700574231,18.68806187921374],[37.73450945681911,18.709982997646264],[37.69895260706584,18.70886799242745],[37.67385681321171,18.738949180205186],[37.63533012282571,18.72283447727209],[37.57905179767134,18.7141768235149],[37.569487032458134,18.710498265417908],[37.571279600608555,18.722483995158857],[37.55052248124361,18.716402550282805],[37.51215194107428,18.730651353431615],[36.79354995141078,17.858473586741578],[36.60319096743791,16.192848964234237]],[[38.45685712396212,18.10148503893832],[38.458239422718144,18.090024056161877],[38.4673894532015,18.09262656430291],[38.45685712396212,18.10148503893832]]]},{"type":"Polygon","coordinates":[[[39.791122649752374,15.405742102904744],[39.779493345863436,15.38529991202963],[39.78398815437586,15.344964255978967],[39.78466591859319,15.277587515953144],[39.79973768407899,15.26181753014227],[39.815317736721575,15.276705694199963],[39.822184774552085,15.267663679973149],[39.8263986067107,15.259404240175432],[39.85336723838683,15.167835729841276],[39.83891980081147,15.137487746174937],[40.11289587982102,14.051334507361489],[41.12416649012611,12.980578625128835],[41.16650561838513,11.922934861995882],[43.40201353370323,12.157691994475693],[43.4018218111218,12.167225116027113],[43.41321926685874,12.166514671148898],[43.40793523487707,12.17421677251027],[43.39441079236056,12.245504395213128],[43.37188336227959,12.288140543209417],[43.3489546813021,12.39337442365303],[43.33895738042204,12.39975467317538],[43.33418617176021,12.407968232100938],[43.323684931893524,12.472052096526749],[43.309616533291276,12.458310941661908],[43.30098814844364,12.454905976412245],[43.14541455270197,12.673105116389245],[43.13596130105323,12.710646929369462],[43.126690772079975,12.70970731113034],[43.11795095734265,12.71554473493549],[43.10403853186266,12.73412184227075],[43.09794296272607,12.74206373338183],[43.078019683891654,12.826147535166587],[43.04312278139138,12.841347120309688],[43.020983323850594,12.869387471877637],[43.01540947478884,12.876812143022404],[43.0052650087283,12.887079438139294],[42.99614616315929,12.889161555811112],[42.98988110792317,12.868248487960038],[42.98958678288501,12.822782324851278],[42.96708175206471,12.814108095771939],[42.934646248877606,12.800463580635055],[42.91955661556351,12.78476144447093],[42.90755719621836,12.79162337480515],[42.92840793801441,12.809303478910438],[42.90650488129489,12.807968566028586],[42.87492997008413,12.817760455488122],[42.831529512045456,12.859002016550766],[42.79624021437707,12.842094900441023],[42.75799892391008,12.872973745973061],[42.76996714753549,12.889904871713643],[42.75187657824346,12.945893242970827],[42.73155649473321,12.97147103381374],[42.74734616145907,13.000861012700613],[42.74804178725187,13.010215167928362],[42.7303792727728,13.04264577849249],[42.67380663725308,13.05375762976196],[42.60990331217288,13.143303350546715],[42.596160363875626,13.151414603176427],[42.59049285233251,13.166685420951621],[42.585320235124996,13.158396664065123],[42.56151761002577,13.200402155537153],[42.54498320518065,13.198183762608295],[42.550186988062435,13.229391473132479],[42.529429883715615,13.215544037181132],[42.4983410021992,13.184469133246546],[42.390216762256834,13.20849415805697],[42.34413195731791,13.434327805561656],[42.30506129131076,13.493898912995386],[42.28940542118455,13.564014834090726],[42.23158423250573,13.625681415944017],[42.23109816621859,13.611003038874108],[42.20494999751754,13.596293412975426],[42.23914237365782,13.564235970803868],[42.234509417479934,13.555046142564171],[42.23621721856444,13.543866160456492],[42.22586322538584,13.551734266585822],[42.18163341753977,13.609672516987356],[42.17548426697134,13.617841736462912],[42.16175026990878,13.63287068666248],[42.15483415474967,13.638972186915183],[42.154160832597256,13.651235284426354],[42.141051099965914,13.646663745475067],[42.11461308829836,13.634517411874016],[42.073014129553236,13.720901736900739],[42.040534041163006,13.749602810062578],[42.03024690532648,13.771873378805124],[42.01417633140975,13.772319444311526],[41.99839999770913,13.823388152968043],[41.972452461316706,13.83335549283052],[41.970584102582045,13.852427331813107],[41.93915641344803,13.84585519119743],[41.922894012875595,13.862008178888296],[41.9138108471953,13.870679455188613],[41.86585764736212,13.862298242322128],[41.80180266398638,13.925336188962453],[41.72999781764417,13.915212603724571],[41.721311438275116,13.938605601515416],[41.68858611821919,13.934978881472977],[41.65249861088891,14.017505195739998],[41.651209896167295,14.031677772961894],[41.64110111816765,14.035393805239014],[41.56125647997147,14.1237911172596],[41.461555453885865,14.272368783933105],[41.416719174404605,14.314023936960954],[41.374045616865814,14.386426672219766],[41.336526731659056,14.424009798327122],[41.29947159990935,14.507415460496857],[41.210084421843725,14.582569007187832],[41.18972867888742,14.623190948425808],[41.02075991818121,14.670172524862302],[40.97420245912061,14.670703068355044],[40.961850752521194,14.695018230144463],[40.93426228915807,14.701690699535247],[40.89103574701523,14.72149127616026],[40.827239380560314,14.71917100052217],[40.81212306452027,14.71503936612632],[40.802348721305655,14.717044814950496],[40.77753822610508,14.708867560497081],[40.77965187601631,14.72469129530198],[40.76758557213759,14.73804720108105],[40.74590542166161,14.741303014504352],[40.72739122942473,14.77621712222592],[40.74717626609012,14.817535936444257],[40.74106726614924,14.846739694443068],[40.73765604245547,14.835381928722814],[40.67505921052025,14.890453983654172],[40.64681078423242,14.885248215877755],[40.614955000799306,14.892944796503022],[40.63744218998113,14.941983416336472],[40.63724605560871,14.951000552081021],[40.62784624337667,14.952099176755784],[40.62736915089606,14.941285483892958],[40.617835543875394,14.94160862192155],[40.60241154738613,14.951892383192945],[40.58991267695492,14.945796284872412],[40.557900800285715,14.970360492070812],[40.56577552996332,14.978549406160933],[40.5621413744612,14.988620335389124],[40.57409175523742,14.992272935112425],[40.5337279578072,15.017408986306126],[40.53030343308665,15.00223120101369],[40.536202812131506,14.993435903274587],[40.54198179694453,14.98618233287618],[40.52282549235537,14.9754909995596],[40.513332041653015,14.944128959133826],[40.50151548722638,14.95927635194746],[40.48365678405593,14.962869163465115],[40.46692177301904,14.976374029459716],[40.44307889968484,14.977300190825481],[40.46483042469059,15.000086265779192],[40.45319663167623,15.004539826567532],[40.41206584945653,14.978997391775643],[40.43163240966946,14.969770387611756],[40.387398165830035,14.952400746918578],[40.38662224021146,14.975973444391348],[40.37687017547983,14.986574292031994],[40.36958399578182,14.963325860957852],[40.35821775791534,14.946649309204702],[40.349312928337724,14.94193604135892],[40.345647578590636,14.928174785464991],[40.33719314526312,14.93209128540285],[40.329576952463775,14.921569610392012],[40.299464643777796,14.902416437288892],[40.2605010232952,14.93368542191736],[40.20944876305006,14.949290231106975],[40.156318608192414,14.99877258667264],[40.163488848616694,15.026043960709416],[40.14157683129377,15.042641065974806],[40.14665574140454,15.050603318238812],[40.122710334573156,15.059224002008134],[40.12368687015271,15.068365404150926],[40.11319912070364,15.065971355072495],[40.09574620120903,15.074556955871538],[40.102943176849074,15.08276768411207],[40.091438702539826,15.087973009870081],[40.10021418928078,15.092954276138942],[40.094002662018006,15.122615605203121],[40.05457530095654,15.193906352067671],[40.03845563845547,15.207508427354119],[40.056363404206564,15.233186859778447],[40.02823980965146,15.234348482327961],[40.02218887946233,15.245457022853408],[40.03175805291995,15.248502934920532],[40.089070880924325,15.324232276922778],[40.07958192401056,15.33715936634109],[39.981249815116,15.400475905066205],[39.96195081542023,15.419627056938143],[39.95217651716438,15.430747185807126],[39.883613376903995,15.484877983819835],[39.8921391473254,15.491027295877469],[39.90334043481166,15.500257294252357],[39.90231929826554,15.509791940833017],[39.8831228856468,15.49440904556268],[39.87015135739852,15.50592913647402],[39.86767210691399,15.484809215383276],[39.85633699990282,15.474164749192736],[39.8478156963576,15.456574482639713],[39.83603029376759,15.478234373840122],[39.83001051103263,15.434198728206136],[39.81900098174456,15.438234825463804],[39.81903663737637,15.447510112006928],[39.816820450947986,15.457825144138472],[39.80695250217377,15.447295227574426],[39.791122649752374,15.405742102904744]]]},{"type":"Polygon","coordinates":[[[12.152807289366933,-15.16807247603391],[12.134984210011533,-15.197344600173928],[12.118927032268282,-15.19298970907687],[12.055166305106965,-15.236637339356639],[12.04536971066811,-15.350025497644534],[12.030110609999474,-15.471431549725104],[12.010967693305863,-15.585202767789884],[11.975803258755557,-15.651637952826523],[11.925977250063315,-15.679936123787128],[11.890170633201768,-15.773999073080073],[11.831823364559927,-15.803241340190093],[11.810994890716664,-15.797740811354839],[11.814646868409488,-15.788816004758344],[11.772392431524356,-15.789223644939101],[11.73170759999777,-15.887297345177604],[11.805768807013303,-16.02971125025608],[11.794678977723503,-16.169364012022957],[11.822985427896253,-16.526743017968663],[11.822245154489766,-16.5856931844432],[11.820528422010995,-16.605406160394356],[11.82337783056787,-16.642211380738893],[11.82053737955982,-16.65160601284275],[11.824461380896397,-16.66441759936823],[11.822887327456396,-16.681516936359543],[11.819895220899824,-16.698969269881726],[11.803311854696842,-16.80651814148672],[11.793733714340481,-16.818491324556895],[11.778238327951138,-16.827966873515816],[11.772205104655729,-16.927137040616618],[11.751648732290121,-17.174835504129682],[11.752339838836255,-17.384636402476175],[11.739493147520296,-17.59186765663194],[11.794656719768382,-17.872381424893618],[11.82086289566099,-18.01753598059956],[11.855336146561967,-18.141715641949514],[11.957752822515978,-18.26161935740992],[11.969680935192192,-18.321387716363517],[12.004082838652455,-18.40202987721732],[12.024327192842277,-18.47851092765137],[12.218293648924199,-18.649120530159653],[12.330725393498184,-18.753310108970936],[12.468627532875274,-18.943627222214605],[12.490205129377017,-19.016415341448887],[12.583846300586877,-19.112986877719575],[12.706698921675569,-19.35317141179614],[12.72169490237491,-19.41552605681444],[12.792322581022873,-19.53905411911811],[12.796273358554826,-19.548109867361767],[12.948721148481567,-19.837968162179905],[13.03349305325605,-20.000332934704804],[13.07428044566815,-20.094998161384396],[13.178993515461084,-20.19471198009939],[13.207460433812669,-20.24468934802111],[13.240065382218425,-20.328431402386773],[13.241322839568722,-20.337968832077113],[13.260809185065726,-20.474355004321012],[13.362267084067463,-20.680830454339397],[13.396321261414387,-20.838403683406597],[13.553245885317693,-21.06610521597039],[13.587201952011052,-21.144653944667102],[13.689872763720022,-21.27009911159524],[13.81780439771997,-21.449874102781276],[13.859376536378265,-21.517030467411637],[13.901952100690908,-21.616137747201577],[13.980088936223762,-21.73528844239142],[13.952161588919806,-21.774392637325818],[14.111623459746335,-21.922065522641333],[14.290950659327526,-22.13842231133688],[14.300742895478413,-22.181610906484877],[14.405246349536856,-22.311270492817716],[14.487677324869386,-22.507742145639774],[14.509879175734074,-22.577067293226328],[14.521887483673458,-22.68346024863042],[14.533619422281857,-22.771520837635027],[14.536210189889143,-22.907462646498118],[14.523238578610956,-22.92145598441701],[14.5137541516204,-22.93216252510822],[14.483450078967705,-22.96181773082428],[14.463522363449046,-23.017419122238888],[14.453493855060438,-23.0209896641961],[14.456632988327993,-23.001691301453842],[14.418757457878574,-23.009887901863895],[14.432188260322793,-22.92849107053392],[14.406749052131975,-22.961867020656015],[14.417147694735204,-23.06539971982149],[14.500189509599645,-23.329815932528767],[14.497884185084246,-23.349374053042098],[14.494499712246817,-23.36054585707051],[14.486067523730888,-23.368618135602265],[14.496974542144315,-23.369706965854956],[14.482897112328097,-23.40338649350998],[14.472614422106515,-23.429868859732693],[14.477925214362065,-23.462579960101873],[14.469100713616928,-23.47130045302755],[14.464811002806764,-23.462792632799207],[14.45634318385855,-23.45182171268408],[14.453311020853363,-23.442928110171163],[14.455023256933773,-23.43366973217939],[14.438698518024667,-23.434123927454735],[14.50934850738404,-23.642623574993703],[14.5054646696695,-23.783163910564287],[14.5101199367909,-23.921799825565138],[14.466639230221034,-23.94523912322657],[14.455696589662304,-24.04452876500086],[14.536638196185974,-24.29602760007541],[14.616692485465983,-24.477719822554334],[14.600403394418876,-24.55952939690752],[14.769166940889864,-24.765542470169958],[14.799056292685984,-24.846152012960637],[14.801878887207081,-24.933409341839052],[14.876684796525145,-25.092268976193047],[14.841943952429514,-25.16947665991938],[14.81142144878726,-25.278961059149054],[14.809200738553578,-25.310225957919723],[14.822377372035177,-25.39980716631219],[14.840735493157887,-25.44461109508815],[14.852311361051353,-25.483743029022193],[14.883141585877093,-25.562266298660315],[14.840744488877293,-25.652045872216057],[14.847036274498794,-25.730161536659388],[14.829538715618336,-25.744171889273527],[14.858754772059273,-25.790011404730656],[14.859945375997764,-25.79915715538128],[14.911260676734713,-25.856793301839684],[14.907220739030885,-25.86647955954572],[14.921681639611363,-25.95034419619706],[14.959311969350649,-26.017319926904772],[14.978945360847982,-26.111511871598264],[14.94601047613416,-26.142770930053292],[14.938033123599464,-26.13324360460678],[14.945002735097553,-26.162972032466637],[14.969804259332243,-26.193088968429272],[14.966664995019968,-26.201835270532253],[14.950228761713232,-26.283153200947297],[14.968337128302514,-26.335656410217133],[15.095256558111519,-26.411389283274307],[15.098395727073367,-26.421472930319123],[15.124102526151434,-26.453654629199765],[15.114256813733906,-26.462149723332214],[15.141011363601768,-26.522044787104537],[15.148739015845841,-26.57835951003442],[15.175850360998716,-26.588703598752904],[15.155026326812253,-26.643841684418103],[15.150179306961185,-26.65241836240852],[15.148141486117748,-26.6651506448215],[15.151668691835795,-26.680678490697098],[15.141519723650413,-26.680519169976105],[15.125832581649094,-26.626897590002766],[15.123036753211624,-26.638640333361725],[15.111661563217602,-26.644327889282813],[15.091015934291773,-26.64710583664686],[15.081540338898217,-26.66288724692149],[15.094904276260074,-26.73886646421654],[15.109668380863171,-26.743485786295953],[15.119041392994724,-26.79880377719508],[15.125716678961316,-26.82171527703895],[15.140668085374896,-26.845704413804196],[15.156105424938538,-26.853219538298777],[15.15986001308413,-26.875535442938666],[15.152087845889762,-26.886114978894685],[15.149653161985027,-26.895035287642244],[15.153171386801693,-26.904491663405487],[15.184228976861126,-26.918714557694397],[15.220325469687399,-26.9240382742573],[15.236066095615282,-26.999457245616],[15.234054989185173,-27.05696118226628],[15.241818305739178,-27.065713038346157],[15.25601159504421,-27.094437860545845],[15.255940248791694,-27.134640218292855],[15.26446602774182,-27.14523508328594],[15.26277158886953,-27.18787440265146],[15.285120620367872,-27.270198980259867],[15.285272268612255,-27.279211643705363],[15.28743938869738,-27.288845623828472],[15.324637173683564,-27.36867594585056],[15.359699064632208,-27.41014103491382],[15.366980812004636,-27.420254475749736],[15.391211540099757,-27.45886333620655],[15.441001923953236,-27.510518429973157],[15.482172731949987,-27.590184586099063],[15.530076894101088,-27.660385590792437],[15.522211008982755,-27.677185501985196],[15.553781490305246,-27.757298655661007],[15.579225082605817,-27.78200556654077],[15.584830216149738,-27.789879750490233],[15.684134357173459,-27.915709099196814],[15.682667316421007,-27.955273517576128],[15.900757527200307,-28.167388568035474],[16.195240952133982,-28.417744154275216],[16.38431580883297,-28.590792275973254],[16.50516186792013,-28.669160261121057],[16.51188175587158,-28.677129529094735],[16.517361992682044,-28.6853212735222],[16.529508609186106,-28.6949908648773],[16.572061803125063,-28.738758875237977],[16.56271992731016,-28.76477949387112],[16.57402827707758,-28.794439605029236],[16.583129287638215,-28.803298054221827],[16.582451525153683,-28.82329044057585],[16.588052099838155,-28.83083003352909],[16.59667158668067,-28.84052908465052],[16.598058319609564,-28.849481342423303],[16.605531812673174,-28.8773915060972],[16.69323781778949,-28.935078187892653],[16.721530846967067,-28.987588164185553],[16.742577831046912,-29.03315915851644],[16.81522104259413,-29.10272081804484],[16.854750931270257,-29.235769491168107],[16.86127013635012,-29.243551450888145],[16.91635784940697,-29.34278069421623],[16.941868413847764,-29.386438028045124],[17.00633805795611,-29.558048631237117],[17.004460854820373,-29.57974024416024],[17.034069269656644,-29.636509016986917],[17.095158967315964,-29.855931794824677],[17.129128373825633,-29.94398968258083],[17.162210395985916,-30.00534067155984],[17.19271070863818,-30.108269148293214],[17.191328399959016,-30.117511298510276],[17.223001368119387,-30.18691871805478],[17.229689965847058,-30.194399870606738],[17.274780391543,-30.326048963567228],[17.92263658425105,-30.34901577586149],[18.859549450158823,-30.259782352948523],[19.90651508018614,-31.354333850886743],[20.320114602665306,-31.615554491393016],[21.334189978914033,-31.925404727775952],[22.610025204295766,-31.782546789562954],[23.047403343237214,-31.687458918451092],[23.808830567253437,-30.497726477751158],[24.989637564717743,-29.917748038170057],[26.18829154362002,-29.641121133003512],[26.8069517100477,-28.974871748390957],[25.75998601533329,-27.880320033315765],[25.09373828879551,-26.92853481008702],[23.904010029679583,-27.21407360043024],[22.857044311034667,-27.737555091865353],[22.333563694901024,-26.452644545529612],[19.954102621340343,-25.453271933441876],[19.287854973667756,-24.596665798864933],[17.812587563029947,-23.793888884813107],[16.432500847805276,-22.931041355189812],[16.194554319882645,-21.598543139069516],[15.575894185652233,-20.9798834223005],[15.100001062934686,-20.646760037042885],[14.481340943896535,-19.742565471955082],[14.005452310361834,-18.64801355134268],[13.910272771876446,-17.83899563575303],[13.196433079893133,-16.316141986700476],[12.152807289366933,-15.16807247603391]]]},{"type":"Polygon","coordinates":[[[7.333406355459021,16.837651039239187],[7.873127091663044,16.823899262811793],[7.896583023339199,16.803874794619556],[7.511703831999131,16.809599845634413],[7.894995031996642,16.775839597474764],[11.34818907496148,16.53490289969678],[11.307823217832055,16.55405221739534],[11.391954225171723,16.540013366740585],[11.47608513433435,16.525973489253033],[11.528836367016181,16.659504964639],[12.677712273954162,16.525973481841834],[13.698705871362316,16.518546575816956],[17.584443888731755,16.26586245743604],[20.8987498239632,16.050080253948888],[21.677781537023524,16.171942141890455],[23.070008992237618,16.050080279368597],[26.990169468201444,16.050080277135795],[29.179273689065592,16.05008025085337],[31.3297118963662,16.570638787299135],[33.7478368210323,17.287400006566937],[34.36054992094599,17.78711079872284],[34.98515704002288,18.144008145213558],[37.51215194107428,18.730651353431615],[37.42683592111748,18.8520130000787],[37.41255789123434,18.90339080405397],[37.41361028374839,18.921167057869948],[37.41026150790006,18.931695247443397],[37.39540821873128,18.956802434498105],[37.402297529027976,18.972312796596707],[37.40668084286016,18.981361983530103],[37.409552494194635,18.992329043774365],[37.400054595838164,18.99495162065111],[37.395314582349485,19.009328530266146],[37.39171164742442,19.018051097268092],[37.36671833586644,19.083642918111856],[37.348079306157764,19.118940127441295],[37.35742116098349,19.12302681034739],[37.35594515707008,19.138407910989905],[37.33896491582648,19.148442139146805],[37.3309340542602,19.246932041939182],[37.32422757287852,19.253566624018777],[37.32494102708548,19.263358094006524],[37.32187767541084,19.284643854601804],[37.327603161430424,19.294534476619887],[37.317917932028344,19.30062425988076],[37.31257595217768,19.319115344986912],[37.31263836746473,19.378593139526362],[37.28992816677431,19.46180125839294],[37.28106346431985,19.479096915665963],[37.29421786040858,19.479866222701915],[37.241212531978825,19.578021655324882],[37.230466069821226,19.604386944824974],[37.24269294998667,19.622759379584203],[37.23973208341209,19.640856709174262],[37.233319910955274,19.655496094792152],[37.243005085856474,19.659086400859977],[37.245065132189055,19.66965965408615],[37.25976679479454,19.679845818129255],[37.2599540971885,19.70018695825227],[37.26438642375528,19.84350477960553],[37.233863891378114,19.897015423240223],[37.22940476385196,19.90610959178453],[37.21444450466645,19.941747581140316],[37.190476846806035,20.00213045784582],[37.19156929350505,20.01385821866008],[37.19399505921549,20.02804010685985],[37.183391354955724,20.026389469033504],[37.19168975829627,20.039087235475417],[37.20104044696338,20.043561212366743],[37.21627277577124,20.11760142438654],[37.2041662520698,20.22277391785764],[37.192893659591846,20.21879464932745],[37.19577874002104,20.240451220607426],[37.200130781347774,20.30073569516642],[37.193776611257455,20.307623516131642],[37.19513664944543,20.378557918898636],[37.20137490879948,20.417113797109206],[37.18982138717227,20.459211125495624],[37.23294083747479,20.462616064728223],[37.23206245093617,20.574976783343306],[37.20841132118103,20.63394506689595],[37.17909723632039,20.707006012741214],[37.16946108216214,20.780269451376718],[37.170718574520976,20.789807851189167],[37.16839536024001,20.800592099438727],[37.15795664934253,20.927130984519394],[37.15314529276145,20.939950147924403],[37.09161857399643,21.059226784176122],[37.10567809296141,21.075213533480508],[37.12378205276707,21.074901452999363],[37.125110854424115,21.100272044808563],[37.12555233772454,21.152143915325414],[37.0989716640094,21.17102306600954],[37.1122106953859,21.209011177306298],[37.143281752931856,21.226602793954058],[37.17202059799841,21.20040163854956],[37.15715396120853,21.148500925477656],[37.171449826240114,21.14646724872639],[37.182695698144876,21.146716756910255],[37.18909898528175,21.161587962033394],[37.1999568877965,21.160286373863443],[37.195042995434704,21.146849869541438],[37.203171889311484,21.13239306530924],[37.20496449421741,21.143223309671956],[37.232829426573176,21.136822602736544],[37.25515609480416,21.07463097951017],[37.27408503367803,21.050625108145518],[37.23049727245301,21.084154861604063],[37.21694163784143,21.100425965827903],[37.207907511679515,21.09241338763522],[37.25575363761704,21.011564153203313],[37.27582403182329,21.018590546348257],[37.297575527770796,21.022544765262534],[37.29869474236371,21.032596364721602],[37.31942955887818,21.066267498456728],[37.28334655062426,21.103491936590217],[37.21627718748723,21.195213174478504],[37.11011493654606,21.298049541311396],[37.061158468028104,21.355404487898017],[37.05042537156124,21.35669608908656],[37.04749132958718,21.380988524283268],[37.01176497186623,21.421749229927787],[36.96848053157082,21.50024530920901],[36.94118631986765,21.56373737959572],[36.91918518053131,21.601553159151347],[36.916572118214084,21.610785796755067],[36.911618012297,21.63955797487227],[36.905986183740914,21.64849394749625],[36.90017151522714,21.688570588999966],[36.90086265995506,21.71714493087179],[36.877795771013446,21.76476043429877],[36.87810791999146,21.794321634566103],[36.88444426591605,21.831849239627033],[36.87504005282636,21.917817097796473],[36.88289693831322,21.945969364358437],[36.86807942031005,21.977688751251694],[36.893340213434286,22.05136460663055],[36.877064435980564,22.069168106010057],[36.796831894991996,22.132932939149363],[36.773925426912704,22.166848698181983],[36.76287136710704,22.16698084004608],[36.72641816272396,22.165960865627692],[36.63088196747037,22.245126733984073],[36.512002303062154,22.324800748249345],[36.436210961435314,22.363371180167675],[36.4140136085455,22.43440078592319],[36.334119827490845,22.473105657288926],[36.29558435039134,22.525985967232845],[36.27756507093439,22.583309161845374],[36.23073111431274,22.63254597991388],[36.191892383674016,22.648205351277806],[36.16973956305224,22.66093320719583],[35.96933867061094,22.69314058592487],[35.96286846900812,22.70174660476398],[35.94241014392879,22.691322211670123],[35.94204003023479,22.706506012746296],[35.93157449782499,22.709784408200186],[35.93193568516086,22.70077580543445],[35.917782482968086,22.693572601573848],[35.92084591247825,22.707151787388458],[35.904695047527255,22.71696214531939],[35.89302563335415,22.715888547921065],[35.889048106356704,22.72457539561869],[35.88142750743813,22.731275182858184],[35.802724348683526,22.81537973337951],[35.794194060387696,22.832637453230554],[35.791777278493775,22.843223622790696],[35.78166844068875,22.844300256207394],[35.77706670025629,22.856857885018385],[35.78641737002089,22.852580348910042],[35.7740523259985,22.879290953571388],[35.76507164662367,22.874562260072505],[35.76187008949311,22.894683845336388],[35.75477116993915,22.8731982003158],[35.749549544143356,22.861969308344932],[35.72989384952972,22.88622966484501],[35.7221127104696,22.892026002547233],[35.71925891947379,22.90210647039652],[35.72017747348761,22.9134100476725],[35.709876947390015,22.905096732470387],[35.70483816208242,22.91701618018454],[35.69827438002896,22.923813333266512],[35.67704454746941,22.94423975246002],[35.66290921341241,22.974192029555873],[35.67113628371479,22.9686537093691],[35.6354902015183,23.118313302578407],[35.5706192444989,23.222225607013122],[35.532480484188845,23.4237847982022],[35.48816149391857,23.492363105075928],[35.489989746614555,23.50254964058648],[35.48991394978176,23.51231014410337],[35.502082822773005,23.595607004235916],[35.49641976814959,23.618349278908052],[35.495862407233616,23.628722165387924],[35.5100244548324,23.63299120248466],[35.50097694839481,23.741728780964845],[35.4848929833574,23.756969029240135],[35.51135327589118,23.763768214907497],[35.49785117378203,23.782882343881386],[35.482262117122914,23.77454171922967],[35.484045790041584,23.78353115437544],[35.47466381041866,23.790977700767584],[35.47694688743192,23.844147880143712],[35.48817043596861,23.868376060233363],[35.48265902158131,23.878553725019323],[35.47372297848729,23.919362321120065],[35.48002808304055,23.927404290731186],[35.50996204440527,23.977585043417513],[35.55565449565641,23.95501544147574],[35.6089451940405,23.92652801842049],[35.67334352281616,23.916778070269114],[35.69397133063831,23.91162154692656],[35.73934711592241,23.93735317555432],[35.76320774488867,23.932780309825397],[35.75034771612959,23.971497855319853],[35.65077157027958,24.0052139713518],[35.60319740473115,24.015930661808646],[35.57466810792286,24.095188840098803],[35.503019232159915,24.139359210905237],[35.49062737317995,24.137641972756498],[35.44064535745175,24.175484248797613],[35.37757577192137,24.287801481940726],[35.30678757502748,24.361975964637868],[35.229078817489956,24.406776504842593],[35.18157158426022,24.4787831171137],[35.13568297690043,24.52103906831671],[35.15755933144621,24.556633550096862],[35.160711912393204,24.569915557067986],[35.125155002771685,24.61066517995776],[35.11220580013533,24.609461114548935],[35.10201231507477,24.65277543177487],[35.107818065654875,24.66597831798167],[35.08390383641451,24.687570792894846],[35.07499901700184,24.744862475288787],[34.992420965298855,24.8358050409975],[34.976979047895476,24.90618950561937],[34.93629426909554,24.963392280815892],[34.94447224196184,24.99254353751552],[34.829262430533056,25.188132416246553],[34.800679597582764,25.22995714998378],[34.73799803262882,25.337565473640648],[34.70821119901069,25.39131969777713],[34.6582603419417,25.505312485067638],[34.64244841397405,25.53016142768653],[34.62071923508495,25.593727196425533],[34.585091027427055,25.63358641207532],[34.57449173197004,25.66467886725314],[34.52751952479837,25.75315247577483],[34.475000253444456,25.81203942630267],[34.4254818953232,25.852419455969432],[34.42226246132575,25.861785040592732],[34.41993036749498,25.87240568838309],[34.37686434935442,25.963001520845918],[34.33370469804169,26.007036932340664],[34.29748793072209,26.084437733090784],[34.214860737264694,26.222106079065142],[34.16956073294594,26.339284968132304],[34.08265288162964,26.462904198634842],[34.04721190181479,26.545446812618557],[33.99303831433388,26.631716846574996],[33.936657442649604,26.667565424288522],[33.94311418539872,26.742988078625476],[33.957891699819434,26.75192753038428],[33.940804356268565,26.79549221535554],[33.96635507167773,26.86243677436371],[33.99431808836679,26.839652909706913],[33.99479521415295,26.863431257273195],[33.992092970739385,26.901592840475253],[33.97030135533213,26.890414200765946],[33.90006608294033,26.991256436113147],[33.90332567252707,27.008789620044478],[33.88386610023187,27.039105783037066],[33.90434674966574,27.050007604737335],[33.865427761755484,27.08477112935529],[33.83107485243309,27.1086208343431],[33.82853757614002,27.157594569856112],[33.82724450537129,27.166596484847986],[33.8270794946471,27.17765645390703],[33.834267539179535,27.188528933161642],[33.85037827976551,27.203092553967036],[33.841981835913955,27.223237500288736],[33.84641858987116,27.2313301047951],[33.835551738278554,27.25558459208924],[33.82489897428603,27.259489114093963],[33.70899357573053,27.323138644037705],[33.683362683661095,27.383346665977466],[33.68148536249537,27.404452562188705],[33.67751678174856,27.418904776575374],[33.629612677012524,27.46428392156686],[33.608168855448234,27.49949165185045],[33.57715134895483,27.52453760819769],[33.55504314710266,27.539326025051174],[33.559109834568815,27.588145273047896],[33.49296346155051,27.646557538182652],[33.5356192345697,27.679250692642956],[33.54720847267474,27.668928059185184],[33.55635851744997,27.675988935631892],[33.54259330080957,27.714207853746018],[33.55563171692894,27.75822202184744],[33.519771593477614,27.75006938940375],[33.469686985861664,27.812560000705417],[33.47938111258912,27.833662180610084],[33.56623098719468,27.807215760635454],[33.58201176525772,27.789962594803207],[33.57546580995234,27.85149975449161],[33.47819943436661,27.99060656200403],[33.39818083953895,28.034095277147856],[33.37061915710569,28.039904489587638],[33.336119038073576,28.059144405057804],[33.3216359499656,28.09578467771197],[33.281677897612155,28.12980538318097],[33.27807943542557,28.13829116812099],[33.24111795965218,28.149713259182057],[33.2318206848846,28.17965264547933],[33.12374097711397,28.299185128456248],[33.10612752651771,28.359493546846295],[33.052270555688395,28.40012991687316],[32.998467047984576,28.48950019694975],[32.95342564667017,28.522439281373387],[32.9114254100636,28.557083420296006],[32.86584890475268,28.57366117752433],[32.816317242775504,28.756035006088574],[32.778410416218755,28.797581361972654],[32.736878324293876,28.81696141096395],[32.679360348745874,28.88693789215311],[32.64802630826178,28.950491707107382],[32.62091491310877,28.990575837781307],[32.62767491070707,29.059484173942998],[32.66378470216203,29.092122830838747],[32.63901888692731,29.189673138440565],[32.624633867941135,29.222363861335555],[32.6148282848945,29.27267374719489],[32.56625971732345,29.384079665036918],[32.371758238623315,29.542885331805326],[32.34254215045813,29.597449287422393],[32.36563586751513,29.635997455745336],[32.356967333472234,29.651604024833226],[32.42217727562903,29.769576575026928],[32.50396613417645,29.84929526330553],[32.499774575734975,29.86062272725179],[32.48616533372622,29.866411618514103],[32.46178296474425,29.888817680605023],[32.46657204880278,29.898478381696762],[32.47518706236214,29.92768668318204],[32.47765737122143,29.9371040845509],[32.5297308017488,29.954348227604964],[32.566803712189554,29.950847847955384],[32.561015853823875,29.92508588138388],[32.5878284245482,29.91104858785425],[32.59219388999356,29.898126556591198],[32.634439380127496,29.86029788206228],[32.609040354716576,29.82186676006943],[32.69714772462622,29.72214243623504],[32.686436969047726,29.643194537745703],[32.685380148712575,29.59459944760101],[32.71314251785395,29.573783568254218],[32.73049289494211,29.474092593470573],[32.74079345261444,29.472283544512035],[32.73466216029253,29.4584314008165],[32.745787637563225,29.459801938073078],[32.74404856495445,29.44598691270841],[32.81873400357143,29.40347775204321],[32.82616288965387,29.350430024314733],[32.83945551854759,29.31129099485944],[32.87773237668467,29.271063395281757],[32.90001451309754,29.22478437475863],[32.964667058216925,29.184110053618664],[33.0770140932172,29.07568203331679],[33.113587677711536,29.044765118029137],[33.12484245340754,29.041985574154232],[33.18122772856919,29.000232737401582],[33.176750770815936,28.942047730795416],[33.183243266273806,28.908858111137185],[33.18262342851939,28.834666012376488],[33.22952428155364,28.757493092343],[33.20173513162495,28.666045863576677],[33.21947795320063,28.63452157606278],[33.21979002777156,28.616011999520293],[33.237510539552055,28.58009107327246],[33.26375229661038,28.572220096998908],[33.26919692323336,28.549198984781267],[33.25904798838591,28.542414717188677],[33.347213315249945,28.46677081382905],[33.4404531181578,28.362099013128493],[33.573285318765286,28.281747531673435],[33.59884935199985,28.238327825888824],[33.61721191719867,28.23724358414879],[33.636742774263794,28.173387158478597],[33.668509378516255,28.15994301477747],[33.692325408008095,28.105992053183204],[33.71249392685648,28.06787581710133],[33.7631404331204,28.042116334464946],[33.76763968855481,28.017134092282703],[33.88537334592852,27.934120164141884],[33.92030594908697,27.930952705651485],[33.955653191274386,27.88704798660052],[33.98758925263176,27.880008649107584],[34.07016733994176,27.803133474331368],[34.0886325250309,27.793153877862455],[34.152794517902485,27.787051293253178],[34.196881635093256,27.773744316722144],[34.22039445209595,27.765312661136498],[34.21246619732225,27.79464885901494],[34.25991100544684,27.790120379307567],[34.280752908233296,27.85726363071787],[34.29062536373819,27.853443415255526],[34.31803543470703,27.856017859880495],[34.33065466551365,27.913786247444655],[34.36444578365331,27.91500771004376],[34.4058930877208,27.962733332324923],[34.43281713179709,27.987322639217265],[34.43961285765093,28.06516868030703],[34.43445366411708,28.094034227260288],[34.448428446323,28.176964161340564],[34.41061085592953,28.233370007812905],[34.421049621117085,28.341885353464512],[34.44630145493878,28.38636915827807],[34.476061547988444,28.462478301517645],[34.49626125228688,28.479541220671425],[34.51339753576612,28.48047020987062],[34.525160636331876,28.558379833806562],[34.565230190259335,28.618180498703474],[34.57385405033679,28.632967895955318],[34.57886607857465,28.642567944738587],[34.62427308812447,28.736272194327206],[34.62973551632814,28.84959459937706],[34.645886405689716,28.87331499588703],[34.64147187014489,28.95489687184734],[34.68600940373619,28.992046238182027],[34.6660593091123,29.04837100679111],[34.7022315411789,29.169595738941222],[34.730925918217764,29.19312990824703],[34.7448962944288,29.313763844784518],[34.78249983449043,29.35840139606287],[34.82977078248921,29.43052330548112],[34.87599827217909,29.484856788557533],[34.904518682968934,29.494862981083475],[34.87094608033442,29.603540299299038],[34.876488750469996,29.649480363575726],[34.79370559226458,29.894025007586993],[34.61255459180034,30.36877055445649],[34.54429913589406,30.410439147089633],[34.55731527934547,30.494203141719062],[34.519573385938195,30.529572982927395],[34.501384774953884,30.67458987372013],[34.36296979155005,30.964246334747187],[34.23300925165722,31.301404094193867],[34.21863759801812,31.323465541933018],[34.006072293318645,31.20489539081225],[33.70306738198664,31.12207726132437],[33.50490495284892,31.121241232054484],[33.484691900086304,31.130131352717196],[33.47593864308723,31.138360441863878],[33.47280833357727,31.129551186510906],[33.45955143732014,31.079111502230827],[33.369210061754174,31.11157913149197],[33.20029485600429,31.07159536774872],[33.16012727838326,31.041597538008574],[33.14038684403222,31.04174268265607],[33.14373117512205,31.074654628345662],[33.113025763458545,31.116946686598702],[33.10536506018657,31.134211627582967],[33.115197359354006,31.141505305326213],[33.12534182531638,31.131280328241317],[33.10620340374074,31.175035014401978],[33.09472562388288,31.178132912166898],[33.01816290002679,31.14273421392893],[32.97335781979399,31.10188163699403],[32.95957916803069,31.096711803667997],[32.93238761805062,31.096581958818827],[32.93834046887414,31.087913984617433],[32.9213602298897,31.09571897451837],[32.81903726746726,31.068215253527736],[32.76547900332794,31.040714988819282],[32.74436514591597,31.044390251331155],[32.714150279324514,31.02762484753371],[32.70041629394582,31.032183286058277],[32.71672767346602,31.048508592255985],[32.69663940902129,31.058070228367285],[32.685999968567394,31.052481608449426],[32.67756782158989,31.043236534051687],[32.67502616347912,31.05810461053962],[32.57520472180278,31.066706513601183],[32.508857756208535,31.113304659537626],[32.50124603979167,31.1221956158789],[32.41495349273659,31.199037004893324],[32.32812589760077,31.25619451110966],[32.32483956269246,31.277984544804546],[32.18611248998052,31.298005463668016],[31.9994678670286,31.417463169336024],[31.97542440751327,31.450187320664483],[31.97847438224429,31.459468717534456],[31.959505440352615,31.487676193798688],[31.969730153692865,31.49102236671809],[31.95488135622611,31.49668385593213],[31.956210106050886,31.505930264045904],[31.84588302694855,31.523698004688285],[31.75357521390777,31.48291530811685],[31.559912022625408,31.444675143727576],[31.397270695431022,31.50673243393933],[31.186047596404446,31.582834944608027],[31.098279092271703,31.601480553598485],[30.975631540494852,31.57838664717207],[30.96433661153167,31.580187238104603],[30.50844705709526,31.455018354724743],[30.419898210562945,31.468133080334717],[30.422546952317827,31.45906175565598],[30.379342659095556,31.459985992430855],[30.36752160242525,31.46449706195059],[30.290214207720748,31.32717945468629],[30.17940998341388,31.2680067793804],[30.158073182185362,31.270865302489444],[30.14735790443515,31.27102542784699],[30.08370873034242,31.291775594500415],[30.076106009656733,31.318749706098483],[30.074616619317933,31.329940943394345],[30.060780085474374,31.322014241997188],[29.906209786821005,31.20758037011233],[29.885479381325908,31.204670405428434],[29.877716104754775,31.21205010693544],[29.875624765925966,31.19971589717897],[29.88117641059218,31.18967268902565],[29.869970664799332,31.188299428543978],[29.872699574909703,31.17856400708572],[29.85839486241965,31.165435597999505],[29.813531811406193,31.134112423734788],[29.80019462187244,31.14262353462249],[29.788761473122392,31.144535568688486],[29.78169383410308,31.13724978861156],[29.477226403108816,30.936677799986292],[29.21850490471597,30.8390629626929],[29.04559435894961,30.81992938295969],[29.024141589844255,30.82340643044799],[29.013435348718122,30.82590690624814],[28.990185544506563,30.83428854094315],[28.990845470474376,30.84424681521323],[28.981053317987747,30.839311808012443],[28.97750828919188,30.848917338097984],[28.963667241704872,30.848706780747296],[28.953188407128902,30.846294966824992],[28.95636326996665,30.856014678906824],[28.83870546403413,30.92124374119147],[28.82055244346784,30.954793803732425],[28.767306277332523,30.967098678391828],[28.75964998606035,30.984948995845134],[28.60108441088729,31.02365078901316],[28.540779470997904,31.051511276165627],[28.44893537056878,31.08034509354465],[28.36844862107784,31.078527222979666],[28.2495734705364,31.073172716921437],[28.171993977449162,31.086237525819673],[27.92610135948565,31.09822377371415],[27.89003165199054,31.13620019070991],[27.87892852430366,31.1799907930146],[27.86573846899782,31.242566013060028],[27.851629937518325,31.237518184262534],[27.731916412177874,31.189153873089694],[27.64460725011337,31.17933459181803],[27.625406306496263,31.195871137631528],[27.557529889262312,31.200299446688714],[27.430195802530964,31.223932741679576],[27.383107726810742,31.271909616892064],[27.34830437186068,31.34588363875824],[27.350600846069668,31.3655817714765],[27.269106327654743,31.367432135203973],[27.267808721381254,31.357795120657112],[27.25644251278608,31.366274658665382],[27.24981180081694,31.359101194165298],[27.24382769085093,31.366754389724775],[27.225915477618752,31.35907834236716],[27.220921278004976,31.367158018126254],[27.17879164546131,31.35965715838174],[27.179723594909586,31.375084740762645],[27.068103413416264,31.388389513396096],[27.054904463633676,31.407526798200056],[27.003294802917164,31.42263829816846],[26.969298622725866,31.44335129351968],[26.820819536510385,31.450042765943827],[26.752354470717446,31.48001758883211],[26.56114378435904,31.49673336284864],[26.46806892768227,31.50447794810678],[26.12311289473835,31.582158774103313],[25.87419691094256,31.625461058998916],[25.432942112149085,31.509100916926553],[25.24079499061668,31.513875607916226],[25.16280978096739,31.548792991971474],[25.177511448128037,31.57123321704341],[25.149405737789692,31.657584913499594],[25.13139986435795,31.70582944206888],[25.097229802955773,31.76052482685854],[25.02870235764573,31.85916162623747],[25.0341023414893,31.934226209698476],[24.976245444559755,31.969447025565607],[24.779590161188107,32.00490762853663],[24.724605057260156,32.020511837260734],[24.638236717147784,32.012122087983734],[24.535989475959276,31.983446026891166],[24.406399078042394,31.996924848463824],[24.366695291737475,31.993279291919727],[24.35874919407529,32.00019972230696],[24.274075326827273,32.0048130433961],[24.26138912180437,32.005440733331476],[24.129961643633326,32.00609870471426],[24.04337031867398,32.03469960565789],[24.033038600251885,32.041269202513334],[24.00888363708193,32.05433887544479],[23.96561254232584,32.07472591080019],[23.9963847612736,32.07438582829498],[24.005022074620715,32.088652240568656],[23.939607061012364,32.11079164898856],[23.88239230381674,32.11570527859753],[23.870950283247893,32.12624557955947],[23.850848597919782,32.13055428968682],[23.84136861598099,32.13642225026136],[23.8109709180011,32.14969356798618],[23.79300520446167,32.15497504609425],[23.65626235830299,32.17937803944788],[23.455509227911907,32.17560000965146],[23.406494760003604,32.184767307944924],[23.314427673173594,32.21308597126106],[23.3198589227345,32.16505413778651],[23.31592148248119,32.15278923081708],[23.293964847313454,32.192771383680636],[23.282687820239236,32.20120112344191],[23.245846708939336,32.2149685067979],[23.196448804564554,32.28549325286469],[23.12176332617254,32.31362983667325],[23.12060392133583,32.302983042219566],[23.106531056159564,32.309386296023476],[23.096466865222464,32.31919197939344],[23.08208625892797,32.35888621303782],[23.102861178299953,32.39941015115603],[23.094995315825166,32.432697556970766],[23.12164735850444,32.41233056176997],[23.120880390065945,32.3925538773454],[23.133829681878193,32.389379654907046],[23.132625672508684,32.402508642749375],[23.1526291690852,32.46655212223869],[23.124420943940297,32.49183410054633],[23.116724532638965,32.49993145582073],[23.102018391736813,32.52613641649065],[23.105393985772007,32.540730287040084],[23.103494380960992,32.57649061193024],[23.12603512267064,32.61183864655641],[23.083531021072492,32.638510356706256],[22.884583720677803,32.68329587060207],[22.87557192420463,32.68831358019523],[22.86289909131172,32.692873193345314],[22.632430521077026,32.773324390889556],[21.986975564879355,32.903599345293905],[21.500193367726066,32.83039661814047],[21.485233138313838,32.82325851015698],[21.346202761988305,32.77448672571849],[21.332196706551304,32.77298320584306],[21.069569085694937,32.76324951443864],[20.92205313334796,32.69652820942858],[20.535301920133815,32.520609535342054],[20.211753943213754,32.28490520545306],[20.08075448518485,32.14541597174332],[20.06187908784136,32.12646461786167],[20.045741637299056,32.1162378753381],[20.045103983831265,32.106599131528654],[20.056621819383718,32.103430057051646],[20.05100782106978,32.09545966020848],[19.972237802817503,31.999764854397],[19.942562532484267,31.954026992806778],[19.946468658696524,31.890647903904743],[19.9218990022894,31.761885888056547],[19.965379683914033,31.60467456491749],[19.994644798733024,31.474769581747577],[20.01550894491574,31.460529957089722],[20.034098941726093,31.388031674337967],[20.112851113359046,31.300531607883947],[20.175109080401647,31.149233405173206],[20.134192331163835,30.995965715043067],[20.074971084164925,30.89484134049016],[19.995599073856656,30.77586975561977],[19.839847107430995,30.60099548274398],[19.73353318815862,30.501257350043943],[19.612004869190436,30.413330960194305],[19.59227330866996,30.410919834120325],[19.5802917548992,30.42012576455723],[19.315742219353837,30.294859788982752],[19.14907883888152,30.268644391746548],[18.952922943113077,30.284175055531882],[18.843327228880717,30.339169057932104],[18.794433156611056,30.365088661651818],[18.789398819279064,30.38339677335935],[18.651906933950535,30.423790248021724],[18.625308328617358,30.45647193269776],[18.567487182678146,30.514403977329135],[18.48272862628634,30.554309191071898],[18.375728053208846,30.623138820362556],[18.222660501920803,30.758241044243277],[18.176526568131994,30.78885651626263],[17.899010027515008,30.86275159103642],[17.858414313581914,30.92019561887333],[17.63791178101841,30.970922148679573],[17.442322199086522,31.041444728376543],[17.371565232190026,31.07746934090271],[17.084153835333538,31.141696073489882],[16.69608720068338,31.217617956608464],[16.353534651548557,31.22061526660011],[16.014277312468938,31.27953561212404],[15.729612777973262,31.404120589195475],[15.613301541257401,31.497813119017923],[15.47877044352475,31.686609026970334],[15.361362305797238,31.96160869799385],[15.357380382440756,32.117824009637445],[15.342054426423653,32.184729586612924],[15.255922389909694,32.327625076193144],[15.231201179095356,32.34562283261244],[15.223834745576362,32.35315692515603],[15.226157936021892,32.3707466411909],[15.214399292459348,32.362106653557255],[15.213503001236823,32.37424154156573],[14.761564237483773,32.43823366056239],[14.721726580003734,32.34517077141029],[14.758447273140094,32.23857839941796],[14.755009284389356,32.17939691146822],[14.716299902540372,32.13815155434187],[14.666723584952695,31.967827893039818],[14.470447332175695,31.94565770732628],[14.365047568828924,31.977186240983443],[14.203570158490127,32.09436798274426],[14.122039921209451,32.14261828408275],[14.271464359310972,32.30090635188616],[14.348740625657257,32.38350363043943],[14.461016283354692,32.49558761440862],[12.28654903895912,32.84052765802523],[12.031341345934305,32.972192825611394],[11.876976221874688,33.047046311498505],[11.74011743459263,33.080462673879865],[11.640554641349347,33.10083808107648],[11.603343465887244,33.12981289447509],[11.391121432881466,33.18915541729848],[11.353678379889857,33.18344581795693],[11.21217325660906,33.207629069249506],[11.172861868655238,33.212691664864415],[11.142312558927257,33.26385038682655],[11.125037966958693,33.28316557448352],[11.12365567546652,33.29552571252386],[10.743958705387193,33.47710509913703],[9.484476765412303,33.557361434412066],[8.723049563773275,33.17664968482454],[6.914656682568898,34.60432658284582],[3.9670556660894953,33.617517458172564],[1.9555418433361889,32.942434429966944],[0.9962021971973445,32.720042215107114],[0.29975417924532255,32.60557701123492],[-2.778671504513079,31.36544490774215],[-4.63762588819399,30.48968276732351],[-5.390132648082103,30.154775483036428],[-6.505502885745182,29.797812757266765],[-7.504876632030497,28.893617897481533],[-9.170498020696167,27.894244508121997],[-10.477143927106829,29.06201768486236],[-10.65402759366242,28.94266036282847],[-11.069544489040323,28.743822002022597],[-11.160719664181617,28.65016363110334],[-11.343707838993645,28.48859488297277],[-11.348835822347368,28.477118956617552],[-11.352947107345566,28.468123194624873],[-11.451109697241469,28.35248122060926],[-11.558119230623841,28.287775065913475],[-12.02369844471984,28.1150263993873],[-12.156784787875209,28.071314647306465],[-12.757760093403288,27.972004236647198],[-12.924798031429393,27.94710816710911],[-12.986284617834787,27.879866732299504],[-13.012544263406312,27.804888677090254],[-13.070155845899448,27.736517094737376],[-13.165317456938777,27.689844872537968],[-13.329546174546987,27.28214829711346],[-13.413395091168557,27.135207638672632],[-13.447230749440532,27.016731003939004],[-13.56371587053924,26.743716749237496],[-13.705426127089995,26.629173693839075],[-14.040482936133929,26.44476361891003],[-14.187307778546037,26.418270224972687],[-14.269957195151278,26.317843540574554],[-14.343028525731345,26.272521712993118],[-14.412354126024681,26.251079961397252],[-14.498477197775504,26.131998605258392],[-14.488310462397935,26.04395292405965],[-14.541583335228731,25.897446877024368],[-14.639041446379318,25.75411632723183],[-14.684386086859133,25.58513678759889],[-14.747589395671977,25.47082529759751],[-14.793397722651678,25.397196947733935],[-14.825596872594188,25.272666833878144],[-14.839313107168879,25.175392864240063],[-14.83223200756484,25.0777101768105],[-14.822587010263113,25.005245516222896],[-14.846340638602872,24.86679882443546],[-14.884697825905178,24.72861012939179],[-14.891917062423916,24.691553376069148],[-14.985598315984381,24.63058511956532],[-15.015857797084406,24.551437997083696],[-15.172653221123989,24.481453393370845],[-15.375511097005289,24.266538686790536],[-15.523909973185116,24.130834008423957],[-15.582850376862268,24.077338144910723],[-15.59293239911346,24.044219229457035],[-15.805221296725428,23.91499672549393],[-15.916400066257387,23.793091246277786],[-15.947270407776305,23.732271084536304],[-16.002670225837644,23.636488011216407],[-15.991620554563694,23.63791370196416],[-15.986795887940248,23.646438763110943],[-15.916863795761458,23.71559492417477],[-15.874413084790941,23.826784544915192],[-15.828965955143161,23.874268303650705],[-15.816846141465641,23.88295724841969],[-15.805448634190565,23.873493563872763],[-15.774052113251868,23.912648803528437],[-15.7696956030214,23.88654522216917],[-15.758971478693528,23.895351636669055],[-15.741326770218851,23.845240939647177],[-15.745821579026849,23.824112753307098],[-15.712306995157665,23.834954614192462],[-15.723936340048873,23.81327804051085],[-15.79381931134993,23.733005818376185],[-15.796414559005127,23.723469923237957],[-15.866252955626521,23.629265499934416],[-15.95209066668338,23.522454294808007],[-15.968691877987299,23.502529181756458],[-15.954610029466952,23.46542280414126],[-16.025937831561198,23.361102647114258],[-16.064419858740575,23.32686784321462],[-16.0697306637395,23.294012676952836],[-16.11737168030746,23.225725130351115],[-16.128443691897346,23.184073368600924],[-16.19871462963329,23.102338852038343],[-16.19625322293546,23.091288945659397],[-16.152357839320477,23.066388502868683],[-16.146480720817927,22.996416847078432],[-16.21680519286415,22.916736894682916],[-16.273573990576658,22.89543968273162],[-16.28312098838679,22.904127356908177],[-16.298429074103808,22.850451848589273],[-16.291102787015625,22.82463974320378],[-16.33778949021891,22.74265473203686],[-16.365877445466523,22.566349417112338],[-16.438502826192718,22.500590635158286],[-16.47473744367426,22.3640928722166],[-16.494611695815717,22.33327710106092],[-16.558960920470142,22.285435709579254],[-16.632874980911968,22.267205632664005],[-16.66470851254965,22.292878849699274],[-16.70633421780658,22.27018499264756],[-16.780127852777333,22.201181490641993],[-16.773461497611798,22.17628847167788],[-16.81148426176114,22.14601367953055],[-16.892827249742705,21.92605732301995],[-16.93418982931845,21.85338017333346],[-16.965934212407582,21.79573765196709],[-16.95157587853105,21.75292428073274],[-16.981309136940364,21.70109558447712],[-16.982093958428297,21.556952771110698],[-17.02843740296869,21.306989915334025],[-17.07212319559914,20.976544257923546],[-17.088430174092526,20.910753494163785],[-17.08335119104475,20.87014770854905],[-17.10236483190844,20.839282959460334],[-17.047696267110084,20.770263430177604],[-17.03050644783317,20.851976288466382],[-17.05813497029378,20.88752953141599],[-17.049800984029858,20.906746297561295],[-17.04098530317937,20.913219374914707],[-17.031433888228257,20.911269986802555],[-17.017583931959265,20.916430835808246],[-17.012121570324595,20.994196829009642],[-17.006462929074665,21.001831662715535],[-17.020232673793497,21.01134359817132],[-17.00301602405138,21.01062345198709],[-17.006030385172856,21.019202346003002],[-17.017343187867684,21.02077160808256],[-17.026849973174897,21.042905312816675],[-16.995306235910775,21.033079132114263],[-16.967967485038788,21.083376805322768],[-16.94316605159433,21.107556264103067],[-16.940267610665906,21.150409722636947],[-16.930042834931033,21.18405413141023],[-16.936481858290698,21.194019945214183],[-16.92424154485309,21.193928540135943],[-16.904425331298214,21.16841178761602],[-16.899118986780007,21.13964247643661],[-16.85253921954854,21.023035931519082],[-16.835616939235212,20.995674715379238],[-16.82639997800177,20.992814613513325],[-16.802035418680845,20.92691445522038],[-16.775798078957546,20.92062517964676],[-16.75717694029654,20.874480816873366],[-16.75756932528002,20.86108941447475],[-16.746987862543136,20.82232908157938],[-16.68821248537725,20.744782714963087],[-16.668168802817608,20.726316778503467],[-16.676721302891323,20.682983132176542],[-16.531747007488377,20.558786596101992],[-16.528812946626967,20.7193726670992],[-16.522931371760112,20.73332726404951],[-16.485033508617764,20.719756408085207],[-16.47865701107609,20.66896129960947],[-16.439724612250927,20.63092791122044],[-16.430627977681482,20.63757147211786],[-16.416283045660073,20.58014490046052],[-16.376030760790353,20.49691973046312],[-16.349048768160614,20.41113359569806],[-16.26618530398531,20.280564022668656],[-16.23753999675382,20.281542800077798],[-16.20192519418625,20.192309823076382],[-16.2521346267065,20.12745748121738],[-16.263014830688448,20.124162454488587],[-16.246088108891353,20.086815262361526],[-16.235520068667142,20.076977690199506],[-16.235511091254445,20.058565593568733],[-16.223565205005617,20.046418122270197],[-16.229009754696456,19.975826849865086],[-16.304047534344235,19.910012935306792],[-16.307900190325718,19.89852910274464],[-16.298063400032852,19.877353597926255],[-16.281796600802416,19.902063614053866],[-16.253632907047876,19.886298005748095],[-16.260129834056332,19.847371871967876],[-16.24948599822057,19.843584450694568],[-16.258760884760967,19.77734210206157],[-16.279464464174303,19.746808504355627],[-16.271473787076953,19.733734719408176],[-16.281520122856687,19.73160249277734],[-16.307806522321492,19.73720576869799],[-16.375714177982893,19.648504148810005],[-16.373836880687044,19.635770879095894],[-16.351429939002937,19.65345102788675],[-16.352326219991955,19.630785624735175],[-16.38237608483545,19.600816315331997],[-16.384743896365777,19.592040840584023],[-16.470157981721798,19.423222013141295],[-16.44083937695956,19.40710640846519],[-16.408689282541445,19.439415897393364],[-16.41323756408612,19.46307096848944],[-16.376280505800384,19.52335351138518],[-16.363799465740122,19.5244798021248],[-16.37585683782565,19.489497013663087],[-16.30833718850783,19.534544979676316],[-16.28924772955266,19.541764565264234],[-16.312684769904372,19.483914477653244],[-16.305429812202146,19.47636858965871],[-16.310241186008803,19.46732141410534],[-16.346284079321475,19.442981631859606],[-16.44761714878409,19.375379417091207],[-16.50833229008616,19.36896428987013],[-16.522427485803757,19.36730261113865],[-16.452687164080157,19.243113652300913],[-16.331711762499065,19.168580344356258],[-16.239564434002514,19.040721584620798],[-16.176445857544017,18.882752164404526],[-16.12281178365729,18.62812108615709],[-16.075808470355586,18.52061167269502],[-14.031738626630911,17.953650807340967],[-13.46066601895776,17.572934661102376],[-12.842008137511124,17.477759356478924],[-11.009821234954233,17.48370927311214],[-9.939064281371518,17.572934669859766],[-7.654782704470133,17.28739999445477],[-6.893355562194911,16.906689355058894],[-6.036748847175014,16.716330324573292],[-4.46630528743784,17.114916769058528],[-2.9910401259370984,17.668115179884698],[-0.5587588071849726,18.06438790229205],[0.8339455523512914,18.474159027112208],[0.9906829363393336,18.42633577671457],[0.6257412161344339,18.334365796110134],[1.2919888568526339,18.334365803666778],[2.3517566620068666,17.80552720512409],[2.243775079194487,17.76329207084899],[2.979943690162042,17.491310952416743],[3.766629427243489,17.09704388305227],[4.62323609997984,16.906689405800865],[6.643919846072486,16.811508117536828],[7.383410742473721,16.811508108893335],[7.333406355459021,16.837651039239187]],[[31.763233579529892,31.456498056341882],[31.772932143793838,31.46275886263697],[31.75055642881267,31.473484128558166],[31.763233579529892,31.456498056341882]],[[35.49019039477982,24.1158860609444],[35.50636354675139,24.108739076815315],[35.50093241229957,24.128929498342256],[35.49019039477982,24.1158860609444]],[[36.894049147792934,21.64589530254001],[36.89832099098135,21.63604310695847],[36.905986183740914,21.64849394749625],[36.894049147792934,21.64589530254001]],[[36.96070381533513,21.505941503914627],[36.95953557217068,21.49618355433474],[36.96848053157082,21.50024530920901],[36.96070381533513,21.505941503914627]],[[37.004122083867635,21.34675784666924],[37.02120938267318,21.34297010796311],[37.0155240566834,21.357061471609477],[37.004122083867635,21.34675784666924]],[[35.76783635380847,22.83978401998006],[35.78453123766596,22.835119706110184],[35.78166844068875,22.844300256207394],[35.76783635380847,22.83978401998006]],[[37.247776299789166,19.682562309349546],[37.23595523716577,19.665179323020936],[37.245065132189055,19.66965965408615],[37.247776299789166,19.682562309349546]],[[37.22935575373059,19.615967573273966],[37.22207852296255,19.6092973303417],[37.230466069821226,19.604386944824974],[37.22935575373059,19.615967573273966]],[[20.068139661059696,32.10778509935075],[20.058525907139476,32.11274050551988],[20.056621819383718,32.103430057051646],[20.068139661059696,32.10778509935075]],[[20.955037072401957,16.238890081348384],[20.87937053703635,16.245898328119075],[20.8987498239632,16.050080253948888],[20.955037072401957,16.238890081348384]],[[15.759114133345749,16.525973533199345],[14.9461531664327,16.72113477163887],[14.617276627905905,16.569905883681074],[15.759114133345749,16.525973533199345]],[[33.053911465928344,31.09377922433842],[33.06466684061676,31.112945842021684],[33.04420851431187,31.117874266131953],[33.02527069104657,31.08609241470076],[33.053911465928344,31.09377922433842]],[[36.94981028316891,21.4982165212174],[36.95713655266768,21.48569468447269],[36.967330038327205,21.484275587416356],[36.95953557217068,21.49618355433474],[36.94981028316891,21.4982165212174]],[[36.98484092227249,21.410619854269015],[36.9779694833061,21.40075585730586],[36.989438241004486,21.399742837709567],[36.99556509028616,21.41023378666242],[36.98484092227249,21.410619854269015]],[[37.33906743473655,19.122116863455812],[37.3291637695561,19.115203078989897],[37.34000836711861,19.10640556373912],[37.348079306157764,19.118940127441295],[37.33906743473655,19.122116863455812]],[[7.958244053982067,16.81150807223951],[8.02487607925512,16.801966408683786],[8.730487998873123,16.791469929654106],[8.882161437211318,16.798185540827365],[7.958244053982067,16.81150807223951]],[[32.982927087783516,31.081276859083655],[32.972457070836214,31.071129432746428],[32.9806975033819,31.052898005452874],[33.024316463268335,31.061473628829585],[33.00977529689957,31.067783596959078],[33.02527069104657,31.08609241470076],[33.012450732871244,31.092889577932482],[32.970289997125874,31.084885710375385],[32.982927087783516,31.081276859083655]],[[11.030228523187763,16.691943296913763],[10.982525115956982,16.70968927515533],[10.809833014474666,16.716330332399867],[10.088800872786596,17.041906215324317],[9.803975784129225,16.775503983253895],[9.509099910782133,16.779886374697185],[11.284836538905706,16.549894079171917],[11.223692216518717,16.56809000061404],[10.175329144565001,16.74754013908731],[11.030228523187763,16.691943296913763]],[[20.042143178368693,22.37944871383171],[20.518036261647314,21.33248675445454],[21.08910440369328,20.666236886778748],[21.422230485888935,19.952398377612923],[22.08847813132128,19.999985133226282],[22.849905337362358,20.4758797375641],[23.040264338101082,20.951772993246667],[23.230618869431307,22.617395202571785],[22.5524732117035,22.510332202819487],[21.517409966433252,22.379448711443644],[19.946963661061538,23.093286521138115],[20.042143178368693,22.37944871383171]],[[2.517412247976396,22.177192791442607],[3.3740189461168097,21.89165770955545],[3.516785966638827,21.89165774428417],[5.380115012046443,22.347411467023914],[5.624542820344405,22.517851907827254],[6.157987336164758,22.89103190481897],[6.821260808673343,23.671349022250762],[6.657674174899874,25.603615830057194],[5.169767912101208,26.056547581229477],[2.874332093821368,26.602989994677802],[2.802946368100931,25.318082158808323],[2.0891111605181867,23.890406286449597],[2.517412247976396,22.177192791442607]]]}]},"id":"00000000000000000002","properties":{"OBJECTID":3,"nomi":"Chala cho'llar va cho'llar"}},{"type":"Feature","geometry":{"type":"GeometryCollection","geometries":[{"type":"Point","coordinates":[-13.27095805166541,9.295775326319701]},{"type":"Point","coordinates":[-13.202988004472774,8.307195603225846]},{"type":"Point","coordinates":[-13.039637756933283,8.56877530324144]},{"type":"Point","coordinates":[-13.16654371297277,8.162515734109705]},{"type":"Point","coordinates":[-13.012450574326524,7.616987622153491]},{"type":"Point","coordinates":[-13.011255561502486,7.651893391730893]},{"type":"Point","coordinates":[-13.009779587021175,7.91005287515523]},{"type":"Point","coordinates":[-12.95603405701506,7.6319968402018015]},{"type":"Point","coordinates":[-12.980518935652064,7.5976463024173615]},{"type":"Point","coordinates":[-12.926305201525272,7.591604231992222]},{"type":"Point","coordinates":[-12.55553985373648,7.6337337623022945]},{"type":"Point","coordinates":[-12.437494105693986,7.544214646078142]},{"type":"Point","coordinates":[-12.504064046278748,7.43325469295356]},{"type":"Point","coordinates":[-12.49721483816871,7.468727977230729]},{"type":"Point","coordinates":[-12.510239886569646,7.470465525510722]},{"type":"Point","coordinates":[-12.515296516140053,7.457948751142994]},{"type":"Point","coordinates":[-13.814633948023348,9.434897035049293]},{"type":"Point","coordinates":[-13.736996507555409,9.82226609475498]},{"type":"Point","coordinates":[-8.59852465734802,4.744492182820074]},{"type":"Point","coordinates":[-8.641327585341186,4.77560265443843]},{"type":"Point","coordinates":[-8.606479726126825,4.762045026585658]},{"type":"Point","coordinates":[-8.660631014297504,4.779792986036674]},{"type":"Point","coordinates":[-10.013803193510126,5.800098584862411]},{"type":"Point","coordinates":[-2.2575045996604293,4.877060692757581]},{"type":"Point","coordinates":[12.648302524133282,-6.008387040303855]},{"type":"Point","coordinates":[12.482709385356834,-5.983424106225143]},{"type":"Point","coordinates":[12.93954875168552,-5.95635781252686]},{"type":"Point","coordinates":[9.374301266899563,-1.8877888973552654]},{"type":"Point","coordinates":[9.543229865798905,-2.0641037839255323]},{"type":"Point","coordinates":[47.17440408027841,-24.841458081498775]},{"type":"Point","coordinates":[47.20939021606426,-24.761392143900775]},{"type":"Point","coordinates":[47.11566882745658,-24.948126852223265]},{"type":"Point","coordinates":[48.993168902073684,-19.326967317990416]},{"type":"Point","coordinates":[49.01451456471645,-19.33000526559576]},{"type":"Point","coordinates":[49.3797149484485,-18.436848174307602]},{"type":"Point","coordinates":[49.38198460611742,-18.419537224561488]},{"type":"Point","coordinates":[49.407588806940176,-18.30439118869903]},{"type":"Point","coordinates":[49.433652252365434,-18.133613525816866]},{"type":"Point","coordinates":[49.461655394164495,-18.054462101288212]},{"type":"Point","coordinates":[49.772646513932244,-15.581049298549217]},{"type":"Point","coordinates":[49.77114820986931,-15.529177800931631]},{"type":"Point","coordinates":[49.771607494395475,-15.539110630206112]},{"type":"Point","coordinates":[49.854729649995896,-16.325047500331838]},{"type":"Point","coordinates":[49.8439742610636,-16.326044568275435]},{"type":"Point","coordinates":[50.15380149248918,-16.001337692908105]},{"type":"Point","coordinates":[50.278504780898444,-15.893357328664738]},{"type":"LineString","coordinates":[[-12.470433456242603,7.416217843736181],[-12.457016086034555,7.423686182996228]]},{"type":"LineString","coordinates":[[-12.43648632133468,7.418384462708985],[-12.449038742673352,7.4156518632046025]]},{"type":"LineString","coordinates":[[12.570464490623463,-5.979197654360918],[12.581585504541186,-5.966624769407727],[12.58669116426609,-5.9756631226573145],[12.600362742870958,-5.96748067219921],[12.594998469440297,-5.95869948294223]]},{"type":"LineString","coordinates":[[-13.058642399130585,8.929879575169394],[-13.056782957481191,8.920320536827806]]},{"type":"LineString","coordinates":[[-13.15742931697827,8.855748239364502],[-13.149429760116801,8.862445275320537],[-13.142861473419236,8.855016889545766]]},{"type":"LineString","coordinates":[[9.292298421856062,-1.879040377462053],[9.291531464246882,-1.8885821496186532]]},{"type":"LineString","coordinates":[[1.860274566357135,6.283922506829697],[1.86935327477774,6.2901542788748115],[1.8988323904241322,6.298726229286304],[1.9082321763991474,6.301580529829008],[1.9159419666858883,6.308428152543767]]},{"type":"LineString","coordinates":[[-12.495738903817607,7.442946819169896],[-12.496537027802134,7.452541435193375]]},{"type":"LineString","coordinates":[[2.0611971615907048,6.317097272330548],[2.0714575307128236,6.32572636640328]]},{"type":"LineString","coordinates":[[-12.428567003295601,7.423863028836298],[-12.43648632133468,7.418384462708985],[-12.429293819219575,7.4117296569874265]]},{"type":"LineString","coordinates":[[5.228683942765872,5.60175382517686],[5.245570534506425,5.601869274690778]]},{"type":"LineString","coordinates":[[50.46594748687896,-15.443998636966239],[50.4694255847383,-15.433700152307127]]},{"type":"LineString","coordinates":[[-12.91669585570726,7.616417436596176],[-12.909681706198947,7.622132147238779]]},{"type":"LineString","coordinates":[[-12.467717889554796,7.583484600764312],[-12.472110104548713,7.573928171779206],[-12.46192549215839,7.576359330756367]]},{"type":"LineString","coordinates":[[-13.106069406802337,8.589044513208808],[-13.11071135462639,8.600097937498994]]},{"type":"LineString","coordinates":[[-12.970579669669615,8.57047295683719],[-12.948038880082825,8.570133383691887]]},{"type":"LineString","coordinates":[[1.9391381916169077,6.303703565434627],[1.9494521130102818,6.308561160171371]]},{"type":"LineString","coordinates":[[12.882552532089106,-5.853597479597022],[12.885607006703115,-5.862109854287883]]},{"type":"LineString","coordinates":[[9.377525217789252,-1.9130179633108382],[9.384454609648413,-1.906805409636266]]},{"type":"LineString","coordinates":[[-13.120713136578923,8.546979386035806],[-13.130500811160497,8.537251782170827]]},{"type":"LineString","coordinates":[[-13.786019866828056,9.468049065793476],[-13.79394816512278,9.458755240005587]]},{"type":"LineString","coordinates":[[-13.811454640370085,9.84265242571924],[-13.794046319001565,9.839168356395646]]},{"type":"LineString","coordinates":[[9.499651061564883,-2.022090080051209],[9.500244133016754,-2.032941190370243]]},{"type":"LineString","coordinates":[[2.3766830008755195,6.463475120849905],[2.3789883801890452,6.472243513787776]]},{"type":"LineString","coordinates":[[12.833453382512882,-5.975401471150806],[12.842973545786645,-5.974793886357981]]},{"type":"LineString","coordinates":[[8.89206289432533,-1.0423510225230692],[8.901154995421543,-1.0457037130411797]]},{"type":"LineString","coordinates":[[12.907001749384317,-5.988053979551246],[12.921328827896039,-5.976514619462111]]},{"type":"LineString","coordinates":[[12.83177230741587,-5.878136085009883],[12.837729630018558,-5.868111420411908],[12.841033872967175,-5.878686076742488],[12.851624216349675,-5.867907340729181],[12.851575152305823,-5.880274105397224]]},{"type":"LineString","coordinates":[[12.742095254970922,-6.0398274962914265],[12.750861860003377,-6.03573901556193],[12.74343306073545,-6.027468775012204],[12.742095254970922,-6.0398274962914265],[12.73742664604498,-6.048053101340685]]},{"type":"LineString","coordinates":[[-13.768633837973317,9.432271015537722],[-13.761031124308468,9.43848645832795]]},{"type":"LineString","coordinates":[[12.95500844162578,-5.950104317549119],[12.962370400909823,-5.943429488208419]]},{"type":"LineString","coordinates":[[12.774562029823379,-6.028883398600432],[12.759624031034782,-6.032688127676011],[12.767440822159411,-6.040576868589351]]},{"type":"LineString","coordinates":[[-12.999523667587114,8.57203825709348],[-12.98998116730215,8.573405093316829]]},{"type":"LineString","coordinates":[[12.830510375864442,-6.00347344949828],[12.827460295223345,-5.9940586545876124],[12.813802103450868,-5.9985110954454095],[12.821494010249593,-6.00575734757794]]},{"type":"LineString","coordinates":[[12.6232780653259,-5.963715410341147],[12.653113906967501,-5.966292128502775],[12.647223492993279,-5.9594401125876955]]},{"type":"LineString","coordinates":[[12.786177969002047,-6.020945692497518],[12.795439485596505,-6.0209812003825185],[12.804451327102276,-6.019859282513951]]},{"type":"LineString","coordinates":[[1.9227554594651097,6.296026976715921],[1.911050326203248,6.290929909695352],[1.8988323904241322,6.298726229286304]]},{"type":"LineString","coordinates":[[-12.999581667782397,7.9082022525984765],[-12.989865263985696,7.913564087694449]]},{"type":"LineString","coordinates":[[13.021212748877627,-5.884740762746922],[13.028351768462736,-5.878348996689479]]},{"type":"LineString","coordinates":[[-13.064885174008184,7.670816833014467],[-13.057630248845305,7.676455695045703]]},{"type":"LineString","coordinates":[[12.868698061113346,-5.943593637035864],[12.878887107426639,-5.937708201910036]]},{"type":"LineString","coordinates":[[12.881308411985996,-5.910533187107823],[12.891863167915206,-5.9089009637589704]]},{"type":"LineString","coordinates":[[1.9320348291274303,6.296682960486908],[1.9391381916169077,6.303703565434627],[1.962499426415722,6.301873078051394]]},{"type":"LineString","coordinates":[[12.637400082797077,-6.02959295083956],[12.627358143335558,-6.031867776194639]]},{"type":"LineString","coordinates":[[-12.417553047036453,7.422890262851034],[-12.419127040805256,7.412353180372975]]},{"type":"LineString","coordinates":[[-12.393937641224284,7.405034959260488],[-12.381942580161747,7.404393745516857]]},{"type":"LineString","coordinates":[[12.878053269941374,-5.954193461482221],[12.86776615327158,-5.952862926032585]]},{"type":"LineString","coordinates":[[-13.070516974754373,7.625111087376464],[-13.060015831524348,7.605350242367654]]},{"type":"LineString","coordinates":[[12.605379280640431,-5.996994408278476],[12.622109827243856,-5.995907903020582]]},{"type":"LineString","coordinates":[[12.99075708090794,-5.885561309073704],[12.999158003357334,-5.874769379078541]]},{"type":"LineString","coordinates":[[12.772818461232124,-5.905933621739371],[12.763463293429057,-5.909654956214329]]},{"type":"LineString","coordinates":[[-12.999925011929921,7.589106923566638],[-12.989941009734174,7.58927484246158]]},{"type":"LineString","coordinates":[[12.829493644371475,-5.9671436917154255],[12.837109864306013,-5.960987960425829]]},{"type":"LineString","coordinates":[[-13.045876045054914,7.642475625237388],[-13.022844789260935,7.658518062037691]]},{"type":"LineString","coordinates":[[12.894422672594905,-5.946267995676072],[12.906181326974787,-5.932527835065773]]},{"type":"LineString","coordinates":[[-13.758208462532856,9.486644820791007],[-13.753352551747577,9.476968818677323],[-13.745754239609933,9.46857246500324],[-13.746677265339374,9.449228039966561],[-13.755100500260149,9.445594721295016]]},{"type":"LineString","coordinates":[[-13.242611568145714,8.09443832547966],[-13.230696793561128,8.098769169859628],[-13.215642873452332,8.111845060196194],[-13.212757875031896,8.121106570410612],[-13.201373821524774,8.12324754094548],[-13.197307120328192,8.138176567638475]]},{"type":"LineString","coordinates":[[12.917997952704424,-5.938626254032522],[12.925993068833776,-5.933374954599196]]},{"type":"LineString","coordinates":[[-13.831422486285964,9.467323338650042],[-13.829117108701205,9.457778801453491],[-13.829201843723991,9.447816036010812]]},{"type":"LineString","coordinates":[[-13.80167132508534,9.51257959838179],[-13.792458887738052,9.510873231687546]]},{"type":"LineString","coordinates":[[47.114179464247485,-24.93920759800621],[47.12349899143994,-24.942575603760023]]},{"type":"LineString","coordinates":[[-12.518493705412748,7.563368213193449],[-12.52849990685758,7.570701412445077]]},{"type":"LineString","coordinates":[[12.547727562045708,-6.001247252925529],[12.55748854453759,-6.005025596322129],[12.560355696241958,-5.996409071963054]]},{"type":"LineString","coordinates":[[12.570379731853855,-5.998258335697624],[12.567360941851902,-6.0116110029964736]]},{"type":"LineString","coordinates":[[12.568881490801086,-5.988204784158088],[12.577612471076128,-5.992621800012473]]},{"type":"LineString","coordinates":[[49.94553922958768,-16.894551142223733],[49.93789182293599,-16.90346820733538]]},{"type":"LineString","coordinates":[[49.853855652996955,-17.004095381033885],[49.84433101680885,-17.00436403668742]]},{"type":"LineString","coordinates":[[12.747330287177906,-5.9600077741423005],[12.756993145083387,-5.962101121797043]]},{"type":"LineString","coordinates":[[-12.60044752366904,7.593725847876115],[-12.59886008361061,7.602631999577071]]},{"type":"LineString","coordinates":[[-12.713655141208863,7.627966160202919],[-12.725382559912898,7.624638174460631]]},{"type":"LineString","coordinates":[[1.999278102439695,6.310573302796381],[1.9886431420299087,6.304306319876895]]},{"type":"LineString","coordinates":[[3.4064678251169784,6.416772732377911],[3.4029808115168696,6.407755277211598]]},{"type":"LineString","coordinates":[[3.4152388966227796,6.403749396929344],[3.4231046940325305,6.408300281486306]]},{"type":"LineString","coordinates":[[4.665428093015093,6.195689980246893],[4.656973693548314,6.20963170351546]]},{"type":"LineString","coordinates":[[4.646704364893682,6.219973651864883],[4.659577794711183,6.218386685601865]]},{"type":"LineString","coordinates":[[4.637170810032147,6.217686341914156],[4.629460989563816,6.222473805512827]]},{"type":"LineString","coordinates":[[9.327917679276519,-1.8687186389890926],[9.320230172062583,-1.8743920279859052],[9.309064579584172,-1.8746862032769633]]},{"type":"LineString","coordinates":[[9.327917679276519,-1.8803239287793327],[9.320230172062583,-1.8743920279859052]]},{"type":"LineString","coordinates":[[9.32048881991895,-1.8862558006187695],[9.311262980097192,-1.885351065095758],[9.323307000691502,-1.8952761095573902]]},{"type":"LineString","coordinates":[[9.465538882827609,-1.934307072829749],[9.454520473473154,-1.933148362995105]]},{"type":"LineString","coordinates":[[9.274488770350732,-1.8860062344843938],[9.277819671845277,-1.8764644259075314]]},{"type":"LineString","coordinates":[[12.654505197847701,-6.001331509774557],[12.642153451225713,-6.001535534660134]]},{"type":"LineString","coordinates":[[47.136194090464635,-24.923126276411303],[47.134272199896444,-24.93196576416224],[47.122803402473934,-24.932560223191928]]},{"type":"LineString","coordinates":[[47.194826762444016,-24.78264018147629],[47.20494893252869,-24.782235304208005]]},{"type":"LineString","coordinates":[[49.42334724729137,-17.295787422526484],[49.429121786742755,-17.288566589022714]]},{"type":"LineString","coordinates":[[49.81642148475604,-16.841372623637398],[49.837990173285924,-16.839161840589853]]},{"type":"LineString","coordinates":[[49.75509989711412,-16.694565740330756],[49.752179227196976,-16.703274437152093]]},{"type":"LineString","coordinates":[[49.79006371593807,-16.16439167932548],[49.7990666449033,-16.15989892117147]]},{"type":"LineString","coordinates":[[50.168503155681314,-15.990510173444227],[50.16267956672782,-15.998362954892492]]},{"type":"LineString","coordinates":[[50.297032292118196,-15.85734236583269],[50.306516810931754,-15.851924703288866]]},{"type":"LineString","coordinates":[[50.33911287532229,-15.816863417348307],[50.3352467867824,-15.806991219082494]]},{"type":"LineString","coordinates":[[50.482312424071495,-15.269083285006259],[50.49108792358453,-15.263697437693803]]},{"type":"LineString","coordinates":[[50.1302708158483,-13.772800224002774],[50.12896436395664,-13.763826400494516]]},{"type":"LineString","coordinates":[[-13.727935662845647,9.509663843885685],[-13.719137825193298,9.515869104171411],[-13.713064566564125,9.528446359448779],[-13.700891220668222,9.520170073192395]]},{"type":"LineString","coordinates":[[-13.401360024682802,9.278639168228905],[-13.418362575978263,9.276267197050212],[-13.429965115599497,9.266985763502559]]},{"type":"LineString","coordinates":[[-13.302501751277173,9.345911527513552],[-13.287046455336505,9.347319479821408]]},{"type":"LineString","coordinates":[[-13.24825233304713,8.981802631309009],[-13.25776357535551,8.982406039092796]]},{"type":"LineString","coordinates":[[-13.090904057853564,8.408661197330662],[-13.092103543145654,8.421228443773195]]},{"type":"LineString","coordinates":[[-12.958223500484687,7.910578410273919],[-12.966481686557659,7.914363482881718]]},{"type":"LineString","coordinates":[[-12.393710161077133,7.535037539624983],[-12.380872439856615,7.540306844492961]]},{"type":"LineString","coordinates":[[-12.500670631040714,7.390760828311518],[-12.51907335924055,7.384936896989213]]},{"type":"LineString","coordinates":[[-11.583808109662113,6.973828983012666],[-11.595954737091699,6.973076550455387],[-11.603570843835671,6.981831316268327]]},{"type":"LineString","coordinates":[[-10.79468992986486,6.356332503081388],[-10.813213023843844,6.348745450271642],[-10.806426267181633,6.337515251185729],[-10.800005150055862,6.330583781282698]]},{"type":"LineString","coordinates":[[-10.075298730315572,5.92251303124451],[-10.070652344129652,5.914422961667449]]},{"type":"LineString","coordinates":[[-9.58988095339823,5.441012365785442],[-9.583201183564155,5.449566264855139]]},{"type":"LineString","coordinates":[[-7.722039337259857,4.370903865664678],[-7.729240798720024,4.365243914785374]]},{"type":"LineString","coordinates":[[-6.610492495096277,4.745025427174758],[-6.612173542094061,4.736137686697674]]},{"type":"LineString","coordinates":[[-2.084723347094439,4.747198401188091],[-2.0916572954504833,4.7394573100121224]]},{"type":"LineString","coordinates":[[-1.708054190867895,4.9337682451376415],[-1.6964025867902994,4.939117054870067],[-1.708589296498275,4.94277773469796]]},{"type":"LineString","coordinates":[[0.010443185503250275,5.622056468016532],[0.01944170629664004,5.627306210386399]]},{"type":"Polygon","coordinates":[[[-13.831422486285964,9.467323338650042],[-13.80167132508534,9.51257959838179],[-13.836751079989511,9.475539420404422],[-13.831422486285964,9.467323338650042]]]},{"type":"Polygon","coordinates":[[[-13.757749207665793,9.503981776848654],[-13.76484365513969,9.495506896906592],[-13.758208462532856,9.486644820791007],[-13.757749207665793,9.503981776848654]]]},{"type":"Polygon","coordinates":[[[-13.0053828817504,7.637441757484199],[-13.003875780371265,7.628156175035921],[-12.995590703821053,7.632885147318399],[-13.0053828817504,7.637441757484199]]]},{"type":"Polygon","coordinates":[[[-12.989941009734174,7.58927484246158],[-12.981446445273791,7.564544041026345],[-12.968867327711056,7.587674764268117],[-12.989941009734174,7.58927484246158]]]},{"type":"Polygon","coordinates":[[[-12.50053245682274,7.52828723850827],[-12.488011276761771,7.53467507754567],[-12.496108957539928,7.542212130673436],[-12.50053245682274,7.52828723850827]]]},{"type":"Polygon","coordinates":[[[13.079033927271103,-5.880331705035984],[13.083381488060928,-5.8883335358289],[13.092415662764619,-5.880633369588703],[13.079033927271103,-5.880331705035984]]]},{"type":"Polygon","coordinates":[[[12.906181326974787,-5.932527835065773],[12.917997952704424,-5.938626254032522],[12.918550867383477,-5.9276801419474525],[12.906181326974787,-5.932527835065773]]]},{"type":"Polygon","coordinates":[[[12.813802103450868,-5.9985110954454095],[12.803760230340298,-6.000790530225489],[12.811050859237593,-6.01112761082426],[12.813802103450868,-5.9985110954454095]]]},{"type":"Polygon","coordinates":[[[12.570379731853855,-5.998258335697624],[12.579757249396062,-6.0013936178603755],[12.577612471076128,-5.992621800012473],[12.570379731853855,-5.998258335697624]]]},{"type":"Polygon","coordinates":[[[12.560355696241958,-5.996409071963054],[12.570379731853855,-5.998258335697624],[12.568881490801086,-5.988204784158088],[12.560355696241958,-5.996409071963054]]]},{"type":"Polygon","coordinates":[[[8.883095584976736,-1.045569953808659],[8.893726111321817,-1.0585927495849714],[8.89206289432533,-1.0423510225230692],[8.883095584976736,-1.045569953808659]]]},{"type":"Polygon","coordinates":[[[4.656973693548314,6.20963170351546],[4.646704364893682,6.219973651864883],[4.637170810032147,6.217686341914156],[4.656973693548314,6.20963170351546]]]},{"type":"Polygon","coordinates":[[[5.205162146760151,5.58760150079782],[5.228683942765872,5.60175382517686],[5.20571958757749,5.597182910673101],[5.205162146760151,5.58760150079782]]]},{"type":"Polygon","coordinates":[[[3.4029808115168696,6.407755277211598],[3.403052154797105,6.397722838602802],[3.4152388966227796,6.403749396929344],[3.4029808115168696,6.407755277211598]]]},{"type":"Polygon","coordinates":[[[1.9227554594651097,6.296026976715921],[1.9320348291274303,6.296682960486908],[1.926510043320925,6.308188866568736],[1.9227554594651097,6.296026976715921]]]},{"type":"Polygon","coordinates":[[[1.8435350697385766,6.281050392325141],[1.860274566357135,6.283922506829697],[1.8551822169957972,6.29167010734711],[1.8435350697385766,6.281050392325141]]]},{"type":"Polygon","coordinates":[[[49.757521212900336,-15.503827969920874],[49.76830334584281,-15.50755759555329],[49.775874844842974,-15.485728882457275],[49.76058463199673,-15.48484362751771],[49.757521212900336,-15.503827969920874]]]},{"type":"Polygon","coordinates":[[[-13.77792218713933,9.834392579255773],[-13.773275810447753,9.81015234764607],[-13.763662002125761,9.817419796479792],[-13.759305464782434,9.828878613588664],[-13.77792218713933,9.834392579255773]]]},{"type":"Polygon","coordinates":[[[-13.084317958689853,8.566235583772261],[-13.087929799948638,8.538640773659983],[-13.0611751854025,8.545832901417665],[-13.069683135376117,8.56597983513561],[-13.084317958689853,8.566235583772261]]]},{"type":"Polygon","coordinates":[[[-13.014457171133243,8.579022480253725],[-13.008691557280594,8.571429715593002],[-12.999523667587114,8.57203825709348],[-12.998110141088148,8.581266789988598],[-13.014457171133243,8.579022480253725]]]},{"type":"Polygon","coordinates":[[[-12.98998116730215,8.573405093316829],[-12.976880312628243,8.563131317596207],[-12.970579669669615,8.57047295683719],[-12.984500968454453,8.581178533668108],[-12.98998116730215,8.573405093316829]]]},{"type":"Polygon","coordinates":[[[-13.019116916943672,7.5985965980898],[-13.009213247870331,7.59069370002311],[-12.999925011929921,7.589106923566638],[-13.004910246278316,7.599820944851586],[-13.019116916943672,7.5985965980898]]]},{"type":"Polygon","coordinates":[[[13.028351768462736,-5.878348996689479],[13.03601696728482,-5.884345982321619],[13.069598459185881,-5.885645629676758],[13.047459007938459,-5.85922209510226],[13.028351768462736,-5.878348996689479]]]},{"type":"Polygon","coordinates":[[[12.88245885609373,-5.946223651027647],[12.878053269941374,-5.954193461482221],[12.889490905083695,-5.957329044263965],[12.894422672594905,-5.946267995676072],[12.88245885609373,-5.946223651027647]]]},{"type":"Polygon","coordinates":[[[12.861933642792312,-5.930554168102208],[12.857269437075537,-5.938524228806131],[12.868698061113346,-5.943593637035864],[12.872488356889228,-5.9286647589748505],[12.861933642792312,-5.930554168102208]]]},{"type":"Polygon","coordinates":[[[-13.727775158655035,9.817230814451193],[-13.745294939001898,9.805182847642731],[-13.757775993806412,9.763222201534564],[-13.681690340762433,9.745520629719522],[-13.635926572860406,9.784451422907072],[-13.727775158655035,9.817230814451193]]]},{"type":"Polygon","coordinates":[[[-13.232204028558359,8.917280942388025],[-13.23073253944642,8.889853111100468],[-13.197935852300803,8.900620057958916],[-13.19311996781354,8.91177882343701],[-13.203875382680922,8.910496860038176],[-13.232204028558359,8.917280942388025]]]},{"type":"Polygon","coordinates":[[[-13.065955328117614,7.634109376403655],[-13.061473949845231,7.625972853794936],[-13.048078800725223,7.6183091111778625],[-13.046094507834027,7.628867755620187],[-13.045876045054914,7.642475625237388],[-13.065955328117614,7.634109376403655]]]},{"type":"Polygon","coordinates":[[[12.837109864306013,-5.960987960425829],[12.842973545786645,-5.974793886357981],[12.850206194630031,-5.968899906781239],[12.85903522526418,-5.948064173555836],[12.848752555558885,-5.945190259596623],[12.838951443244724,-5.950689766822462],[12.837109864306013,-5.960987960425829]]]},{"type":"Polygon","coordinates":[[[12.830510375864442,-6.00347344949828],[12.821494010249593,-6.00575734757794],[12.811050859237593,-6.01112761082426],[12.804451327102276,-6.019859282513951],[12.820401541522587,-6.021340362133531],[12.827629746970079,-6.015699672616595],[12.850072433115107,-6.002005612565691],[12.830510375864442,-6.00347344949828]]]},{"type":"Polygon","coordinates":[[[-12.469220580845695,7.5447715782593585],[-12.479208991274746,7.5426718760688765],[-12.477902495523399,7.528486162376127],[-12.488011276761771,7.53467507754567],[-12.48310179526591,7.520807450680991],[-12.47709986503766,7.5136987792420955],[-12.469283043962783,7.522031947081997],[-12.458153078026662,7.538596138999188],[-12.469220580845695,7.5447715782593585]]]},{"type":"Polygon","coordinates":[[[12.85578902854374,-5.988116111032233],[12.910305975510468,-5.964620190506981],[12.91574161997681,-5.956912150570681],[12.917962210054577,-5.94816178167244],[12.917997952704424,-5.938626254032522],[12.909102049275367,-5.9424582041022855],[12.901994212977035,-5.952095702188142],[12.889490905083695,-5.957329044263965],[12.874673293999226,-5.963325123089253],[12.86776615327158,-5.952862926032585],[12.866803002203309,-5.968318937792541],[12.85578902854374,-5.988116111032233]]]},{"type":"Polygon","coordinates":[[[12.757996449552083,-5.997593078035819],[12.74792783472646,-5.99811640409783],[12.75469224237753,-5.98023988813604],[12.744521047577505,-5.981486064919111],[12.733306417949173,-5.9868521491039495],[12.739165657310066,-6.001429136878802],[12.755062334230397,-6.0164225098423865],[12.764872384516915,-6.008905886338212],[12.780051132157924,-6.00880831451459],[12.79322784257873,-5.995854670287516],[12.799943171194595,-5.98905180510478],[12.78502310461369,-5.988736948678981],[12.757996449552083,-5.997593078035819]]]},{"type":"Polygon","coordinates":[[[49.81354978806028,-17.09009664357901],[49.80909966551806,-17.098122227405405],[49.80199625383742,-17.11231842437587],[49.81284976077503,-17.11585135217697],[49.817469405949005,-17.10557635386738],[49.903177773842,-16.953477206878354],[49.9079044067593,-16.93975516318994],[49.92509421958135,-16.934235322500637],[49.92280224115574,-16.921621064352767],[49.929504264465,-16.911459104973947],[49.93789182293599,-16.90346820733538],[49.92829138962309,-16.901138707239014],[49.93791411602542,-16.885283755965037],[49.94553922958768,-16.894551142223733],[49.94715339813096,-16.882185944512646],[50.015618455851566,-16.705683285181113],[50.00493440973614,-16.704085917609504],[49.96519939698977,-16.73699489002315],[49.96641223518914,-16.78439673571556],[49.91893177435763,-16.839503305717706],[49.85407413151918,-16.947390495177284],[49.853855652996955,-17.004095381033885],[49.84920928767997,-17.013915556044598],[49.84433101680885,-17.00436403668742],[49.81354978806028,-17.09009664357901]]]},{"type":"Polygon","coordinates":[[[9.865190294514626,5.515414430772235],[12.506391662928786,5.5154143912652085],[15.36174132868945,4.9443459277159025],[17.07495477045357,5.658182249402196],[18.930935142882507,5.943717766679461],[20.778046408998236,5.27670687176657],[23.778254457667774,4.744598793917012],[27.711145906219976,4.587425370600183],[30.35234730642366,4.087739592407333],[30.69520307894879,2.569382086079924],[30.852034130147384,0.4471630072244722],[30.56650010022479,-4.763858024417962],[32.77940030932266,-2.5509576165414436],[33.56462128462131,0.018857531767649933],[33.70738827320861,2.0889914864954937],[33.4932354974551,3.8022017581798413],[32.422480498933034,5.087112592954735],[30.129273351946647,5.9660397629533435],[27.639760194557343,6.657553417438302],[25.64101713392261,6.800324506800258],[23.21396418741692,6.586169976323646],[21.286602457745282,7.300010984476732],[17.431874554202864,7.442778778051935],[14.505139132562466,6.800324567190839],[12.649158746630627,6.7289397805384015],[10.856319182558122,7.450481015751689],[10.608536954396842,6.967427687728363],[9.865190294514626,5.515414430772235]]]},{"type":"Polygon","coordinates":[[[-12.617035364064678,7.604550278579512],[-12.609013419773337,7.59826073924616],[-12.60833565042787,7.607370113432211],[-12.617035364064678,7.604550278579512]]]},{"type":"Polygon","coordinates":[[[-12.95526706279231,7.576151545143133],[-12.604028167815262,7.465778951937975],[-12.56629080824799,7.419587216466139],[-12.564351074169469,7.3987204503328226],[-12.541993172434154,7.390486578899368],[-12.530600091288289,7.406304037483276],[-12.541003197427594,7.425490242492731],[-12.513075838913213,7.4853693191860415],[-12.502672819597024,7.49938842242586],[-12.495689814255762,7.505608665817352],[-12.495850383578354,7.518230082819398],[-12.50053245682274,7.52828723850827],[-12.512121645338024,7.54327304265325],[-12.501887954000107,7.550014255397939],[-12.50059038671518,7.580439110686919],[-12.54517246019266,7.608302749105761],[-12.56856049797113,7.612536864900848],[-12.586539575381586,7.6013458584399665],[-12.592091133645688,7.609686085376236],[-12.580604471030666,7.61834444917218],[-12.58117077758288,7.629305340300005],[-12.591444553234936,7.637490405897874],[-12.667976115768015,7.637485928758092],[-12.678700264023242,7.639059310580498],[-12.713655141208863,7.627966160202919],[-12.718190069303445,7.614481607639706],[-12.725382559912898,7.624638174460631],[-12.79776267640969,7.6296588985321865],[-12.8073408693806,7.624381834020719],[-12.815518811783045,7.616934618671706],[-12.853728898520213,7.6164970512574],[-12.86874265522773,7.6179820344011375],[-12.91765009901339,7.596059593076883],[-12.910181103825751,7.578396996210011],[-12.95526706279231,7.576151545143133]],[[-12.58441700162353,7.558638428991506],[-12.578927897689235,7.549833054144183],[-12.569340829069413,7.558877203894067],[-12.58441700162353,7.558638428991506]],[[-12.514681174012658,7.571704797541965],[-12.52849990685758,7.570701412445077],[-12.52794252503806,7.561591280800055],[-12.518493705412748,7.563368213193449],[-12.514681174012658,7.571704797541965]],[[-12.60833565042787,7.607370113432211],[-12.618052008375427,7.613920301107367],[-12.617035364064678,7.604550278579512],[-12.616687520640665,7.593385459511268],[-12.609013419773337,7.59826073924616],[-12.60044752366904,7.593725847876115],[-12.589977565651429,7.5884173705507605],[-12.586539575381586,7.6013458584399665],[-12.59886008361061,7.602631999577071],[-12.60833565042787,7.607370113432211]]]},{"type":"Polygon","coordinates":[[[1.1663179993701454,6.098113839049984],[1.492474508937289,6.205571126067521],[1.8435350697385766,6.281050392325141],[1.843588582489612,6.292162107204744],[1.8551822169957972,6.29167010734711],[1.86935327477774,6.2901542788748115],[1.8698482073447424,6.299178293935645],[1.8878629677852632,6.309270267040539],[1.9013874636477381,6.3092968788994614],[1.9159419666858883,6.308428152543767],[1.926510043320925,6.308188866568736],[1.9494521130102818,6.308561160171371],[1.9636364673406397,6.311317932272299],[1.962499426415722,6.301873078051394],[1.9721087735704774,6.3027373312932395],[1.9794707558894704,6.309305692508595],[1.9886431420299087,6.304306319876895],[1.9905650071539112,6.3151782341697595],[1.999278102439695,6.310573302796381],[2.017899257993022,6.312164396889556],[2.0371536654948197,6.312355011599936],[2.0611971615907048,6.317097272330548],[2.054557569674358,6.326714687730639],[2.0714575307128236,6.32572636640328],[2.1909570312904294,6.336221102786331],[2.4189418961942595,6.347699534840684],[2.432024937778567,6.350380713063368],[2.445785681586042,6.35795005430733],[3.1156229865353997,6.402096566630238],[3.3938619560128602,6.398321066582726],[3.3936033370897043,6.40792808236582],[3.4064678251169784,6.416772732377911],[3.929003095798684,6.434780740264295],[4.423776057277527,6.35090811882651],[4.487331658946668,6.324569667043882],[4.495563110907027,6.319907190806767],[4.546517255326133,6.30429746975475],[4.574301906319236,6.293389812814744],[4.583309339346077,6.290269571175368],[4.658592293216873,6.232824314533704],[4.659577794711183,6.218386685601865],[4.670368777262449,6.211138919524726],[4.673432207119384,6.202623208135784],[4.665428093015093,6.195689980246893],[4.920100757043618,5.958717239751322],[5.034530188482455,5.803745201604549],[5.052915099258487,5.77354689907394],[5.069547517292009,5.77033485689965],[5.098701148500399,5.816343978600775],[5.289011137354173,5.916441106815994],[5.295169112215199,5.903893329581179],[5.2152353006688905,5.858592257145003],[5.140777199758356,5.799757004259615],[5.097880671460309,5.8022013739915925],[5.080592708947465,5.7249120987811715],[5.164811757383813,5.602144374273709],[5.186425006630952,5.596854506148334],[5.257824172665864,5.624661349666044],[5.293193706821487,5.627128666864766],[5.327283544107249,5.700331345357593],[5.30833240185919,5.636305604432588],[5.339010986824162,5.604460893712954],[7.580904297387909,5.51541443744291],[8.18392196072649,6.5420041644790805],[5.510775598899471,7.442778731067259],[2.7981885023573487,7.72831113549197],[1.2991278458932054,7.585544331954695],[1.1663179993701454,6.098113839049984]],[[2.4406800253875294,6.393592781624707],[2.4811419636795184,6.386507017487344],[2.5099967704408446,6.395560370007139],[2.4938815448402507,6.402247211072017],[2.5470920285860075,6.409257478090228],[2.520105556833389,6.472137157627489],[2.509403737752263,6.474835438949389],[2.5001243083473095,6.474441149316144],[2.500115396955436,6.486944287969085],[2.490060138994399,6.490284958255325],[2.481556627717291,6.487055069379339],[2.431262411989334,6.516645837462477],[2.427918065562311,6.5081351511327865],[2.425483403131748,6.497821212635095],[2.4119856985505526,6.468415406418456],[2.4021891101020443,6.471499168616482],[2.392784821820725,6.465043578945913],[2.3789883801890452,6.472243513787776],[2.36919177277329,6.475065808940157],[2.343605395605068,6.400403774501441],[2.392236395276407,6.395170352690176],[2.4372064066294543,6.382921944165531],[2.4406800253875294,6.393592781624707]]]},{"type":"Polygon","coordinates":[[[9.347662591648168,-1.9334336120140465],[9.362778963712007,-1.9365264755612568],[9.363033089120613,-1.9275019116550347],[9.356112624565284,-1.9196360145126248],[9.347662591648168,-1.9334336120140465]]]},{"type":"Polygon","coordinates":[[[8.893726111321817,-1.0585927495849714],[8.990684831023225,-1.2197484774791496],[8.98799598721258,-1.2300644672779208],[8.994782710491435,-1.2473394480897546],[8.993248762366377,-1.2601028081033585],[8.99683392169281,-1.2699014991689992],[8.985307150776752,-1.2684838595967844],[8.985944752905443,-1.277765445885211],[9.056657196948002,-1.3943124045542035],[9.227048396329286,-1.6245583280030151],[9.266270589048478,-1.760693173617399],[9.26525843001422,-1.8563556682926103],[9.277819671845277,-1.8764644259075314],[9.292298421856062,-1.879040377462053],[9.30088215741696,-1.8849678362702245],[9.291531464246882,-1.8885821496186532],[9.274488770350732,-1.8860062344843938],[9.485716377780303,-2.133222538485862],[9.586741771173706,-2.258235133500596],[9.592418198521155,-2.349247611786016],[9.671286291565334,-2.4470569731172627],[9.88278149229996,-2.668778544107115],[9.900372626338424,-2.7065367483934124],[10.426649078169758,-3.1053037517188784],[10.543655938378208,-3.2483144254540726],[10.658178972293568,-3.3398865457882247],[10.654085521398544,-3.4210790219914458],[10.648195125902564,-3.444215882244805],[10.883002418938403,-3.6293922199109723],[11.0176316402028,-3.7883465782675985],[11.014407704113676,-3.8344762899338085],[11.046455222161587,-3.880910480708891],[11.334504219433487,-4.100300004531749],[11.375193530349716,-4.150672876405175],[11.3874114513086,-4.204475792848363],[11.70597856700219,-4.470130453849528],[11.709728702239987,-4.478350203815936],[11.819890785635568,-4.598323940094584],[11.813407237542577,-4.645992296075885],[11.781252635508958,-4.660027729783751],[11.806063060809743,-4.703576664011178],[11.85288369499619,-4.760169805299738],[11.841651217070428,-4.79020865922878],[11.83246098605826,-4.784454303617269],[11.823703268465167,-4.780890560738579],[11.82888927678711,-4.792972556287573],[12.138899306048065,-5.21408797337446],[12.134939639814576,-5.245864454023587],[12.179227459257945,-5.3228476858623175],[12.1705901665429,-5.335594493860609],[12.231835941513259,-5.511317699421965],[12.216973692402968,-5.557942227681687],[12.20903647952745,-5.55326440782985],[12.1949368015645,-5.550055577880209],[12.169011653008178,-5.572450266115275],[12.148031585621263,-5.655794976880047],[12.185831335089231,-5.751674639034952],[12.332254833750364,-5.923235994896407],[12.369764806209172,-5.963130043919981],[12.474798917347167,-5.970523066653326],[12.5091385180845,-5.943504897157831],[12.586940835358583,-5.918348267368597],[12.59250581227411,-5.910772684433695],[12.625712779303706,-5.906022376922273],[12.623871124107033,-5.915030663479135],[12.614850388604891,-5.918596629429543],[12.636994267308655,-5.944454069103483],[12.630140650523678,-5.95343952526541],[12.647223492993279,-5.9594401125876955],[12.663155793691482,-5.964269841444788],[12.653113906967501,-5.966292128502775],[12.64248787826597,-5.9840183318307565],[12.622109827243856,-5.995907903020582],[12.642153451225713,-6.001535534660134],[12.656097080038833,-5.99013391670175],[12.654505197847701,-6.001331509774557],[12.667374156132855,-6.00138474449935],[12.677919897536851,-6.002462374142432],[12.726122823345056,-5.981153481676988],[12.732218359524161,-5.969582861500601],[12.738465560129239,-5.95676135768525],[12.747330287177906,-5.9600077741423005],[12.75965972617098,-5.953412916453718],[12.756993145083387,-5.962101121797043],[12.80675223370703,-5.9594534149634235],[12.858660683228775,-5.911477903798322],[12.911585698226403,-5.8984110929953255],[12.966660120415582,-5.896295347580815],[12.98248098361159,-5.881808794180328],[12.999158003357334,-5.874769379078541],[12.998556035081492,-5.8638131408291105],[13.047459007938459,-5.85922209510226],[13.096433273233368,-5.8717575386952925],[13.092415662764619,-5.880633369588703],[13.098069835000182,-5.896033661192183],[13.024797852107945,-5.900886125680837],[12.96491207736612,-5.916773745159652],[12.962370400909823,-5.943429488208419],[12.963868728134374,-5.955031711338834],[12.94309375734659,-5.971831402779501],[12.903617356493136,-5.997703934317027],[12.863686069647972,-6.009659748655369],[12.859128882900873,-6.022653017416289],[12.850264210661843,-6.019012236010145],[12.831964055489044,-6.026151818948977],[12.819335845768835,-6.030736973625669],[12.803621958830082,-6.034413080155834],[12.793169854398652,-6.0422264821553044],[12.776439302541313,-6.042417140426117],[12.767440822159411,-6.040576868589351],[12.758027671401617,-6.045432456808868],[12.759624031034782,-6.032688127676011],[12.750861860003377,-6.03573901556193],[12.748235466787063,-6.048611833665494],[12.73742664604498,-6.048053101340685],[12.727910855412135,-6.046722824114963],[12.661711120511354,-6.031371115733086],[12.637400082797077,-6.02959295083956],[12.661412303413789,-6.0414193881967755],[15.218974291345958,-6.90537418979432],[16.289733807202452,-7.547826182480655],[18.788168140911726,-5.834616193082229],[20.786915534463674,-5.620463350445302],[23.597654509799703,-4.928979620309221],[25.87301248738141,-4.335577972405133],[27.996680014221138,-3.835868854353659],[27.140077755322633,-1.7657384737952075],[25.712398452110566,-1.123282632030668],[23.856418006678933,-1.1946671430724372],[21.072449678708306,-1.480198874356853],[20.287228668995606,-0.909132440558559],[18.502634054518058,-0.6949784378025806],[16.718034893425887,-0.12390938778817001],[15.218974291345958,0.51854624016756],[13.862685251230385,-0.19529040985108267],[11.221479408132062,-0.8377460682955458],[10.22813886479298,-0.7881925656683177],[8.995295466147773,-1.0253334003576808],[8.952733972417743,-1.028824694450523],[8.944064881229345,-1.0383518701951695],[8.93292302078503,-1.0325620047779427],[8.901154995421543,-1.0457037130411797],[8.916908926918602,-1.0529217381609024],[8.893726111321817,-1.0585927495849714]],[[12.927535911554182,-5.865103946461996],[12.92164990637673,-5.856578413826051],[12.918256582268723,-5.868932049743253],[12.927535911554182,-5.865103946461996]],[[12.831406626707231,-6.036843151583704],[12.840168793115486,-6.0340406214469775],[12.831964055489044,-6.026151818948977],[12.831406626707231,-6.036843151583704]],[[12.730193961094827,-5.960814950045807],[12.738465560129239,-5.95676135768525],[12.73645455767406,-5.942036860453117],[12.730193961094827,-5.960814950045807]],[[9.299985911715869,-1.8729792984577323],[9.293319548533747,-1.8656301279020249],[9.292298421856062,-1.879040377462053],[9.299985911715869,-1.8729792984577323]],[[9.042432699645328,-1.0498276473687624],[9.034232382254244,-1.0453158263205025],[9.034232382254244,-1.0555031488716482],[9.042432699645328,-1.0498276473687624]],[[8.93253808667449,-1.0671037516819375],[8.942785137800023,-1.0656860205978242],[8.935610469628958,-1.0544687917300248],[8.93253808667449,-1.0671037516819375]],[[12.975440076510122,-5.852138088098898],[12.964091611935377,-5.859825412112362],[12.966356844512246,-5.872972924812705],[12.99059653756105,-5.858889433170925],[12.975440076510122,-5.852138088098898]],[[9.023419095122877,-1.0502868989884797],[9.034232382254244,-1.0453158263205025],[9.015022607149518,-1.0351329094403776],[9.014830791793722,-1.045008173880158],[9.023419095122877,-1.0502868989884797]],[[12.966356844512246,-5.872972924812705],[12.955458832853168,-5.862757470733378],[12.945278661972083,-5.86748601579639],[12.93882191499185,-5.874290345004933],[12.956038537238435,-5.879892569106933],[12.966356844512246,-5.872972924812705]],[[12.763463293429057,-5.909654956214329],[12.73645455767406,-5.942036860453117],[12.752872933340598,-5.939264946964069],[12.79846724889342,-5.906394915814204],[12.80545915818007,-5.896069123759668],[12.81307076604431,-5.890302959473102],[12.804750157291593,-5.880606756213024],[12.795475191556536,-5.88314832847365],[12.772818461232124,-5.905933621739371],[12.764448760815368,-5.899799408900419],[12.763463293429057,-5.909654956214329]],[[9.296271488245516,-1.8968314709467897],[9.311780219619108,-1.9035298048569054],[9.323307000691502,-1.8952761095573902],[9.32048881991895,-1.8862558006187695],[9.327917679276519,-1.8803239287793327],[9.327917679276519,-1.8687186389890926],[9.318691843679623,-1.8651131119639512],[9.317363010687707,-1.852032546755752],[9.307169524468529,-1.8648501798606056],[9.299985911715869,-1.8729792984577323],[9.309064579584172,-1.8746862032769633],[9.311262980097192,-1.885351065095758],[9.296271488245516,-1.8968314709467897]],[[12.882552532089106,-5.853597479597022],[12.863512177614787,-5.854298375601131],[12.856025316874488,-5.859936263272007],[12.851624216349675,-5.867907340729181],[12.837729630018558,-5.868111420411908],[12.828477009327077,-5.865241449246944],[12.814029534070674,-5.875621051533305],[12.81991550585468,-5.884017754056507],[12.83177230741587,-5.878136085009883],[12.841033872967175,-5.878686076742488],[12.851575152305823,-5.880274105397224],[12.864493121601635,-5.866283885841078],[12.873892948462496,-5.863742181260252],[12.885607006703115,-5.862109854287883],[12.918256582268723,-5.868932049743253],[12.911866619077548,-5.857829273555328],[12.891056019069687,-5.849250326307837],[12.882552532089106,-5.853597479597022]],[[9.347662591648168,-1.9334336120140465],[9.349459614124964,-1.9478728315943439],[9.359452457937273,-1.947355829732666],[9.362778963712007,-1.9365264755612568],[9.371750636352154,-1.9380684166721365],[9.375973443718552,-1.9220827091316643],[9.377525217789252,-1.9130179633108382],[9.384686525561424,-1.918726903831471],[9.38661726373457,-1.9592101613647133],[9.401225313387926,-1.9483764309061757],[9.445557720193674,-1.947462806959214],[9.465538882827609,-1.934307072829749],[9.46579307204964,-1.9152284424258654],[9.475536197276739,-1.9364952913893811],[9.471438343284968,-1.948617030026956],[9.483486835872666,-1.9599588845879368],[9.48101202148196,-2.0134002590541624],[9.500244133016754,-2.032941190370243],[9.509902498899525,-2.029821852278398],[9.525286444330554,-2.0501869562212636],[9.535020619174556,-2.042192484842026],[9.546043550390488,-2.0543045890624008],[9.533237022609516,-2.065396077323126],[9.548879481614643,-2.096330766944133],[9.56476282194138,-2.087561097264632],[9.568214170349194,-2.0561004214508425],[9.553592781435922,-2.020525944705894],[9.548799278131316,-2.0292513915514987],[9.511561313091416,-2.009710395138957],[9.51193585305666,-1.980832972986035],[9.524234089195595,-1.9701285571863205],[9.48731720728911,-1.917670670806816],[9.500128181785295,-1.9054193948354294],[9.469369270104451,-1.8725559073096034],[9.462970496429536,-1.9024646512753374],[9.442463071405038,-1.8774627214671997],[9.434271701054648,-1.9171715602346633],[9.413255995388178,-1.8944872351315127],[9.418887836394319,-1.8735987214668157],[9.40120303206116,-1.8605806616096023],[9.380334442420622,-1.8536147065891326],[9.35764649401533,-1.8920494406688415],[9.34881750741609,-1.8883014100057436],[9.3407420753691,-1.9275063418436138],[9.347662591648168,-1.9334336120140465]]]},{"type":"Polygon","coordinates":[[[45.723666824079885,-24.340871854889016],[46.28878652299412,-24.697792370848237],[46.72150660055745,-25.181668004036517],[46.74522899007812,-25.160775312955547],[46.75295666577348,-25.146034954475585],[46.768545658989915,-25.15845864352093],[46.77758421470687,-25.15042247979539],[46.78079927839212,-25.140621862529514],[46.82485075326641,-25.12023492197541],[46.891505363564164,-25.076130978870673],[46.949709974302955,-25.069192074806292],[46.96056789039697,-25.07597346292827],[46.96898222045948,-25.041250858555152],[46.99778806957697,-25.041105455099462],[46.99501447097393,-25.007108491223416],[47.066792608204935,-24.971618544991966],[47.09064431965035,-24.976238806804293],[47.091696671838285,-24.988210924885742],[47.09943325846666,-24.99390954798129],[47.100833396076524,-24.98461777006165],[47.10286230013213,-24.972879738535667],[47.106567799103594,-24.953770734598553],[47.10611299454764,-24.94469426664904],[47.114179464247485,-24.93920759800621],[47.122803402473934,-24.932560223191928],[47.136194090464635,-24.923126276411303],[47.1272937119876,-24.90618544529142],[47.13767004012809,-24.842376707239097],[47.178011537822144,-24.794307211612264],[47.194826762444016,-24.78264018147629],[47.20087775786959,-24.773619915546714],[47.19615111755802,-24.712278664276738],[47.3028217439462,-24.472525043616518],[47.302830695823936,-24.458912124532223],[47.36565049503649,-24.270416723586393],[47.4571601509076,-24.06424062115654],[47.57378347992169,-23.83453041534434],[47.670300755355214,-23.41667331367294],[47.74455364890345,-23.204964360316776],[47.79909295969798,-23.000328600542243],[47.86000427185933,-22.681242679534673],[47.91671064739305,-22.418115334864268],[48.29854351764905,-21.443856124624606],[48.380042442609906,-21.15858139257524],[48.44893114643066,-20.941432792596345],[48.55950791027707,-20.53045577390573],[48.71027459060664,-20.159487211417183],[48.819602792293246,-19.905493282098355],[48.82518564391467,-19.790429193745783],[48.90070045261399,-19.525412826796813],[48.984063352541746,-19.31173430158732],[49.04166158799722,-19.111992532964248],[49.32828817367207,-18.424690128867084],[49.38972563423572,-18.185838764160263],[49.429054937927866,-18.16196945435623],[49.42709293612793,-18.152355569436367],[49.4027506937218,-18.102616737488567],[49.49238309121969,-17.785572214865173],[49.51814775487975,-17.68643494904262],[49.51182473424703,-17.674280052591694],[49.48745130194161,-17.6291242898611],[49.477538755077255,-17.534305887207687],[49.46837078041726,-17.494873574344467],[49.469690668943734,-17.47706178273597],[49.448456489266825,-17.434026537522676],[49.451185465692326,-17.41292840599345],[49.41087963918837,-17.361413101496744],[49.421795473812466,-17.30479173967048],[49.42334724729137,-17.295787422526484],[49.41372454621953,-17.292364373039835],[49.409537437177875,-17.283061398128616],[49.42724004519543,-17.26362788586316],[49.43745584482864,-17.260357566020282],[49.438383338266355,-17.245555136530083],[49.51472318596974,-17.099720433476374],[49.55722289031084,-16.991575381471492],[49.59960212866179,-16.904317274084715],[49.73482442747864,-16.861059220419452],[49.81642148475604,-16.841372623637398],[49.75280796930213,-16.80055475278494],[49.72293195709484,-16.725161854949356],[49.739653574760595,-16.69103347500929],[49.75509989711412,-16.694565740330756],[49.772343230676036,-16.679667430727562],[49.82124625937251,-16.58580857474348],[49.8407860465604,-16.539678367964445],[49.85173308633561,-16.476463825235626],[49.854488828918335,-16.466607425786496],[49.86131569793264,-16.4507976190541],[49.86085642427406,-16.429225412576073],[49.831600265268406,-16.42783538780747],[49.81611384095163,-16.330910058546714],[49.84152177925325,-16.24681442468186],[49.857895564985526,-16.22962109355174],[49.81754067837429,-16.178511611401735],[49.790001293561886,-16.17637463417023],[49.79006371593807,-16.16439167932548],[49.72352952464188,-16.14471541244425],[49.675665532345334,-16.047050571910766],[49.72080049748363,-15.924438997340443],[49.7229052237456,-15.899434199167732],[49.70447128330258,-15.856004068426712],[49.64446963855355,-15.680738958016423],[49.645245516988275,-15.608283599692253],[49.63589922744472,-15.606462680606725],[49.626459332711676,-15.605496364955185],[49.62358764991407,-15.536928191012896],[49.70057851856105,-15.454975657110706],[49.732211340296296,-15.445584644506157],[49.743657906167634,-15.453707762876597],[49.854653802578,-15.434985338315421],[49.855648184717474,-15.422885337547221],[49.86604238294626,-15.415676570821248],[49.90411417400264,-15.445696374960429],[49.89590049411907,-15.476717384359823],[49.89984678462176,-15.517491467881587],[49.894054463041115,-15.567432975758964],[49.939234038126166,-15.609816773164418],[49.96591733038932,-15.629433745914465],[49.95954082629672,-15.740357764521766],[50.017210303788005,-15.795672613461921],[50.02450096240688,-15.884586796507492],[50.12061688758177,-15.940080891828199],[50.146033789935835,-15.950512524417691],[50.152334473290615,-15.987878183256761],[50.168503155681314,-15.990510173444227],[50.226132605715804,-15.990711591230616],[50.23084588382883,-15.968917534067316],[50.22421963753662,-15.94753271687075],[50.2594019751443,-15.926480017514683],[50.24612718122144,-15.908907339022939],[50.27819257146716,-15.884097925098487],[50.29525755550676,-15.872783614077814],[50.297032292118196,-15.85734236583269],[50.302285121132506,-15.835297860108232],[50.33911287532229,-15.816863417348307],[50.32132549812104,-15.801731067724873],[50.34279163702308,-15.738301934388879],[50.42593596551873,-15.543737489073772],[50.43211629882493,-15.518969516662244],[50.43389104305652,-15.509362263120611],[50.43443061325758,-15.475982509868542],[50.4569668812393,-15.461014073031343],[50.45213770534477,-15.442803757892198],[50.44059310397676,-15.438785015552787],[50.46511815350121,-15.405088681103798],[50.45366271737034,-15.367186182928966],[50.477072957942895,-15.351010149494165],[50.473376397954546,-15.341468213666454],[50.48308831940168,-15.332472019162758],[50.47529381838327,-15.318800665270867],[50.47557917172572,-15.30978188736345],[50.482312424071495,-15.269083285006259],[50.463356793873444,-15.233866620511394],[50.46628637189985,-15.2048922132165],[50.435424989914324,-15.1854933207812],[50.421374368345546,-15.133669739727782],[50.41369580076338,-15.128495710389974],[50.332749678475636,-15.020875938132157],[50.31145752256937,-14.947545402018749],[50.294102646996755,-14.925408626098601],[50.25446569668484,-14.819493011318789],[50.22467445325619,-14.74170407272061],[50.204385598570866,-14.63212639684718],[50.18470755361726,-14.550118669334598],[50.181269577640016,-14.40658808204169],[50.20160306121928,-14.300499790179448],[50.168235636821194,-14.263587441777485],[50.143104164918526,-14.223513604463143],[50.165520076828734,-14.051728109555405],[50.13872973058502,-14.012149115945414],[50.1302708158483,-13.772800224002774],[49.818379013991716,-14.521695412207317],[49.07870778647573,-15.257279089632217],[48.8652729482142,-16.46673138569243],[48.21308818371986,-17.85645540002984],[47.443782881954334,-19.750493345379194],[46.223353662459736,-21.539056489620318],[45.723666824079885,-24.340871854889016]]]},{"type":"Polygon","coordinates":[[[-13.700891220668222,9.520170073192395],[-13.709599837215963,9.516326479541698],[-13.719137825193298,9.515869104171411],[-13.708230884773764,9.503388062398],[-13.6037050930286,9.572955790319533],[-13.565075910037525,9.586397173825285],[-13.549237142979996,9.60970843709379],[-13.556750734016353,9.618140875340357],[-13.524614022600707,9.64971888271535],[-13.510572357618072,9.612214437432213],[-13.495638816885872,9.592614282024533],[-13.500227169170236,9.561686071961995],[-13.45703631448888,9.57413856938885],[-13.450838216591253,9.564034192667467],[-13.417051602609881,9.57878179432305],[-13.403834781289738,9.570876016216086],[-13.386979436384584,9.570185671163394],[-13.393324669397408,9.531889700061226],[-13.4112369431132,9.503735475540969],[-13.390716119686996,9.454501856786283],[-13.402621906529093,9.404605720462996],[-13.422772616650832,9.388948727781132],[-13.408387594443242,9.290578243604067],[-13.401360024682802,9.278639168228905],[-13.356488056539662,9.277244127729613],[-13.33980208346338,9.331175863206076],[-13.316806529251446,9.344076735745416],[-13.301525229144325,9.386111134432776],[-13.281222945273955,9.398279661076518],[-13.281191677059086,9.357606225813154],[-13.287046455336505,9.347319479821408],[-13.287327442210096,9.336684775704235],[-13.302501751277173,9.345911527513552],[-13.301779379644506,9.324408462327476],[-13.29139415873362,9.299960223668503],[-13.257143789088287,9.302120848611768],[-13.261023183667614,9.287484612262329],[-13.254058024664046,9.275976670643363],[-13.232698931046992,9.299110928203362],[-13.236457999886179,9.287739841108317],[-13.231205160880146,9.253113882811089],[-13.25121317577881,9.231754741081241],[-13.239913759126333,9.21198337561695],[-13.258254087542795,9.186937417182124],[-13.256537303272118,9.164522277647153],[-13.222438623332659,9.173542160771301],[-13.290582531420226,9.107262845168481],[-13.293378413079584,9.088140610270495],[-13.30105251938403,9.082121534227618],[-13.309373209657107,9.077652223068622],[-13.312976163646688,9.055507570515502],[-13.286671924590681,8.974702659154444],[-13.292776421225039,8.966536596660882],[-13.268911356022011,8.952617786695063],[-13.258124722472868,8.95484658527496],[-13.23754152440704,8.955110914132005],[-13.217234792217607,8.937222787413528],[-13.19311996781354,8.91177882343701],[-13.179943384453845,8.909360319253684],[-13.161741276062981,8.902342585024208],[-13.15560560308533,8.910730317155894],[-13.14505532140824,8.918474741182294],[-13.13330560125178,8.910069538249457],[-13.148176749794567,8.899139816109459],[-13.148542330809052,8.889747388363448],[-13.15953402140696,8.887610664909676],[-13.170168960991619,8.88709523388681],[-13.161246303443919,8.877473373974532],[-13.150843272342907,8.873970816520005],[-13.149429760116801,8.862445275320537],[-13.133885270503264,8.861625731443882],[-13.128306957581037,8.843508386301792],[-13.14371314108854,8.84574222373974],[-13.142861473419236,8.855016889545766],[-13.15742931697827,8.855748239364502],[-13.153688119097524,8.843349735823086],[-13.161175027549527,8.837357376417398],[-13.171346159772133,8.849738499598411],[-13.212668699254268,8.85071224318858],[-13.248475292003855,8.80597099550685],[-13.239570450608294,8.743256170441715],[-13.237666377745622,8.731003778640048],[-13.240939375815168,8.722572274955885],[-13.240502378254531,8.701344991181001],[-13.238272860332014,8.653142799812207],[-13.180161821025802,8.54465111843776],[-13.172728504771735,8.536352152794825],[-13.16767634960364,8.527863384894616],[-13.15889642039734,8.5247412483497],[-13.146232545630754,8.521993876946883],[-13.130500811160497,8.537251782170827],[-13.137082429739511,8.546639878567714],[-13.12174313617565,8.558982119224476],[-13.106662493294142,8.56779202484471],[-13.106069406802337,8.589044513208808],[-13.117087842170065,8.587351340298344],[-13.119147965341094,8.59643840999862],[-13.11071135462639,8.600097937498994],[-13.122380809550476,8.618332956557209],[-13.12222475564303,8.63387348379761],[-13.093285186998932,8.618024322972657],[-13.077419690845693,8.617257187652433],[-13.095438928360327,8.599057412181157],[-13.073825657485093,8.577995142350074],[-13.062588739792002,8.57473670882366],[-13.022648517844823,8.603003376950983],[-12.974151417095836,8.603854293759811],[-12.969732369265436,8.593202260897224],[-12.937751738283797,8.591068225850428],[-12.950642975321488,8.5845912298784],[-12.948038880082825,8.570133383691887],[-12.91173287643347,8.545211122755136],[-12.924120289687632,8.54744244835434],[-12.967114947840804,8.549051884039022],[-12.976880312628243,8.563131317596207],[-13.011491891341535,8.555110544316543],[-13.026603803873858,8.55760195356625],[-13.0358386073381,8.529781684068924],[-13.105565509816728,8.480168426484273],[-13.137416921720911,8.449444743502],[-13.092103543145654,8.421228443773195],[-13.082413894256893,8.419481693028487],[-13.073830142047107,8.423994144946516],[-13.074155668927967,8.414704457090885],[-13.062035783717969,8.380450792601517],[-13.066365595905918,8.369210148340391],[-13.075729676572644,8.3727173579416],[-13.078463133938973,8.383075611483896],[-13.090904057853564,8.408661197330662],[-13.10519099668879,8.410513914018948],[-13.116267409020718,8.412807659467838],[-13.128797487823492,8.424545494614215],[-13.202831937120482,8.489108114732772],[-13.256581950813958,8.484900711118932],[-13.266070926360342,8.496504032759185],[-13.2801571879619,8.4856769048412],[-13.281124824760951,8.496332014397279],[-13.29781072600941,8.49609385107486],[-13.290408649712475,8.488799421481016],[-13.285329718422037,8.477897061878018],[-13.277829552512964,8.467920732803892],[-13.29052457082433,8.4248939804907],[-13.25832541891815,8.378646442136906],[-13.251610055888777,8.371354161342667],[-13.196740797759643,8.318027637863738],[-13.193940469970387,8.308995790250913],[-13.185628668874177,8.29030487977526],[-13.175042831860402,8.283399204399577],[-13.165995306192652,8.281943073657457],[-13.166164703085986,8.252677669335037],[-13.162726739432147,8.177187317654234],[-13.153991419585955,8.174424297031798],[-13.056274603063287,8.238397115909859],[-12.986226623994277,8.236133244469228],[-12.985780687435197,8.223944017885986],[-12.991158396268103,8.207654430545173],[-12.92354952116033,8.120969686348406],[-12.895310008406303,8.076404023715005],[-12.89904231693833,8.023695770175395],[-12.87784819140832,7.955617146924295],[-12.86151450022915,7.949324025459728],[-12.906506843361706,7.942655434009922],[-12.958223500484687,7.910578410273919],[-12.91513514941116,7.871590693018789],[-12.818323597218042,7.7945053639301],[-12.806177024803398,7.790436483569777],[-12.7977760993054,7.8047283077154965],[-12.779070183539208,7.7571989374032855],[-12.750540803550484,7.747876269665604],[-12.710582830852257,7.702046179964066],[-12.686650851665869,7.707388515995294],[-12.676805097323463,7.7078790346545105],[-12.622765251508516,7.699253402758534],[-12.587716737045229,7.685152452040222],[-12.488100437021247,7.7642284013574345],[-12.481964728930189,7.772711295950798],[-12.471334197808456,7.730732510297626],[-12.48834569371777,7.74537986234994],[-12.519269582747542,7.715258415237187],[-12.537244188934958,7.693636941335337],[-12.524388579479712,7.694184887159735],[-12.547607102340434,7.676818049348763],[-12.539384537971522,7.65490299147329],[-12.553551099033152,7.6482915779994585],[-12.52400959415597,7.624779559596559],[-12.525895780637113,7.641039285385317],[-12.503515534453102,7.645061021681701],[-12.50139747043326,7.62778050740177],[-12.50804153586586,7.618472692441624],[-12.47916437086866,7.6039579962620065],[-12.483663595617038,7.594671694718229],[-12.481072914989227,7.584209437626872],[-12.472359788595895,7.595502660357572],[-12.467717889554796,7.583484600764312],[-12.46192549215839,7.576359330756367],[-12.460565484158652,7.565321980300701],[-12.472110104548713,7.573928171779206],[-12.46907343397432,7.561648743274461],[-12.39673790522664,7.551725003115811],[-12.380872439856615,7.540306844492961],[-12.371057991836786,7.534723711037163],[-12.381420883306882,7.525484497665701],[-12.393710161077133,7.535037539624983],[-12.416768244440426,7.524980592125377],[-12.43798011581209,7.518168187369848],[-12.446238408229666,7.513641309027164],[-12.46403914851435,7.486505504960675],[-12.470317539649438,7.476460731135158],[-12.483975776171276,7.443844345849985],[-12.495738903817607,7.442946819169896],[-12.479654933822893,7.434116930072609],[-12.457016086034555,7.423686182996228],[-12.428567003295601,7.423863028836298],[-12.417553047036453,7.422890262851034],[-12.409994859375999,7.416690917507571],[-12.419127040805256,7.412353180372975],[-12.429293819219575,7.4117296569874265],[-12.449038742673352,7.4156518632046025],[-12.500670631040714,7.390760828311518],[-11.864704719413632,7.149423919929168],[-11.627248668923585,7.013972125230056],[-11.616707372379352,7.003133376987238],[-11.617572478136987,6.994064683922991],[-11.6108213394276,6.987456796953635],[-11.603570843835671,6.981831316268327],[-11.58543573342926,6.98849687417736],[-11.583808109662113,6.973828983012666],[-11.457472875408893,6.8945241015625065],[-11.386738128455095,6.830312582699785],[-11.363680130494398,6.769267432639748],[-11.383286802640662,6.737725661718654],[-11.346476958909967,6.699729304268851],[-10.934170649073428,6.5091364786045105],[-10.812869688371025,6.406075861183315],[-10.79468992986486,6.356332503081388],[-10.800005150055862,6.330583781282698],[-10.818113610772057,6.313228107561934],[-10.705070919284037,6.244105545262839],[-10.385014462206376,6.137471858321441],[-10.347054146938484,6.098849876053909],[-10.21649616830622,6.030045201654019],[-10.183975874328992,5.981264352024912],[-10.075298730315572,5.92251303124451],[-10.068498528744085,5.935721185302789],[-10.059549187766025,5.930452151699343],[-10.070652344129652,5.914422961667449],[-10.065386123014601,5.907086870064635],[-10.053591835797706,5.875368259197672],[-10.059366301541598,5.867831999549052],[-10.047322267170067,5.857146198631079],[-9.878103911319926,5.710181537138328],[-9.736531839726382,5.575357184758375],[-9.583986062139266,5.462971762726255],[-9.583201183564155,5.449566264855139],[-9.56776823828134,5.451772397959733],[-9.58988095339823,5.441012365785442],[-9.579709735060701,5.42804142009193],[-9.49863440176446,5.384159254130638],[-9.495669059823072,5.375653267473799],[-9.471705863088513,5.322044067606354],[-9.411994002134245,5.262533579590069],[-9.404400167800734,5.256090635524241],[-9.311267380681342,5.1905298819095425],[-9.284508364824674,5.159088122646898],[-9.29607527556079,5.152635208786244],[-9.121323114764351,5.057682320802284],[-9.102162337127103,5.0369301841301795],[-9.037500937350217,4.99607244739892],[-9.041705828646247,4.9876855840104914],[-8.858708801067017,4.918578855352153],[-8.816044091340892,4.881441435379751],[-8.773388361528685,4.8434000343870895],[-8.720066377757187,4.819144326670458],[-8.692955057225946,4.803019240842398],[-8.509757344561358,4.727756542989652],[-8.463284658270531,4.677964955822307],[-8.30852709029499,4.619045098824737],[-8.230087049480883,4.568307974979743],[-7.948864874063958,4.508401088493154],[-7.9113236961390445,4.487236659195482],[-7.82323859684068,4.443118874783195],[-7.823136030718156,4.425331428529988],[-7.762331756315654,4.387981251539002],[-7.722039337259857,4.370903865664678],[-7.57187906578318,4.361108959796795],[-7.454270339806541,4.369045341678856],[-7.314383883868192,4.436459184381188],[-7.268620076754355,4.461221522328481],[-7.247680181758694,4.468258906707583],[-7.219480814109605,4.5013063751717],[-7.120288090935173,4.530951760370593],[-7.031650114588182,4.548496630117833],[-6.945665208270077,4.627872032220614],[-6.920177043408344,4.650858923827549],[-6.868237448159616,4.672734077860425],[-6.703165950075093,4.700421378591527],[-6.612173542094061,4.736137686697674],[-6.619798630353227,4.743954478477926],[-6.610492495096277,4.745025427174758],[-6.533564077506497,4.77622029138768],[-6.444894835955406,4.7998510349234875],[-6.172577546202192,4.903069258115417],[-6.049582174108187,4.965878398202985],[-5.772248382285314,5.050091322333669],[-5.070185203497394,5.131815075505913],[-4.629264847830312,5.175875009872168],[-4.006867949270457,5.241730329607596],[-3.9741871959795887,5.254789588597022],[-3.6339890216423574,5.177913401180974],[-3.1501587137843536,5.099850806675346],[-2.3319939342951477,4.924962985289609],[-2.2474538224609883,4.880468497777228],[-2.2445865939900522,4.869205565187103],[-2.241465278031379,4.853046110881262],[-2.2045795728112734,4.833113979311216],[-2.2026309390757857,4.822845573433015],[-2.1643228188381385,4.797313827979565],[-2.1155090077901657,4.786680464632709],[-2.1110499443394484,4.756899183310605],[-2.084723347094439,4.747198401188091],[-2.0602964334133853,4.745212045700144],[-1.9741911604696438,4.7601697390242474],[-1.9390668107295543,4.798007001820927],[-1.9041654521392937,4.8276266103320244],[-1.8146757541350012,4.866695256013013],[-1.7430536626096476,4.881081594748927],[-1.7330608680999653,4.887492724557016],[-1.7444226641955263,4.891224684090942],[-1.736989315814059,4.922497265411278],[-1.708054190867895,4.9337682451376415],[-1.708589296498275,4.94277773469796],[-1.6659424365770645,4.9669578529902045],[-1.6376494603712812,4.9808534626234255],[-1.6141767354622778,5.026442781204974],[-1.3469784949000976,5.089733097233404],[-1.2313316758919945,5.11074556739152],[-1.067798642403566,5.1984699476325815],[-0.8035166623186243,5.221184045099221],[-0.7058043636152829,5.3064910092975435],[-0.6149412392042899,5.343865724021604],[-0.49295809344401537,5.383195915845434],[-0.44671716998830713,5.440572881008974],[-0.32798025233464734,5.508907627981349],[-0.3178714515417608,5.509249409793908],[-0.11277513961095395,5.571034585961641],[-0.060576894422436335,5.603591076528315],[-0.04678491525098816,5.610230025278641],[0.010443185503250275,5.622056468016532],[0.03019256986430925,5.6527597406645125],[0.037871124594454506,5.659619997769288],[-0.8423865993098789,7.728311121493177],[-2.412828482047286,8.870455059913622],[-3.7691220354030466,7.371391725881908],[-5.339568374930337,8.227999826658959],[-8.980144069852258,9.200648795964735],[-11.121657934345672,9.86982927939118],[-13.620114576875476,9.790963673959224],[-13.603985977557508,9.768891055827387],[-13.634303485558142,9.628032610106924],[-13.665459167044258,9.583521620656892],[-13.665842659943483,9.56132109883917],[-13.676963641389879,9.552715772353416],[-13.700891220668222,9.520170073192395]],[[-13.565075910037525,9.586397173825285],[-13.56790743637111,9.595837025250448],[-13.578729699930523,9.59508965248062],[-13.565075910037525,9.586397173825285]],[[-13.248854287917396,8.99301618872765],[-13.238353073333045,8.996944753808032],[-13.249697082424689,9.00348499851373],[-13.248854287917396,8.99301618872765]],[[-13.257839397670725,8.971434464449533],[-13.266481151880138,8.962334566083724],[-13.258124722472868,8.95484658527496],[-13.257839397670725,8.971434464449533]],[[-13.217234792217607,8.937222787413528],[-13.208321083250583,8.9513227582692],[-13.217787738500409,8.950503470056349],[-13.217234792217607,8.937222787413528]],[[-13.20344282792748,8.966580624389863],[-13.19251801735287,8.963752872180518],[-13.195024065689031,8.97324914958196],[-13.20344282792748,8.966580624389863]],[[-13.200624656903917,8.95713263011006],[-13.18917816496057,8.953824723109255],[-13.19251801735287,8.963752872180518],[-13.200624656903917,8.95713263011006]],[[-13.085396988545595,8.924192661400616],[-13.08710041520499,8.939839304277422],[-13.114046716430485,8.933544601540394],[-13.085396988545595,8.924192661400616]],[[-13.139963031853917,8.877623122567883],[-13.150843272342907,8.873970816520005],[-13.134094828337098,8.870741397679666],[-13.139963031853917,8.877623122567883]],[[-13.153688119097524,8.65424046991046],[-13.159351258541014,8.645335580564197],[-13.149411898845512,8.6442687446554],[-13.153688119097524,8.65424046991046]],[[-13.128842089575983,8.646649302329102],[-13.138451371614375,8.645013744683485],[-13.12222475564303,8.63387348379761],[-13.128842089575983,8.646649302329102]],[[-13.046290729061589,8.646054114742341],[-13.05590006449432,8.653658618989095],[-13.053220125031322,8.637351802075889],[-13.046290729061589,8.646054114742341]],[[-13.032204393411279,8.645229773363475],[-13.02869062299209,8.65543514678643],[-13.038790502396003,8.651860034762633],[-13.032204393411279,8.645229773363475]],[[-13.00624800804092,8.633075514963032],[-13.006836568119184,8.623548430677575],[-12.998226052278167,8.626951913593818],[-13.00624800804092,8.633075514963032]],[[-12.46119864209444,7.662066751465754],[-12.457796356279811,7.670750526377911],[-12.469608570090234,7.665531448604728],[-12.46119864209444,7.662066751465754]],[[-12.345302147321767,7.55496952620219],[-12.351121337206429,7.563987033549905],[-12.35815774383982,7.550549142821984],[-12.345302147321767,7.55496952620219]],[[-12.35470201627519,7.387094891215175],[-12.36294687412162,7.395050141439458],[-12.37019738148305,7.389354570385614],[-12.35470201627519,7.387094891215175]],[[-13.24825233304713,8.981802631309009],[-13.248854287917396,8.99301618872765],[-13.25776357535551,8.982406039092796],[-13.257839397670725,8.971434464449533],[-13.24825233304713,8.981802631309009]],[[-13.114046716430485,8.933544601540394],[-13.12265729111243,8.936936434751088],[-13.127370504163752,8.926100017060374],[-13.115424638893428,8.922950420987734],[-13.114046716430485,8.933544601540394]],[[-13.056782957481191,8.920320536827806],[-13.04750806376362,8.92258915980967],[-13.058642399130585,8.929879575169394],[-13.069094535945204,8.922994425465436],[-13.056782957481191,8.920320536827806]],[[-12.35815774383982,7.550549142821984],[-12.361386162962807,7.563903084421491],[-12.36729000767942,7.549320299147204],[-12.371057991836786,7.534723711037163],[-12.35815774383982,7.550549142821984]],[[-12.393937641224284,7.405034959260488],[-12.376698710159598,7.396182212311668],[-12.381942580161747,7.404393745516857],[-12.386036078697048,7.414236884200732],[-12.393937641224284,7.405034959260488]],[[-13.064011190981532,8.615105728228166],[-13.05409860275283,8.622133223018963],[-13.0602431997721,8.631021152072794],[-13.069054440239805,8.625378033278663],[-13.077419690845693,8.617257187652433],[-13.064011190981532,8.615105728228166]]]}]},"id":"00000000000000000003","properties":{"OBJECTID":4,"nomi":"Fasliy nam o'rmonlar"}},{"type":"Feature","geometry":{"type":"GeometryCollection","geometries":[{"type":"Point","coordinates":[-1.4821962922659324,35.32160100720389]},{"type":"Point","coordinates":[-0.9034584523621786,35.770971619090105]},{"type":"Point","coordinates":[-1.1187527499744592,35.73162770241955]},{"type":"Point","coordinates":[-1.1296330027363835,35.72447484635838]},{"type":"Point","coordinates":[5.000337841224317,36.826057674368656]},{"type":"Point","coordinates":[10.32740287366146,37.180728693217354]},{"type":"Point","coordinates":[10.236339108344707,37.20235454552039]},{"type":"Point","coordinates":[9.40959504829944,37.30404914101568]},{"type":"Point","coordinates":[9.39285109563458,37.29986716716932]},{"type":"Point","coordinates":[8.957727559149612,37.55665933381941]},{"type":"Point","coordinates":[8.877945369572497,37.498822659716666]},{"type":"Point","coordinates":[8.948452659050684,37.55142031455734]},{"type":"Point","coordinates":[7.161351984736724,37.08125482698407]},{"type":"Point","coordinates":[7.329647328820243,37.08497576001477]},{"type":"Point","coordinates":[6.705315234094382,36.95849334961817]},{"type":"Point","coordinates":[6.737465343056217,36.9645041100925]},{"type":"Point","coordinates":[5.60832736231628,36.786349316635786]},{"type":"Point","coordinates":[10.282459646800126,34.32717652970472]},{"type":"Point","coordinates":[10.275218041323164,34.31954242812718]},{"type":"Point","coordinates":[11.351644993146751,34.75341043431689]},{"type":"Point","coordinates":[11.363180733539203,34.75789826049145]},{"type":"Point","coordinates":[11.096272306707917,35.1556535067094]},{"type":"Point","coordinates":[11.061321878142445,35.14674652158031]},{"type":"Point","coordinates":[11.16731914437082,35.203988671643934]},{"type":"Point","coordinates":[11.28179766246498,34.82347000003427]},{"type":"Point","coordinates":[11.207321773583619,34.76829446499749]},{"type":"Point","coordinates":[10.985031093076667,35.672796328599595]},{"type":"Point","coordinates":[10.877812025391615,37.10555853172666]},{"type":"Point","coordinates":[17.955248162272163,-33.080638267739886]},{"type":"Point","coordinates":[17.986109602278507,-33.15357037555502]},{"type":"Point","coordinates":[17.92827065534295,-33.05187161902818]},{"type":"Point","coordinates":[18.583218938112953,-34.13829355230916]},{"type":"Point","coordinates":[18.363733082687407,-33.930845715861174]},{"type":"Point","coordinates":[25.764957877997237,-33.81707597756016]},{"type":"Point","coordinates":[25.772542800638444,-33.79968801538482]},{"type":"LineString","coordinates":[[7.190019501740201,37.075530796764745],[7.172901072692998,37.08092043485664]]},{"type":"LineString","coordinates":[[10.920244800605754,34.866422610695984],[10.908490678265482,34.87033362230837]]},{"type":"LineString","coordinates":[[-2.923449070377215,35.25675562668153],[-2.754730106134929,35.1216317773094]]},{"type":"LineString","coordinates":[[7.197319045690939,37.09233881271262],[7.208649624058876,37.087632946091695]]},{"type":"LineString","coordinates":[[10.82299628439303,35.71740819047797],[10.833992478456908,35.722480165616695],[10.820459087942348,35.73041513408545]]},{"type":"LineString","coordinates":[[9.894201216614455,37.270051425523384],[9.879526295703311,37.28363745073464]]},{"type":"LineString","coordinates":[[11.334085118164273,34.81615961550909],[11.323641910979383,34.81961908958109],[11.314812861324993,34.82536613881335]]},{"type":"LineString","coordinates":[[10.119417031463326,37.352509067296545],[10.12947681717241,37.35806677229937]]},{"type":"LineString","coordinates":[[26.274722343947435,-33.83396777724176],[26.283381865044138,-33.83967542386149]]},{"type":"LineString","coordinates":[[11.297819185586707,34.775722691141624],[11.29974998174246,34.766038036205074],[11.303237017488888,34.7574110383753]]},{"type":"LineString","coordinates":[[3.0682316302251875,36.77357772675711],[3.081885408184958,36.76269018616884],[3.0718033657308927,36.75745662084552]]},{"type":"LineString","coordinates":[[11.002278963261608,35.76892026340921],[11.01312343971781,35.7654685729371],[11.002742628163167,35.75978417318955]]},{"type":"LineString","coordinates":[[10.186936770070979,37.08577966452038],[10.20299841796181,37.09054968439622],[10.189353595798753,37.094693456129704]]},{"type":"LineString","coordinates":[[11.218340199962864,34.80129517662536],[11.225064504262077,34.79345179756231],[11.237014899995982,34.78947124127734]]},{"type":"LineString","coordinates":[[11.322250604434942,34.753707121046226],[11.34175472455724,34.75794953835556]]},{"type":"LineString","coordinates":[[18.019289820497836,-33.088689670898795],[18.030486546926255,-33.0909872011118]]},{"type":"LineString","coordinates":[[19.415050857613064,-34.686019307585106],[19.422947939644946,-34.67915869752486]]},{"type":"LineString","coordinates":[[10.968822312297773,34.65796471238756],[10.978115061812122,34.652327003811195]]},{"type":"LineString","coordinates":[[11.292147282992529,34.732433277605665],[11.300784485113162,34.72630589088773]]},{"type":"LineString","coordinates":[[11.303344053247605,34.80910850867012],[11.30904722673498,34.800401685949524]]},{"type":"LineString","coordinates":[[11.252421118131686,34.802851294522256],[11.238695991580194,34.810971999011606]]},{"type":"LineString","coordinates":[[11.183300595220201,34.750618624731395],[11.171773830596567,34.76270454435603]]},{"type":"LineString","coordinates":[[10.103466851383326,33.91553105089562],[10.113022720805048,33.924378266623464],[10.099007749996934,33.92756768167669]]},{"type":"LineString","coordinates":[[10.032843569701686,34.181109969599405],[10.024112697316081,34.17514488186706],[10.03613441032769,34.17221570547954],[10.032843569701686,34.181109969599405]]},{"type":"LineString","coordinates":[[10.035942695867455,34.206916965828924],[10.048780385369927,34.21965712876416]]},{"type":"LineString","coordinates":[[10.144597579278111,34.32626322998405],[10.146251918484243,34.31691287779713]]},{"type":"LineString","coordinates":[[11.06550008036393,35.50566553441139],[11.07661658812469,35.50825723240992]]},{"type":"LineString","coordinates":[[10.830648150128463,35.78017153152331],[10.833867617276589,35.78922201673979]]},{"type":"LineString","coordinates":[[10.515808818408736,36.00142825867915],[10.526448233339202,35.978395101193996]]},{"type":"LineString","coordinates":[[10.214868570515975,37.11232931696696],[10.206369520200425,37.135357616807184],[10.215301105419263,37.14850582752193],[10.22248027769383,37.1594804842865]]},{"type":"LineString","coordinates":[[10.17374675808691,37.12130038530304],[10.181568001771463,37.129186137086876]]},{"type":"LineString","coordinates":[[10.266745752434273,37.17560903474086],[10.273822341817292,37.18306278253347]]},{"type":"LineString","coordinates":[[9.824759634597722,37.24395476441192],[9.82301612918821,37.23138047732279]]},{"type":"LineString","coordinates":[[8.759110270355686,36.956419609752515],[8.759079091949111,36.96627129653224],[8.748747379216546,36.962387754896525]]},{"type":"LineString","coordinates":[[7.780248437049759,36.956975456998386],[7.7819651504114145,36.9674861644601],[7.793487531747491,36.96646010839512]]},{"type":"LineString","coordinates":[[6.947078799240346,36.882671200080516],[6.942089052998827,36.89076360449876],[6.93117312776161,36.88055261253681]]},{"type":"LineString","coordinates":[[6.847377776767945,36.94882596469338],[6.853558046352978,36.95664406356589]]},{"type":"LineString","coordinates":[[6.751333189572965,36.950126674905874],[6.754106740010369,36.959170305764836]]},{"type":"LineString","coordinates":[[6.568224627874312,37.0019939726555],[6.580942029991434,37.01496953937505]]},{"type":"LineString","coordinates":[[5.8853846305443325,36.830472782079106],[5.898561321899093,36.828167136341406]]},{"type":"LineString","coordinates":[[3.2348414496248137,36.8149027178912],[3.2233682405211144,36.811061484037424]]},{"type":"LineString","coordinates":[[3.0689183319515903,36.785292270429544],[3.0785678159416263,36.777102999397705]]},{"type":"LineString","coordinates":[[-0.2430566632447886,35.809410142300756],[-0.23962763702140352,35.8211474584788],[-0.25867692752483684,35.826469505899084],[-0.26197217469845585,35.81544893391508]]},{"type":"LineString","coordinates":[[-0.30743715928398957,35.843734823154456],[-0.2906753939196693,35.84822401784638],[-0.29225393710087566,35.8585894939122]]},{"type":"LineString","coordinates":[[-0.6641340489988918,35.717404544310085],[-0.6951827849079528,35.73726346499227]]},{"type":"LineString","coordinates":[[-0.80056468500398,35.772722747686885],[-0.7887258229349978,35.77358735957594]]},{"type":"LineString","coordinates":[[-2.917589799040853,35.27277525679057],[-2.916822819929421,35.282097930648646]]},{"type":"LineString","coordinates":[[-5.5095850121212235,35.88304853332698],[-5.522199789753322,35.88416128711204],[-5.521027063618176,35.87323185891745]]},{"type":"LineString","coordinates":[[-5.803983801759497,35.78827438329014],[-5.793317583244282,35.79125122912429]]},{"type":"LineString","coordinates":[[-6.265973354307236,34.867026315507225],[-6.277834588918635,34.86176871600992]]},{"type":"LineString","coordinates":[[-6.663207955983887,34.26808534410662],[-6.684259373744246,34.26672556660176],[-6.679653144485648,34.25741270505486]]},{"type":"LineString","coordinates":[[-6.845669900570072,34.03111324384988],[-6.833509927748358,34.041086561311324]]},{"type":"LineString","coordinates":[[-7.394522832786772,33.712057376123724],[-7.386545516898939,33.73261895637328]]},{"type":"LineString","coordinates":[[-7.594718618765138,33.607560004917204],[-7.59156600696364,33.62035301816023],[-7.601607948339407,33.61552568976476],[-7.594718618765138,33.607560004917204]]},{"type":"LineString","coordinates":[[-8.63441152813953,33.13389048583037],[-8.63751950623825,33.12509640398582],[-8.626741886487494,33.12269142948343]]},{"type":"LineString","coordinates":[[18.009270176548004,-32.73807035434992],[18.020293069272707,-32.74173852668235]]},{"type":"LineString","coordinates":[[17.930201413542036,-32.71973834251209],[17.920128337905613,-32.71432842007092]]},{"type":"LineString","coordinates":[[17.953201413367722,-33.02696871827634],[17.963849797175527,-33.02373104974515],[17.96736799587677,-33.0420002398709]]},{"type":"LineString","coordinates":[[17.994251913835512,-33.00329292942588],[17.983295894800445,-33.034127851249906]]},{"type":"LineString","coordinates":[[18.858889440844187,-34.38282951544154],[18.855179447345982,-34.39131156733985]]},{"type":"LineString","coordinates":[[22.968851803426446,-34.08582093158467],[22.97918804079215,-34.0918994245274]]},{"type":"LineString","coordinates":[[23.37192783949974,-34.10207967947035],[23.412197952600387,-34.107001412926245]]},{"type":"LineString","coordinates":[[24.859171772615458,-34.19444046407215],[24.870078735470244,-34.19653169778506]]},{"type":"LineString","coordinates":[[25.646252166896232,-33.970150403360485],[25.645231054982265,-33.958138222808714]]},{"type":"LineString","coordinates":[[25.68184026677034,-33.810096005709966],[25.69560550293539,-33.81108901059031],[25.698191815944117,-33.799399039239574]]},{"type":"Polygon","coordinates":[[[18.367496562346908,-33.78981616240624],[18.360152347641332,-33.81443451875301],[18.383040917517675,-33.81390472307071],[18.367496562346908,-33.78981616240624]]]},{"type":"Polygon","coordinates":[[[11.020837737779406,35.7941049783943],[11.041006236980659,35.79350816181097],[11.040948244996175,35.803530034486464],[11.020837737779406,35.7941049783943]]]},{"type":"Polygon","coordinates":[[[11.311994688024663,34.747090333076564],[11.322250604434942,34.753707121046226],[11.303237017488888,34.7574110383753],[11.311994688024663,34.747090333076564]]]},{"type":"Polygon","coordinates":[[[10.788964453574607,37.11874752862898],[10.81992398478655,37.12572691194968],[10.81272703405423,37.13328509408445],[10.806488679635883,37.14083188539128],[10.788964453574607,37.11874752862898]]]},{"type":"Polygon","coordinates":[[[18.075318355875947,-33.41933898919819],[18.08180196492254,-33.427109799552106],[18.096467928013773,-33.427400140933386],[18.087170701776905,-33.41539000296308],[18.075318355875947,-33.41933898919819]]]},{"type":"Polygon","coordinates":[[[10.304835420220934,34.37204266380103],[10.30585205374732,34.357510815367895],[10.319514708963183,34.35929254433118],[10.310547519315753,34.38033442302103],[10.304835420220934,34.37204266380103]]]},{"type":"Polygon","coordinates":[[[8.90253281901857,37.515363140275625],[8.91386338057058,37.51465219093748],[8.924030175483875,37.5186453144981],[8.958004079006042,37.52623830656433],[8.945041466185371,37.541934741009705],[8.90253281901857,37.515363140275625]]]},{"type":"Polygon","coordinates":[[[10.978115061812122,34.652327003811195],[11.048823045905202,34.6125328790237],[11.123182968050418,34.65843052297649],[11.057446897774684,34.672411243117956],[10.993481139653289,34.6724039712816],[10.978115061812122,34.652327003811195]]]},{"type":"Polygon","coordinates":[[[11.123182968050418,34.65843052297649],[11.242504040799174,34.710028663596155],[11.292147282992529,34.732433277605665],[11.29867984102503,34.749057873296145],[11.276879269208328,34.76551055255765],[11.283608069676868,34.77567505530448],[11.297819185586707,34.775722691141624],[11.28968135431306,34.783750842202686],[11.290015828318392,34.80331995250512],[11.303344053247605,34.80910850867012],[11.281454305637189,34.8092951970478],[11.274466919022606,34.816265785997835],[11.2583695926385,34.8297256962872],[11.247930788013415,34.82390201060832],[11.250726647958844,34.81249864227304],[11.252421118131686,34.802851294522256],[11.237014899995982,34.78947124127734],[11.216208776911499,34.78443576600426],[11.228819112527283,34.75234427094663],[11.207745353577467,34.74103733811331],[11.183300595220201,34.750618624731395],[11.144992422259241,34.7023892525653],[11.133345256353756,34.697066148134],[11.123182968050418,34.65843052297649]]]},{"type":"Polygon","coordinates":[[[17.40854010257661,-30.54909827554727],[17.440922097729096,-30.602979768680886],[17.442839533614187,-30.626619100769442],[17.498560428593468,-30.707720096300047],[17.617712043176883,-30.924981086913355],[17.696820990613315,-31.040409324359135],[17.772099532437807,-31.16933119821304],[17.787148960309413,-31.18655991360649],[17.79538939247981,-31.19957860212899],[17.86591900008751,-31.26222091462364],[17.870248763769144,-31.271139704591345],[17.9027021168823,-31.353001032737925],[17.93498157479608,-31.385488879665793],[17.94163902945431,-31.393840335887393],[18.117332066978353,-31.591199206482873],[18.134379147384013,-31.623061392836668],[18.140630832502076,-31.63032858896856],[18.221608095807113,-31.7575182107478],[18.24458144759163,-31.835199910168953],[18.28021854384038,-31.906248845552128],[18.267857921007696,-31.947579861006137],[18.314919242229088,-32.076010593613645],[18.304997763111533,-32.08594716924707],[18.299521986013676,-32.09429997346824],[18.342449773629387,-32.2997303703488],[18.31594931814005,-32.32840126570798],[18.329598601337537,-32.50773848393688],[18.25864093486494,-32.6630982473154],[18.133688021692155,-32.77498912957656],[18.05219797888255,-32.77900069486337],[18.009270176548004,-32.73807035434992],[17.978422089558993,-32.71621937553728],[17.977097783192306,-32.70533870901405],[17.930201413542036,-32.71973834251209],[17.89839013352059,-32.75111829878819],[17.902381091303344,-32.80113983549866],[17.874770321075182,-32.81439967632893],[17.86426915282678,-32.81749892130736],[17.852251818900303,-32.81809852278113],[17.84830999534014,-32.82802855949744],[17.883768808484486,-32.86886133301608],[17.86133954904603,-32.90319130980373],[17.88543205482742,-32.9507511878058],[17.881249413755643,-32.964961413472714],[17.87238026884034,-32.99984866847817],[17.880370930243927,-33.005959209984134],[17.903388828930428,-33.01728151774152],[17.89994190504146,-33.02726034511432],[17.893868662582022,-33.04004902466688],[17.92134118622302,-33.04494941788941],[17.953201413367722,-33.02696871827634],[17.946949765860072,-33.017962041853],[17.96397910208978,-32.997070002682115],[17.994251913835512,-33.00329292942588],[18.03751857063507,-33.04124890587488],[18.042771394689936,-33.04967017992711],[18.033144225803838,-33.07981628694822],[18.030486546926255,-33.0909872011118],[18.097752135194614,-33.15368988250749],[18.094630732158084,-33.164578852759824],[18.085378157463005,-33.17426100092199],[18.124390769672004,-33.18908826828244],[18.09451032741325,-33.20371149477114],[18.02714668651131,-33.136123423931046],[18.006411939253024,-33.08626871288232],[17.995620879061224,-33.07028813001907],[17.982930291100736,-33.068408576135624],[17.972219557444543,-33.067739643384265],[17.974841457138464,-33.07909146420733],[17.979840084991135,-33.08948911852574],[17.970030092121124,-33.09573906479031],[17.956857920815796,-33.09762933003134],[17.97637093183331,-33.127038280668124],[17.97085060849231,-33.13477924215649],[18.08110181976514,-33.2126917263833],[18.16012160834138,-33.33471147088942],[18.14631173255757,-33.3511913694031],[18.29657901518825,-33.470558708645],[18.317969286477968,-33.52381884001344],[18.31125837530796,-33.56886145199216],[18.35501996699394,-33.57855818611937],[18.37966097974601,-33.61870058423093],[18.425808230370183,-33.668481178323255],[18.439600147037318,-33.72807981908722],[18.47716810480927,-33.82411833087289],[18.480762110148284,-33.89505037830308],[18.459331671631404,-33.91227830787023],[18.445637855889053,-33.905209910553445],[18.43411991672874,-33.90536161187192],[18.420501900026025,-33.90483609418768],[18.406700973136505,-33.8995399432699],[18.37709250317044,-33.9332505310744],[18.37294113377719,-33.96688863557685],[18.321237797669905,-34.027251447155365],[18.313688568690814,-34.03554023485498],[18.33662166869016,-34.06066030499397],[18.34763121156223,-34.05600923705464],[18.350369123287646,-34.046477361803035],[18.365440893980985,-34.06996156547203],[18.332737860998552,-34.13511944537318],[18.321888860413484,-34.15342056290085],[18.370140747057246,-34.206061477634655],[18.392208840498693,-34.28555066267161],[18.43926571800301,-34.33832258918035],[18.488449636373186,-34.3549487778904],[18.46400927017185,-34.30444895362861],[18.475429033606122,-34.23044886587813],[18.444170800274705,-34.19206151056403],[18.437789814924795,-34.18475077086996],[18.426441384235858,-34.187771800663945],[18.444870820477654,-34.13283110366478],[18.504890350884438,-34.097589715011175],[18.70662004341428,-34.072621050708115],[18.80727985472743,-34.09780019068574],[18.868066297659386,-34.16045723311555],[18.81969846581401,-34.18632951974397],[18.8299409547522,-34.20484077487674],[18.854992235113293,-34.255341477907294],[18.815667393736078,-34.310456497164665],[18.82208850103514,-34.34546162342522],[18.815908161830286,-34.35867044589008],[18.817910368205705,-34.367629671697514],[18.82714066550266,-34.37575992734035],[18.826708159025877,-34.384768884333674],[18.83885024966503,-34.379259846211646],[18.858889440844187,-34.38282951544154],[18.88543001983362,-34.37256900520715],[18.93867166652043,-34.356620057426845],[18.97121863783984,-34.35953177943447],[19.038720587995147,-34.34136383949174],[19.121258529490504,-34.39008990031604],[19.118088054504074,-34.40584125290441],[19.130488861161236,-34.418039944381924],[19.19918127035812,-34.42883919820444],[19.2272112003168,-34.43103863390162],[19.2744108099388,-34.40960109323225],[19.35788963429555,-34.48603816125696],[19.37256003805286,-34.546599119145014],[19.36370872973591,-34.555798946661916],[19.352440648935644,-34.56023872626002],[19.34749100648579,-34.58297030851833],[19.33666875253683,-34.59149069389348],[19.29494937348668,-34.628983417266475],[19.413771120149907,-34.608327056205525],[19.46285689512438,-34.65901376567281],[19.525257538503737,-34.67489395312634],[19.58174097950835,-34.728720998461746],[19.615616706891007,-34.75763080366314],[19.639093956003133,-34.76540431509539],[19.64767768268295,-34.781465602111815],[19.675003088169106,-34.78336263133787],[19.699198140834582,-34.76282544985141],[19.87746857914173,-34.76784026284155],[19.98498190740773,-34.831248322769035],[20.020329185361195,-34.82430830238368],[20.064099798408225,-34.80516892977308],[20.047079375637278,-34.77945121702613],[20.09949160618318,-34.724121596615],[20.22473885388473,-34.68823755132007],[20.235119627846498,-34.69110844498243],[20.24225870398209,-34.64972992012432],[20.409220760485287,-34.56018000936675],[20.470921383078974,-34.495329297714434],[20.642891088595768,-34.45036008352266],[20.751421114912347,-34.45608873616065],[20.762559938222143,-34.458739632575835],[20.843238444056883,-34.472121712235776],[20.86895855996724,-34.4660706089674],[20.85817203024465,-34.42329994203615],[20.855068520056516,-34.39761817962513],[20.947670615364604,-34.36588130045201],[21.169310286251513,-34.3936296477561],[21.227131404800282,-34.41731894345042],[21.237940282231794,-34.4197503646741],[21.314471812275407,-34.43385955182934],[21.41350844673856,-34.400730937496824],[21.428901274521824,-34.394281011926104],[21.427371833119032,-34.375270454044355],[21.565358702667062,-34.36084957860377],[21.701932015653554,-34.39481085255075],[21.71377989541104,-34.39325067285618],[21.867801675436937,-34.36329006151413],[21.90899930983539,-34.341930831541504],[21.91715944165313,-34.31167932002861],[21.94057864840984,-34.29854049053327],[21.91174164367798,-34.279939360203535],[21.96413160780131,-34.22525038790897],[22.122162142413682,-34.20110127518893],[22.132618780113095,-34.19753118666054],[22.15318860957419,-34.18731074675661],[22.111322129079316,-34.15532086498588],[22.154949932734617,-34.08732025687837],[22.297850729426813,-34.05119911190863],[22.448269585970422,-34.05668162406849],[22.509872116118764,-34.03317896994474],[22.57784212749823,-33.99578895337007],[22.761780049164834,-34.03430971294595],[22.82930868944816,-34.04366934383426],[22.968851803426446,-34.08582093158467],[23.026998522950393,-34.075439137795605],[23.37192783949974,-34.10207967947035],[23.388444318917934,-34.03813792752008],[23.467232135020755,-34.00287936747301],[23.538938995873455,-33.99086073316989],[23.68031473201037,-33.985318505325935],[24.06631683292699,-34.046074648658966],[24.207202122437934,-34.06879066164582],[24.216740185511203,-34.07320832809567],[24.227549029664385,-34.074959044549594],[24.35779042204769,-34.10332033489357],[24.42815064287353,-34.12774113353529],[24.51269067159093,-34.17189838210337],[24.609899116757674,-34.19109148724238],[24.63033073278966,-34.17266947243085],[24.714001279301762,-34.19359956990449],[24.795732145217293,-34.197719266922476],[24.83804008490093,-34.2096716833319],[24.859171772615458,-34.19444046407215],[24.83305927328171,-34.16363033981078],[24.92558119437623,-34.06435067103705],[24.941330758743344,-34.002461585311586],[25.06269850136786,-33.96688128989625],[25.239359221514494,-33.97476914574407],[25.42587005330878,-34.033729584075985],[25.63613888576968,-34.044578267677515],[25.672409248609725,-34.026331249955355],[25.702080135365893,-34.02722931658458],[25.646252166896232,-33.970150403360485],[25.63290606382218,-33.96591605578944],[25.645231054982265,-33.958138222808714],[25.612461108020966,-33.94788148525331],[25.651201774785733,-33.83873091934575],[25.68184026677034,-33.810096005709966],[25.68191161345346,-33.79738324556021],[25.698191815944117,-33.799399039239574],[25.84283164779751,-33.72381112694085],[26.099542096918615,-33.70887107542317],[26.337091730512963,-33.76543907807701],[26.49835958660453,-33.76453827785117],[26.696860941755936,-33.68191073873558],[26.794091635407685,-33.64134861900186],[26.896338813944787,-33.60699182999256],[26.984869828320495,-33.57129133728561],[27.041090178451167,-33.554589384132555],[27.091518184023393,-33.52743944523578],[27.140211583160326,-33.49555857418162],[27.52048809668408,-33.26487949158422],[27.34709210392556,-33.106195748202886],[26.49167268140737,-32.395459648598056],[25.950345009464932,-32.02058361449784],[25.046150801041918,-31.592281656101427],[24.332311151950076,-31.44951406442829],[22.77376506602473,-31.74700283600116],[21.914183861134823,-31.925404739503275],[20.810709338868843,-31.92540475053835],[19.873797624914427,-31.32170096931759],[19.121291913537128,-30.545738084087887],[18.859549450158823,-30.259782352948523],[17.8601756702327,-30.354961801832562],[17.40854010257661,-30.54909827554727]]]},{"type":"Polygon","coordinates":[[[-9.379090318712795,32.002438351576465],[-7.546519045613823,31.820377880114734],[-6.505502885745182,31.653792984763108],[-5.3767450133986445,32.49721855138209],[-4.316400892120937,33.55736144273764],[-2.77718459178739,33.82211763317236],[-1.6989933423797057,34.08084259512576],[0.014220075723453811,34.985037658554845],[1.7160192793061333,35.27581272800277],[3.949900956375712,35.42192261906173],[5.81564365831585,35.892209631112955],[8.401820403456513,36.073673031178075],[9.15135062936877,36.12717995321342],[9.198938187893493,34.88986021008331],[9.484476765412303,33.557361434412066],[10.236276740697601,33.790312737574],[10.14359876894664,33.86232442411982],[10.103466851383326,33.91553105089562],[10.099007749996934,33.92756768167669],[10.037097598343326,34.03573243143844],[10.024112697316081,34.17514488186706],[10.019921089920839,34.18783448173443],[10.032843569701686,34.181109969599405],[10.035942695867455,34.206916965828924],[10.037819996330759,34.22154865302405],[10.048780385369927,34.21965712876416],[10.134377293584944,34.3194429692549],[10.144597579278111,34.32626322998405],[10.180047404386771,34.33633428025728],[10.189737096052161,34.36034525012099],[10.22024174936166,34.35209938812918],[10.27559703309126,34.385457059092914],[10.288764741848468,34.415520112538665],[10.297005228418122,34.40669470556569],[10.328762924807554,34.395557792534156],[10.35107623224376,34.414074425328934],[10.338706713334059,34.41626683459272],[10.361978756065868,34.4268052120098],[10.382949939747126,34.428879688951774],[10.452783939438524,34.50362719882389],[10.498066050075106,34.51186547556583],[10.500130614182622,34.52112059112485],[10.542460917844293,34.518460634485386],[10.564386320697627,34.528717928657436],[10.596915387952196,34.54114478471177],[10.60565079656467,34.55927664880467],[10.608888130648992,34.59032702783544],[10.655967332998692,34.63736699699879],[10.663846516626235,34.627236835537296],[10.727339634982533,34.64934108102638],[10.752783286281216,34.71127491308512],[10.771721096481617,34.71385540162059],[10.765576495155695,34.72153413954814],[10.781174391325745,34.72213522044244],[10.805177768505533,34.76710769350779],[10.815933063150432,34.764503226989575],[10.851944750768197,34.79541087065657],[10.869616232692763,34.79798871832568],[10.865995429586683,34.82791017661647],[10.908490678265482,34.87033362230837],[10.933983332567722,34.97360922374995],[11.013217131947519,35.02884788801867],[11.031227398327475,35.04332069598688],[11.041554659920847,35.13748480359054],[11.062454519585824,35.15999908257445],[11.089115459321407,35.16275503064635],[11.128953039780903,35.22667750444393],[11.160456651562106,35.222608728862426],[11.162262587834281,35.23162028817593],[11.051980032872269,35.31283590865091],[11.034892761367589,35.38475487441331],[11.04856439139952,35.394867997869845],[11.054129369895197,35.47824009382377],[11.059239447521042,35.490730420354836],[11.06550008036393,35.50566553441139],[11.030852818940808,35.554459251562264],[11.047213306100122,35.6269562380678],[11.042990498535607,35.636756165751216],[11.024445069895743,35.63504923667497],[10.830594590859421,35.69939840702018],[10.82299628439303,35.71740819047797],[10.820459087942348,35.73041513408545],[10.828208995313416,35.744118373438425],[10.830817525058121,35.754135618870365],[10.841314281435253,35.76351109711659],[10.837729176151502,35.77255986707948],[10.830648150128463,35.78017153152331],[10.795122459787136,35.77884392400337],[10.777058687321029,35.77584487346142],[10.719536277597548,35.770884781739056],[10.681718585790174,35.79253526777481],[10.647156107761662,35.81617576342756],[10.64864545664813,35.82779631576476],[10.600870683084718,35.88346762147639],[10.597035810309238,35.89343835115373],[10.536325190239165,35.969835353584934],[10.526448233339202,35.978395101193996],[10.500063773811705,35.97130774448525],[10.496920100686403,35.98894554967266],[10.486481348615058,35.997171362011876],[10.498422810835041,36.001648338084976],[10.515808818408736,36.00142825867915],[10.512089906059447,36.03273087735081],[10.48806873488454,36.04721843199005],[10.469893470859905,36.189917411710546],[10.5358167807787,36.36143051368882],[10.541653744823073,36.369373178836284],[10.54894886182122,36.37671182354172],[10.605057735703161,36.400902234503015],[10.629306320715589,36.399552780103335],[10.787898738609844,36.452574716186916],[10.819937330041629,36.47591688332977],[10.988839171682903,36.744615917777814],[11.082279610906365,36.827706684863195],[11.106082311043089,36.8371895769087],[11.11655675442639,36.83335660483417],[11.133965118184525,36.877214003791536],[11.102586359374552,36.92561983836052],[11.059801352398967,37.03492703690639],[11.071667022901673,37.04297123538065],[11.072277859935246,37.05271566290356],[11.034839260237144,37.08851511069341],[10.998319226471674,37.060512400321535],[10.969566937503352,37.05011414299615],[10.953518633116365,37.05375475864143],[10.941216015727685,37.050669317382905],[10.929510861215459,37.0504522726674],[10.909444853849624,37.04982587107015],[10.910934221038463,37.00690459494525],[10.889312066920787,36.99462923998191],[10.699095696441312,36.87927926565786],[10.612865586834285,36.87646491719514],[10.569384966173603,36.83774275120369],[10.534679715142682,36.756120533876235],[10.453140608930585,36.725611649669354],[10.43773888882694,36.72067942496856],[10.35938806003235,36.724371493480334],[10.291092392718502,36.77472066265225],[10.28579506531636,36.78451015214258],[10.283824066692754,36.796126626570434],[10.301812129480702,36.80374612554343],[10.316174867075066,36.823548388887176],[10.32441975693506,36.84226782321163],[10.3511922187115,36.8752771715272],[10.317253967594011,36.90124786957466],[10.316000955167617,36.91779140240761],[10.30573167359894,36.921748485790594],[10.210534356915995,36.97574767946628],[10.179003991298206,37.070959053004295],[10.189951121552777,37.07629207146018],[10.186936770070979,37.08577966452038],[10.189353595798753,37.094693456129704],[10.214868570515975,37.11232931696696],[10.17374675808691,37.12130038530304],[10.141583235415295,37.13702836475007],[10.164850817359392,37.167408367840466],[10.21939904401424,37.169508416551224],[10.22248027769383,37.1594804842865],[10.232606879407879,37.15303734041789],[10.266745752434273,37.17560903474086],[10.192376837020717,37.20434699046207],[10.079200412852817,37.25192697501394],[10.058661826012317,37.265214676822104],[9.958175944590861,37.24911587949162],[9.894201216614455,37.270051425523384],[9.883053474311064,37.2683836282866],[9.879526295703311,37.28363745073464],[9.855919843974243,37.332539545337255],[9.761716889388037,37.33545395995188],[9.748611583799384,37.34522807543349],[9.648589473497502,37.32803658787181],[9.569061388426285,37.29812198896848],[9.562684883217369,37.305602612270754],[9.456304154761419,37.26303216854327],[9.396199883778404,37.26389097638039],[9.387165729070981,37.25724025388658],[9.377819450074222,37.25161823949126],[9.363318462480743,37.24344359540695],[9.234700185273125,37.21730919710928],[9.218692012408697,37.235321238607554],[9.106130921425464,37.16136034432649],[9.022665499645088,37.133274392098876],[8.962690572801066,37.07675099086124],[8.804535178986342,36.96140083386211],[8.759110270355686,36.956419609752515],[8.748747379216546,36.962387754896525],[8.678949018021411,36.95788762850993],[8.615843824728287,36.934577367426854],[8.430514702619524,36.89516785224743],[8.360234763684268,36.92294272973456],[8.26620129507153,36.918287003751594],[8.241444350236323,36.9466485666415],[8.190851370423813,36.933597216279274],[7.942738060105909,36.84810580170312],[7.810744213565356,36.85003264239883],[7.767861056897033,36.87256973763714],[7.762996207978462,36.883102761015145],[7.764539046743374,36.89618419417315],[7.778678800404988,36.90885334205988],[7.7670895970009965,36.93919647414365],[7.780248437049759,36.956975456998386],[7.706860535702249,36.94899702740181],[7.681969824050673,36.9738702898796],[7.660954119900195,36.96721187239021],[7.654729225941339,36.97536293719606],[7.620313855194881,36.96214547406397],[7.524991644814315,37.02006089000847],[7.506785179634712,37.04192481600708],[7.41231020829662,37.03902753454428],[7.396288603255882,37.0466477320457],[7.383945825048296,37.06755048119736],[7.394834993933963,37.07758350698714],[7.371964245405024,37.08253546999922],[7.365195287104465,37.06934373939255],[7.305751010341722,37.07570149627221],[7.2638622058011295,37.07098390974289],[7.208649624058876,37.087632946091695],[7.190019501740201,37.075530796764745],[7.254364340909622,37.01664294556018],[7.201176231438611,36.942382720349414],[7.12075628412166,36.90723101331822],[7.082416976334214,36.91817643416201],[6.947078799240346,36.882671200080516],[6.93117312776161,36.88055261253681],[6.910179745289697,36.88561016418293],[6.89898292711327,36.887653747699964],[6.884067207355693,36.89413726988258],[6.883692682126942,36.90494552265767],[6.886042585136066,36.93562885818236],[6.848024325794652,36.937278992029206],[6.847377776767945,36.94882596469338],[6.793449364462404,36.95451322882575],[6.783724059343279,36.94765354490296],[6.751333189572965,36.950126674905874],[6.697262133931877,36.94960279089475],[6.6791002233340855,36.95747070551271],[6.672041411947477,36.947571508327314],[6.626741396397929,36.963624079032456],[6.631869353442067,36.97374562371125],[6.570101911877757,36.98328523364781],[6.568224627874312,37.0019939726555],[6.569950335980963,37.02822763071383],[6.542624924478654,37.03126063782645],[6.549251194376756,37.05425654976756],[6.5113755836022555,37.066056140043884],[6.467047669177359,37.08823052165493],[6.334768426029434,37.066326508116944],[6.286917761438841,37.033136581403795],[6.263164181647366,37.0120427319257],[6.242848516243303,36.976128871661274],[6.261117402722871,36.94419310003603],[6.253898168509312,36.93580701709943],[6.169879762003643,36.89787807916493],[6.094413975850584,36.86831753594877],[6.082958496061642,36.87124625440763],[5.91596072329636,36.82363411467405],[5.898561321899093,36.828167136341406],[5.89085595886845,36.81859746906381],[5.8853846305443325,36.830472782079106],[5.874504433185196,36.81644487127372],[5.861234128424803,36.81237882980203],[5.789295522245008,36.808505304130826],[5.7730643783323226,36.81890086069415],[5.77052267866991,36.82820641561435],[5.759236727965877,36.823887474034784],[5.735086216035691,36.81991105728258],[5.720785874325386,36.8220349849237],[5.6820095558840995,36.80943353346636],[5.666456162748753,36.79597661123414],[5.649716717622758,36.80135751430721],[5.655647283229133,36.792752196758606],[5.5848902735280195,36.7677555520048],[5.553453660165557,36.72820997713535],[5.504287619547925,36.68019766301495],[5.480360019430382,36.679925895234064],[5.453988944062301,36.662880109197076],[5.263304419418847,36.639626582679405],[5.08935935049882,36.704053805603856],[5.086273597327663,36.73841269666224],[5.089203211388725,36.74816033858639],[5.101876039608701,36.752515673059214],[5.1026295739293825,36.761575682870486],[5.106785518871139,36.775406484002225],[5.014317063675098,36.79895100605814],[4.977047915086828,36.813810308178184],[4.9143083611007725,36.84745995908451],[4.810393457105034,36.87310482767492],[4.807120536693414,36.88343095883162],[4.793386460166038,36.884154962664766],[4.790095659231103,36.89370931157329],[4.775304815285202,36.890332090608915],[4.504374317090498,36.88790694241526],[4.422268882456606,36.90998359973167],[4.4186481152606225,36.89564214372964],[4.311023263038698,36.89610571730844],[4.284968719461891,36.90628259250089],[4.183399257972961,36.89590605029631],[4.1480297153754275,36.904731537791],[4.099202577170939,36.89080638599876],[3.9710658387750835,36.899885711005844],[3.9164908538738934,36.91059685964494],[3.921431563353938,36.92211929796172],[3.8553031204978563,36.91262554499358],[3.7178379189796154,36.878565872140726],[3.671543553604711,36.8414470617676],[3.5612253770024025,36.80491362420215],[3.474968527558429,36.76703755558682],[3.2610832994226557,36.807027252064294],[3.2348414496248137,36.8149027178912],[3.2234083444299717,36.76826273406208],[3.138912826197659,36.74183240488368],[3.0718033657308927,36.75745662084552],[3.0620512964096385,36.76319743897945],[3.0682316302251875,36.77357772675711],[3.0689183319515903,36.785292270429544],[3.0075388287000515,36.81858668971842],[2.9606022700422696,36.81275363618999],[2.9495080878223474,36.81011181636139],[2.8991380287376267,36.79781194613769],[2.859541216238124,36.76059684430631],[2.8487412721265164,36.7648442776236],[2.8450759272605004,36.755852525791596],[2.7939523022166664,36.6922590016436],[2.693274774858017,36.6511505351051],[2.6831882566184944,36.64503638107215],[2.5787204448839174,36.597254952150166],[2.508070405094157,36.591909931883045],[2.495147941443493,36.59027729422453],[2.4602331823095906,36.597369537759135],[2.4405908756682524,36.595633199468935],[2.4060595915325895,36.61751498204337],[2.392521720919303,36.63587316254499],[2.329131144556537,36.64062844049933],[2.2457370534186847,36.617994529382266],[2.233510215379538,36.61709623308517],[2.1969277805872345,36.61065722922725],[2.1816330401833417,36.6057855765472],[2.1403373291496455,36.590305919373],[2.1273880553400373,36.586439120798524],[1.9513204266108655,36.56867435781614],[1.9172975136659807,36.57515981739942],[1.8986227656311379,36.57277485073425],[1.6205264814803777,36.54414569635623],[1.5343410081172935,36.53900836596842],[1.5219803650654344,36.53603110886924],[1.4778441917201461,36.53033781527505],[1.4308765120006912,36.538718176223675],[1.3910879008811718,36.53844585631672],[1.366250751158688,36.55377828634151],[1.3543538785928784,36.55181896282845],[1.2785134654495334,36.50708017761921],[1.1781301755630653,36.51046352404167],[1.1016030537300852,36.49051600390245],[0.9317692988720512,36.440684016621965],[0.9172325923555156,36.407548872116884],[0.9114046036983431,36.39907901070589],[0.838863959958707,36.36287047815355],[0.7989416028684474,36.359444738940354],[0.7307976181276096,36.33273767737539],[0.6526028124948611,36.32531942466705],[0.5308158208987308,36.261471640475875],[0.520822983819538,36.256383894891556],[0.40506027505785125,36.208589273243],[0.347497761781912,36.19551330456535],[0.2914914684033367,36.137876176015105],[0.20337958539463133,36.10451505756406],[0.13783525416631445,36.044016798295104],[0.07697743101799767,35.93896988933946],[0.06851406468393106,35.93313182865894],[0.002497120515009529,35.84293596851958],[-0.10984104006178051,35.78911715200367],[-0.2430566632447886,35.809410142300756],[-0.26197217469845585,35.81544893391508],[-0.30743715928398957,35.843734823154456],[-0.3078563421626643,35.852886555493015],[-0.29225393710087566,35.8585894939122],[-0.29327507776991635,35.867790090608196],[-0.29179914954222164,35.876910094019806],[-0.3369965772110889,35.905686966152665],[-0.38866413841193115,35.90249042762605],[-0.3925747842835233,35.893268569266674],[-0.40495329581830675,35.89122394199236],[-0.4568126395420276,35.878720272906435],[-0.4778685020201574,35.882311568357345],[-0.4893150235974622,35.876201972248886],[-0.4970604602308415,35.802329362675266],[-0.5423292771071829,35.76915179471254],[-0.5631086250529636,35.767635847407135],[-0.6263699015731147,35.71557619821299],[-0.6386012278622313,35.70902290020659],[-0.6558980643887342,35.70952982508808],[-0.6641340489988918,35.717404544310085],[-0.675981882416318,35.71319029246485],[-0.6866168572305049,35.71596722876405],[-0.7007967796240583,35.72242944984808],[-0.7044933728512605,35.73207292690058],[-0.6951827849079528,35.73726346499227],[-0.7846234072210527,35.756104133741744],[-0.7946073609615059,35.76376800148958],[-0.80056468500398,35.772722747686885],[-0.827377290098164,35.762277248895465],[-0.86736205156732,35.71403386230763],[-0.9048140300992517,35.70728131441981],[-0.9348282603647036,35.72809840118382],[-1.0122070183313796,35.67624839125893],[-1.0350242317368288,35.67317669587097],[-1.070233305473903,35.63990907928652],[-1.0785584465734377,35.633875034289325],[-1.1636737632708556,35.572770087219475],[-1.1941071112500714,35.575929073934745],[-1.197411323396486,35.55478210130969],[-1.202650785525704,35.54535306050685],[-1.2202285207005457,35.48960131105612],[-1.2270287046353012,35.473257888702484],[-1.2365444174129545,35.44744877408641],[-1.2421183012018802,35.43648125593466],[-1.2889388236072405,35.354753342167285],[-1.3217667668235016,35.35025457513141],[-1.3318799541086452,35.34653745579892],[-1.3451012281876413,35.32873533901474],[-1.3543805905379254,35.31961087165073],[-1.4218467670534352,35.300212470892234],[-1.4364280941382777,35.302286765323586],[-1.4699604971099711,35.2987312530641],[-1.548373757008991,35.27083123527338],[-1.5601369293169933,35.26120868046484],[-1.6385279328301636,35.21248500038822],[-1.6413282153405226,35.20188997666168],[-1.654790266281951,35.182897025171066],[-1.6648945564040154,35.17735723037639],[-1.7005718608071672,35.17761601150747],[-1.7718639616633358,35.11951276952643],[-1.8117907407615674,35.126719571670854],[-1.858713869331654,35.103915190700384],[-1.8690188298174475,35.0997234870215],[-2.006773826503476,35.070926651794785],[-2.1041918246411626,35.079192374412216],[-2.1465533002748862,35.097505329925525],[-2.1696202105778926,35.095571765612235],[-2.183483569498694,35.0861619313424],[-2.2937793845430634,35.10764341284191],[-2.3030276295857526,35.11333758472648],[-2.432577837222606,35.14239660329898],[-2.52017687887899,35.08932177675442],[-2.6299287829371165,35.087263908119795],[-2.754730106134929,35.1216317773094],[-2.750097068461615,35.10260557598661],[-2.8396670639083794,35.11354909116857],[-2.9053585410148166,35.15974024851141],[-2.9217412705863617,35.19925557364066],[-2.900382142313622,35.20844463227183],[-2.9308110423056695,35.24488448957599],[-2.923449070377215,35.25675562668153],[-2.917589799040853,35.27277525679057],[-2.9712417189426668,35.29034956412186],[-2.960392696095191,35.34946532677789],[-2.9657570258702526,35.37577844773458],[-2.952076524785515,35.4292255925987],[-2.986612276946858,35.43437399015552],[-2.994932926642878,35.424353095926485],[-3.006076193397268,35.4084179917136],[-3.0029370217339717,35.396340111688765],[-3.085983304616572,35.279640904267836],[-3.1195112578174946,35.278068347154814],[-3.1348773388325575,35.28422009541465],[-3.19654228559452,35.22662293018473],[-3.3391219876358784,35.18526591761451],[-3.4484770508619587,35.20483027629503],[-3.5221101566108763,35.21108602308423],[-3.6304172642431354,35.24983707559929],[-3.6851973353361362,35.28371044881476],[-3.7456091816121533,35.27339047611153],[-3.789798883579545,35.20912227522379],[-3.863695107760965,35.200162865798134],[-3.9168119575891334,35.22737324448732],[-3.9255339161125127,35.245266861482094],[-3.9159735934339643,35.25298331713944],[-3.9471828772165978,35.253605935171464],[-4.0149389452087,35.23447582163826],[-4.090525145877072,35.22002231697063],[-4.173968309978615,35.1995834492384],[-4.205641318560902,35.19066310270366],[-4.215121347194418,35.1854335582433],[-4.288723236861635,35.179015537200996],[-4.376335698591046,35.149783662612236],[-4.6403546241785385,35.2027680169132],[-4.662774982202295,35.21235749373043],[-4.671840296789675,35.20622214634417],[-4.814990831838027,35.25706149023864],[-4.8792643242500935,35.300146960900705],[-4.891263733250495,35.30406996121205],[-4.910223841015348,35.31057993742572],[-5.023163944365513,35.40239198854215],[-5.067995749015378,35.41481057939216],[-5.127141247462129,35.490142293038865],[-5.195436832918881,35.537047718154994],[-5.244388906595997,35.55481471772803],[-5.279580084546169,35.676031029246225],[-5.2727487369791035,35.684604492218135],[-5.307034777493627,35.68240234901622],[-5.319734298350194,35.682920253446305],[-5.338074596526951,35.75088230181968],[-5.344165755566659,35.75883255060691],[-5.344054252653325,35.86830686561463],[-5.338190557100571,35.87809881597036],[-5.380065974469412,35.91445226646099],[-5.410606305366907,35.91334722752675],[-5.4207061855157415,35.909565930091254],[-5.476123886346418,35.90576276359397],[-5.486281729890527,35.901945061691336],[-5.505861643481559,35.89176949165014],[-5.5095850121212235,35.88304853332698],[-5.521027063618176,35.87323185891745],[-5.598976594100384,35.83064515526385],[-5.713994628476156,35.82930389752096],[-5.751192487940227,35.81375312174599],[-5.769002116601292,35.78232752867137],[-5.803983801759497,35.78827438329014],[-5.9033013173509366,35.80013771905603],[-5.9347246037404355,35.77161564075148],[-6.031446977203375,35.471376821819966],[-6.040953800140859,35.466179915561426],[-6.148975494719522,35.21067429981897],[-6.1469019943433425,35.19985311074444],[-6.158424356999608,35.19658461829689],[-6.30122256813505,34.87274818131571],[-6.557424702154374,34.42510965806278],[-6.663207955983887,34.26808534410662],[-6.679653144485648,34.25741270505486],[-6.781570287634108,34.09530772253363],[-6.833509927748358,34.041086561311324],[-6.834036117992249,34.029697944108634],[-6.845669900570072,34.03111324384988],[-6.968946179518867,33.92285018286758],[-6.99387706031122,33.9065976868936],[-7.015682052337303,33.88814709623782],[-7.029099457606546,33.88091017482956],[-7.041874809234811,33.874690647227254],[-7.052634602973973,33.869896118512955],[-7.137112332048837,33.8255741935929],[-7.149455068805082,33.8246036069063],[-7.264691613137565,33.780369306703754],[-7.370702259338108,33.70950169259879],[-7.394522832786772,33.712057376123724],[-7.5501053098013555,33.61879345686582],[-7.582090422267154,33.60595197654339],[-7.594718618765138,33.607560004917204],[-7.6050815745550295,33.60228267381438],[-7.601607948339407,33.61552568976476],[-7.611328763797707,33.61106948118858],[-7.616554847159974,33.602746916712405],[-7.650613488773386,33.61339044470254],[-7.816942340740853,33.52729817417911],[-7.826890661479007,33.534308608284064],[-8.141070008473783,33.41005623016352],[-8.30694854164755,33.36285656428038],[-8.393820740848874,33.28023930593002],[-8.490413765205957,33.246306131988504],[-8.499149198475976,33.252265226156325],[-8.502819008833127,33.260871327869815],[-8.554660557947596,33.2335324716791],[-8.62921218604648,33.16145078237724],[-8.613190682190492,33.13372621439537],[-8.623424285533954,33.136926202386675],[-8.63441152813953,33.13389048583037],[-8.626741886487494,33.12269142948343],[-8.731642272793673,32.996797056257854],[-8.74868940021822,32.98796676629819],[-8.760992007144393,32.97359190909106],[-8.97458297541429,32.78013667198263],[-9.024475844204954,32.74586406453079],[-9.048501463798567,32.73279282291143],[-9.261436918477491,32.55955374112426],[-9.28282723602408,32.538425919487864],[-9.232501832217569,32.472112474994375],[-9.26746562455455,32.3932767979959],[-9.2846108985661,32.354155117191624],[-9.266288435368741,32.32376285340842],[-9.251537722090841,32.30956723619034],[-9.244599349139142,32.302715482259366],[-9.258703511703542,32.238423746503656],[-9.260785949955542,32.17465646380182],[-9.32134940548351,32.10107304570217],[-9.360745565502665,32.01868951058533],[-9.379090318712795,32.002438351576465]],[[9.778960250385184,37.238076145468014],[9.779718274004507,37.22319652944067],[9.794446650041488,37.23363134896174],[9.778960250385184,37.238076145468014]],[[10.194227378992013,36.795583832915554],[10.205120971059243,36.79163449378281],[10.210520929093958,36.80034706453617],[10.194227378992013,36.795583832915554]],[[10.464752125956789,36.01028399418723],[10.468934775282671,35.995648959654915],[10.479230836770947,36.006767044233705],[10.464752125956789,36.01028399418723]],[[-6.298337517277022,34.830498027105406],[-6.281629332348235,34.831669261460874],[-6.271212867988191,34.82629593555228],[-6.257224632094556,34.83009172195597],[-6.253117837706606,34.85530328210649],[-6.253416548702274,34.86494453497757],[-6.265973354307236,34.867026315507225],[-6.280349555478021,34.87056046919726],[-6.277834588918635,34.86176871600992],[-6.298337517277022,34.830498027105406]],[[9.851291340169464,37.26282988331581],[9.824759634597722,37.24395476441192],[9.806018050250328,37.234451482390405],[9.790745655606347,37.217856076174314],[9.779718274004507,37.22319652944067],[9.770171346151974,37.21606283466056],[9.775504422294752,37.20395634667264],[9.786148257281987,37.20799443347198],[9.78604569850942,37.19823440781521],[9.782500730475338,37.18077843406147],[9.809723538774714,37.16194667676985],[9.814124685849508,37.15132424965571],[9.861110225561234,37.13464307985329],[9.904341205336632,37.15435937990821],[9.937690877180074,37.216911500691936],[9.856744736900314,37.23113910203775],[9.835773593175325,37.22306873213679],[9.82301612918821,37.23138047732279],[9.866300665688392,37.25187734028503],[9.851291340169464,37.26282988331581]]]}]},"id":"00000000000000000004","properties":{"OBJECTID":5,"nomi":"Qattiq bargli doimiy yashil o'rmonlar va butazorlar (o'rta dengiz tipidagi)"}},{"type":"Feature","geometry":{"type":"GeometryCollection","geometries":[{"type":"Point","coordinates":[5.582892643589364,5.515174784784557]},{"type":"Point","coordinates":[9.16796081029527,3.9745229308513212]},{"type":"Point","coordinates":[8.861397590781902,4.572539524296294]},{"type":"Point","coordinates":[8.248489702959061,4.843537789714036]},{"type":"Point","coordinates":[8.297736055636282,4.817806845692002]},{"type":"Point","coordinates":[8.253385821807372,4.832456414952023]},{"type":"Point","coordinates":[8.349127195179776,4.550247988258482]},{"type":"Point","coordinates":[8.336039715289672,4.53154298567473]},{"type":"Point","coordinates":[8.284104538722783,4.574935345429216]},{"type":"Point","coordinates":[7.46961410848932,1.6848157707002043]},{"type":"Point","coordinates":[7.2833975490641585,1.3814427921058485]},{"type":"Point","coordinates":[7.294179634192923,1.3416297702567042]},{"type":"Point","coordinates":[7.426967251570843,1.515699016312751]},{"type":"Point","coordinates":[7.3805390641163235,1.7251260348238966]},{"type":"Point","coordinates":[6.760264747492599,0.24025118897539322]},{"type":"Point","coordinates":[6.718857542898777,0.4098057427457836]},{"type":"Point","coordinates":[9.51760336246524,1.0026000094195637]},{"type":"Point","coordinates":[9.38190849055009,0.8096655026860825]},{"type":"Point","coordinates":[9.306264324172316,0.8770575503431784]},{"type":"Point","coordinates":[9.543167404676618,0.6055302037425287]},{"type":"Point","coordinates":[9.556339592249255,0.4392260793517295]},{"type":"Point","coordinates":[9.612305802646823,0.46345604161554016]},{"type":"Point","coordinates":[9.559041845841714,0.5549933218801368]},{"type":"Point","coordinates":[9.512662711434766,0.21361717264216745]},{"type":"Point","coordinates":[8.863390870748773,-0.5421249295730121]},{"type":"Point","coordinates":[8.866208999645824,-0.517627675566662]},{"type":"Point","coordinates":[8.968402672431013,-0.39231755861708206]},{"type":"Point","coordinates":[8.739169167709614,-0.4871999972730524]},{"type":"Point","coordinates":[8.922277720050504,-0.7169423444751283]},{"type":"Point","coordinates":[9.103901396154999,-0.699414928632912]},{"type":"LineString","coordinates":[[8.95226965048771,-0.4632241972412832],[8.94996425243247,-0.45033335594061]]},{"type":"LineString","coordinates":[[9.121189297450579,-0.7138524081834207],[9.112355824525618,-0.7025048468756793],[9.111842987335915,-0.712305185517908]]},{"type":"LineString","coordinates":[[8.978667545337228,-0.8187879735470207],[8.988383870938788,-0.8097725118191637]]},{"type":"LineString","coordinates":[[6.479706992894998,0.13253327099039022],[6.482779333299815,0.14399762399278845]]},{"type":"LineString","coordinates":[[9.34161608156013,0.895235095382302],[9.358520511891818,0.8907186263685222]]},{"type":"LineString","coordinates":[[9.265057725125853,3.951235362355658],[9.251997076723539,3.956266593720869]]},{"type":"LineString","coordinates":[[9.685292363404004,0.41394812853747015],[9.674024216771299,0.43315740644574474],[9.667879563843915,0.4258090080794532]]},{"type":"LineString","coordinates":[[9.192048871933409,3.9709019772227556],[9.192731143514328,3.980203508417069]]},{"type":"LineString","coordinates":[[5.983605286233184,4.3754477591012115],[5.970825478642714,4.382259227643121]]},{"type":"LineString","coordinates":[[9.511793162886223,0.6447233525773032],[9.518838550001862,0.6387930984091739]]},{"type":"LineString","coordinates":[[5.533244968861666,5.38768861213286],[5.527207358079283,5.395018030589067],[5.5175845982539045,5.390587559215701],[5.5185789695706955,5.3999013355655725]]},{"type":"LineString","coordinates":[[9.53982308745137,0.4727440657576124],[9.548018889544144,0.47815725348239596]]},{"type":"LineString","coordinates":[[9.093270879765418,-0.6924503134079345],[9.101341819656303,-0.685490157354222]]},{"type":"LineString","coordinates":[[6.245760325105193,4.358934792024116],[6.25177114386145,4.374949817442975]]},{"type":"LineString","coordinates":[[9.624983032610958,0.45443113080790976],[9.625366492537896,0.4660333288714154]]},{"type":"LineString","coordinates":[[8.82373160988252,4.4612126583667555],[8.819508864109634,4.470366042704249],[8.813894844282052,4.461977324395597]]},{"type":"LineString","coordinates":[[8.251722554047896,4.584958512809756],[8.26534066591299,4.584198390700111],[8.256096966066439,4.576971051688868]]},{"type":"LineString","coordinates":[[8.32420521624033,4.551772639278039],[8.319572274227363,4.561693830832387],[8.32804452404487,4.56492536488815]]},{"type":"LineString","coordinates":[[9.539577836027275,0.5838735130378954],[9.543934338852063,0.5959882502825754]]},{"type":"LineString","coordinates":[[8.554682852614087,4.736644332423471],[8.55645303654253,4.746047497619635]]},{"type":"LineString","coordinates":[[8.329565110951341,4.590061169620991],[8.341368370799657,4.6041243765178805]]},{"type":"LineString","coordinates":[[8.373585364931156,4.780241802183023],[8.383604944753007,4.7825702051869285]]},{"type":"LineString","coordinates":[[9.599245112067551,0.5054860395589249],[9.608720646740448,0.4874363106371856]]},{"type":"LineString","coordinates":[[8.31456917558218,4.553568420707591],[8.319572274227363,4.561693830832387]]},{"type":"LineString","coordinates":[[9.465307077861999,0.6413747473559104],[9.469404966731084,0.6511752878840259]]},{"type":"LineString","coordinates":[[8.317547834249567,4.663401008919252],[8.317405131279505,4.678609338097139]]},{"type":"LineString","coordinates":[[9.10441418229179,-0.6504217189002118],[9.10552451274267,-0.6598744202309771]]},{"type":"LineString","coordinates":[[9.112864190832829,-0.6452628619101146],[9.112610007274432,-0.6354668344984474]]},{"type":"LineString","coordinates":[[9.481185950607577,0.6511752821824082],[9.487080846373306,0.6586482448691591]]},{"type":"LineString","coordinates":[[9.4444205976526,0.4905441914656242],[9.439939224710853,0.5000818676465434],[9.432510362887925,0.49363868544173833]]},{"type":"LineString","coordinates":[[9.427386830843925,0.481519274667223],[9.437633875000556,0.4761016712323056],[9.429692232456615,0.471718499977853],[9.427609800179898,0.46205149785304583]]},{"type":"LineString","coordinates":[[8.237609537001182,4.5674100865999465],[8.248012579569052,4.568970286266741],[8.244538920587285,4.57747334617389]]},{"type":"LineString","coordinates":[[9.518312369231143,0.5188985237658365],[9.520363576813024,0.5100029650624816]]},{"type":"LineString","coordinates":[[9.529072165306737,0.5258588364445985],[9.529585007718358,0.5359137378526235]]},{"type":"LineString","coordinates":[[9.520626673286142,0.6070774250425861],[9.529335289384706,0.6124949115190783]]},{"type":"LineString","coordinates":[[9.443787409870502,0.583882391440974],[9.449936487876078,0.5949671614400532],[9.459412125080958,0.5948378818321176]]},{"type":"LineString","coordinates":[[8.33576769333299,4.82312995422638],[8.344516435188652,4.811279504914119]]},{"type":"LineString","coordinates":[[8.314662747690488,4.850438019642258],[8.319821928349782,4.834331428062235]]},{"type":"LineString","coordinates":[[8.320562206222668,4.598821783255591],[8.336088771275428,4.617782788929922],[8.338394104852695,4.626809817877919],[8.329520488130008,4.637370040145811]]},{"type":"LineString","coordinates":[[9.010893410163673,-0.6491330982138533],[9.012797493317555,-0.6380930675879918]]},{"type":"LineString","coordinates":[[8.210297480288991,4.868241393165208],[8.217628291488804,4.860257253630172]]},{"type":"LineString","coordinates":[[7.400952815387871,1.5431974493623395],[7.405313878801034,1.5352720005843534],[7.392119363413315,1.5395155225075718]]},{"type":"LineString","coordinates":[[7.405313878801034,1.5352720005843534],[7.399686417048777,1.5272797068649966]]},{"type":"LineString","coordinates":[[7.408649283527682,1.6910825241898189],[7.404029583058637,1.700487084238751]]},{"type":"LineString","coordinates":[[8.710599738675278,-0.6403581906105091],[8.717016364990403,-0.6491197759142663]]},{"type":"LineString","coordinates":[[8.706894199938036,-0.627712949109655],[8.712374466258757,-0.6201953494117095]]},{"type":"LineString","coordinates":[[6.73363055353058,0.34009809103758537],[6.737599104648879,0.34854794327413413]]},{"type":"LineString","coordinates":[[7.291588904917058,4.4438790798066945],[7.294812837985823,4.453850743031953],[7.2860507093168705,4.451343403860305]]},{"type":"LineString","coordinates":[[7.284329543948974,4.4741447289950065],[7.290505373720977,4.467200878606607]]},{"type":"LineString","coordinates":[[7.168196650081353,4.4492538964295525],[7.173828498825863,4.456998187972714]]},{"type":"LineString","coordinates":[[7.142998337439934,4.4139989931857215],[7.136001954862254,4.408250452291871]]},{"type":"LineString","coordinates":[[5.393501190564522,5.130558266054004],[5.401487454543549,5.136451750194151]]},{"type":"LineString","coordinates":[[5.468431937863606,4.871018286497222],[5.469016089678636,4.887572651968527],[5.455562968883493,4.913283146292327]]},{"type":"LineString","coordinates":[[5.961898395323727,4.335365099411399],[5.965733184147159,4.326583496787169]]},{"type":"LineString","coordinates":[[6.982965664150492,4.527284499187359],[6.98478941938616,4.517487199358975]]},{"type":"LineString","coordinates":[[8.285268372554668,4.565912163093316],[8.294641426749493,4.573144063786714]]},{"type":"LineString","coordinates":[[8.273786169424557,4.6170761228976875],[8.280987682191347,4.608706834224777]]},{"type":"LineString","coordinates":[[8.248561071401408,4.6613966337924575],[8.243410784565993,4.670800786592998]]},{"type":"LineString","coordinates":[[8.297365946244753,4.92492739924975],[8.286704232687478,4.91885873455826]]},{"type":"LineString","coordinates":[[8.277843984952375,4.913691892752327],[8.273759449287214,4.886875106795245],[8.284305218579508,4.881859118420754]]},{"type":"LineString","coordinates":[[8.375306554783906,4.865064613484286],[8.391131907775108,4.84599933082479]]},{"type":"LineString","coordinates":[[8.947003433665586,4.2520982930677445],[8.935704048769518,4.25828384575009]]},{"type":"LineString","coordinates":[[9.56005406762796,3.809271669565175],[9.548968681558339,3.814948851933344]]},{"type":"LineString","coordinates":[[9.604961625695022,1.0556992966790952],[9.592150629311408,1.054673904572311]]},{"type":"LineString","coordinates":[[9.627065409316758,0.7707903212954327],[9.620791422033646,0.7630589157724167]]},{"type":"LineString","coordinates":[[9.625772295970695,0.6792612349018818],[9.620140409242865,0.687255837145738],[9.631194551788704,0.6881164074198122]]},{"type":"LineString","coordinates":[[9.620140409242865,0.687255837145738],[9.625134581472993,0.6985990025378708]]},{"type":"LineString","coordinates":[[9.639978947473267,0.590824870126744],[9.644589646979966,0.5989444490410297]]},{"type":"LineString","coordinates":[[9.676084264134213,0.5395120496937603],[9.666862892864152,0.5387361833680974]]},{"type":"LineString","coordinates":[[9.67095633900058,0.46821826452392085],[9.66327328073964,0.4634516366631281]]},{"type":"LineString","coordinates":[[9.579794468159484,0.4187683021276645],[9.575981903498034,0.42716452406213173],[9.568954424546817,0.4207124243520567]]},{"type":"LineString","coordinates":[[9.58107872002828,0.43527096253197584],[9.590424994079816,0.4321719644910595]]},{"type":"LineString","coordinates":[[9.578773346655435,0.4535749938260153],[9.569935356377167,0.4502263403004118]]},{"type":"LineString","coordinates":[[9.544068173282218,0.42615681613233974],[9.54161565123278,0.4374201859711615]]},{"type":"LineString","coordinates":[[9.525223996697088,0.42633517611762156],[9.528809126913488,0.4180815723253364]]},{"type":"LineString","coordinates":[[9.494237699691107,0.5201915913331312],[9.501024411839168,0.5307592075148936],[9.491932359479575,0.5299878143201451]]},{"type":"LineString","coordinates":[[9.454819220443538,0.5177792818240934],[9.445446253518217,0.5152956840522714]]},{"type":"LineString","coordinates":[[9.45532312527776,0.5087277134360336],[9.448902044897881,0.5024004456638891],[9.456210476623456,0.49353612117607654]]},{"type":"LineString","coordinates":[[9.427261998788692,0.5011163113133535],[9.432510362887925,0.49363868544173833],[9.423801777115523,0.49105694041289355]]},{"type":"LineString","coordinates":[[9.430976447910608,0.5372112271867554],[9.436483385641447,0.5454646391604253],[9.428929746963082,0.5519077499580801],[9.421500862450005,0.5459774782941658]]},{"type":"LineString","coordinates":[[9.402420380793341,0.5588725719975385],[9.404083557948002,0.54971848121822]]},{"type":"LineString","coordinates":[[9.158712676130412,-0.5841543910953687],[9.155381710245607,-0.5931791710206162]]},{"type":"Polygon","coordinates":[[[9.502710022406058,4.0338043404510495],[9.52117068579525,4.023400280182128],[9.518981252295392,4.032327538975949],[9.502710022406058,4.0338043404510495]]]},{"type":"Polygon","coordinates":[[[9.589595560600925,3.7693565503064446],[9.56005406762796,3.809271669565175],[9.573667671909647,3.7780418382840546],[9.589595560600925,3.7693565503064446]]]},{"type":"Polygon","coordinates":[[[8.816761978010602,4.452192503319292],[8.82373160988252,4.4612126583667555],[8.813894844282052,4.461977324395597],[8.816761978010602,4.452192503319292]]]},{"type":"Polygon","coordinates":[[[8.5357138054606,4.766288773759708],[8.548609474827474,4.770696866213169],[8.542246381359782,4.777340060298733],[8.5357138054606,4.766288773759708]]]},{"type":"Polygon","coordinates":[[[9.67582118794156,0.4766010551168972],[9.667117016961937,0.47917832043245917],[9.67095633900058,0.46821826452392085],[9.67582118794156,0.4766010551168972]]]},{"type":"Polygon","coordinates":[[[9.646623057382332,0.452366661692986],[9.639706978065492,0.45881431627006536],[9.637401603307618,0.4482420772483039],[9.646623057382332,0.452366661692986]]]},{"type":"Polygon","coordinates":[[[8.344516435188652,4.811279504914119],[8.36122473589218,4.808333556353024],[8.351441459113317,4.826755680282496],[8.344516435188652,4.811279504914119]]]},{"type":"Polygon","coordinates":[[[9.613969035547182,0.47376964838542507],[9.625366492537896,0.4660333288714154],[9.622806926508504,0.48137662586372126],[9.613969035547182,0.47376964838542507]]]},{"type":"Polygon","coordinates":[[[8.319821928349782,4.834331428062235],[8.33576769333299,4.82312995422638],[8.34217539121746,4.84066745044085],[8.319821928349782,4.834331428062235]]]},{"type":"Polygon","coordinates":[[[8.286704232687478,4.91885873455826],[8.277843984952375,4.913691892752327],[8.286588313903648,4.90970678961693],[8.286704232687478,4.91885873455826]]]},{"type":"Polygon","coordinates":[[[8.284305218579508,4.881859118420754],[8.289451009822118,4.873488573890637],[8.29226470597682,4.887026204459448],[8.284305218579508,4.881859118420754]]]},{"type":"Polygon","coordinates":[[[9.56069612394913,0.4794458885134767],[9.56863777831137,0.4699037262449607],[9.571326677926221,0.4811224639315735],[9.56069612394913,0.4794458885134767]]]},{"type":"Polygon","coordinates":[[[9.541736073392117,0.2777429683145654],[9.548701166885426,0.2577842522034606],[9.561249056905012,0.27168758160595563],[9.541736073392117,0.2777429683145654]]]},{"type":"Polygon","coordinates":[[[9.518312369231143,0.5188985237658365],[9.529072165306737,0.5258588364445985],[9.517928892281251,0.5281819795226305],[9.518312369231143,0.5188985237658365]]]},{"type":"Polygon","coordinates":[[[9.469404966731084,0.6511752878840259],[9.477600761033699,0.6403448079772722],[9.481185950607577,0.6511752821824082],[9.469404966731084,0.6511752878840259]]]},{"type":"Polygon","coordinates":[[[8.311831241142151,4.595977177728589],[8.329565110951341,4.590061169620991],[8.320562206222668,4.598821783255591],[8.311831241142151,4.595977177728589]]]},{"type":"Polygon","coordinates":[[[9.463501073249937,0.4523800079611535],[9.470671316665696,0.46062912814837165],[9.461610495587763,0.46235472351168205],[9.463501073249937,0.4523800079611535]]]},{"type":"Polygon","coordinates":[[[9.422272261658696,0.5629970577782704],[9.428929746963082,0.5519077499580801],[9.433669695802974,0.564285650326586],[9.422272261658696,0.5629970577782704]]]},{"type":"Polygon","coordinates":[[[9.083353837829002,-0.6842997050124423],[9.082212340358955,-0.6990671440415406],[9.093270879765418,-0.6924503134079345],[9.083353837829002,-0.6842997050124423]]]},{"type":"Polygon","coordinates":[[[6.981195401709969,4.536125903581914],[6.972709670753682,4.527093335485189],[6.982965664150492,4.527284499187359],[6.981195401709969,4.536125903581914]]]},{"type":"Polygon","coordinates":[[[5.484457963915242,4.85592521029212],[5.483280795455464,4.877318388852338],[5.468431937863606,4.871018286497222],[5.484457963915242,4.85592521029212]]]},{"type":"Polygon","coordinates":[[[6.520601406003414,1.2486977126982982E-4],[6.519183445054808,-0.014706148401087003],[6.529381375532044,0.0022741529509111473],[6.520601406003414,1.2486977126982982E-4]]]},{"type":"Polygon","coordinates":[[[8.534995865717997,4.73260485502472],[8.545867164703521,4.748767119940484],[8.541720198054499,4.757850115013565],[8.5357138054606,4.766288773759708],[8.534995865717997,4.73260485502472]]]},{"type":"Polygon","coordinates":[[[8.37407583937032,4.809244435414825],[8.393709254803902,4.8372373313688914],[8.391131907775108,4.84599933082479],[8.383685223892808,4.839547820600979],[8.37407583937032,4.809244435414825]]]},{"type":"Polygon","coordinates":[[[8.246973619850714,4.908045183732989],[8.243045120626876,4.888132508117731],[8.259164768898422,4.897684621335683],[8.259592875617264,4.913158781425982],[8.246973619850714,4.908045183732989]]]},{"type":"Polygon","coordinates":[[[9.534445373490001,0.4568880208465597],[9.545713582089618,0.445798570344752],[9.550453607322556,0.4686195548823873],[9.53982308745137,0.4727440657576124],[9.534445373490001,0.4568880208465597]]]},{"type":"Polygon","coordinates":[[[9.499668874003707,0.9822338962024854],[9.498897429270999,0.9720507796301233],[9.508636142077295,0.978881147863373],[9.506330740301507,0.9925462515092702],[9.499668874003707,0.9822338962024854]]]},{"type":"Polygon","coordinates":[[[8.217628291488804,4.860257253630172],[8.225231031193946,4.84351115120187],[8.234612984841682,4.844035382206277],[8.229975559076106,4.852281916503709],[8.217628291488804,4.860257253630172]]]},{"type":"Polygon","coordinates":[[[9.301912192184831,0.8943345000659165],[9.34161608156013,0.895235095382302],[9.327529757043365,0.9333957460454745],[9.306652229655592,0.9288837114083001],[9.301912192184831,0.8943345000659165]]]},{"type":"Polygon","coordinates":[[[8.707121623260601,-0.6504395239186604],[8.710599738675278,-0.6403581906105091],[8.706894199938036,-0.627712949109655],[8.699844410830275,-0.6444825902602572],[8.707121623260601,-0.6504395239186604]]]},{"type":"Polygon","coordinates":[[[9.575981903498034,0.42716452406213173],[9.58107872002828,0.43527096253197584],[9.589528649250141,0.4531870757658346],[9.578773346655435,0.4535749938260153],[9.56752748858879,0.4336122112011015],[9.575981903498034,0.42716452406213173]]]},{"type":"Polygon","coordinates":[[[9.437633875000556,0.4761016712323056],[9.437183475232198,0.4605042607948989],[9.446083861891212,0.47223577903980035],[9.4444205976526,0.4905441914656242],[9.436095457206001,0.48538517474732795],[9.437633875000556,0.4761016712323056]]]},{"type":"Polygon","coordinates":[[[5.617481863941692,-1.414483810035001],[5.627175959022329,-1.460349091639254],[5.645333387662289,-1.4628854438927115],[5.6526864595194,-1.4273220410902676],[5.6324421881720355,-1.4021046567401432],[5.617481863941692,-1.414483810035001]]]},{"type":"Polygon","coordinates":[[[9.111842987335915,-0.712305185517908],[9.101341819656303,-0.7293242583058737],[9.101925997518464,-0.7520994294882054],[9.134156349940811,-0.7346569132225643],[9.125033025210715,-0.7244241142390608],[9.121189297450579,-0.7138524081834207],[9.111842987335915,-0.712305185517908]]]},{"type":"Polygon","coordinates":[[[7.284102122510064,4.460488024149987],[7.294812837985823,4.453850743031953],[7.302339843389791,4.459109905032218],[7.3110529249874645,4.465831634712699],[7.30231752344479,4.4683878456300645],[7.290505373720977,4.467200878606607],[7.284102122510064,4.460488024149987]]]},{"type":"Polygon","coordinates":[[[9.661997966738094,0.5276513813112285],[9.656874469086976,0.5379647730459124],[9.650729879092804,0.5312630799067247],[9.642404705475748,0.5243027235605562],[9.64099563317001,0.5067702498788074],[9.649445663181355,0.511795405981734],[9.65431496179696,0.5208203000174699],[9.661997966738094,0.5276513813112285]]]},{"type":"Polygon","coordinates":[[[5.399864324080136,5.4843444414675915],[5.220135796952561,5.459988826642477],[5.352232210796322,5.392389949859436],[5.433485974773286,5.391923838577997],[5.412728857849421,5.428343266502055],[5.4718253474926515,5.403479379049397],[5.514311642245523,5.505245834401923],[5.399864324080136,5.4843444414675915]],[[5.436647505789394,5.445615596477411],[5.427385957023882,5.456704096018782],[5.426097243282485,5.4453848063505],[5.436647505789394,5.445615596477411]],[[5.426097243282485,5.4453848063505],[5.4162471187030325,5.440479668745816],[5.412728857849421,5.428343266502055],[5.426097243282485,5.4453848063505]]]},{"type":"Polygon","coordinates":[[[9.488356117781098,0.6413747785268696],[9.498085872081113,0.6039874414592594],[9.507561518440307,0.5981864498528672],[9.522802659877751,0.5939282153687496],[9.520626673286142,0.6070774250425861],[9.498090367516042,0.6390517232440671],[9.503213880050463,0.6479470483518277],[9.498348982664817,0.6591654332491035],[9.487080846373306,0.6586482448691591],[9.493225516730512,0.6516880299572095],[9.488356117781098,0.6413747785268696]]]},{"type":"Polygon","coordinates":[[[7.328559317224847,1.5988751229913725],[7.339091720881066,1.5577733337803004],[7.370345606372094,1.5464558422626977],[7.392119363413315,1.5395155225075718],[7.400952815387871,1.5431974493623395],[7.424755549425716,1.5649275764348942],[7.4349668573816015,1.6105578758995462],[7.458769518279061,1.6314537892595773],[7.428403060303809,1.6502456269920274],[7.455282513714394,1.6724337010369281],[7.448482365096744,1.6866031037325222],[7.408649283527682,1.6910825241898189],[7.368191795171063,1.6767438281261644],[7.363130750879497,1.6043131386002452],[7.328559317224847,1.5988751229913725]]]},{"type":"Polygon","coordinates":[[[8.960188973920562,-0.6681811723998454],[8.947427086918017,-0.7109319233579495],[8.96071961967384,-0.7520147281536855],[8.968447248492314,-0.7981800594747163],[8.988383870938788,-0.8097725118191637],[9.00638977506418,-0.7971545554878503],[9.08033949974277,-0.7536911714073352],[9.08981503725376,-0.7560097399772664],[9.101925997518464,-0.7520994294882054],[9.091991083152132,-0.7334485956999213],[9.086996916631675,-0.7094694512565517],[9.052804536861686,-0.7261585419239087],[9.059136458253546,-0.6968689422847693],[9.037491997470797,-0.6721003984082061],[9.010295906453342,-0.6605610669864805],[9.010893410163673,-0.6491330982138533],[8.960188973920562,-0.6681811723998454]],[[8.985302683787292,-0.7475782971689678],[9.000427926641285,-0.7369397422902415],[8.986399632287355,-0.7369932922807269],[8.985302683787292,-0.7475782971689678]],[[8.986399632287355,-0.7369932922807269],[8.983514559804368,-0.7267470867887122],[8.974805957735901,-0.7365429207632603],[8.986399632287355,-0.7369932922807269]]]},{"type":"Polygon","coordinates":[[[8.427420073254043,3.4034923802562833],[8.418149585421649,3.349328207494951],[8.45044684541892,3.2727018305532733],[8.576273787880869,3.244512481860375],[8.680188653318863,3.2123822248373863],[8.771029495401732,3.3400423509887567],[8.768955964935866,3.3957872166239262],[8.809065647104992,3.4293804357375803],[8.824052654599319,3.46966663632425],[8.915134231481263,3.61610394975531],[8.932769962026084,3.6478068144933586],[8.934678474646557,3.656702442095343],[8.92430657671172,3.7205624157547352],[8.898269937510287,3.765160650602955],[8.803843977074497,3.754143727167732],[8.789610540357724,3.760737915106385],[8.781967679536473,3.7655655410336872],[8.727553247139198,3.7634431368035464],[8.718862468373551,3.785610206906277],[8.684317809336367,3.7618858705452967],[8.61258423861727,3.658264395926893],[8.60557450400927,3.5602341219648723],[8.573442282267914,3.5136719143919195],[8.58336374617535,3.486766917723657],[8.558910073417321,3.4619842528652667],[8.46588424595825,3.4668179730197686],[8.427420073254043,3.4034923802562833]]]},{"type":"Polygon","coordinates":[[[8.707121623260601,-0.6504395239186604],[8.710341146371869,-0.6978588045112754],[8.783332129536513,-0.8383880987210814],[8.819294818637905,-0.905017161016793],[8.894921120524586,-0.8540779568207536],[8.946945475315136,-0.8342727895272285],[8.978667545337228,-0.8187879735470207],[8.968447248492314,-0.7981800594747163],[8.948278780920823,-0.7763146533596949],[8.92650493597559,-0.7305414616059268],[8.888673937191514,-0.734353726312406],[8.917823110750405,-0.7614091959085816],[8.92093104500976,-0.7762299222221426],[8.901088062354221,-0.7695196362299956],[8.89315534197306,-0.762127083175425],[8.866012750629077,-0.763745583667759],[8.845451840381163,-0.8336664350675812],[8.797396167379482,-0.7815759451711253],[8.78955261476858,-0.7225648062300356],[8.771792017229092,-0.6858379752433571],[8.767961580985505,-0.675796787336857],[8.752158553645,-0.6758368852858959],[8.74586680000816,-0.6564723630393161],[8.735445870585433,-0.6505287282423634],[8.72634930463401,-0.6499847610057435],[8.717016364990403,-0.6491197759142663],[8.707121623260601,-0.6504395239186604]],[[8.717016364990403,-0.6491197759142663],[8.714407839922265,-0.6581131944045058],[8.723375062698596,-0.6589692972034923],[8.717016364990403,-0.6491197759142663]]]},{"type":"Polygon","coordinates":[[[6.489784606166184,0.3100219201020787],[6.464983076316247,0.2347977693557747],[6.469468915147414,0.18495427260585218],[6.482779333299815,0.14399762399278845],[6.488152586967705,0.13614069657619157],[6.495955960017659,0.11991406415619478],[6.497877889071691,0.11063917945697306],[6.511950815509939,0.10754897198294092],[6.514073335388504,0.05276006713934266],[6.51210689149828,0.026036698752938486],[6.521132040644248,0.02493085572416273],[6.542089876763425,0.043502981827563084],[6.557496037075225,0.035507784547024385],[6.57694666015071,0.08630138246008438],[6.587309625756248,0.07973313340904174],[6.609444573008253,0.08256911794175675],[6.6209267683945265,0.09656626883488773],[6.631628603135926,0.1005304169942343],[6.653839404014045,0.12064537445330738],[6.654477007790715,0.13762107659118725],[6.68183362726929,0.1595776465577001],[6.749027841819416,0.24232020739404705],[6.752849250634763,0.2880478263101293],[6.752416751817645,0.30031910467755296],[6.73363055353058,0.34009809103758537],[6.712601442738185,0.36806056084244676],[6.714362797320099,0.38121017994802286],[6.664153247154655,0.41234288295713795],[6.610158018797711,0.40691633589760406],[6.555654465386204,0.35992731954130486],[6.489784606166184,0.3100219201020787]]]},{"type":"Polygon","coordinates":[[[7.136001954862254,4.408250452291871],[7.133001029952559,4.390248729666784],[7.22189314625973,4.383281792122203],[7.255068858789951,4.396722074651236],[7.263960324915487,4.399616405858547],[7.323747968853968,4.415475015527136],[7.316885443685334,4.442394221998995],[7.3055815845613505,4.443656836329596],[7.287499937641088,4.434849811067367],[7.291588904917058,4.4438790798066945],[7.2860507093168705,4.451343403860305],[7.284102122510064,4.460488024149987],[7.284329543948974,4.4741447289950065],[7.276102512025365,4.478639166125498],[7.2684104892707655,4.47333569566599],[7.269199779690072,4.464057794015139],[7.260865690320222,4.460559165919748],[7.253784682936369,4.467761006113581],[7.228291982801827,4.461088171071685],[7.252041130060239,4.445461731076005],[7.240242366027987,4.439637862152164],[7.220225440203257,4.4361079507738985],[7.219222187618694,4.426829683076317],[7.209973982367508,4.427452074250747],[7.211235938655187,4.437117132870942],[7.187361895411214,4.434996505331775],[7.178372348813667,4.436263600060156],[7.168606900142995,4.43933109507949],[7.168196650081353,4.4492538964295525],[7.159367635149351,4.438024091473969],[7.142998337439934,4.4139989931857215],[7.148924468746687,4.405138289024564],[7.136001954862254,4.408250452291871]],[[7.273128258282702,4.431208749620309],[7.283156791979696,4.426078308592348],[7.287499937641088,4.434849811067367],[7.273128258282702,4.431208749620309]]]},{"type":"Polygon","coordinates":[[[8.167057637287698,4.917432652259055],[8.172698381440576,4.926460136576277],[8.163570631008545,4.928512629815769],[8.167057637287698,4.917432652259055]]]},{"type":"Polygon","coordinates":[[[5.325589092350546,5.365211502566963],[5.343006359296526,5.263656919138291],[5.358243114720129,5.1658694845099395],[5.384025613257825,5.1385790185312095],[5.401487454543549,5.136451750194151],[5.435720005314313,5.1524220562446805],[5.462603938848983,5.162236774033363],[5.456080216034076,5.1688316417402875],[5.47135715510512,5.166322517199122],[5.462407669458696,5.14381963535129],[5.402994619389729,5.127302762276266],[5.393501190564522,5.130558266054004],[5.375865509402507,5.120831824979148],[5.445026139877519,4.9645723370691845],[5.435051130141354,4.956869209748453],[5.437695338540298,4.948224180397627],[5.45578592519238,4.923612404193399],[5.455562968883493,4.913283146292327],[5.470929041938135,4.899732723238965],[5.469016089678636,4.887572651968527],[5.483280795455464,4.877318388852338],[5.496221033072515,4.862078900738115],[5.484457963915242,4.85592521029212],[5.571954450197388,4.689555455324047],[5.676038779135374,4.5482921094505135],[5.909156162831451,4.360806625732931],[5.961898395323727,4.335365099411399],[5.963918356055972,4.375901288191899],[5.970825478642714,4.382259227643121],[5.969715188072609,4.395348263964703],[5.983605286233184,4.3754477591012115],[5.979819468618131,4.363656606735006],[5.983253020876479,4.355306626219591],[5.976305759006005,4.313164169967447],[6.067864477929155,4.285528866470774],[6.061309549904885,4.33294179066955],[6.043357268266981,4.363420987152475],[6.049443893404177,4.3741939709165365],[6.054442552197159,4.365390665415473],[6.069826471800182,4.351509600315786],[6.069826471800182,4.382957212115898],[6.096126238333422,4.359730610428604],[6.083284022414224,4.311594541757534],[6.089468786352775,4.269258432501489],[6.221533989859674,4.281469041760395],[6.217021359080727,4.343030515708367],[6.245216295220267,4.399763142574054],[6.2504066514098895,4.423210739499797],[6.256858960368238,4.430506334998086],[6.262602329941197,4.38529139044051],[6.300362002213495,4.4130608869406345],[6.291095958496167,4.39226274250022],[6.2351966758800526,4.297997089686624],[6.3712929334027235,4.3001537037185695],[6.417729939243644,4.307948416076771],[6.386391427430663,4.345720501707188],[6.431584439346026,4.335983151483886],[6.461117045469856,4.310705229559515],[6.589793308653793,4.327357137974868],[6.584322001867357,4.357182955504087],[6.5931019671998135,4.37889354420041],[6.611263899956562,4.337526017425495],[6.6321948936460435,4.3175928145183375],[6.671729293044094,4.338246329444192],[6.704459119474327,4.342754867602585],[6.68169541224648,4.418716040891003],[6.676496083307587,4.4317422248918446],[6.668969072776715,4.418796050475223],[6.6708954062219705,4.457318345519885],[6.69940248836728,4.422650565707944],[6.692660278201642,4.468490049351352],[6.6988227918161325,4.481590955365134],[6.715000429823831,4.449614044915665],[6.721310074228397,4.354115086613853],[6.872549328012356,4.36062878621334],[6.832332762167061,4.412736360621887],[6.795496131041489,4.571521659575587],[6.825684228805428,4.597652836507312],[6.835864322724772,4.596963900939473],[6.8141083846506145,4.5620628250470565],[6.845197275267224,4.452570385615653],[6.86524088625826,4.395343821489717],[6.97211221180038,4.377008394713693],[7.007325711927033,4.385113532337964],[7.015753400796292,4.408308256447099],[6.990225081096734,4.446497617377455],[6.972709670753682,4.527093335485189],[6.97323583250552,4.541620102572031],[6.981195401709969,4.536125903581914],[6.97689236288652,4.588376582412181],[6.9525411740017535,4.600639655553257],[7.00168940113087,4.6274275630055755],[7.008578673372602,4.613200411054717],[6.999388490556673,4.604382169655166],[6.997163415786582,4.569983714618412],[7.022517830109148,4.451223329839909],[7.028439559290485,4.4398646215222195],[7.07487657779745,4.445670711525459],[7.060919599650802,4.466889682690378],[7.108047893881934,4.456895974096196],[7.161222618869545,4.473229012659539],[7.170412819366383,4.532391997393346],[7.13854364900755,4.557866769988452],[7.140305046493288,4.569236925554077],[7.161293959100852,4.55812012992554],[7.176361271055601,4.578944650274083],[7.142788730289552,4.6462234425443265],[7.081386891301893,4.686497839293587],[7.077868648930335,4.697217177600644],[7.089502485559109,4.69971028548474],[7.115427700422334,4.674449535639184],[7.163068695090789,4.651765595190264],[7.1733558239149,4.650570052536001],[7.173998004970744,4.6397033782111965],[7.171447402018599,4.630072097299943],[7.239435311330587,4.56228952036734],[7.268151922103938,4.500163914526246],[7.32929954222778,4.512788597961448],[7.328804602377308,4.5247551605757],[7.360994808142113,4.50474261840754],[7.37125966730394,4.502315447021252],[7.343131713353991,4.4754428805089095],[7.34161108424679,4.46564487528244],[7.339091720881066,4.443603443564814],[7.446952952672588,4.4399713191234165],[7.580453934144058,4.457767339420719],[7.584391362148328,4.480586282317429],[7.581680242231104,4.492957898076988],[7.54854462931735,4.509916915535014],[7.524197908251388,4.545202811049855],[7.545668526412463,4.532965430284245],[7.60248636869383,4.485778584017589],[7.620996076776977,4.477047697704031],[7.698415009725949,4.500283889668342],[7.724077147702494,4.505733929799756],[8.089148166132423,4.544682713954673],[8.282856043318763,4.537939552684769],[8.285268372554668,4.565912163093316],[8.275890911606405,4.565387654700109],[8.243526719026542,4.559942547831743],[8.237609537001182,4.5674100865999465],[8.232976512422235,4.575397587333601],[8.244538920587285,4.57747334617389],[8.256096966066439,4.576971051688868],[8.251722554047896,4.584958512809756],[8.243241348641538,4.58894552517269],[8.250683625507758,4.594110368676417],[8.25980242173819,4.595794893493002],[8.257992079773413,4.608426783867959],[8.26917099356202,4.606888974526257],[8.273786169424557,4.6170761228976875],[8.282900638042346,4.623920824376265],[8.29870364442591,4.620711799967826],[8.303064633139876,4.629996539140474],[8.321543211114685,4.647934552072711],[8.2989087909115,4.673307338523365],[8.276207471487574,4.63629003511305],[8.27080309279061,4.644787872939681],[8.26769948835386,4.662574375152579],[8.248561071401408,4.6613966337924575],[8.226849723970144,4.658147740203172],[8.21990690314348,4.664329823564646],[8.199854309210833,4.672040766210577],[8.209994301733344,4.681204830487986],[8.221815354204212,4.679413759145677],[8.243410784565993,4.670800786592998],[8.260868194208385,4.6846090449586955],[8.27228793614696,4.69970587294896],[8.275989027488897,4.724459116889565],[8.28688262102676,4.748704884200185],[8.276060339029083,4.777566685530639],[8.267436400607382,4.791608413461562],[8.214948349437995,4.844142086242892],[8.196666027802202,4.875958829693914],[8.210297480288991,4.868241393165208],[8.206039079226306,4.880868309602697],[8.218114312618834,4.886812923760142],[8.226216528637082,4.880379599379992],[8.263641729252136,4.853094987498489],[8.261059961420262,4.862887565974382],[8.24909170419773,4.880788348812108],[8.243045120626876,4.888132508117731],[8.228869676874588,4.920857963079861],[8.237729885690314,4.9256337898691385],[8.259592875617264,4.913158781425982],[8.264208037127178,4.92295932785603],[8.31505516700581,4.973545883500734],[8.297365946244753,4.92492739924975],[8.33916106093947,4.902411767502597],[8.340851116774315,4.882947573191265],[8.375306554783906,4.865064613484286],[8.389954706081472,4.868041456635044],[8.411964822921968,4.831323363085685],[8.403925095039241,4.7663331909617925],[8.388732948251983,4.745038743858201],[8.426563935121933,4.728063174923298],[8.457273712533597,4.744869840926742],[8.46972355930863,4.780646108925152],[8.49917591568485,4.787915815715263],[8.506734083267041,4.7463185812024085],[8.462374953577259,4.72076620437955],[8.456560286299736,4.699385863718827],[8.497499282607045,4.693808495519891],[8.531615909040033,4.711078280377134],[8.523054413704973,4.768137354412107],[8.542299846280025,4.806045191601734],[8.549884789296721,4.8132701863620735],[8.554910241823977,4.801783963921732],[8.542246381359782,4.777340060298733],[8.550147866958136,4.782596842338609],[8.548609474827474,4.770696866213169],[8.541720198054499,4.757850115013565],[8.553505602617893,4.755952646014636],[8.545867164703521,4.748767119940484],[8.55645303654253,4.746047497619635],[8.572323005672757,4.743972256451873],[8.56489416387026,4.733573605136675],[8.554682852614087,4.736644332423471],[8.561888731831813,4.6981326488508115],[8.570325350490972,4.690835346769722],[8.557478706063888,4.684173531682651],[8.54402113520736,4.674160671647196],[8.532048429154694,4.685662307813286],[8.528106571521429,4.664774285355664],[8.514684716714925,4.657223322995927],[8.50066974936044,4.605302168851999],[8.522983033586131,4.589998951398918],[8.549015273422087,4.608022351431515],[8.541434858900242,4.591714633907007],[8.509106327573996,4.5569555125095595],[8.501253856761423,4.535574717995742],[8.514327940112304,4.499452600715767],[8.5501701602967,4.500999648290921],[8.572095564247855,4.521239031802871],[8.5777185050833,4.509712432721291],[8.560854201398202,4.485116177854807],[8.704084972745097,4.487223374164913],[8.719455475176188,4.512286306845383],[8.685249739972125,4.54134003533728],[8.675965865727001,4.541166704999423],[8.676773030553136,4.567943455582997],[8.641372225504744,4.674022860393482],[8.635312310238808,4.704016634943989],[8.643521445294713,4.716539964860303],[8.6600870578177,4.673831819819159],[8.691987431559644,4.666920935099483],[8.680465110003423,4.648050106692973],[8.725974735516422,4.564809795663221],[8.780126033838751,4.535285770427994],[8.798345946014775,4.551416998453458],[8.75945810793391,4.622271880727691],[8.768206834835878,4.631476599351558],[8.822081745258885,4.5578578355643495],[8.861999600223283,4.52314601946901],[8.848261075178645,4.58302501448895],[8.8271428093816,4.624680858197569],[8.835967404737488,4.62959650892584],[8.882658643502154,4.582167166034277],[8.888299340933713,4.507729866474867],[8.903005485877037,4.51041922322676],[8.939739597407042,4.547878771900436],[8.891661511831854,4.468543373502963],[8.89722203821439,4.4583141385861005],[8.892424039311734,4.4488093598335725],[8.886364095835939,4.441856329605531],[8.88559716616215,4.426127237877181],[8.886239261967006,4.416204137937654],[8.883416621938807,4.395832935909173],[8.886497936820541,4.383459645611519],[8.923236432706812,4.322870751856616],[8.915923513366293,4.286129131371071],[8.935704048769518,4.25828384575009],[8.94648619059625,4.266279111474011],[8.947003433665586,4.2520982930677445],[8.962926918605861,4.242559795836927],[8.97229992894248,4.241141264768648],[8.97701761248615,4.229339149539777],[8.99426549066926,4.17021453368344],[8.983264835874575,4.095785602215496],[9.13041967161496,4.008441143792357],[9.187175116610991,4.0055141826125995],[9.205947938174427,4.007364681500027],[9.21152174344046,3.950834970477268],[9.218865890626347,3.964905521321463],[9.24782332012948,3.9468891407142035],[9.251997076723539,3.956266593720869],[9.270613788911982,3.9768583354422864],[9.293810022182043,3.965368111991172],[9.35521627897216,3.904529203700358],[9.433286272538197,3.8891097458186064],[9.475099242581061,3.9092805066682033],[9.440924648123998,3.922012625945836],[9.458087789855444,3.9763912428590515],[9.452794815509671,3.994335734746739],[9.476918559761403,3.9843760378390467],[9.527301932986743,3.960861887292095],[9.52483157887994,4.01137689241384],[9.50548356770916,4.016652422702511],[9.502710022406058,4.0338043404510495],[9.486255920691136,4.040351856637599],[9.473962136692869,4.058054720019897],[9.463407471722173,4.075325876592528],[9.491709385827953,4.074734278095976],[9.518981252295392,4.032327538975949],[9.589501901707399,4.005803314861099],[9.625094485559067,4.017386416309409],[9.63177870530351,4.027639310294184],[9.640019050503295,4.031415707604886],[9.650734297787936,4.005634313907604],[9.622628623719546,3.9599276877386287],[9.64118739951926,3.939397815426154],[9.698353091179921,3.941235048093419],[9.693831520752859,3.915286227693857],[9.684471852742389,3.916567440393024],[9.681354971134336,3.903385859622832],[9.715088034554999,3.8661356400623723],[9.687776046499241,3.8391211695576257],[9.664472804035881,3.838204648677166],[9.622044449016947,3.8679863881997885],[9.601340861255029,3.8222722556125954],[9.598589596150049,3.808906836737987],[9.60908628127443,3.760875827544677],[9.589595560600925,3.7693565503064446],[9.650341884576425,3.6215688070584795],[9.629446533233091,3.561235530787733],[9.829241005180354,3.3794286628225954],[9.900885424807596,3.2872636818222865],[9.90298122307201,3.25446700954122],[9.973109470069895,3.0949960647578116],[9.944116427488238,3.007779515327226],[9.90645933290413,2.9523520866679434],[9.886259552685889,2.8297715775631023],[9.890054239723119,2.79742421133132],[9.82327029593446,2.5619740181185753],[9.819564815455475,2.3478797768166757],[9.775682792963956,2.3147850314033054],[9.79502188860673,2.156995170438217],[9.767999747359312,2.084637883497619],[9.811542884757472,1.9203090096379911],[9.742725553856163,1.8403334798079138],[9.72428269874033,1.7760697410053627],[9.608988184047526,1.6643393694736364],[9.611480823529673,1.6194190346204422],[9.625602821616548,1.5987369306316936],[9.590014691804507,1.5520767493070122],[9.550141444802499,1.4859358602133328],[9.5124397668009,1.4394247530188287],[9.461900281307372,1.396091104007573],[9.45771323939352,1.3233613631001448],[9.422597754807395,1.281202515844478],[9.39607501441539,1.2721884352666921],[9.367777614158586,1.1842707521318876],[9.342369627349646,1.1725457954556326],[9.38985017045413,1.1082983826597963],[9.41550338106565,1.1082315392217983],[9.503784667943217,1.1362605083698871],[9.548406833841957,1.1140451429482539],[9.58966688748059,1.0316910605156209],[9.592534108647945,1.0435859934642624],[9.592150629311408,1.054673904572311],[9.598812516843337,1.0627925263754752],[9.604961625695022,1.0556992966790952],[9.614945569615353,1.0422930354820346],[9.655416375731063,1.0697430843828877],[9.65228162014501,1.0194616830497443],[9.57709222089799,0.9998402098949161],[9.553454603000924,0.9332396641288404],[9.5773909852296,0.8564008913517245],[9.609269141606957,0.7759490482939405],[9.627065409316758,0.7707903212954327],[9.630012834243406,0.7589302021861934],[9.620791422033646,0.7630589157724167],[9.62373446390671,0.7481044124662368],[9.617326688897824,0.7068521377052993],[9.625134581472993,0.6985990025378708],[9.62693161168152,0.7100713932347205],[9.634356046660972,0.6973104017445391],[9.631194551788704,0.6881164074198122],[9.625772295970695,0.6792612349018818],[9.616680119936545,0.6527046551709077],[9.629994993919212,0.6409734798938653],[9.626922691846765,0.6305308931350744],[9.615395915596611,0.6314360815838636],[9.605661694470884,0.6149338930489471],[9.620260774874776,0.6158345881555479],[9.629223615912673,0.6191876383353149],[9.633834319159412,0.6091284672838772],[9.645361081284182,0.6102878022415451],[9.644589646979966,0.5989444490410297],[9.652143363536615,0.5936562898058464],[9.639978947473267,0.590824870126744],[9.632037310922067,0.5848945676765895],[9.64842896014639,0.560656125981984],[9.659821920818695,0.5629747736285239],[9.650729879092804,0.5464768552221966],[9.66148516100073,0.5460844819179468],[9.665328985509259,0.5553679103820823],[9.676084264134213,0.5395120496937603],[9.675317307951332,0.5276513190992478],[9.666862892864152,0.5387361833680974],[9.661997966738094,0.5276513813112285],[9.67454593880608,0.5108902484376724],[9.663531898351856,0.506636427011498],[9.65892117921308,0.4974867127789998],[9.649445663181355,0.4976160327264204],[9.63804816218286,0.49310359524230113],[9.647523752162005,0.48614319992970384],[9.655719583643322,0.4804713996420905],[9.667117016961937,0.47917832043245917],[9.67582569295507,0.4879446059978196],[9.67582118794156,0.4766010551168972],[9.689653309242477,0.4889746467247288],[9.694388903316277,0.4807211367363149],[9.684275652246397,0.4718299664146533],[9.678380754435059,0.4624171114772833],[9.687089319848228,0.4575211745571224],[9.67863933345701,0.4533966812618437],[9.692154889268728,0.4340937915265696],[9.692467071258783,0.424257269554954],[9.685292363404004,0.41394812853747015],[9.673127913001764,0.40750046277256974],[9.667879563843915,0.4258090080794532],[9.655331651069908,0.456491148680397],[9.646623057382332,0.452366661692986],[9.643037878084312,0.43161014883377447],[9.650332962253168,0.42529174396130465],[9.654301620168924,0.4072462902487678],[9.657373904593328,0.39822125272977466],[9.640473949350488,0.39667400995672497],[9.643292100099405,0.4054403698053357],[9.635221096869246,0.41085807233061755],[9.634329284790294,0.4206544197405056],[9.623828076182606,0.4329032442423454],[9.614093894012797,0.43406257216335953],[9.60182247146708,0.4479032134374652],[9.597086828960942,0.43939102105764244],[9.590424994079816,0.4321719644910595],[9.594393532859113,0.42044037786704036],[9.579794468159484,0.4187683021276645],[9.568954424546817,0.4207124243520567],[9.56752748858879,0.4336122112011015],[9.544068173282218,0.42615681613233974],[9.533674029501716,0.4299425038809573],[9.54161565123278,0.4374201859711615],[9.535466545513126,0.44438063417535734],[9.534445373490001,0.4568880208465597],[9.51344302237447,0.4833161989215391],[9.515623571426406,0.49466420425719404],[9.524461477548913,0.5013660037504022],[9.532144515436904,0.49633631769125514],[9.547381259366166,0.5114208715088905],[9.536242403646153,0.5186398532671259],[9.520363576813024,0.5100029650624816],[9.50665631068504,0.500077346424728],[9.492190955387603,0.511296046159716],[9.494237699691107,0.5201915913331312],[9.491932359479575,0.5299878143201451],[9.499873971789691,0.5421071407430614],[9.471317938458096,0.5753704631892742],[9.462100961482086,0.5805248645038309],[9.449419307148544,0.5735645529721404],[9.456206068243116,0.5647984617945163],[9.451720154749863,0.5263805838237365],[9.454819220443538,0.5177792818240934],[9.45532312527776,0.5087277134360336],[9.456210476623456,0.49353612117607654],[9.461610495587763,0.46235472351168205],[9.468624647079213,0.4706884910163503],[9.470671316665696,0.46062912814837165],[9.47314166643222,0.44966899935126076],[9.463501073249937,0.4523800079611535],[9.45420392494173,0.45593382800209725],[9.44744386092973,0.4632598510510333],[9.437183475232198,0.4605042607948989],[9.427609800179898,0.46205149785304583],[9.420854292617333,0.4695291634677011],[9.429692232456615,0.471718499977853],[9.427386830843925,0.481519274667223],[9.423801777115523,0.49105694041289355],[9.427261998788692,0.5011163113133535],[9.439939224710853,0.5000818676465434],[9.437633875000556,0.522514669766191],[9.430976447910608,0.5372112271867554],[9.421500862450005,0.5459774782941658],[9.410232717670223,0.5403057560849457],[9.416377338624683,0.5551315898111975],[9.422272261658696,0.5629970577782704],[9.418811995816567,0.5717632159319079],[9.42790412740891,0.5740818002577656],[9.425603182667244,0.5867182590737319],[9.434053205608267,0.5818179340813744],[9.44225353900627,0.6024446466561179],[9.449936487876078,0.5949671614400532],[9.451086995638185,0.6047632868870443],[9.459412125080958,0.5948378818321176],[9.46453561459876,0.6065691008258517],[9.455314223836567,0.6273250040677079],[9.467483051784336,0.6310615243784318],[9.465307077861999,0.6413747473559104],[9.452754717873841,0.6363497200083273],[9.443533288485623,0.6393147819793892],[9.396021559542683,0.6385478558057067],[9.363875917233425,0.6177920186704845],[9.320573540812385,0.6155537130929996],[9.308418052288534,0.5423746859179484],[9.307138298825363,0.5150459780640261],[9.32160805689642,0.5074390767238137],[9.350315764261484,0.519406838731804],[9.416261420507801,0.4573963680813472],[9.44384538830833,0.38648963971727734],[9.502246204644148,0.28616161879380403],[9.510620432050388,0.29696143018442417],[9.519605514084631,0.29983750505421236],[9.52683373520753,0.309669690685449],[9.540416191550532,0.29169082547474245],[9.555982846325776,0.2955924908441877],[9.569137197036667,0.306178273436347],[9.594491697884772,0.26544043843967874],[9.660276756928463,0.2239042443276367],[9.691294269356318,0.21360828171717938],[9.710615568944922,0.216760871014821],[9.737396918181261,0.19582106061311444],[9.747256033774173,0.19298503697892636],[9.751095255378448,0.18370125967099693],[9.84506196415688,0.16846013100802096],[9.876346965970628,0.16930732868202986],[9.857574152422158,0.14788145137877756],[9.826534340970836,0.13417866845072932],[9.828656935455355,0.12444893079452908],[9.819060932249727,0.1263574454936259],[9.773377448972827,0.13201605493110477],[9.758323532707438,0.11961530507237698],[9.80681172943105,0.019307935951052325],[9.766122448323966,0.07237116553528537],[9.733865293092729,0.11618179458757333],[9.667014517317117,0.1291621850232167],[9.662666896521289,0.11949046824108082],[9.624920595239097,0.15081553017481755],[9.591557581473904,0.11502687078540666],[9.567166280463768,0.1550071039753794],[9.5116682879802,0.16939205956184034],[9.494723779216553,0.14179032852262105],[9.509710779648952,0.08367056491992014],[9.49945928121624,0.08486113577694211],[9.478992062054555,0.10731265441706672],[9.453811504788696,0.17851087271106492],[9.437607091655982,0.17836822757417553],[9.416310482322391,0.2036689931513285],[9.406179373532877,0.18320184242241658],[9.387361991613279,0.20159996668251948],[9.371072869859841,0.29584669760227067],[9.374533154046645,0.31365159365216844],[9.350685845388522,0.35147306402773026],[9.301448492997995,0.30701657305687763],[9.345798725337536,-0.017921114427768548],[9.326847533028873,-0.07077932467032631],[9.31224837838392,-0.20279500935086503],[9.285618646327332,-0.4116517462969467],[9.183812889496883,-0.5563042493441399],[9.172544810650585,-0.5653290129943306],[9.162810521665577,-0.5663635205303909],[9.160505167416744,-0.5751296261300234],[9.158712676130412,-0.5841543910953687],[9.165115942197211,-0.5908560931590222],[9.155381710245607,-0.5931791710206162],[9.112864190832829,-0.6452628619101146],[9.10441418229179,-0.6504217189002118],[9.112864190832829,-0.6542875378724132],[9.10552451274267,-0.6598744202309771],[9.11133023785882,-0.6682123716686248],[9.117733511328687,-0.6772369604293664],[9.115044664850727,-0.6862615186145797],[9.122598400792311,-0.6916789220227163],[9.137326832930645,-0.7153995546628732],[9.148728723992527,-0.7148823683022056],[9.144117963158475,-0.7321600270070965],[11.221479408132062,-0.8377460682955458],[13.862685251230385,-0.19529040985108267],[15.218974291345958,0.51854624016756],[16.718034893425887,-0.12390938778817001],[18.502634054518058,-0.6949784378025806],[20.287228668995606,-0.909132440558559],[21.072449678708306,-1.480198874356853],[23.856418006678933,-1.1946671430724372],[25.712398452110566,-1.123282632030668],[27.140077755322633,-1.7657384737952075],[28.49636688472694,-0.7663628279769416],[29.067439433582603,1.2323826887029932],[30.066813181801663,2.8742138693490276],[30.35234730642366,4.087739592407333],[28.924672405512965,4.58742539664682],[26.372701026648798,4.596348867228097],[24.40882155714334,4.669533017035702],[21.50075076629596,5.015728706510563],[18.930935142882507,5.943717766679461],[17.07495477045357,5.658182249402196],[15.36174132868945,4.9443459277159025],[12.506391662928786,5.5154143912652085],[5.977055147220818,5.5155442313274206],[5.598432588741941,5.510141501534544],[5.523207530004532,5.503284032218664],[5.513058625350534,5.435170571319372],[5.526422535276017,5.405805514985326],[5.5185789695706955,5.3999013355655725],[5.527207358079283,5.395018030589067],[5.540370602778312,5.395564051288069],[5.533244968861666,5.38768861213286],[5.5175845982539045,5.390587559215701],[5.509085539620131,5.3942366853140316],[5.49862897559387,5.382214799666712],[5.468998252284615,5.364203716030926],[5.5003591479405,5.363795265843204],[5.509495843159494,5.355111412021803],[5.453890823822599,5.339465969604174],[5.437369882396956,5.364501219800929],[5.357957703361295,5.349140079136212],[5.34983321322812,5.362450072918439],[5.325589092350546,5.365211502566963]],[[9.477288618273366,4.005585375921603],[9.479602963132042,3.9936908043403796],[9.485145629680227,4.000977031195271],[9.477288618273366,4.005585375921603]],[[9.439163337093987,4.016594599388415],[9.453254117093174,4.019236787128473],[9.455657565835876,4.033528502616378],[9.439163337093987,4.016594599388415]],[[9.44223116179131,4.001884455401496],[9.452794815509671,3.994335734746739],[9.439163337093987,4.016594599388415],[9.44223116179131,4.001884455401496]],[[8.782734596503467,4.783716620901607],[8.792112143244564,4.785654002946571],[8.78530306291137,4.79377238924646],[8.782734596503467,4.783716620901607]],[[8.749960242629584,4.702270085497781],[8.735249616306596,4.695230653923493],[8.737126906417341,4.68006704723726],[8.749960242629584,4.702270085497781]],[[8.758307619483638,4.640565627862574],[8.768206834835878,4.631476599351558],[8.766325090382953,4.649556733169434],[8.758307619483638,4.640565627862574]],[[9.851251137105542,0.004499241563826814],[9.853106119302778,0.017435078340505335],[9.841976232407166,0.008530225818321871],[9.851251137105542,0.004499241563826814]],[[8.561023688402281,4.785556311498166],[8.550147866958136,4.782596842338609],[8.55705509289488,4.774007376405836],[8.561023688402281,4.785556311498166]],[[8.557906763960274,4.764364613510685],[8.553505602617893,4.755952646014636],[8.56407368100772,4.7555349669581455],[8.557906763960274,4.764364613510685]],[[8.569611861063985,4.611453645749788],[8.56760975049407,4.621178502781659],[8.560314645145004,4.61460043966987],[8.569611861063985,4.611453645749788]],[[8.284104538722783,5.064260436333625],[8.29041414729269,5.057304751434442],[8.299145094306434,5.063762979354356],[8.284104538722783,5.064260436333625]],[[8.215015263364272,4.896347350738035],[8.214877013586195,4.905885977114777],[8.2015130677749,4.906903404876822],[8.215015263364272,4.896347350738035]],[[8.199444067339295,4.916050977613692],[8.2015130677749,4.906903404876822],[8.208188354579127,4.913101027575023],[8.199444067339295,4.916050977613692]],[[8.192269376317729,4.895676457073216],[8.205000128246239,4.89143800817651],[8.2015130677749,4.906903404876822],[8.192269376317729,4.895676457073216]],[[8.206039079226306,4.880868309602697],[8.205000128246239,4.89143800817651],[8.197040636594103,4.8849824627409255],[8.206039079226306,4.880868309602697]],[[8.18818933672944,4.86911665939982],[8.196666027802202,4.875958829693914],[8.184443620287626,4.885226834722756],[8.18818933672944,4.86911665939982]],[[9.490857698164177,0.05591266384638785],[9.50234434582299,0.05196635627871315],[9.493818542148444,0.06685973793095853],[9.490857698164177,0.05591266384638785]],[[9.428037858930995,0.6052804960596043],[9.44225353900627,0.6024446466561179],[9.444813057851356,0.6119866098611002],[9.428037858930995,0.6052804960596043]],[[8.219233550152014,4.692688550184202],[8.20433124980838,4.690479849932076],[8.209994301733344,4.681204830487986],[8.219233550152014,4.692688550184202]],[[8.215421003351842,4.653494528392996],[8.227375861033424,4.647321170360057],[8.226849723970144,4.658147740203172],[8.215421003351842,4.653494528392996]],[[8.22089683502283,4.57912239006965],[8.232976512422235,4.575397587333601],[8.229114935611463,4.584416247441949],[8.22089683502283,4.57912239006965]],[[7.549177791357332,4.589581122170666],[7.533909867511113,4.600817469365064],[7.541583948116621,4.581882666545872],[7.549177791357332,4.589581122170666]],[[7.546074278147421,4.571241589899615],[7.527274741761814,4.564338597572533],[7.524197908251388,4.545202811049855],[7.546074278147421,4.571241589899615]],[[7.008471662321795,4.6037243435264585],[6.999388490556673,4.604382169655166],[7.003473004259901,4.595834939252831],[7.008471662321795,4.6037243435264585]],[[6.9646609850126575,4.4082904595788985],[6.956541014779953,4.400647849121818],[6.96701542687543,4.396228610194674],[6.9646609850126575,4.4082904595788985]],[[6.6996388408728285,4.52389277427596],[6.69015432702878,4.5139487845835005],[6.697667902975859,4.492953465776658],[6.6996388408728285,4.52389277427596]],[[6.599893202347084,4.473962481648224],[6.5923438994277515,4.48218664259708],[6.595871060591848,4.4626796975373955],[6.599893202347084,4.473962481648224]],[[6.550843096838234,4.531338471103136],[6.5395214336294085,4.530809483782607],[6.544827769544674,4.5222658390101085],[6.550843096838234,4.531338471103136]],[[6.601725866072472,4.412447352829714],[6.596580036253032,4.448453705011528],[6.593137654619035,4.3954816546281945],[6.601725866072472,4.412447352829714]],[[6.602403614569448,4.389666275513199],[6.593137654619035,4.3954816546281945],[6.5931019671998135,4.37889354420041],[6.602403614569448,4.389666275513199]],[[5.550176213872006,5.391670793086853],[5.540370602778312,5.395564051288069],[5.539304905767728,5.380856372498182],[5.550176213872006,5.391670793086853]],[[5.543393933900433,5.367204897367017],[5.539304905767728,5.380856372498182],[5.530502655905858,5.361553306630048],[5.543393933900433,5.367204897367017]],[[5.520050503653176,5.3594444896181175],[5.51517667425582,5.368709903393572],[5.509495843159494,5.355111412021803],[5.520050503653176,5.3594444896181175]],[[6.253822314965112,4.4707661461957215],[6.2445117536311,4.469343574003598],[6.254816684489577,4.460910359163466],[6.253822314965112,4.4707661461957215]],[[6.254816684489577,4.460910359163466],[6.249706588803941,4.439575670326932],[6.256858960368238,4.430506334998086],[6.254816684489577,4.460910359163466]],[[5.459843751439077,5.212218387356932],[5.446363887894187,5.214074616803162],[5.4561961734324615,5.202875161224487],[5.459843751439077,5.212218387356932]],[[5.4561961734324615,5.202875161224487],[5.442832287032602,5.198505475706454],[5.445182212889794,5.185573866519705],[5.4561961734324615,5.202875161224487]],[[5.993990529058505,4.442083010541058],[5.984323216782886,4.44057590259043],[5.988407707685782,4.4314844021946485],[5.993990529058505,4.442083010541058]],[[8.838428776374084,4.708105193931913],[8.821296944814586,4.688871075656867],[8.819450832076683,4.679613730832213],[8.819548981931684,4.666045333550974],[8.838428776374084,4.708105193931913]],[[9.703226833466253,0.47169624396294163],[9.71142264296075,0.47994972346921083],[9.700792180330993,0.4879401305530184],[9.694388903316277,0.4807211367363149],[9.703226833466253,0.47169624396294163]],[[9.525223996697088,0.42633517611762156],[9.518816236883033,0.41318563870026365],[9.528809126913488,0.4180815723253364],[9.533674029501716,0.4299425038809573],[9.525223996697088,0.42633517611762156]],[[9.402420380793341,0.5588725719975385],[9.394349396900592,0.5493349882622907],[9.404083557948002,0.54971848121822],[9.416377338624683,0.5551315898111975],[9.402420380793341,0.5588725719975385]],[[9.369298152671796,0.1997138097378368],[9.35640246144863,0.17896128171571427],[9.368522255300991,0.17115789471164924],[9.378938711220782,0.1979837177951458],[9.369298152671796,0.1997138097378368]],[[6.722705742589739,4.5513147383251304],[6.729064396062923,4.5938836838513915],[6.6996388408728285,4.52389277427596],[6.709992845570718,4.5330187502797115],[6.722705742589739,4.5513147383251304]],[[6.099791641630271,4.406743230225466],[6.08958476927405,4.410139977451],[6.0769788333914105,4.4009590830768],[6.0805996131751705,4.39230726281579],[6.099791641630271,4.406743230225466]],[[8.584821846195736,4.79769155444863],[8.616432427232569,4.812905802133687],[8.593820342541742,4.808124707057119],[8.58405044994465,4.811986003590358],[8.573504655743209,4.805689708469975],[8.584821846195736,4.79769155444863]],[[8.168622767002638,4.897453617804896],[8.183146025061907,4.894250318199142],[8.183520648176719,4.905592764287246],[8.178883112402385,4.9133231152790495],[8.17079437635115,4.9086715861496435],[8.168622767002638,4.897453617804896]],[[6.67590305021819,4.480048399201067],[6.655676548669532,4.512024009179892],[6.643351576465484,4.503160023009404],[6.652978754986379,4.500270600287324],[6.6708954062219705,4.457318345519885],[6.67590305021819,4.480048399201067]],[[8.164061129735925,4.947073611049621],[8.155330194078827,4.942164636755191],[8.155958942675081,4.951444993552047],[8.134229738961205,4.958121957619813],[8.139125820156924,4.950392153260398],[8.163570631008545,4.928512629815769],[8.158188451090387,4.91561555440023],[8.167057637287698,4.917432652259055],[8.178883112402385,4.9133231152790495],[8.172698381440576,4.926460136576277],[8.182851715414259,4.928277171849398],[8.164061129735925,4.947073611049621]]]}]},"id":"00000000000000000005","properties":{"OBJECTID":6,"nomi":"Sernam ekvatorial o'rmonlar"}}]}