{"type":"FeatureCollection","features":[{"type":"Feature","geometry":{"type":"GeometryCollection","geometries":[{"type":"Point","coordinates":[145.17817695972386,-42.308487861989256]},{"type":"Point","coordinates":[145.27166645488856,-42.27138833616302]},{"type":"Point","coordinates":[145.44796595535627,-42.33368670899331]},{"type":"Point","coordinates":[145.50321864248934,-42.347341948702535]},{"type":"Point","coordinates":[145.27857802960102,-42.60491086620873]},{"type":"Point","coordinates":[145.81639024256782,-43.2975004015389]},{"type":"Point","coordinates":[145.95777941317107,-43.348609373398624]},{"type":"Point","coordinates":[145.92712308997832,-43.364975840645315]},{"type":"Point","coordinates":[146.28805606104987,-43.616391119176306]},{"type":"Point","coordinates":[146.25500525340917,-43.62861210548426]},{"type":"Point","coordinates":[146.97421361028216,-43.85868015416495]},{"type":"Point","coordinates":[146.99757489637923,-43.8547446245232]},{"type":"Point","coordinates":[146.36975123315335,-43.73649833862452]},{"type":"Point","coordinates":[146.58842562026723,-43.567889299549506]},{"type":"Point","coordinates":[146.60067925278798,-43.57316184902801]},{"type":"Point","coordinates":[146.3830572335062,-43.63861041686351]},{"type":"Point","coordinates":[146.37361290778227,-43.64610971564438]},{"type":"Point","coordinates":[146.99305775538994,-43.55055639788695]},{"type":"Point","coordinates":[147.01096999468754,-43.47503347942751]},{"type":"Point","coordinates":[147.29138058588083,-43.19608654341588]},{"type":"Point","coordinates":[147.0467542852635,-43.33591318170943]},{"type":"Point","coordinates":[147.1339564520428,-43.499436618155784]},{"type":"Point","coordinates":[147.9772170649183,-42.855836380558976]},{"type":"Point","coordinates":[147.8180539301405,-42.9494431451985]},{"type":"Point","coordinates":[148.05438180418278,-43.12397804182774]},{"type":"Point","coordinates":[147.5594483353328,-42.81055309766088]},{"type":"Point","coordinates":[147.64860366682672,-42.90694281356571]},{"type":"Point","coordinates":[147.78478897409533,-42.91392865962239]},{"type":"Point","coordinates":[145.78312537365116,-43.22576195974794]},{"type":"Point","coordinates":[145.37750316663764,-42.77805814865969]},{"type":"Point","coordinates":[147.97883571680677,-42.64171172504652]},{"type":"Point","coordinates":[148.1623099067744,-42.412073858419625]},{"type":"Point","coordinates":[148.3136117008353,-42.358055008640704]},{"type":"LineString","coordinates":[[145.96388389491733,-43.41611220744545],[145.9700017900254,-43.42611018479764]]},{"type":"LineString","coordinates":[[148.19528055751587,-42.08361042220267],[148.19325159350518,-42.06980207206194]]},{"type":"LineString","coordinates":[[148.34333605317684,-42.11444322789478],[148.35526859406812,-42.11944440540592]]},{"type":"LineString","coordinates":[[146.15415821442218,-43.371092728118754],[146.16583210295443,-43.37527727048838]]},{"type":"LineString","coordinates":[[145.43993949603015,-42.39377966136081],[145.45138605952883,-42.38638935399792]]},{"type":"LineString","coordinates":[[147.13749701165273,-43.29027907371886],[147.14750770622865,-43.285001311327285]]},{"type":"LineString","coordinates":[[146.24833893711826,-43.664444120967666],[146.2738939895968,-43.6588892115955]]},{"type":"LineString","coordinates":[[146.35861241416922,-43.537776474460124],[146.3722216370937,-43.53305361937059]]},{"type":"LineString","coordinates":[[147.28860257553748,-43.532775590409685],[147.30000450877736,-43.5269433980711]]},{"type":"LineString","coordinates":[[145.2908004590103,-42.198468204269005],[145.27899274206422,-42.21002574267935]]},{"type":"LineString","coordinates":[[147.66966397002315,-43.13970872072796],[147.67280763140454,-43.129318655677615]]},{"type":"LineString","coordinates":[[147.21638300662767,-43.31778045775745],[147.22769126014856,-43.322147046130894]]},{"type":"LineString","coordinates":[[146.9955593610868,-43.52666859728454],[146.99777106544704,-43.53555568622313]]},{"type":"LineString","coordinates":[[145.96694736280804,-43.33333146773126],[145.97138855457808,-43.32388909561545]]},{"type":"LineString","coordinates":[[147.78108347880791,-42.940195955167454],[147.78312581680154,-42.949932771501196]]},{"type":"LineString","coordinates":[[147.64266853780242,-42.943365553750176],[147.6487106470146,-42.955164464628275]]},{"type":"LineString","coordinates":[[146.5222168051216,-43.57833384179491],[146.5283347649789,-43.56999904186915]]},{"type":"LineString","coordinates":[[147.1069476675702,-43.411872232565514],[147.10031264125817,-43.389122023419354]]},{"type":"LineString","coordinates":[[147.4732495027815,-43.04876384673029],[147.48796010779236,-43.05272615668468],[147.4889366559336,-43.06547812488108]]},{"type":"LineString","coordinates":[[146.2810686862844,-43.63978184810084],[146.27417049976137,-43.62972240073127]]},{"type":"LineString","coordinates":[[148.3310377711166,-42.3358787553787],[148.3377844827805,-42.34444500719417]]},{"type":"LineString","coordinates":[[148.06671127039485,-42.67532396363974],[148.069716662188,-42.68444367255302]]},{"type":"LineString","coordinates":[[147.23037558341898,-43.4325738680436],[147.21553126847076,-43.43421881400797]]},{"type":"LineString","coordinates":[[147.32418626054195,-43.29182404601942],[147.3571612206266,-43.264567482046274]]},{"type":"LineString","coordinates":[[147.3329483143889,-43.12955619501822],[147.31402392581225,-43.11914154915546]]},{"type":"LineString","coordinates":[[147.2948141411372,-43.25126912235634],[147.28988674563797,-43.242710559667564]]},{"type":"LineString","coordinates":[[147.18116944721578,-43.36360780411989],[147.18173127703645,-43.353304491395676]]},{"type":"LineString","coordinates":[[145.35235383343277,-42.19901325896377],[145.35304054101277,-42.210223931812166]]},{"type":"LineString","coordinates":[[145.53590384824943,-42.36165643026354],[145.51925804792725,-42.36802833515429],[145.50698656608043,-42.370215838393634]]},{"type":"LineString","coordinates":[[145.31500442128964,-42.29427011416216],[145.31736775108084,-42.28533085398049]]},{"type":"LineString","coordinates":[[145.2406756468416,-42.42317093122488],[145.22444009796376,-42.41916819875715]]},{"type":"LineString","coordinates":[[145.2779537526576,-42.62829122610542],[145.2880536389839,-42.63611227649046]]},{"type":"LineString","coordinates":[[145.99166854606267,-43.33386335021057],[145.9902817565592,-43.32333437318516]]},{"type":"LineString","coordinates":[[146.01583690861807,-43.455553752951126],[146.00944702772887,-43.46861317656534]]},{"type":"LineString","coordinates":[[146.0430597619806,-43.55694533117367],[146.02945056951373,-43.57194392648885]]},{"type":"LineString","coordinates":[[146.14666690955633,-43.51750207686019],[146.14582863495008,-43.528889691253944]]},{"type":"LineString","coordinates":[[146.64868146846302,-43.58190000634456],[146.63957143356936,-43.58845034475434]]},{"type":"LineString","coordinates":[[146.83972276449032,-43.63861043197605],[146.829118996913,-43.6434379325344]]},{"type":"LineString","coordinates":[[146.9575053417148,-43.50528114617],[146.9747175422655,-43.49000072514902]]},{"type":"LineString","coordinates":[[147.29888966377868,-42.81889091245832],[147.30877555050375,-42.82656041093283]]},{"type":"LineString","coordinates":[[147.45500277042856,-42.972220734509314],[147.44528198310476,-42.97861189773284]]},{"type":"LineString","coordinates":[[147.46073717465552,-43.03389309153903],[147.44814925423103,-43.03198304134161]]},{"type":"LineString","coordinates":[[147.40916330649847,-42.970834080877175],[147.40722798498504,-42.96170103558608]]},{"type":"LineString","coordinates":[[147.4236152569352,-43.045277070372514],[147.41833566893598,-43.05694562948524]]},{"type":"LineString","coordinates":[[147.51956167061394,-42.96199143094632],[147.53616287777504,-42.9644420644885],[147.53417869971534,-42.95397651511879]]},{"type":"LineString","coordinates":[[147.4688260313955,-42.811501737857185],[147.48884739725275,-42.815057452111766]]},{"type":"LineString","coordinates":[[147.61582928369845,-42.86777947589202],[147.6008779066218,-42.86850825947407]]},{"type":"LineString","coordinates":[[147.8230882643345,-42.965277406853225],[147.81138754680953,-42.96194576087766]]},{"type":"LineString","coordinates":[[147.76780880164077,-43.04258198163573],[147.76249798463365,-43.0344438770103]]},{"type":"LineString","coordinates":[[147.86351003790082,-43.16286135611636],[147.8674786185039,-43.15368205131559]]},{"type":"LineString","coordinates":[[147.83878873308848,-42.86677284713379],[147.8403761683418,-42.876929716068275]]},{"type":"LineString","coordinates":[[147.86166398488848,-42.82222373706624],[147.8802806763713,-42.84527717370638]]},{"type":"LineString","coordinates":[[148.21888699658228,-42.080992650503354],[148.21031212584663,-42.073486132420776]]},{"type":"Polygon","coordinates":[[[147.999253988077,-43.22657103457044],[147.9999986441713,-43.24722224138925],[148.0087117626297,-43.23353673913727],[147.999253988077,-43.22657103457044]]]},{"type":"Polygon","coordinates":[[[147.5361183066006,-42.98823500576313],[147.55111877694432,-42.97527777467043],[147.53616287777504,-42.9644420644885],[147.5361183066006,-42.98823500576313]]]},{"type":"Polygon","coordinates":[[[147.4052749680162,-42.979443830692574],[147.40916330649847,-42.970834080877175],[147.3916612927743,-42.97583237973292],[147.4052749680162,-42.979443830692574]]]},{"type":"Polygon","coordinates":[[[146.2738939895968,-43.6588892115955],[146.285001617889,-43.64833606926202],[146.2810686862844,-43.63978184810084],[146.2738939895968,-43.6588892115955]]]},{"type":"Polygon","coordinates":[[[145.92166070907533,-43.42027746809845],[145.93417297600467,-43.42139157823118],[145.92889329556007,-43.41249739871465],[145.92166070907533,-43.42027746809845]]]},{"type":"Polygon","coordinates":[[[146.33833243596604,-43.58833407693047],[146.3521110390026,-43.60548821111061],[146.37104885381632,-43.598681401074295],[146.3644404992329,-43.589167314120814],[146.33833243596604,-43.58833407693047]]]},{"type":"Polygon","coordinates":[[[148.24589578867375,-42.299171355960205],[148.24583332205236,-42.32555414767966],[148.294450853987,-42.33333072811325],[148.30577258586817,-42.341884174153584],[148.3310377711166,-42.3358787553787],[148.3011172140983,-42.29444495139549],[148.24589578867375,-42.299171355960205]]]},{"type":"Polygon","coordinates":[[[148.069716662188,-42.68444367255302],[148.03608613501044,-42.69026169302144],[148.0161138262813,-42.717498858195874],[148.01305936498557,-42.7266648208982],[148.02491605016286,-42.74062734037907],[148.0683745180305,-42.726029346350806],[148.0955794597374,-42.712522231033894],[148.069716662188,-42.68444367255302]]]},{"type":"Polygon","coordinates":[[[147.44814925423103,-43.03198304134161],[147.41827330039547,-43.0032472448062],[147.41654753987385,-42.98387379817466],[147.4052749680162,-42.979443830692574],[147.39944244916416,-43.00861135058786],[147.41055449717774,-43.02972421167753],[147.40695153849816,-43.045554037866644],[147.4236152569352,-43.045277070372514],[147.44814925423103,-43.03198304134161]]]},{"type":"Polygon","coordinates":[[[148.0136122836333,-42.65944159785888],[148.03735248393562,-42.66609469255769],[148.05166628713496,-42.65638856760853],[148.06671127039485,-42.67532396363974],[148.09935185511847,-42.66300591777498],[148.1494453747554,-42.659172664870304],[148.16998398620086,-42.649140760343215],[148.1088854132284,-42.58277920577051],[148.07208442939393,-42.569641555657704],[148.03138617413114,-42.63194270671132],[148.03694234868829,-42.64972454068301],[148.0136122836333,-42.65944159785888]]]},{"type":"Polygon","coordinates":[[[147.1069476675702,-43.411872232565514],[147.09770402526627,-43.4324637502983],[147.13503999448457,-43.469619672908024],[147.1411000060876,-43.48809196773185],[147.1471241947255,-43.49612754345913],[147.16578555404536,-43.48573026224185],[147.18409904032967,-43.485419676883],[147.20185972672803,-43.44215796750012],[147.21553126847076,-43.43421881400797],[147.2006511905568,-43.43218530098702],[147.1742712468971,-43.438431373882395],[147.17163142931324,-43.462535319441066],[147.15243506371618,-43.455870937391474],[147.1069476675702,-43.411872232565514]]]},{"type":"Polygon","coordinates":[[[147.2006511905568,-43.43218530098702],[147.2272810328321,-43.41270145663568],[147.24153223551295,-43.42604546771882],[147.23037558341898,-43.4325738680436],[147.24812287264976,-43.46562936434081],[147.25610458425422,-43.49055711335841],[147.30360296888932,-43.511943290176376],[147.32526977159358,-43.48388938962592],[147.36346641864858,-43.39399873248734],[147.38165064314757,-43.36790309859231],[147.37391855664532,-43.349280590380076],[147.33935605759052,-43.366671309870256],[147.32252292415896,-43.30476305408951],[147.32418626054195,-43.29182404601942],[147.30885136406226,-43.29554670175506],[147.2948141411372,-43.25126912235634],[147.27098013498437,-43.29305739427472],[147.24212531568287,-43.31740410016899],[147.2254795504423,-43.35304182059211],[147.23422382673078,-43.36221704448803],[147.22096241267468,-43.37157894893544],[147.20086536926235,-43.38074487993794],[147.19670053078173,-43.36574412941144],[147.18116944721578,-43.36360780411989],[147.17488206455454,-43.424011667639185],[147.2006511905568,-43.43218530098702]]]},{"type":"Polygon","coordinates":[[[147.3571612206266,-43.264567482046274],[147.41810825473198,-43.24175554588233],[147.42549254006707,-43.25414012678885],[147.42419490925005,-43.20552601234246],[147.39347614898935,-43.14540576984331],[147.3857262694138,-43.10726672168036],[147.3581556541384,-43.06359514622686],[147.33152587611505,-43.08467601878225],[147.3231338572027,-43.09180448885833],[147.31402392581225,-43.11914154915546],[147.33024611895362,-43.116501804601114],[147.3329483143889,-43.12955619501822],[147.34546054308058,-43.12208059985182],[147.34530453281005,-43.13352305555725],[147.32925623986998,-43.15228320075454],[147.31053244175712,-43.13442767763851],[147.2809150969118,-43.145653055987474],[147.2944483929021,-43.1521596049016],[147.27934104377835,-43.17074493847414],[147.30026312192183,-43.17134979919348],[147.31249886105292,-43.178747822193806],[147.33778196930558,-43.176387054887506],[147.33054935668824,-43.184164883498966],[147.3838980042475,-43.182022214387835],[147.37945676082364,-43.20959844726465],[147.3413983279824,-43.21844768769195],[147.3571612206266,-43.264567482046274]]]},{"type":"Polygon","coordinates":[[[147.53062472888,-42.7844596424382],[147.5233296690414,-42.793609154772106],[147.53750513224142,-42.803611182117436],[147.53062472888,-42.7844596424382]]]},{"type":"Polygon","coordinates":[[[144.74555940625433,-41.41916702421343],[144.83582941991358,-41.513331243565375],[144.8997194112765,-41.6194470584746],[144.91332862420228,-41.66083258382263],[144.92444063307045,-41.67694434095316],[144.91638308379999,-41.70805724607518],[144.93406789262698,-41.72596104685752],[144.9575049390353,-41.71749737070279],[145.00666649900316,-41.770001834077455],[145.00471338524233,-41.77888755208995],[145.15554699532933,-41.92250011232344],[145.2166590042445,-41.9836110357031],[145.26472365911062,-42.121385909519354],[145.23956085945957,-42.20205229629212],[145.2162933669854,-42.22004564542579],[145.18330492494164,-42.1940778448135],[145.17123410239154,-42.196690944131475],[145.19148287892097,-42.22591683911418],[145.21028246055022,-42.30389082064967],[145.19578588140152,-42.32438051358529],[145.2406756468416,-42.42317093122488],[145.24571448155703,-42.45709844325885],[145.24027881492765,-42.46585213359076],[145.23877165174636,-42.475821447933605],[145.2586190951519,-42.51690233782756],[145.28521763542395,-42.5651194275578],[145.3002760346723,-42.58805516156937],[145.29103232304,-42.60676844587375],[145.27699062889977,-42.614119656925354],[145.26194561264197,-42.61305643177481],[145.2779537526576,-42.62829122610542],[145.32305760430447,-42.62888835347337],[145.33871342800978,-42.651748085419314],[145.36587389499147,-42.66593077755105],[145.3800047688562,-42.72638638297894],[145.3914333973555,-42.73300941859172],[145.38311718803328,-42.769943991092426],[145.4122619599153,-42.79614498849165],[145.45710710352054,-42.90286003156949],[145.48867750720365,-42.932021447103764],[145.49735938985236,-42.98682265450486],[145.57057333338807,-42.97308205373502],[145.59913837250107,-42.98712269544306],[145.64666789318764,-43.04805347118876],[145.68749991703783,-43.06250048760533],[145.6753710942238,-43.090420536241254],[145.66829015447863,-43.09910468111854],[145.700087967761,-43.11630650360165],[145.73167622626943,-43.11581825911989],[145.7311098914604,-43.13944517385326],[145.76804916347191,-43.19027719333275],[145.78778065702514,-43.19055676198387],[145.80416778634012,-43.21111295221127],[145.8019427907,-43.24222329433717],[145.8172597366445,-43.27373012504312],[145.82493391320972,-43.28184609813742],[145.85230828784495,-43.30082033243681],[145.84083498484705,-43.31583387669038],[145.85417217619968,-43.31055507167069],[145.87360944685963,-43.319720475427346],[145.9261911927395,-43.301537486718466],[145.91488730747233,-43.266531943045365],[145.90249545460682,-43.26722354841574],[145.92840732189103,-43.23746112498214],[145.91763411396897,-43.21551970054301],[145.93315172750462,-43.216790360370695],[145.97248996553918,-43.24434441760311],[145.96598855789784,-43.27722985946197],[145.95304827952327,-43.28111242571066],[145.96638546856806,-43.29861028733553],[145.96417369656135,-43.3088872722702],[145.98083297578842,-43.3124985404386],[145.9902817565592,-43.32333437318516],[146.00500571559994,-43.32055749055278],[145.99166854606267,-43.33386335021057],[145.97500492155908,-43.35111262122903],[145.96079822986135,-43.36154273212484],[145.91888262125218,-43.38138981755723],[145.9394212847462,-43.38936182052987],[145.9850156203612,-43.391182950009366],[145.9713886248714,-43.4016677546752],[145.99638187447346,-43.408888804174],[146.01583690861807,-43.455553752951126],[146.03527855879395,-43.520832577401286],[146.0430597619806,-43.55694533117367],[146.0755620314734,-43.54971934230858],[146.08749457617,-43.54055311750012],[146.10694966947952,-43.5586127541528],[146.11250129822764,-43.524166156441666],[146.14666690955633,-43.51750207686019],[146.14416544471723,-43.50749978198447],[146.15527305708218,-43.50194655591011],[146.1627820804917,-43.51944221271453],[146.17195004785557,-43.5119433225731],[146.18781997510638,-43.53411719750965],[146.1994492993145,-43.53751788781842],[146.23147456072712,-43.49080945442592],[146.27444247107204,-43.500555776796055],[146.26820418033117,-43.51265478049285],[146.26916288342878,-43.52194482232955],[146.27638216369667,-43.53027660047369],[146.28361478036857,-43.53805445216036],[146.31778052682807,-43.537776458969795],[146.3443299453992,-43.51377042819544],[146.3722216370937,-43.53305361937059],[146.38555880113347,-43.53444362668196],[146.49055281857386,-43.54333607867182],[146.50721645154263,-43.52639055641932],[146.57078536142268,-43.527024217866],[146.5916584797853,-43.53805447267873],[146.61222826292234,-43.56860980683464],[146.64868146846302,-43.58190000634456],[146.66555915711223,-43.600835254242476],[146.68499631675903,-43.60083525972565],[146.69000397140667,-43.60916578618809],[146.69583194455717,-43.61777924092563],[146.72194000932143,-43.63277880027901],[146.75134326150982,-43.61068969771135],[146.8144395962285,-43.606650631900045],[146.83972276449032,-43.63861043197605],[146.87249714069566,-43.6380553829774],[146.92208676499376,-43.58385744126714],[146.9219529769693,-43.570835812251445],[146.898132445731,-43.57980358349237],[146.8882600137238,-43.56582795006778],[146.900848004693,-43.56489098185587],[146.89790507589814,-43.52544002067939],[146.91667335880445,-43.54688492336769],[146.92304996019217,-43.5385554682234],[146.95657344513174,-43.527182616703485],[146.9575053417148,-43.50528114617],[146.94464086567595,-43.51087933849557],[146.9367081042665,-43.49005244243791],[146.94795401526994,-43.48380527535746],[146.97917215954894,-43.471098578681726],[146.9747175422655,-43.49000072514902],[146.99967951005317,-43.48111012573745],[146.98055891888012,-43.45388668859162],[146.955275827399,-43.446389397324026],[146.97583229086143,-43.43277784720432],[147.02035647294576,-43.43898824423498],[147.03181628904412,-43.389034565279346],[147.05935572367332,-43.354406873130415],[147.02427594998986,-43.337745619503174],[146.99332987479968,-43.339441773351915],[147.02569400221742,-43.31581439023545],[147.05436600412207,-43.31810813392435],[147.0625172228694,-43.33209890907888],[147.09983990289936,-43.28290108380646],[146.96556299626567,-43.19138577429274],[146.96952707461958,-43.15722120130722],[146.97778538581935,-43.13833240111803],[146.99360630064095,-43.124999975481344],[146.99916233117162,-43.11249808616391],[147.0079824085008,-43.11934984332384],[147.00750530274345,-43.12944552575198],[146.98583848427242,-43.18333576796814],[147.06418053395012,-43.21739152198656],[147.09192054016398,-43.17986964126629],[147.11184828934407,-43.2079441480042],[147.09680324467885,-43.22905976880734],[147.09819008917876,-43.245578701590894],[147.1313167319643,-43.25237988221031],[147.12664801175256,-43.262307417314005],[147.14251792599111,-43.2578585976521],[147.1686393630257,-43.28336202257554],[147.23458951157346,-43.272691206958],[147.25742898015852,-43.200374172725404],[147.2413806583067,-43.1589061221668],[147.25279155640962,-43.13288523040501],[147.255676554475,-43.1231872111965],[147.27218422992462,-43.11850359424005],[147.2623429398874,-43.11027794753366],[147.29008299200817,-43.10092147748036],[147.29252660381795,-43.08087862619095],[147.2582851148969,-43.07115604092747],[147.28236430747342,-43.01038848391632],[147.3180683502552,-43.060496877184676],[147.3406046329574,-43.042803603913036],[147.32734773873898,-42.98527646249292],[147.36233379568014,-42.92626215859547],[147.33888333373824,-42.889169332789685],[147.31790334486945,-42.840951623509234],[147.33123601684818,-42.83674345162789],[147.35499414697222,-42.85027583224612],[147.3523097482477,-42.87501483674701],[147.3661062031125,-42.869998544191176],[147.36332818076315,-42.87916482288127],[147.40527496668457,-42.887499835099256],[147.40833833587797,-42.93888697302334],[147.4341119909953,-42.91928751042225],[147.45291157852003,-42.90967648159812],[147.4856101514454,-42.915718263020246],[147.4820116221935,-42.924414070401816],[147.4572279758105,-42.93555385704635],[147.45500277042856,-42.972220734509314],[147.4786093230793,-42.98638878834592],[147.46073717465552,-43.03389309153903],[147.52559038996375,-43.012142651896696],[147.5361183066006,-42.98823500576313],[147.51956167061394,-42.96199143094632],[147.5163868863032,-42.95222065937953],[147.53417869971534,-42.95397651511879],[147.51342600734483,-42.92159613350673],[147.49604884473982,-42.90391509040609],[147.51666330279465,-42.85416925689183],[147.59748891953083,-42.84113472943504],[147.61006358332654,-42.84642798813681],[147.61582928369845,-42.86777947589202],[147.63972556471705,-42.87499848306692],[147.6399975411205,-42.88694441126165],[147.68777683406856,-42.897222068502934],[147.72488551351037,-42.88808463516037],[147.76167310569335,-42.90222309066549],[147.81111107218936,-42.90000192509464],[147.82347173772095,-42.93237080018552],[147.8352794388606,-42.94694629389563],[147.84889309187847,-42.942748662603606],[147.83999722496273,-42.95805589843714],[147.8230882643345,-42.965277406853225],[147.82194675227717,-42.975555046335515],[147.84861653871556,-42.98888737147314],[147.84777831168293,-43.00639077178903],[147.88888677824042,-43.01861122818437],[147.85749912753863,-43.04305778258186],[147.84554868766867,-43.03138658233258],[147.84288214263267,-43.057857888223495],[147.78213590436908,-43.05191807968943],[147.76780880164077,-43.04258198163573],[147.74844294371658,-43.03526202952191],[147.73861502850502,-43.01583346024515],[147.73111034295755,-43.0233350315725],[147.70861872033944,-43.00472122868392],[147.73584151102094,-42.968612095802534],[147.72749403141515,-42.95222064438085],[147.70027125434316,-42.9472236848685],[147.666948343008,-42.93833201011406],[147.6802811189859,-42.99083463063704],[147.61916906346872,-43.006390797878865],[147.62611191246376,-43.06888887737948],[147.66190961791577,-43.087033833192095],[147.69267294266555,-43.1001726144422],[147.71780439323902,-43.09950187354891],[147.7378213499961,-43.10607191125354],[147.72074743978192,-43.12252651236395],[147.68733087285463,-43.14002762172395],[147.71960597127278,-43.19622958800168],[147.7817390403929,-43.22442330277999],[147.80029327862212,-43.232672580258],[147.82546943296316,-43.196961023607656],[147.85093533072535,-43.19753311134114],[147.87389973212322,-43.20701461406767],[147.8707114943092,-43.186005150399204],[147.85937636840077,-43.17184741262242],[147.86351003790082,-43.16286135611636],[147.85154630102443,-43.147549787878184],[147.85693282367652,-43.13936387023849],[147.8619225900178,-43.13106940280039],[147.88751339926367,-43.131518491559916],[147.89468359480827,-43.18851182655273],[147.94650276537456,-43.19722434063082],[147.94639577238152,-43.21499973821842],[147.999253988077,-43.22657103457044],[148.01199363423385,-43.22127471175678],[147.9960032694624,-43.215652987741095],[147.96476721695356,-43.183859267771986],[147.9994501398373,-43.13916864371759],[147.95900169068705,-43.14163493893117],[147.96861100996944,-43.126666323187564],[147.97543340157029,-43.10453857398101],[147.95463621145043,-43.052586024668635],[147.94558866747465,-43.03076070994478],[147.92669544655203,-43.02446622523652],[147.99000579795188,-42.97444582750525],[147.99365338460458,-42.95815706225382],[147.98361144420645,-42.889721446131034],[147.9613961904466,-42.87749826481515],[147.9730522963369,-42.87222408322937],[147.95013248489238,-42.87276979886269],[147.92175473719314,-42.861563072206685],[147.92299001367948,-42.85230264404264],[147.9125199807855,-42.8472191067974],[147.8802806763713,-42.84527717370638],[147.8731238822003,-42.867805619500814],[147.8619403923611,-42.87361292671422],[147.90554595755188,-42.88833298217974],[147.90110914344652,-42.89749973621118],[147.81334059695547,-42.888610675381756],[147.83878873308848,-42.86677284713379],[147.86166398488848,-42.82222373706624],[147.9070263618144,-42.74295901607614],[147.94203031170383,-42.73071336217755],[147.94555748507463,-42.69527942226716],[147.95138555690474,-42.68722001514304],[147.9533385537252,-42.66111065797291],[147.94436689155933,-42.65418478120088],[147.95493942521486,-42.64561162296707],[147.9391630950222,-42.6252793688755],[147.93028057174232,-42.59333392949689],[147.89332801487592,-42.56884684036987],[147.87388638342324,-42.55611029969154],[147.916947842426,-42.54472467737702],[147.89984278250117,-42.52400452578095],[147.91555660572809,-42.511666414891046],[147.933624929132,-42.55014510220804],[147.95611659752876,-42.54619316124786],[147.97610672151364,-42.5161102762574],[147.99293541064435,-42.52662369550048],[148.00196953455122,-42.50291585830527],[148.01041950575828,-42.44292746700851],[147.9958338507334,-42.43861009468532],[147.98541290878364,-42.3960255745635],[148.02243236005347,-42.339003485584705],[148.00147907193985,-42.30845490138912],[148.02681120538986,-42.25823812893239],[148.01194901988728,-42.24333227626035],[148.08158678933424,-42.16980795819815],[148.0752548440051,-42.119434478048184],[148.08094912513855,-42.10583575378198],[148.16833413022454,-42.08500036694673],[148.23027101906402,-42.098888092479115],[148.2502745414459,-42.11527678966414],[148.29939161475414,-42.13563273212531],[148.2610923828792,-42.16208400438367],[148.2636117742999,-42.176688451004814],[148.2783222986655,-42.17394229873971],[148.28555501167523,-42.20249820392998],[148.25166138224344,-42.2330552928272],[148.26055726451008,-42.25444266111329],[148.2905580394866,-42.26916438261637],[148.3025040524462,-42.28222324020972],[148.32089337773976,-42.26466670822383],[148.3220081314171,-42.25541297969152],[148.35499660978897,-42.19039087746811],[148.3516700561713,-42.179444365293804],[148.29777740959202,-42.16654268616297],[148.3230604817843,-42.1330567705769],[148.34388897987284,-42.123684558233],[148.34333605317684,-42.11444322789478],[148.28503326964974,-42.02375817075006],[148.30387742690317,-41.94950780334685],[148.31910524657303,-41.91008038380624],[148.31277334065697,-41.86972208339863],[148.27139291593352,-41.84750050830614],[148.27667242309317,-41.77388616609943],[148.2983392368142,-41.741111597765595],[148.28333883244832,-41.72985129772794],[148.27667249775325,-41.72222023056515],[148.31928812596328,-41.62328384304872],[146.98138389344032,-41.295833212711834],[146.18737855061858,-41.602624016524025],[145.19947246515412,-41.41642164822776],[144.781950068581,-41.39444466398545],[144.74555940625433,-41.41916702421343]],[[147.95855571709012,-42.33533818905955],[147.9827597785433,-42.33665007220771],[147.97220063929137,-42.33047600576883],[147.95855571709012,-42.33533818905955]],[[147.59805087856336,-42.83186796149866],[147.59748891953083,-42.84113472943504],[147.61054973607526,-42.83527856806149],[147.59805087856336,-42.83186796149866]],[[145.4760449040443,-42.52603870773691],[145.4774628171015,-42.5068869672146],[145.46305999385865,-42.49723160362232],[145.4760449040443,-42.52603870773691]],[[146.56639315914464,-43.471111518354675],[146.55026455059024,-43.480870693352266],[146.57078536142268,-43.527024217866],[146.56639315914464,-43.471111518354675]],[[146.0936125523391,-43.35055486833254],[146.10583489665433,-43.34805812152474],[146.0941610204554,-43.340833072445896],[146.0936125523391,-43.35055486833254]],[[146.0733325868683,-43.36638923502661],[146.0899961814739,-43.37000037518161],[146.0752722640036,-43.35555784836174],[146.0733325868683,-43.36638923502661]],[[146.00416737486728,-43.34500019973299],[146.01271100794364,-43.338407223851306],[145.99166854606267,-43.33386335021057],[146.00416737486728,-43.34500019973299]],[[145.87277117010666,-43.258888024694144],[145.87181232231626,-43.285653771567965],[145.90249545460682,-43.26722354841574],[145.87277117010666,-43.258888024694144]],[[146.93916512261933,-43.432499403435216],[146.9225014040427,-43.42416712293058],[146.92860599236468,-43.441665864410886],[146.93943712290226,-43.44638939797598],[146.93916512261933,-43.432499403435216]],[[148.15415869802644,-42.06111243437838],[148.1239483078357,-42.06625354482581],[148.11889605065318,-42.075554829273436],[148.1426987854228,-42.07694496378061],[148.1509570551094,-42.06983854559444],[148.15415869802644,-42.06111243437838]],[[147.26331946401902,-42.75701611455186],[147.25056645966936,-42.75198043656013],[147.2148133822508,-42.73675954883252],[147.21789466077485,-42.74634507658312],[147.25328203749677,-42.76555749469556],[147.26331946401902,-42.75701611455186]],[[145.4656997740072,-42.48834093485769],[145.47724885732072,-42.48340517317684],[145.47058242220612,-42.45208454263824],[145.45654073091174,-42.43611886363699],[145.4513860810044,-42.444342424756464],[145.4656997740072,-42.48834093485769]],[[148.2212993619251,-42.069153342447116],[148.21031212584663,-42.073486132420776],[148.19325159350518,-42.06980207206194],[148.1855641299451,-42.07777898455273],[148.19528055751587,-42.08361042220267],[148.21888699658228,-42.080992650503354],[148.2212993619251,-42.069153342447116]],[[148.20639263209452,-42.03972254679125],[148.24528488924184,-42.001109770498445],[148.22529472958112,-41.98799609715663],[148.20406942721854,-42.016818062118894],[148.17002860253191,-42.00357510782648],[148.14590482982348,-42.015297447253474],[148.1584616911354,-42.04792838020941],[148.17111219522286,-42.048332346932256],[148.20639263209452,-42.03972254679125]],[[146.06222491725552,-43.35166702487353],[146.06222489955627,-43.34249996232455],[146.08111363576958,-43.34694260996787],[146.07638701750994,-43.33278005114677],[146.06832945317862,-43.310276027409266],[146.05250405415134,-43.316388639157466],[146.05471578939031,-43.32555320638398],[146.0252857491276,-43.339169388133506],[146.06222491725552,-43.35166702487353]],[[147.29621868795377,-42.81000026259382],[147.28085265209472,-42.78079751577277],[147.2630920547457,-42.78578831733499],[147.27484182687334,-42.78965630405655],[147.2663873148563,-42.79639041515128],[147.25825396099833,-42.803127026525615],[147.2725810730487,-42.82357118536351],[147.29888966377868,-42.81889091245832],[147.2972264819114,-42.83111260433784],[147.30877555050375,-42.82656041093283],[147.32110495198347,-42.82722103348455],[147.29621868795377,-42.81000026259382]],[[146.13472096851274,-43.36333553179437],[146.13694608600971,-43.37305376664757],[146.15916571418026,-43.38861005723214],[146.16583210295443,-43.37527727048838],[146.16305414749544,-43.364444212251065],[146.20388609340665,-43.363607809037475],[146.21872151965778,-43.36955627663816],[146.22380039317963,-43.325160712416675],[146.1977860497317,-43.318889974604446],[146.17443823274138,-43.32305538541622],[146.1702734199505,-43.292778228238866],[146.1300032305401,-43.35472139231294],[146.13472096851274,-43.36333553179437]],[[147.6064740641775,-42.80595034311334],[147.588865033658,-42.79832739459235],[147.53062472888,-42.7844596424382],[147.48140068357162,-42.799730984976435],[147.45916763871378,-42.78694677787291],[147.45333957950382,-42.77527604566448],[147.4363861271948,-42.78250263972308],[147.4444437461801,-42.78944361399876],[147.4688260313955,-42.811501737857185],[147.48252890300225,-42.82630855800585],[147.51365790349757,-42.816261137371725],[147.51888836360834,-42.82639031066089],[147.59805087856336,-42.83186796149866],[147.6064740641775,-42.80595034311334]],[[145.22164873929546,-42.23334581433779],[145.24557628773672,-42.263838428527656],[145.25123482301888,-42.28387602078818],[145.27644210702059,-42.28248717128545],[145.2919464152206,-42.29286501059702],[145.31500442128964,-42.29427011416216],[145.31117412936493,-42.30525939072985],[145.3390791444031,-42.34382211094748],[145.42500158656438,-42.37900805782426],[145.4331662091124,-42.38607645684951],[145.43993949603015,-42.39377966136081],[145.45654073091174,-42.43611886363699],[145.4837323286391,-42.42485953780764],[145.5050334306969,-42.43553966207719],[145.5364968580628,-42.387008531478365],[145.54888878302418,-42.3877791963679],[145.54306066597908,-42.37437326828757],[145.55015508019025,-42.36675994699862],[145.5571157400964,-42.35767280707418],[145.53590384824943,-42.36165643026354],[145.51585579181264,-42.345104147152774],[145.49870152783052,-42.33860794033481],[145.48667979184876,-42.34498553856768],[145.4904477570371,-42.35561662024097],[145.4805619163066,-42.36372226965896],[145.47891205936057,-42.352268657227114],[145.46623033434594,-42.33840030437527],[145.44157602100387,-42.316649012479616],[145.3740830433171,-42.25073612888614],[145.3691870243483,-42.20814971704008],[145.35235383343277,-42.19901325896377],[145.36914238917757,-42.19462295864971],[145.35266157389344,-42.17394557078401],[145.33328228979903,-42.17394226467999],[145.3260363197948,-42.16098329415631],[145.3167256499434,-42.15425985905497],[145.30581870637363,-42.18005232885406],[145.2951346494441,-42.185461364039845],[145.28001385907316,-42.189439367925345],[145.27899274206422,-42.21002574267935],[145.290144951361,-42.22656396778331],[145.22834622428516,-42.22170006168944],[145.22164873929546,-42.23334581433779]]]}]},"id":"00000000000000000005","properties":{"Id":0,"nomi":"Aralash va keng bargli o'rmonlar"}},{"type":"Feature","geometry":{"type":"Polygon","coordinates":[[[145.56276996989604,-36.99242116369555],[147.07967582668576,-36.84370236811469],[147.6053636983866,-37.36592066789967],[149.01536716222364,-37.19348541891308],[150.13847198666576,-34.7188438626314],[150.3288310234662,-34.0335595480158],[150.19557973074754,-33.82416651257928],[149.62450713124076,-33.70995419874896],[149.0617644177062,-33.72304065614389],[148.80597225659278,-33.728988369609624],[148.31104768247926,-33.919346065765524],[147.8492813081609,-34.48544716982836],[145.60087848444766,-36.95128817018371],[145.56276996989604,-36.99242116369555]]]},"id":"00000000000000000004","properties":{"Id":0,"nomi":"Balandlik mintaqalanish o'lkalari"}},{"type":"Feature","geometry":{"type":"GeometryCollection","geometries":[{"type":"Point","coordinates":[134.7216473628391,-34.81202636617878]},{"type":"Point","coordinates":[134.81787480323914,-34.64443645858697]},{"type":"Point","coordinates":[134.26712226743544,-33.97543111780423]},{"type":"Point","coordinates":[134.25951952922568,-33.98444218920505]},{"type":"Point","coordinates":[134.615556424502,-33.716946039140915]},{"type":"Point","coordinates":[134.7113958876075,-33.60278034463683]},{"type":"Point","coordinates":[134.627118888408,-33.18190078943602]},{"type":"Point","coordinates":[134.60670516011737,-33.16912145522894]},{"type":"Point","coordinates":[134.61244397183313,-33.181146916742804]},{"type":"Point","coordinates":[134.69696182096084,-33.21545609167358]},{"type":"Point","coordinates":[134.30444497507196,-33.75583384803405]},{"type":"Point","coordinates":[133.1358349755338,-32.64621899030488]},{"type":"Point","coordinates":[133.69087267456527,-32.43856103593543]},{"type":"Point","coordinates":[134.13020111523073,-33.01793961846805]},{"type":"Point","coordinates":[134.32488997480414,-33.106202032811815]},{"type":"Point","coordinates":[134.283050208496,-33.079255838780014]},{"type":"Point","coordinates":[134.3630999941482,-33.185606542069635]},{"type":"Point","coordinates":[134.2761252134046,-32.695312458417]},{"type":"Point","coordinates":[134.00065533109745,-32.70810027622004]},{"type":"Point","coordinates":[133.56065351524148,-32.32255702739755]},{"type":"Point","coordinates":[133.60575736247227,-32.243134464256535]},{"type":"Point","coordinates":[133.37036136876404,-32.272577361228564]},{"type":"Point","coordinates":[133.34167597289073,-32.37078807756012]},{"type":"Point","coordinates":[133.351548418536,-32.367360804398295]},{"type":"Point","coordinates":[133.34735244600586,-32.48229166094874]},{"type":"Point","coordinates":[133.30987369242004,-32.48681666219861]},{"type":"Point","coordinates":[133.22860654600626,-32.265745409908575]},{"type":"Point","coordinates":[133.24743734002436,-32.25799286657608]},{"type":"Point","coordinates":[132.9916232132273,-32.1434073400349]},{"type":"Point","coordinates":[133.10902241023857,-32.223230237388684]},{"type":"Point","coordinates":[132.1356809112645,-32.1232585112731]},{"type":"Point","coordinates":[132.14251673383782,-32.136414675105556]},{"type":"Point","coordinates":[132.17682056864663,-32.04886632070361]},{"type":"Point","coordinates":[131.92961245287992,-31.983203973058227]},{"type":"Point","coordinates":[131.92625473790415,-31.97277958575561]},{"type":"Point","coordinates":[113.16136758903288,-24.748490937292544]},{"type":"Point","coordinates":[115.73361344604571,-21.262498775657257]},{"type":"Point","coordinates":[115.78007722622588,-21.230044403551315]},{"type":"Point","coordinates":[115.59886389353215,-21.2733943238515]},{"type":"Point","coordinates":[115.50283264728812,-21.292303647649096]},{"type":"Point","coordinates":[115.44977379757931,-21.311355998734786]},{"type":"Point","coordinates":[115.16516723920083,-21.32031626227831]},{"type":"Point","coordinates":[114.76167213572565,-21.52185071051768]},{"type":"Point","coordinates":[114.85950473382857,-21.57971906546471]},{"type":"Point","coordinates":[114.76948000332682,-21.715554191534608]},{"type":"Point","coordinates":[114.6549435323807,-21.646794648760764]},{"type":"Point","coordinates":[114.55028390995568,-21.80292918658858]},{"type":"Point","coordinates":[114.54528977281133,-21.74091328053419]},{"type":"Point","coordinates":[114.61889614523783,-21.600359093898003]},{"type":"Point","coordinates":[114.51111520436169,-21.603501726393414]},{"type":"Point","coordinates":[114.42071588207943,-21.70076421281658]},{"type":"Point","coordinates":[114.431810087739,-21.919761405858004]},{"type":"Point","coordinates":[114.4885922724692,-21.961002827722353]},{"type":"Point","coordinates":[114.42333781384919,-21.95266124946004]},{"type":"Point","coordinates":[114.55402958362075,-21.997262779079207]},{"type":"Point","coordinates":[114.55860908006866,-21.88357685766442]},{"type":"Point","coordinates":[114.93611215806942,-21.58916460421403]},{"type":"Point","coordinates":[115.12737190150703,-21.533286872082265]},{"type":"Point","coordinates":[115.2187879446444,-21.509924162769117]},{"type":"Point","coordinates":[115.2022268299027,-21.521390303784962]},{"type":"Point","coordinates":[115.44211751322855,-21.35744356163427]},{"type":"Point","coordinates":[115.52118629262125,-21.427925841005965]},{"type":"Point","coordinates":[114.35599645875052,-22.488264069785945]},{"type":"Point","coordinates":[114.30305359569961,-22.428613947189444]},{"type":"Point","coordinates":[114.15126128336495,-22.441947278501864]},{"type":"Point","coordinates":[114.1836566659276,-22.398764805077644]},{"type":"Point","coordinates":[114.20197467535134,-22.349564229786473]},{"type":"Point","coordinates":[114.13250181775216,-22.455551351608257]},{"type":"Point","coordinates":[136.20913661604084,-34.54936464661843]},{"type":"Point","coordinates":[136.19578607924106,-34.639109654057286]},{"type":"Point","coordinates":[136.18032635564794,-34.642675553004075]},{"type":"Point","coordinates":[135.1190647667957,-33.9461096081071]},{"type":"Point","coordinates":[135.26472573073144,-34.186111897902556]},{"type":"Point","coordinates":[135.25953533743402,-34.25571002714758]},{"type":"Point","coordinates":[135.35742152638744,-34.52727049570308]},{"type":"Point","coordinates":[135.3744196769438,-34.59339951385948]},{"type":"Point","coordinates":[135.32751433380255,-34.70050122802397]},{"type":"Point","coordinates":[135.43090752870907,-34.61871271341833]},{"type":"Point","coordinates":[135.2870926464219,-34.71029257306256]},{"type":"Point","coordinates":[135.2978657775135,-34.6223528861715]},{"type":"Point","coordinates":[136.02761995110532,-34.97892171325603]},{"type":"Point","coordinates":[136.03384486762258,-34.95602858653033]},{"type":"Point","coordinates":[135.98333666887146,-34.60499826006826]},{"type":"Point","coordinates":[136.20471318123228,-34.81719929633484]},{"type":"Point","coordinates":[136.22303562090784,-34.82222542501703]},{"type":"Point","coordinates":[136.46952132987468,-35.11393939744565]},{"type":"Point","coordinates":[136.25476214174665,-34.59742622298598]},{"type":"Point","coordinates":[136.23748757557541,-34.56127798666195]},{"type":"Point","coordinates":[136.31925857180593,-34.65312295473884]},{"type":"Point","coordinates":[136.29432771995272,-34.567825223059586]},{"type":"Point","coordinates":[136.2570808856937,-34.52649906480458]},{"type":"Point","coordinates":[136.2501202353213,-34.50939996075531]},{"type":"Point","coordinates":[136.27995157444334,-34.48651600916446]},{"type":"Point","coordinates":[138.4847273835787,-34.76444461086012]},{"type":"Point","coordinates":[138.51138382631848,-34.75527884289297]},{"type":"Point","coordinates":[137.82670673466558,-35.11605500335529]},{"type":"Point","coordinates":[137.5384525697841,-33.98223113134443]},{"type":"Point","coordinates":[137.9222251623496,-33.55888868559086]},{"type":"LineString","coordinates":[[134.78480608852522,-34.637722890263284],[134.79528941875094,-34.64366611048416],[134.80224561937175,-34.65078638661843]]},{"type":"LineString","coordinates":[[114.33277796347689,-22.48916636037102],[114.34642725338213,-22.490492942056814]]},{"type":"LineString","coordinates":[[113.85250149919247,-25.86027633093879],[113.85944436973276,-25.868610114146346]]},{"type":"LineString","coordinates":[[133.6457198086275,-32.46757544706228],[133.63531673552723,-32.470276588928144]]},{"type":"LineString","coordinates":[[114.02527827341707,-25.660000416075306],[114.03138731162659,-25.651113308642714]]},{"type":"LineString","coordinates":[[135.28089895548877,-34.60918951839259],[135.29028531085888,-34.614320080743205]]},{"type":"LineString","coordinates":[[133.2647074579628,-32.50439532737354],[133.25392090726032,-32.50683215549195]]},{"type":"LineString","coordinates":[[137.36044526847178,-34.453066332508904],[137.36175625371644,-34.46233906177832]]},{"type":"LineString","coordinates":[[136.1177963941651,-34.40125706232632],[136.14251765865475,-34.412415368790064]]},{"type":"LineString","coordinates":[[114.49948145758714,-22.153377541583172],[114.49028231220156,-22.145831939006783]]},{"type":"LineString","coordinates":[[136.36730985981612,-34.64442179834651],[136.3754878391378,-34.65100282612617]]},{"type":"LineString","coordinates":[[133.96437165806543,-32.72383869495225],[133.9716622357733,-32.717209822587854]]},{"type":"LineString","coordinates":[[134.27860892588794,-33.73694652791048],[134.28797748102997,-33.74218973534667]]},{"type":"LineString","coordinates":[[133.31231726467922,-32.477476806065454],[133.31932250754744,-32.470242770563395]]},{"type":"LineString","coordinates":[[132.15972880687255,-32.116211434574204],[132.1646561674989,-32.108068424530785]]},{"type":"LineString","coordinates":[[115.50873648758751,-21.452733609950215],[115.51405174813272,-21.436281362504467],[115.52249728099265,-21.442220806318247]]},{"type":"LineString","coordinates":[[114.1360111353682,-22.447045369868384],[114.1406263773682,-22.437986527316294]]},{"type":"LineString","coordinates":[[115.54315188341428,-21.392676514095562],[115.54263459212444,-21.383222410902547]]},{"type":"LineString","coordinates":[[135.87469513649177,-34.94382115131525],[135.8725280073646,-34.934079507113225]]},{"type":"LineString","coordinates":[[136.02745051647693,-34.914951038579034],[136.03793389382508,-34.90535958707305]]},{"type":"LineString","coordinates":[[133.33386364495013,-32.48378500422156],[133.3328380724752,-32.49311665032712]]},{"type":"LineString","coordinates":[[134.75636152005887,-33.59173427974203],[134.7662517525507,-33.59570862577317]]},{"type":"LineString","coordinates":[[114.00722337054619,-25.55916483489187],[114.00694251486793,-25.57555632598733]]},{"type":"LineString","coordinates":[[115.3575061125593,-21.47733783996819],[115.35629321574147,-21.488395785402687]]},{"type":"LineString","coordinates":[[115.34628254032904,-21.508812391273143],[115.35471920024328,-21.502788505533232]]},{"type":"LineString","coordinates":[[114.51275620262375,-22.10761881015203],[114.5117929950352,-22.098554584818853]]},{"type":"LineString","coordinates":[[133.27612274238194,-32.58630489007274],[133.28714122027858,-32.58140918941575]]},{"type":"LineString","coordinates":[[133.76223613727745,-32.36299931193222],[133.77540386747623,-32.36232135071708]]},{"type":"LineString","coordinates":[[114.03000052593335,-25.870556092641863],[114.0058366043107,-25.84194550964623],[113.99277592008468,-25.845557291651968]]},{"type":"LineString","coordinates":[[114.48894460261715,-22.13414313741129],[114.48867702389714,-22.12475014228108]]},{"type":"LineString","coordinates":[[136.2839513925276,-34.57997086601761],[136.2951035872656,-34.579669802142035]]},{"type":"LineString","coordinates":[[115.36218812893587,-21.462917727155755],[115.37670702636886,-21.452198193757926]]},{"type":"LineString","coordinates":[[133.36735596688683,-32.39422558350867],[133.37820493529813,-32.40197028856499]]},{"type":"LineString","coordinates":[[114.18286295441472,-22.407747827303126],[114.18751381135672,-22.41865946502991]]},{"type":"LineString","coordinates":[[137.78389041181745,-32.58278057526097],[137.77107052045514,-32.559767951888425],[137.78329293455127,-32.55802407954604]]},{"type":"LineString","coordinates":[[136.01446566571838,-34.88300192662203],[136.01042122344847,-34.89551095478821]]},{"type":"LineString","coordinates":[[134.26804981290758,-32.68000057899494],[134.2794204957874,-32.679790386701065]]},{"type":"LineString","coordinates":[[134.2410900704919,-33.99688689009539],[134.24742200428878,-34.004376467445375]]},{"type":"LineString","coordinates":[[136.3096447251486,-34.58955979124095],[136.32397632120407,-34.59564227827594]]},{"type":"LineString","coordinates":[[136.26519644196776,-34.677035510305465],[136.28332709616828,-34.68384127585622]]},{"type":"LineString","coordinates":[[134.67282021641037,-33.208102873464284],[134.68255443971017,-33.20380848892394]]},{"type":"LineString","coordinates":[[135.8680555371968,-34.77833048601827],[135.87808400463499,-34.77417703627356]]},{"type":"LineString","coordinates":[[135.1596203004718,-34.73135589133118],[135.1667013702732,-34.722553040675265]]},{"type":"LineString","coordinates":[[136.95788657478224,-33.72949276140694],[136.97721677978203,-33.71305516630943]]},{"type":"LineString","coordinates":[[133.6621114839646,-32.45471179933155],[133.67056147928594,-32.44867259158032]]},{"type":"LineString","coordinates":[[115.21407914584576,-21.596752077263226],[115.22472302731448,-21.595280220532054],[115.22194052184689,-21.585117765369937]]},{"type":"LineString","coordinates":[[114.14746659842838,-22.487971531692352],[114.17196492400731,-22.459400297109266],[114.168968417409,-22.448809282961125]]},{"type":"LineString","coordinates":[[134.26532082331647,-33.95220925998746],[134.2744753548624,-33.96441820227107]]},{"type":"LineString","coordinates":[[114.66581927618464,-21.59137457822683],[114.67320356118299,-21.605815104490866],[114.68086873228685,-21.612941517759],[114.69506653548197,-21.62500883444824],[114.68599669596166,-21.63073331975002]]},{"type":"LineString","coordinates":[[135.95944032563798,-34.58611275333565],[135.95138721684336,-34.59305447762043]]},{"type":"LineString","coordinates":[[114.31060728490885,-21.706680324025054],[114.31785778085296,-21.700022586772352]]},{"type":"LineString","coordinates":[[114.32092116945171,-21.682699268384095],[114.33561835705046,-21.668987468925785],[114.34697121352474,-21.65924877705187]]},{"type":"LineString","coordinates":[[136.34541118872704,-34.673654432590894],[136.34818922746462,-34.68276696238994]]},{"type":"LineString","coordinates":[[136.27911330393314,-34.538819758443104],[136.27532752330353,-34.530029414447206]]},{"type":"LineString","coordinates":[[136.27665632132232,-34.520393139711175],[136.28627013104753,-34.51364749538529]]},{"type":"LineString","coordinates":[[136.29389968570075,-34.50692335960759],[136.30473527962883,-34.50274894791881]]},{"type":"LineString","coordinates":[[136.19221433897954,-35.02694183811415],[136.19459549439347,-35.03597508102839]]},{"type":"LineString","coordinates":[[135.91360522605217,-34.68267891148078],[135.91749353726811,-34.673053039562966]]},{"type":"LineString","coordinates":[[133.61889832311365,-32.27729001769413],[133.62815986724894,-32.27128788400489]]},{"type":"LineString","coordinates":[[133.63934327470153,-32.242202896058764],[133.67019584272924,-32.23102341724338]]},{"type":"LineString","coordinates":[[134.53837388459002,-33.713437210359324],[134.5475150366433,-33.72423763835469]]},{"type":"LineString","coordinates":[[113.08166562686272,-25.266666582894548],[113.07610959016489,-25.275001487767746]]},{"type":"LineString","coordinates":[[113.09278221506955,-25.197223191133656],[113.09305414960247,-25.187777279988318]]},{"type":"LineString","coordinates":[[113.12166380846473,-25.01833407923589],[113.12270279085975,-24.959002067209806]]},{"type":"LineString","coordinates":[[113.39888609258418,-26.106947278955584],[113.41139388179477,-26.092222995337814]]},{"type":"LineString","coordinates":[[113.45583324981735,-25.76166649361996],[113.4569569241206,-25.77120788930921]]},{"type":"LineString","coordinates":[[113.47194846756614,-25.71166590271484],[113.46389086642534,-25.7174993539853]]},{"type":"LineString","coordinates":[[113.47777650000137,-25.766666184088752],[113.46666885417397,-25.76861382683197]]},{"type":"LineString","coordinates":[[113.58333676685274,-25.631664710866012],[113.57694242264053,-25.622498145858437]]},{"type":"LineString","coordinates":[[113.64583556596985,-24.888057147911887],[113.65694323222426,-24.89388983193147]]},{"type":"LineString","coordinates":[[113.65667117333999,-24.903334087178887],[113.646384053072,-24.906666758404636]]},{"type":"LineString","coordinates":[[114.02972403941112,-25.626389950781068],[114.02278124327476,-25.616945559455836]]},{"type":"LineString","coordinates":[[114.02278124327476,-25.64610876209143],[114.0241679595987,-25.63583374182245]]},{"type":"LineString","coordinates":[[114.01527210598925,-25.631391388019413],[113.99999965501698,-25.614999416939046],[113.99862629810534,-25.60344293660851]]},{"type":"LineString","coordinates":[[114.2122171691092,-26.15360641532435],[114.22777505569948,-26.118334518018486]]},{"type":"LineString","coordinates":[[133.1453417886688,-32.17778153203947],[133.13717720499656,-32.18482764975352]]},{"type":"LineString","coordinates":[[133.13133127908847,-32.19940879571971],[133.12530705894673,-32.20690978319937]]},{"type":"LineString","coordinates":[[133.48430038177705,-32.18707308641287],[133.48871043039864,-32.20501574771092]]},{"type":"LineString","coordinates":[[133.44924738886027,-32.16340457152144],[133.44171148287575,-32.15569990950343]]},{"type":"LineString","coordinates":[[133.66485381404294,-32.13868773961841],[133.65667584192593,-32.149474544497636],[133.63972678623713,-32.148613767047394]]},{"type":"LineString","coordinates":[[133.84828337001403,-32.53438476658914],[133.84808273433094,-32.543884045815524]]},{"type":"LineString","coordinates":[[134.19134435124022,-32.72799890266855],[134.21493743041066,-32.73037714093544]]},{"type":"LineString","coordinates":[[134.1350704864593,-32.93997784787868],[134.1437077370441,-32.94546758331477]]},{"type":"LineString","coordinates":[[134.6347038177397,-33.23669528830731],[134.6313952041676,-33.24529918733875]]},{"type":"LineString","coordinates":[[134.61972124680486,-33.19303256047739],[134.63067724078974,-33.19042796790557]]},{"type":"LineString","coordinates":[[135.40356436566603,-34.59965789261055],[135.41908200892013,-34.59967256892996]]},{"type":"LineString","coordinates":[[135.44992115347412,-34.60376870332992],[135.45729203553984,-34.61056577873627]]},{"type":"LineString","coordinates":[[135.32670723281876,-34.51854878201791],[135.3498365989936,-34.51976121647647]]},{"type":"LineString","coordinates":[[135.20552228347591,-34.556687698567394],[135.211943365091,-34.56444702065882]]},{"type":"LineString","coordinates":[[135.95065145370387,-34.76449590260573],[135.95637689379032,-34.74805395789216]]},{"type":"LineString","coordinates":[[135.86598205595146,-34.721222568068285],[135.87036083125537,-34.712506559639685]]},{"type":"LineString","coordinates":[[135.9244542514776,-34.637565132850426],[135.93818824378914,-34.64826630732338]]},{"type":"LineString","coordinates":[[136.0183851759981,-34.50437312795913],[136.02342396467466,-34.51594753161738]]},{"type":"LineString","coordinates":[[137.76388693977103,-32.99999829979921],[137.7661120184165,-33.00888713708592]]},{"type":"LineString","coordinates":[[137.52709970229895,-34.00879003364659],[137.51611251361993,-34.01037580850933]]},{"type":"LineString","coordinates":[[137.9167805376315,-34.43405439885176],[137.92663522112272,-34.43793438797803]]},{"type":"LineString","coordinates":[[115.45888378159472,-21.51555781244643],[115.46167071596727,-21.501942176737945]]},{"type":"LineString","coordinates":[[115.09951146027949,-21.63430635022579],[115.09694747898469,-21.625556074282503]]},{"type":"LineString","coordinates":[[114.5973274743124,-21.990019002702805],[114.60558130057356,-21.985288861112952]]},{"type":"LineString","coordinates":[[114.57959806378621,-21.998945512770458],[114.59083502070956,-21.997390934134252]]},{"type":"Polygon","coordinates":[[[136.28627013104753,-34.51364749538529],[136.29389968570075,-34.50692335960759],[136.28066953954738,-34.50237410397128],[136.28627013104753,-34.51364749538529]]]},{"type":"Polygon","coordinates":[[[136.27532752330353,-34.530029414447206],[136.2868810131529,-34.52364087619168],[136.27665632132232,-34.520393139711175],[136.27532752330353,-34.530029414447206]]]},{"type":"Polygon","coordinates":[[[136.26251202959747,-34.54226137599297],[136.28700142128355,-34.54593063744931],[136.27911330393314,-34.538819758443104],[136.26251202959747,-34.54226137599297]]]},{"type":"Polygon","coordinates":[[[136.33010752719164,-34.656717635457966],[136.34541118872704,-34.673654432590894],[136.35722338583457,-34.656226167465505],[136.33010752719164,-34.656717635457966]]]},{"type":"Polygon","coordinates":[[[136.09171956792065,-34.52349763512418],[136.08485255903767,-34.539164982861465],[136.098970030906,-34.53044085593661],[136.09171956792065,-34.52349763512418]]]},{"type":"Polygon","coordinates":[[[135.94555471153137,-34.574999757351634],[135.95944032563798,-34.58611275333565],[135.95631452054369,-34.56971988822601],[135.94555471153137,-34.574999757351634]]]},{"type":"Polygon","coordinates":[[[136.00097686036653,-34.87837085170189],[136.01446566571838,-34.88300192662203],[136.00854396424353,-34.86482746226983],[136.00097686036653,-34.87837085170189]]]},{"type":"Polygon","coordinates":[[[136.05125324620423,-34.970806661345925],[136.06611539785789,-34.96887728215284],[136.0606842278354,-34.95716883944208],[136.05125324620423,-34.970806661345925]]]},{"type":"Polygon","coordinates":[[[134.63067724078974,-33.19042796790557],[134.63444522421335,-33.198857237177826],[134.64025986212374,-33.18267328685002],[134.63067724078974,-33.19042796790557]]]},{"type":"Polygon","coordinates":[[[134.77722114164104,-33.59426752115151],[134.803694824324,-33.609164410362304],[134.81317041465473,-33.59447549832164],[134.77722114164104,-33.59426752115151]]]},{"type":"Polygon","coordinates":[[[133.79248223028384,-32.35669022277213],[133.84910383886287,-32.385049382599796],[133.8344423791694,-32.3566675685689],[133.79248223028384,-32.35669022277213]]]},{"type":"Polygon","coordinates":[[[133.67056147928594,-32.44867259158032],[133.68165572040954,-32.44368279774842],[133.67025825796765,-32.43503851161507],[133.67056147928594,-32.44867259158032]]]},{"type":"Polygon","coordinates":[[[133.6261131510894,-32.453609358736244],[133.6457198086275,-32.46757544706228],[133.651842174847,-32.45757890733556],[133.6261131510894,-32.453609358736244]]]},{"type":"Polygon","coordinates":[[[133.5055524162452,-32.31911665346401],[133.5222160584815,-32.303333580628994],[133.50894134206916,-32.30468287244124],[133.5055524162452,-32.31911665346401]]]},{"type":"Polygon","coordinates":[[[133.47508337224284,-32.376196083756504],[133.48506283721778,-32.38198042457728],[133.4864808512242,-32.37264473617991],[133.47508337224284,-32.376196083756504]]]},{"type":"Polygon","coordinates":[[[134.26748796852607,-33.94183335364733],[134.26532082331647,-33.95220925998746],[134.2765978607392,-33.950788851940864],[134.26748796852607,-33.94183335364733]]]},{"type":"Polygon","coordinates":[[[133.13717720499656,-32.18482764975352],[133.13133127908847,-32.19940879571971],[133.1472770248188,-32.1879901535655],[133.13717720499656,-32.18482764975352]]]},{"type":"Polygon","coordinates":[[[133.2783344642707,-32.561977741879765],[133.28917010703591,-32.566111642140775],[133.29728564311057,-32.55875695479504],[133.2783344642707,-32.561977741879765]]]},{"type":"Polygon","coordinates":[[[114.97611916702003,-21.461523406540138],[115.02111151365222,-21.46305469502196],[114.99321092117489,-21.451559040254434],[114.97611916702003,-21.461523406540138]]]},{"type":"Polygon","coordinates":[[[114.36218122420512,-21.64292350656255],[114.37414500407279,-21.647018450570503],[114.38727703269359,-21.624221285320257],[114.36218122420512,-21.64292350656255]]]},{"type":"Polygon","coordinates":[[[114.31785778085296,-21.700022586772352],[114.32092116945171,-21.682699268384095],[114.31368405687623,-21.691881126453925],[114.31785778085296,-21.700022586772352]]]},{"type":"Polygon","coordinates":[[[113.4569569241206,-25.77120788930921],[113.4697188852021,-25.77972067815322],[113.46666885417397,-25.76861382683197],[113.4569569241206,-25.77120788930921]]]},{"type":"Polygon","coordinates":[[[135.91360522605217,-34.68267891148078],[135.93249399797452,-34.72833255452749],[135.9486091782224,-34.726943594969384],[135.92795018982542,-34.681388199317986],[135.91360522605217,-34.68267891148078]]]},{"type":"Polygon","coordinates":[[[133.2647074579628,-32.50439532737354],[133.29412860661918,-32.52479043767677],[133.3055127168216,-32.499664375609086],[133.27215418716867,-32.495783188970144],[133.2647074579628,-32.50439532737354]]]},{"type":"Polygon","coordinates":[[[113.08000236471734,-25.203057380735714],[113.07416546776801,-25.253056110090725],[113.08166562686272,-25.266666582894548],[113.09278221506955,-25.197223191133656],[113.08000236471734,-25.203057380735714]]]},{"type":"Polygon","coordinates":[[[137.36175625371644,-34.46233906177832],[137.3410927881689,-34.50746713291796],[137.3451550299709,-34.52829183774058],[137.36844044860575,-34.51920647547159],[137.3767566745293,-34.474790451866994],[137.36175625371644,-34.46233906177832]]]},{"type":"Polygon","coordinates":[[[134.64938321322327,-33.21784735043569],[134.6619712255684,-33.2256809644204],[134.66998423790423,-33.217563856386064],[134.67282021641037,-33.208102873464284],[134.6591664820678,-33.21361314533353],[134.64938321322327,-33.21784735043569]]]},{"type":"Polygon","coordinates":[[[113.88802272067943,-26.034032885464466],[113.91277969369975,-25.979445557515696],[113.90638532693947,-25.95888810359438],[113.87750368050096,-25.943888698644948],[113.8658387045497,-25.962223702158497],[113.88802272067943,-26.034032885464466]]]},{"type":"Polygon","coordinates":[[[113.09305414960247,-25.187777279988318],[113.12499914405272,-25.051112055496883],[113.12166380846473,-25.01833407923589],[113.10083087270802,-25.03222121010042],[113.09194387083369,-25.102776182015333],[113.09305414960247,-25.187777279988318]]]},{"type":"Polygon","coordinates":[[[134.57325740992616,-33.192689288440796],[134.6347038177397,-33.23669528830731],[134.64938321322327,-33.21784735043569],[134.63148434818595,-33.20980781584736],[134.63444522421335,-33.198857237177826],[134.61972124680486,-33.19303256047739],[134.57325740992616,-33.192689288440796]]]},{"type":"Polygon","coordinates":[[[113.12270279085975,-24.959002067209806],[113.15076385546017,-24.934246380597887],[113.14499821158181,-24.860653330343204],[113.16440430046532,-24.770943666941008],[113.16083694706397,-24.75839171204247],[113.12527561116008,-24.864998543852327],[113.12270279085975,-24.959002067209806]]]},{"type":"Polygon","coordinates":[[[136.10403557026794,-34.932251705966166],[136.0848257668376,-34.95912401880424],[136.15667531515254,-35.01330610669517],[136.1561134532006,-35.02249785281668],[136.19221433897954,-35.02694183811415],[136.18666275046624,-35.006388719559006],[136.12936325868083,-34.95714691811391],[136.10403557026794,-34.932251705966166]]]},{"type":"Polygon","coordinates":[[[134.44758658081682,-33.77399792700118],[134.50535424368712,-33.73340144545406],[134.5085915239578,-33.7234031979392],[134.52972321081165,-33.72444532662884],[134.53837388459002,-33.713437210359324],[134.52557179893265,-33.67750989067225],[134.47529543135073,-33.6939320596569],[134.44758658081682,-33.77399792700118]]]},{"type":"Polygon","coordinates":[[[113.87110931293526,-25.803332277452338],[113.85444568686545,-25.825277519587516],[113.86499589223405,-25.861110954399983],[113.85944436973276,-25.868610114146346],[113.90667068859179,-25.896945519858793],[113.9216710934558,-25.893335278965377],[113.90194849474737,-25.81472084784914],[113.87110931293526,-25.803332277452338]]]},{"type":"Polygon","coordinates":[[[136.90388683569958,-33.76916443256287],[136.93667460992563,-33.76179134785734],[136.96768323332046,-33.74327983902572],[136.95788657478224,-33.72949276140694],[136.94671653169084,-33.72857679045011],[136.93643381785506,-33.73344590521532],[136.92689578729593,-33.729025472982855],[136.9225303311223,-33.756082266863764],[136.90388683569958,-33.76916443256287]]]},{"type":"Polygon","coordinates":[[[135.39218021415533,-34.53299390835626],[135.3923630413767,-34.598046532006734],[135.40356436566603,-34.59965789261055],[135.40307826624078,-34.58807307333951],[135.41589373037218,-34.59081890172078],[135.40811261483773,-34.55255616550896],[135.41928267455947,-34.548619104836035],[135.41357498818394,-34.5391649577208],[135.39218021415533,-34.53299390835626]]]},{"type":"Polygon","coordinates":[[[113.49305783230744,-26.310277137032188],[113.5169452108971,-26.32138869898418],[113.5250028271977,-26.355276540903372],[113.51806005174888,-26.39083198150569],[113.55194025393806,-26.385279669793533],[113.55055345838005,-26.334165730487012],[113.54472541154234,-26.294723102888852],[113.51860847928918,-26.276388188953906],[113.50777289969784,-26.304445073166438],[113.49305783230744,-26.310277137032188]]]},{"type":"Polygon","coordinates":[[[133.5474992220466,-32.2658358753454],[133.55047789263355,-32.3085534091396],[133.58027802993732,-32.31399157583101],[133.60882519464232,-32.29916119710852],[133.61889832311365,-32.27729001769413],[133.6150991745659,-32.257076478159306],[133.63934327470153,-32.242202896058764],[133.61804219430292,-32.243451270502256],[133.59130983475768,-32.260496649640245],[133.59165766280233,-32.251110764570406],[133.5474992220466,-32.2658358753454]]]},{"type":"Polygon","coordinates":[[[112.92722468399833,-25.539166183006245],[112.9294453284094,-25.642776286627612],[112.9780584230004,-25.764445488052953],[112.97194498881336,-25.792500677892583],[113.02916863519486,-25.88750245619138],[113.09222480350692,-25.975276641212673],[113.14389237189116,-26.03638878419137],[113.17944480929799,-26.11916733054617],[113.21194273194715,-26.147778505670104],[113.21749874451025,-26.160558669287568],[113.22305480413365,-26.123887623871713],[113.237502333976,-26.11666495007581],[113.22712154439476,-26.10496520450086],[113.23723472421683,-26.104036163190482],[113.20972653038599,-26.0361122985989],[113.19361133467741,-26.00027994490693],[113.16583118241155,-25.96166644089309],[113.15694422795642,-25.939441784524742],[113.15027782801931,-25.974218314412557],[113.13749804501603,-25.961109190000833],[113.13416267446354,-25.913053882462147],[113.14944400121105,-25.885279993504163],[113.10944584208971,-25.865556724124794],[113.10666783895023,-25.81666765583244],[113.06583586150252,-25.72528083319784],[113.01472562096112,-25.56777723627871],[113.01305349152162,-25.513333067056493],[113.02305522078554,-25.497496526659777],[112.98222319353563,-25.49166847133211],[112.97222150964654,-25.480832729553434],[112.92722468399833,-25.539166183006245]]]},{"type":"Polygon","coordinates":[[[113.16514450547966,-26.14473241377879],[113.16281683308212,-26.158849587893464],[113.27444593377155,-26.29194471033098],[113.29147523294702,-26.353742204927624],[113.30013487154406,-26.404591891454796],[113.31354779511396,-26.41723593043772],[113.48652080523075,-26.391335319540538],[113.49722261008395,-26.379443509500035],[113.49722261008395,-26.392501690415223],[113.50583765233986,-26.387776270078405],[113.50138744978089,-26.361944980211412],[113.48889302568288,-26.352779249981456],[113.48972242863215,-26.325557330383667],[113.4716630596788,-26.26083362995094],[113.44527415369555,-26.173057217092627],[113.44499763573357,-26.162499705947734],[113.42305884867085,-26.1588896618505],[113.42388824982318,-26.13610991456833],[113.39888609258418,-26.106947278955584],[113.37027653155099,-26.02694489249273],[113.35833058800887,-26.01972021253402],[113.3694471510858,-26.068332808937424],[113.37999734676424,-26.119723819644083],[113.37638996559751,-26.199722768388586],[113.3700045232218,-26.20666827083527],[113.3655543452506,-26.232778112364752],[113.3572247266915,-26.246112814009386],[113.33388581759691,-26.25861016547955],[113.31805593125807,-26.240833544832398],[113.30805416418428,-26.04222214578596],[113.30249815769126,-26.022220624614917],[113.29055670830003,-26.044445657102493],[113.2767245338042,-26.227238185190767],[113.26833255677813,-26.23888971850332],[113.25611018215345,-26.187222997737866],[113.18555378218524,-26.16027849630638],[113.16514450547966,-26.14473241377879]]]},{"type":"Polygon","coordinates":[[[113.41777927119762,-25.726943900858082],[113.45583324981735,-25.76166649361996],[113.47222043154547,-25.753333163776933],[113.47777650000137,-25.766666184088752],[113.4697188852021,-25.77972067815322],[113.46360990580689,-25.811389071524996],[113.51472460590384,-25.8616646785506],[113.52694700408037,-25.9241671822712],[113.55889198352156,-25.948888722642383],[113.57805723985516,-26.089724082260826],[113.62055245001721,-26.10500123129886],[113.68722492468937,-26.203611646408355],[113.69583101168907,-26.21972188096986],[113.8235619223886,-26.269330873352498],[113.87472568158549,-26.32666438591441],[113.96756862564894,-26.31182399112735],[113.9455584640432,-26.226110242583896],[113.9397215065225,-26.168887158285433],[113.94055094070278,-26.13000089395446],[113.91111192567512,-26.12194584511602],[113.89917045095208,-26.041669325153848],[113.88802272067943,-26.034032885464466],[113.87638894278197,-26.063053432081404],[113.87027549575934,-26.07055577823011],[113.84422985832798,-26.112889248514477],[113.83444220043485,-26.11694522160797],[113.84361449288032,-26.121945860632486],[113.77694648996862,-26.214721443979624],[113.76027835398351,-26.202223313907833],[113.75360761049609,-26.183057484559168],[113.73555712329986,-26.206112142380434],[113.72333472276559,-26.19972278390432],[113.72139058945072,-26.190556191143763],[113.70400457502897,-26.08526271193674],[113.71111231576425,-26.031664867776392],[113.73682351922695,-26.000416265556268],[113.7313923773001,-25.988055548617094],[113.74833688819172,-25.922498877585337],[113.76194607205484,-25.87805465914002],[113.72527893982107,-25.85861106407906],[113.72221992497126,-25.79333174939804],[113.67555097858796,-25.77472152486135],[113.6291674757562,-25.734443574751932],[113.59139437277354,-25.67222263922591],[113.58333676685274,-25.631664710866012],[113.53778259598698,-25.625280331905977],[113.5169452108971,-25.54027666192698],[113.51245939497095,-25.509610617910567],[113.42527951554628,-25.64889050408509],[113.41777927119762,-25.726943900858082]],[[113.46028342400514,-25.741111261757833],[113.45972604123229,-25.750553981349153],[113.47222043154547,-25.753333163776933],[113.46028342400514,-25.741111261757833]],[[113.46055548402362,-25.726389505942763],[113.47194846756612,-25.728610999837233],[113.47194846756614,-25.71166590271484],[113.46360990580689,-25.706667981672958],[113.46389086642534,-25.7174993539853],[113.44750364336457,-25.71916652079109],[113.46028342400514,-25.741111261757833],[113.46055548402362,-25.726389505942763]]]},{"type":"Polygon","coordinates":[[[113.39167125112802,-24.223644546109174],[113.40281457948926,-24.387982553563152],[113.40889681341237,-24.486623480078702],[113.63084404214678,-24.765433150340332],[113.6291674757562,-24.824445398550704],[113.62055245001721,-24.861389637024686],[113.62972033819892,-24.865556826516325],[113.63891059739505,-24.90049887021988],[113.64583556596985,-24.888057147911887],[113.65472253404984,-24.88305335629273],[113.65694323222426,-24.89388983193147],[113.65667117333999,-24.903334087178887],[113.68750141774638,-24.930275554082296],[113.66332858648857,-24.97833258527631],[113.6802732348139,-25.053612545070596],[113.74500154240916,-25.13055396746447],[113.81222696394381,-25.170832647394235],[113.8473200182259,-25.257105115321934],[113.8761124591226,-25.324720770067422],[113.88138758844016,-25.332499470577847],[113.90889131213976,-25.418886607475688],[113.93638614853037,-25.46944439946772],[113.93805827752973,-25.479443973905763],[114.00722337054619,-25.55916483489187],[114.01833550221458,-25.575556364761436],[114.02110904777014,-25.58861165373212],[114.0361095024676,-25.61916899773212],[114.02972403941112,-25.626389950781068],[114.01527210598925,-25.631391388019413],[114.0241679595987,-25.63583374182245],[114.0363904314376,-25.64249891322689],[114.02278124327476,-25.64610876209143],[114.03138731162659,-25.651113308642714],[114.06916921154229,-25.69166865851967],[114.10805703720564,-25.721665325537057],[114.13333127221001,-25.775833796813913],[114.24361372589946,-25.881111774750604],[114.26166419522184,-25.898610206441983],[114.24555346471254,-25.953054539254225],[114.25949262498534,-25.98334580178618],[114.25083298905376,-25.989165775232383],[114.22499697711127,-25.979165010096096],[114.21333200912946,-25.968614026906994],[114.19638742121079,-25.99083321748913],[114.23598420126784,-26.09889463075369],[114.23555610220696,-26.10805644722858],[114.23889154497776,-26.11666490860833],[114.2558807234791,-26.15488322417132],[114.24123255235213,-26.17489810121971],[114.22638824080691,-26.167222322960125],[114.21694381356664,-26.16222355125282],[114.2122171691092,-26.15360641532435],[114.18976565674694,-26.184486069710346],[114.2172248110561,-26.26388869800225],[115.70053138842987,-26.003273736835077],[117.00923740568876,-26.211477038203864],[118.31793893362286,-27.758127339560172],[118.79383208501966,-29.12631701011226],[119.44818287073583,-29.78066921748088],[122.24405254898224,-30.13758936615252],[122.06559043354991,-30.881172453941605],[121.47072409713631,-31.50577821294134],[122.85285766405123,-31.635925725595822],[124.20710497187049,-31.981672126041435],[125.0928250917154,-32.71913061667943],[125.34213341521803,-32.600960376821135],[125.52109498719334,-32.55267576132799],[125.86016949896894,-32.34019789425419],[125.99156133657468,-32.281527493716],[126.06730810297742,-32.27588755863907],[126.19780818753158,-32.232034315731276],[126.52406273228381,-32.29584435355784],[126.74895303194245,-32.301060876225726],[127.23333632844282,-32.271585730915305],[127.52943395123594,-32.20455919439949],[127.73722806853125,-32.13092435602708],[128.09425493911175,-32.04992083872718],[128.5276349546923,-31.895543165758887],[128.71523822534476,-31.807241722224045],[128.96460012090105,-31.69500559403604],[129.40356291916692,-31.64027920383827],[129.89183008448182,-31.595407573609506],[130.3088852781663,-31.57965922142142],[130.71637137447448,-31.60453022836355],[130.85949507674047,-31.594420078741148],[131.06048463991021,-31.519106220955006],[131.12010278506193,-31.473655313117504],[131.1751102518458,-31.46881006397693],[131.69113081429165,-31.68609296639115],[132.10807907132025,-31.94572963711609],[132.17364566712874,-32.013872678951834],[132.2613829894915,-32.03277548732201],[132.27171470009452,-32.02884783991941],[132.28288475169106,-32.022916308677786],[132.34431333636178,-32.02289356942947],[132.36767454227436,-32.012999275411836],[132.42450136292035,-32.00238162860603],[132.4686419684628,-32.02997441386137],[132.46166792977127,-32.01278001279335],[132.4375932391182,-31.992643943309925],[132.4722895351401,-31.950807279988283],[132.58938552957449,-31.933923462854203],[132.67686417355793,-31.957946592038084],[132.75624065520265,-31.951174277233903],[132.90989681793084,-32.038570322886216],[132.98183996317016,-32.08309477775726],[132.97930718460563,-32.10302583827604],[133.0095844765519,-32.08404687112633],[133.12962348243155,-32.163272407600815],[133.1453417886688,-32.17778153203947],[133.19914082499403,-32.178332594301],[133.25116072288824,-32.20760399320779],[133.26361053027173,-32.2055552927277],[133.29959101435756,-32.1815178809076],[133.42086965890962,-32.19801643537518],[133.44198795635054,-32.17798534993828],[133.48430038177705,-32.18707308641287],[133.464872064565,-32.167364173862346],[133.44924738886027,-32.16340457152144],[133.43609743741203,-32.16635638118782],[133.44171148287575,-32.15569990950343],[133.41564800032506,-32.14957648480387],[133.406662911282,-32.14108533810907],[133.43665934101992,-32.125830199055834],[133.44462771905592,-32.1321062728945],[133.471681109994,-32.10107299609393],[133.48777845235907,-32.12749937169236],[133.4975438891401,-32.14187824109606],[133.50825464853253,-32.15424647836643],[133.51641925397732,-32.14096076230871],[133.55371074404732,-32.16979876616977],[133.57867276364155,-32.144226658199386],[133.58055006527604,-32.134443648663684],[133.57971174299243,-32.09997376290258],[133.61416723413322,-32.086389223500554],[133.67230050224632,-32.11230614376033],[133.66485381404294,-32.13868773961841],[133.6764073430103,-32.143875562064444],[133.69416791597845,-32.15972031253747],[133.67828464982352,-32.20271790718559],[133.73219514669952,-32.198861668213965],[133.75944469495028,-32.21305575089448],[133.76701182146746,-32.261612800247846],[133.80972111688595,-32.23361096536392],[133.9119281192629,-32.33498363870328],[133.9341433955875,-32.3816377135012],[133.94778376687032,-32.40389029590968],[133.91606171641783,-32.42567074717952],[133.91308752782055,-32.416076047361614],[133.88944981709062,-32.39721887341459],[133.86651669022402,-32.40692093230345],[133.85251059763692,-32.464648486527075],[133.85180609737031,-32.49892354528071],[133.84828337001403,-32.53438476658914],[133.89332479099645,-32.533332155205194],[133.9253991080367,-32.49480912068734],[133.98805394492842,-32.50555361456007],[134.02667419475026,-32.46569810401844],[134.06656084236246,-32.46465977059993],[134.08148099017828,-32.47085595453282],[134.07611224713665,-32.46027662662099],[134.14907652763307,-32.46385842553033],[134.26243576879153,-32.56711877169161],[134.29110782039788,-32.67361240168714],[134.2794204957874,-32.679790386701065],[134.28692519917976,-32.70001048634739],[134.23233240964475,-32.77032867097752],[134.1981801293673,-32.79585108002661],[134.19152713104373,-32.74261618545731],[134.17669616785824,-32.729491873141136],[134.19134435124022,-32.72799890266855],[134.17343215898703,-32.71835024266992],[134.10002194575506,-32.717896362818294],[134.0645586943492,-32.71931443880328],[134.13389770792443,-32.82138867740452],[134.12127848530204,-32.86298109142653],[134.1005258562907,-32.86781269022901],[134.0766607437871,-32.890554978076565],[134.0641618257043,-32.91215727613874],[134.08419662357934,-32.92566258137459],[134.11805898074041,-32.914440761241906],[134.1350704864593,-32.93997784787868],[134.16967756721755,-32.927979343438984],[134.20585423956956,-32.98638837157069],[134.19109909945868,-33.014585697813],[134.14068445257942,-33.01550177208314],[134.16810796113032,-33.05055600181509],[134.214478135062,-33.040101350605994],[134.24470636583268,-33.076655347347256],[134.26469209061756,-33.13445808268492],[134.27191135592074,-33.163884599809634],[134.28247055105027,-33.16607567584905],[134.33296091577708,-33.19916696017664],[134.3494863302504,-33.185677471245086],[134.35554629983199,-33.15276023658333],[134.38061530460257,-33.1743767226302],[134.44162027395308,-33.14660774538264],[134.54138376862255,-33.18194552650975],[134.57325740992616,-33.192689288440796],[134.55950998342118,-33.16082746116586],[134.59916477352317,-33.14083557735137],[134.64808561942712,-33.163388109766096],[134.70869371194738,-33.18434142607436],[134.70936701527202,-33.21438916788389],[134.72245890852332,-33.223274970907184],[134.6619712255684,-33.2256809644204],[134.69479466679667,-33.26097571056204],[134.75091695907537,-33.29058703895086],[134.80962993200436,-33.34401344971648],[134.8635270817775,-33.53502966958806],[134.83178715557992,-33.62814290525031],[134.8601381793542,-33.64392858952289],[134.88612579245716,-33.642053930551846],[134.88826169087486,-33.66098439476663],[135.05944658961985,-33.77667034002837],[135.16232253729072,-33.87899251292506],[135.18672271568852,-33.8858557897753],[135.21275490815364,-33.93690200790478],[135.2692562340642,-34.023012536648295],[135.27832157226555,-34.11840926821986],[135.24995274775827,-34.14044152192798],[135.24583255038672,-34.15365298716231],[135.26666103385506,-34.17666476988841],[135.3011030801511,-34.182493249968374],[135.35371601675882,-34.3132851283733],[135.3494709912715,-34.36818914717597],[135.36279479767722,-34.39704055338297],[135.36930949138218,-34.43065981089619],[135.38949586474467,-34.462714046768696],[135.38699433218517,-34.506960047598994],[135.38171476289253,-34.52917350650255],[135.39218021415533,-34.53299390835626],[135.40474156107317,-34.50714745274806],[135.41357498818394,-34.5391649577208],[135.43609791945386,-34.53242448514225],[135.43810900656464,-34.606323156584125],[135.44992115347412,-34.60376870332992],[135.45922728969023,-34.58717737146473],[135.50657851886587,-34.59990379236889],[135.50915585348505,-34.62026131786381],[135.46859585857305,-34.61500268440298],[135.45729203553984,-34.61056577873627],[135.43092541001974,-34.63379720985576],[135.39770509763284,-34.636596590192774],[135.3987886380306,-34.62706803968531],[135.35607939859014,-34.610778682108965],[135.34661712718395,-34.57566057979851],[135.29899397773377,-34.552523104312286],[135.32670723281876,-34.51854878201791],[135.22015258469654,-34.49706392417454],[135.2061153110528,-34.42840516346428],[135.1383370014198,-34.50555268401516],[135.11132821540096,-34.58948276098045],[135.145003345342,-34.59067941783358],[135.170197251431,-34.557403746581954],[135.20552228347591,-34.556687698567394],[135.22888350339505,-34.54389583203606],[135.29420488278947,-34.593289374736834],[135.34521696175867,-34.63894087887163],[135.33671350652622,-34.67036858834062],[135.32055813259433,-34.68166688850031],[135.40789857473666,-34.70110985425733],[135.48916566486034,-34.76333093635898],[135.58262842884236,-34.85915263048044],[135.70796040654133,-34.89006133222071],[135.72709441957963,-34.85988073605124],[135.83529446526856,-34.87558698674455],[135.85678289422614,-34.89561338917065],[135.8551642141404,-34.90628112235691],[135.8570549137881,-34.92775872064584],[135.8845051635703,-34.929385562507484],[135.96526391052402,-34.97088154597227],[136.0044415801361,-34.97964517699996],[135.96069333327418,-34.849591213449514],[136.00381286801743,-34.8067579870531],[136.01600850961654,-34.79441481606865],[136.00372368604846,-34.77502313046221],[136.013533672886,-34.757407324774874],[135.9991932117765,-34.72137284069947],[135.97997894836251,-34.73456975212038],[135.9895035605174,-34.754883155806155],[135.9866319201338,-34.76370465841985],[135.9664321690443,-34.785823683123006],[135.95065145370387,-34.76449590260573],[135.90330473628154,-34.795923501508014],[135.82179236195813,-34.81639023593442],[135.78665015271667,-34.81044475563635],[135.85942272310382,-34.75289017080003],[135.8654781401433,-34.769224903558495],[135.8936150853708,-34.74569802161746],[135.88040275797462,-34.73543453709472],[135.87768717811218,-34.72039793848661],[135.86598205595146,-34.721222568068285],[135.8545667242287,-34.665325813821106],[135.87393263974286,-34.622730908571846],[135.9124770616642,-34.61968884853669],[135.9244542514776,-34.637565132850426],[135.93249399797452,-34.61364854687019],[135.90210073029016,-34.59252950970303],[135.95368809206326,-34.51280973297567],[135.98127651563976,-34.50628393213299],[135.99424807806213,-34.518787658627865],[136.0183851759981,-34.50437312795913],[136.03564637920198,-34.480749009315396],[136.07513618896135,-34.485652282138716],[136.08508444323593,-34.514404401608054],[136.09171956792065,-34.52349763512418],[136.11230275637746,-34.50443928206545],[136.11737274780313,-34.427011181441735],[136.10862846368542,-34.419456074595956],[136.1177963941651,-34.40125706232632],[136.11056373180267,-34.36230721334802],[136.1609025391612,-34.339515593471994],[136.21751527252044,-34.31150985550593],[136.27032438884865,-34.24456403748223],[136.35180553185015,-34.12623508983483],[136.3630960253337,-34.06964392833585],[136.45947056241428,-34.00360018001791],[136.5460796478088,-33.96057191249908],[136.579179540487,-33.93803039891857],[136.58610456524755,-33.90930297507353],[136.7061613691396,-33.85325589015477],[136.75871190871567,-33.830697092160364],[136.78024489911115,-33.8302155837584],[136.81548959609972,-33.80108494474418],[136.89770652628812,-33.779724436770664],[136.90388683569958,-33.76916443256287],[136.88952853415583,-33.77361987214774],[136.8717054848731,-33.73718382800496],[136.92950437004416,-33.68890484117228],[136.93083318818384,-33.678114752320106],[136.97277998628147,-33.67889031818078],[136.96556069448948,-33.69833204897997],[136.97721677978203,-33.71305516630943],[136.98110953151493,-33.7044456077069],[136.99767957878495,-33.706727020536135],[136.98827980107419,-33.72497567785118],[137.09448222227698,-33.70220876730276],[137.17500467308008,-33.684953313755024],[137.24301041349813,-33.62245459605933],[137.3263242686483,-33.46221519389667],[137.36277741722995,-33.427500621855934],[137.3808278375256,-33.355556724499124],[137.39054869968902,-33.29277874374463],[137.44333108044998,-33.20277872398369],[137.452271569254,-33.13671716260284],[137.5544607925739,-33.074663770430206],[137.5992123491368,-33.02949599207055],[137.60217312402273,-33.01171774795869],[137.61259407061044,-32.99705136230588],[137.61111363137243,-32.97527525248858],[137.66485471013894,-32.95417107049151],[137.742675000521,-32.995177697032005],[137.76388693977103,-32.99999829979921],[137.78477331424116,-32.99520381968114],[137.7537691843387,-32.91200376881562],[137.79073959594356,-32.91113531793323],[137.80664080740303,-32.82854569108697],[137.80111594699943,-32.7336104908895],[137.78334194610494,-32.71222370817716],[137.75322072915012,-32.710377747627376],[137.76002531605548,-32.54960125883527],[137.77116415540377,-32.542666185509965],[137.75891052237714,-32.52123362057179],[137.78349357353318,-32.54667689336374],[137.78329293455127,-32.55802407954604],[137.81599595383145,-32.557719603486575],[137.81829689646378,-32.58117623232508],[137.80317606618806,-32.60832657791438],[137.8555615676117,-32.66657055911442],[137.8436111993147,-32.700201874115265],[137.9217391285186,-32.748148105206674],[137.93328813654387,-32.759098425388295],[137.8958272221221,-32.77296444195912],[137.9564799650312,-33.01495964405427],[138.0113357879683,-33.0328231428028],[138.04167108943673,-33.082222461044516],[138.0245035304106,-33.10213059929865],[138.04608114211845,-33.122497273427136],[138.0175919444114,-33.144464677368745],[137.99923823816147,-33.14518151131687],[138.00915527588785,-33.13215044148279],[137.9513876479033,-33.14777630676979],[137.93472399142306,-33.15249892746633],[137.91860881117776,-33.168598922866735],[137.90808088652986,-33.1660756872245],[137.88305636739696,-33.17694455501734],[137.8472275207921,-33.19722298996203],[137.8102705096291,-33.27055775728248],[137.86248656647052,-33.32891816434041],[137.88194163126502,-33.34916507964329],[137.877776831976,-33.35805581792984],[137.87837431539268,-33.40893205732032],[137.94694639888442,-33.51527966915324],[137.94694639888442,-33.5502786704905],[137.92305004863863,-33.59166742095575],[137.89250076637177,-33.586114194465445],[137.81304848508063,-33.66444340767469],[137.80670317210365,-33.67187683604597],[137.73390389185457,-33.74688751329328],[137.67092806026082,-33.811289086731534],[137.60009967127553,-33.87707487021454],[137.6313936753653,-33.91264464515415],[137.52709970229895,-34.00879003364659],[137.5643466194707,-34.03075853883823],[137.5059368244862,-34.13646666546589],[137.45312325977042,-34.133790751278845],[137.5004432551793,-34.254475344500804],[137.47226168523667,-34.39707735565019],[137.44555616593038,-34.40611347888696],[137.4269884502628,-34.441453761972284],[137.41201927107025,-34.441479498121204],[137.42507993214483,-34.47321345275453],[137.46319631877043,-34.43111954374126],[137.48342732604917,-34.45192646139151],[137.47466965737198,-34.516619924459576],[137.5091384402753,-34.624631645615594],[137.45550438618218,-34.862427326491996],[137.44009378299376,-34.919499590944504],[137.37028653281948,-34.95203029594262],[137.3409411657776,-34.92948793941272],[137.30218713436398,-34.92030034480078],[137.27042938863718,-34.89392363070445],[137.07788097242428,-34.91821256532895],[137.01690719634595,-34.89367494552373],[136.9964577941582,-34.933779740444955],[136.97227604702974,-34.95209605941518],[136.96113722044075,-35.00719954007981],[136.9238903629266,-35.02805547166448],[136.96082954577784,-35.07916684779582],[136.94349703341646,-35.1146141734883],[137.39947578706398,-35.10974095279539],[137.46421745576583,-35.09969070179617],[137.54858811438956,-35.115668316245106],[137.75628858457395,-35.11109057591551],[137.7244862836437,-35.0552979286718],[137.7649972472324,-35.04040372717863],[137.76852437560137,-34.97213669910568],[137.7994838898497,-34.9093454781827],[137.83209334010343,-34.813999688126465],[137.85992254350455,-34.76812598919918],[137.89471244555756,-34.64068720715195],[137.90351918094484,-34.61427972384424],[137.87606896532895,-34.59652688802262],[137.90667623330415,-34.46774704750908],[137.9167805376315,-34.43405439885176],[138.0177747879614,-34.325832447156344],[138.02189498215128,-34.273656962039574],[138.00582880452512,-34.2575011887915],[138.0658260253247,-34.15098871300402],[138.09250035378503,-34.137500055087116],[138.16278027762596,-34.236111444358045],[138.1488946360984,-34.25888697507174],[138.1524975407296,-34.273332706491004],[138.1974631394199,-34.29112850364929],[138.22555548945698,-34.34110983984196],[138.22500704974135,-34.3769449727404],[138.28027313621,-34.48777668023551],[138.34832791592137,-34.555556608131894],[138.34723100556394,-34.56499783696737],[138.43167294946628,-34.646666874924954],[138.44389540010593,-34.6772225982496],[138.53111089036432,-34.74416648739673],[140.4228371998244,-33.68904800421054],[142.69076101986255,-32.55472418473822],[141.73897488134685,-30.770130563128046],[141.91743255638247,-28.866559496451686],[143.28562295088122,-25.475829125028906],[140.62081384551203,-27.85838422700692],[140.48975766291485,-27.974260758442878],[139.00259398366802,-27.081964244786334],[139.95438017623914,-25.05942130528483],[139.35951378423724,-24.76199141161982],[138.22926991929762,-26.249152337066135],[137.99132338552656,-24.583528649368727],[139.30002937692237,-23.98866660990152],[139.00259398366802,-20.181528719994592],[135.45496262225376,-19.832823813863584],[131.75458005469025,-19.4669083446765],[128.18118859302615,-19.100650592764026],[124.24993458951036,-18.63487753589953],[121.68371744341087,-18.711609078654885],[121.67547709872728,-18.71758925825277],[121.63567961906378,-18.708209122574136],[121.61871271782195,-18.73120030679703],[121.651487139069,-18.77252079138344],[121.65472440264087,-18.811889596197297],[121.60052401583174,-18.872499316573688],[121.58569302638834,-18.94470272337367],[121.57672136502127,-18.948608129708266],[121.56030291302126,-18.939696441827476],[121.55072031279099,-19.004273600870604],[121.54651093704989,-19.012574771103722],[121.54107532146169,-19.022216119677797],[121.52008184003152,-19.041383359123067],[121.50292772644843,-19.108579728959505],[121.27831829105332,-19.39941391893824],[121.09991414907384,-19.54657189547355],[120.87249550064026,-19.670470038543577],[120.40472248514536,-19.846923110980732],[120.1699240264911,-19.915224272187885],[119.91575084617584,-19.94603978370591],[119.90742124383814,-21.371259559576842],[116.4770910869354,-21.248793992174782],[115.82888662020602,-21.228331992494706],[115.81824268795371,-21.25286592036996],[115.80499915338636,-21.252346395226873],[115.78651619378589,-21.249690798241726],[115.79472540102108,-21.25888761611281],[115.78453639203308,-21.270078362333603],[115.78245392836094,-21.26116484987116],[115.75618094625429,-21.253194210125805],[115.73409950565171,-21.282548050652206],[115.699621732626,-21.282776547100188],[115.68121458267039,-21.316419862106464],[115.66314626530661,-21.30844802313865],[115.64890387920579,-21.324457661011518],[115.61873811682801,-21.343418640915363],[115.62129316200352,-21.35253482285259],[115.60953452380639,-21.354470082960415],[115.61479173037618,-21.369673275668028],[115.60279234371667,-21.3623438685856],[115.58736388082741,-21.38563059610557],[115.5504825917997,-21.42365459988955],[115.5529930716588,-21.43501960092973],[115.52249728099265,-21.442220806318247],[115.50873648758751,-21.452733609950215],[115.5033321165776,-21.47277750225115],[115.49515406906023,-21.50347723445281],[115.46867151247281,-21.51492311594538],[115.46611195115263,-21.524443352618274],[115.45888378159472,-21.51555781244643],[115.44972028942122,-21.511666553336767],[115.46167071596727,-21.501942176737945],[115.43250371773571,-21.506945479927623],[115.4111803367481,-21.51124754031998],[115.41777979778891,-21.519444724235758],[115.33328423646795,-21.576094918479555],[115.31897946632114,-21.585611206898236],[115.25979827407859,-21.591328930678152],[115.2510004828944,-21.585801965379062],[115.2380914085754,-21.576497178517684],[115.24820012219779,-21.569244512284314],[115.23750276969989,-21.564442368514914],[115.22194052184689,-21.585117765369937],[115.23527320398227,-21.585279473688395],[115.22472302731448,-21.595280220532054],[115.21805662325815,-21.60499841446056],[115.21407914584576,-21.596752077263226],[115.18194686540778,-21.61027591207949],[115.12961480208206,-21.64270387404611],[115.09951146027949,-21.63430635022579],[115.04709021596278,-21.68188705732358],[114.98687005874557,-21.678887118950488],[114.92722512563265,-21.69277608983464],[114.91233176893971,-21.693956960754388],[114.76214032996673,-21.79693414224633],[114.70520649107252,-21.811097414919534],[114.64908422697566,-21.845553720074214],[114.63438260006545,-21.9232072632239],[114.62143781896688,-21.936658939482893],[114.61861524619675,-21.9455557973705],[114.60558130057356,-21.985288861112952],[114.60761462208883,-21.99691959854405],[114.5973274743124,-21.990019002702805],[114.59083502070956,-21.997390934134252],[114.58609940876534,-22.006664290289372],[114.57959806378621,-21.998945512770458],[114.56999319367115,-21.983411560563187],[114.57194623157082,-22.00666428677072],[114.56471357060447,-22.029169199639856],[114.55444429714754,-22.02527944991966],[114.54389406735802,-22.036667272361637],[114.53666586378347,-22.00639143254043],[114.51262686266323,-21.995017755812498],[114.4999986532805,-22.013336735821387],[114.53388779921775,-22.062498273597768],[114.51981490895918,-22.073031763052395],[114.52377903625509,-22.081287874209533],[114.52410903849128,-22.10366098644759],[114.51275620262375,-22.10761881015203],[114.51499911568062,-22.118054038962576],[114.49948145758714,-22.153377541583172],[114.4967435539844,-22.162033553284225],[114.48549769981217,-22.157941034413497],[114.49028231220156,-22.145831939006783],[114.47617367985704,-22.154451322964274],[114.45535417042647,-22.166258167626594],[114.47000679611243,-22.182672157497915],[114.47376130776344,-22.191429601898147],[114.48833366719715,-22.20583424648408],[114.47166555152899,-22.204166349015676],[114.4613873020784,-22.208885089917125],[114.45305770554266,-22.21361185556204],[114.45097978910701,-22.22249955371165],[114.45194296391745,-22.231667231607624],[114.45305770554266,-22.24416929769988],[114.44270364206251,-22.24660846071792],[114.4491649348125,-22.253612097803725],[114.44361335126288,-22.265555064584152],[114.43250125001684,-22.279168103332054],[114.4358366533363,-22.28888912854131],[114.42917035181414,-22.301187952280447],[114.41222569600492,-22.33611066228147],[114.4236142303354,-22.345831887871025],[114.39627999422046,-22.375077992769597],[114.39640928131378,-22.384124404896916],[114.3924272925089,-22.39635299096427],[114.38192615166382,-22.40117241471607],[114.39328788410133,-22.42276500876475],[114.3848334811566,-22.433485776303872],[114.38139547521108,-22.445833687747935],[114.39235593912092,-22.464168059482024],[114.37628986651691,-22.49209978648734],[114.3616506128725,-22.49610422400827],[114.34642725338213,-22.490492942056814],[114.33777656803385,-22.49712184713446],[114.33277796347689,-22.48916636037102],[114.31944071277168,-22.483052195412412],[114.30987601661832,-22.43566204107042],[114.2538295670451,-22.45055663694209],[114.22528241373956,-22.46772831673934],[114.19560262203528,-22.517035316892567],[114.14910757910198,-22.51882304972092],[114.13409377383446,-22.507223069348388],[114.13821398177429,-22.49755850154389],[114.12194720951179,-22.46183569530593],[114.12587120736477,-22.40996154368908],[114.1440821077646,-22.405971066393047],[114.1447376348434,-22.39110464854193],[114.17943392281508,-22.339678347270954],[114.16808995353996,-22.30326310955952],[114.11565538739937,-22.32065108299959],[114.12440414620819,-22.28835684484636],[114.12465825812673,-22.254858451528168],[114.08237265314202,-22.166960205685392],[114.14904961101142,-21.87457268231647],[114.19040778206335,-21.814185783602216],[114.16382705677937,-21.785705219724232],[114.11901305687267,-21.807214212653296],[114.04869751290191,-21.838041472064404],[113.9909432665639,-21.890569504123537],[113.9412242706805,-21.970390246548114],[113.93301954659202,-21.97526561343628],[113.79861328164365,-22.345555592560302],[113.74972373432894,-22.421112020381265],[113.72083318882183,-22.497488490043548],[113.70639014591659,-22.496388488079965],[113.71028741223095,-22.52360112879233],[113.65916383067552,-22.562223369272736],[113.65555642065327,-22.5847213035561],[113.67472166247097,-22.60861103604573],[113.67916733790801,-22.64833295534802],[113.67055681125551,-22.71444483510022],[113.72749953158844,-22.727499691074005],[113.78693932719935,-22.827220816169007],[113.82910013055614,-22.999454283297712],[113.81082230929802,-23.08632567021838],[113.76022932740464,-23.121725309575723],[113.76666829389683,-23.145963629535103],[113.7915277791387,-23.326143078958456],[113.78198088116106,-23.42561373830967],[113.76339534554347,-23.515155947277055],[113.61367657211137,-23.637235547219476],[113.55239065071181,-23.76641271444418],[113.52511436435788,-23.789619034144607],[113.49303557817753,-23.876408970634245],[113.46629433252954,-23.92047923263532],[113.45688561582867,-24.017828730193656],[113.4246463378643,-24.04958223014691],[113.42972527685673,-24.11237364563249],[113.44365101692325,-24.17766062025671],[113.40139210357299,-24.225279243036688],[113.39167125112802,-24.223644546109174]],[[138.0159777607824,-33.160969254030285],[138.02499405114196,-33.15388774242559],[138.0175919444114,-33.144464677368745],[138.0159777607824,-33.160969254030285]],[[137.95750554132667,-33.5719452316087],[137.97193963739636,-33.55047563491485],[137.94694639888442,-33.5502786704905],[137.95750554132667,-33.5719452316087]],[[135.3850992230433,-34.631104174439315],[135.3893576046896,-34.64244447527855],[135.39770509763284,-34.636596590192774],[135.3850992230433,-34.631104174439315]],[[134.2764908452963,-33.02503217511167],[134.26699745141988,-33.02945111873333],[134.27613858141854,-33.03443060107772],[134.2764908452963,-33.02503217511167]],[[115.76140703398167,-21.270535413612606],[115.76891170278269,-21.264032192721146],[115.75618094625429,-21.253194210125805],[115.76140703398167,-21.270535413612606]],[[115.4516689020532,-21.528334204399094],[115.459998558508,-21.535833673000734],[115.46611195115263,-21.524443352618274],[115.4516689020532,-21.528334204399094]],[[114.4358366533363,-22.28888912854131],[114.4408353548646,-22.299442835898724],[114.45250028979412,-22.291946445639073],[114.4358366533363,-22.28888912854131]],[[114.42725286533725,-22.354207968464028],[114.44139269624532,-22.344446088569526],[114.4236142303354,-22.345831887871025],[114.42725286533725,-22.354207968464028]],[[137.9137260572097,-33.6140439998652],[137.89947477738045,-33.611693361898716],[137.89530996773019,-33.620869079120325],[137.9218728836221,-33.620906283836405],[137.9222251623496,-33.60101987584319],[137.9137260572097,-33.6140439998652]],[[134.33720602105902,-33.10688560072055],[134.30021773845198,-33.08187501852968],[134.299959107438,-33.051381991243005],[134.27613858141854,-33.03443060107772],[134.2738332299403,-33.04435141663314],[134.26278806185488,-33.06549750859166],[134.27911283496798,-33.10607875000955],[134.304458335123,-33.113235180970435],[134.35499782581755,-33.1430533724656],[134.33720602105902,-33.10688560072055]]]}]},"id":"00000000000000000003","properties":{"Id":0,"nomi":"Chala cho'llar va cho'llar"}},{"type":"Feature","geometry":{"type":"GeometryCollection","geometries":[{"type":"Point","coordinates":[151.32104349700103,-33.55689327333055]},{"type":"Point","coordinates":[150.9307873937651,-34.45540483676664]},{"type":"Point","coordinates":[150.7651986408629,-35.11703247214104]},{"type":"Point","coordinates":[150.25639297601475,-35.7527785995068]},{"type":"Point","coordinates":[150.3361038811806,-35.632222413988124]},{"type":"Point","coordinates":[149.846940452936,-37.55583211599307]},{"type":"Point","coordinates":[151.6006469569257,-33.22972803070388]},{"type":"Point","coordinates":[152.00361592979252,-32.70360902399261]},{"type":"Point","coordinates":[152.23144470338772,-32.70962735169385]},{"type":"Point","coordinates":[152.2246847497165,-32.684327983454864]},{"type":"Point","coordinates":[152.32228105087268,-32.59901440013004]},{"type":"Point","coordinates":[153.5784901466319,-28.19702437088985]},{"type":"Point","coordinates":[153.38444338034702,-27.51000034288416]},{"type":"Point","coordinates":[153.3130487718165,-27.533612528534825]},{"type":"Point","coordinates":[153.32475390746035,-27.61009306108481]},{"type":"Point","coordinates":[153.34246991458804,-27.673390509464006]},{"type":"Point","coordinates":[153.2293380659981,-30.160385313684994]},{"type":"Point","coordinates":[153.27066050187312,-30.020090437358]},{"type":"Point","coordinates":[153.2597178984844,-29.976108739898063]},{"type":"Point","coordinates":[153.18018987084528,-30.23918979064007]},{"type":"Point","coordinates":[153.15834020034893,-30.31666862797627]},{"type":"Point","coordinates":[153.26637087797383,-30.202246545851143]},{"type":"Point","coordinates":[153.10202176220906,-30.93964955462001]},{"type":"LineString","coordinates":[[151.51049729983416,-33.09358733104946],[151.52658125298876,-33.08329105131607]]},{"type":"LineString","coordinates":[[152.47488487145634,-32.1956467297437],[152.45971508059725,-32.19666557917773],[152.45723132797232,-32.20638915448609]]},{"type":"LineString","coordinates":[[152.47341786134106,-32.18645800726617],[152.48167612034723,-32.18028001111996]]},{"type":"LineString","coordinates":[[153.43694936336004,-27.79888926635041],[153.43893361322716,-27.76148530130921],[153.44454761776902,-27.744331344067085]]},{"type":"LineString","coordinates":[[152.15777596989093,-32.66110865158894],[152.16833510954743,-32.6597196294807]]},{"type":"LineString","coordinates":[[152.06565982022653,-32.699552756927595],[152.06693956621743,-32.68916552146395]]},{"type":"LineString","coordinates":[[151.99257072499523,-32.66767788346021],[151.98112415881852,-32.667925657267276],[151.98143185928174,-32.67806390791845],[151.96694871662822,-32.679722865564194]]},{"type":"LineString","coordinates":[[151.15363984890803,-33.53421562644111],[151.14893996808297,-33.5227258969171]]},{"type":"LineString","coordinates":[[153.39921643336794,-27.819923144157357],[153.40798746524533,-27.82928906609082]]},{"type":"LineString","coordinates":[[151.49031095040147,-33.32826249235756],[151.50210523553142,-33.33849647531651],[151.51975881427674,-33.31970773325729]]},{"type":"LineString","coordinates":[[153.41355688667684,-27.807791597234903],[153.42136926139568,-27.813660317279904]]},{"type":"LineString","coordinates":[[153.38667298948084,-29.92305693305027],[153.39166269651994,-29.932776175128584]]},{"type":"LineString","coordinates":[[150.91810573594375,-34.48582867015195],[150.9378952114645,-34.49395110793972]]},{"type":"LineString","coordinates":[[152.05139069339185,-32.74305870942774],[152.04137998385735,-32.73416569505957],[152.05622884619268,-32.73452203045421],[152.06305128328793,-32.72638584058376],[152.0553147444068,-32.71945327369925]]},{"type":"LineString","coordinates":[[152.32388187686868,-32.614122251832086],[152.33427603133256,-32.62467599862171]]},{"type":"LineString","coordinates":[[151.2888621037052,-33.629821102820706],[151.288728371005,-33.64243254049685],[151.28086698863126,-33.63598042364655]]},{"type":"LineString","coordinates":[[153.4202098292503,-27.87508555151203],[153.418885542482,-27.886035141354945],[153.4244682785254,-27.937141787065134],[153.41372633268716,-27.93475050955357]]},{"type":"LineString","coordinates":[[153.31955016020615,-27.658197573402873],[153.32058908299499,-27.66724960146329]]},{"type":"LineString","coordinates":[[150.41166773269467,-35.531666411270216],[150.42083571942177,-35.5258347415511]]},{"type":"LineString","coordinates":[[153.22783085489982,-27.41984286924497],[153.23257532741874,-27.42825759547352]]},{"type":"LineString","coordinates":[[153.38014042264112,-27.637551199770755],[153.38986124262306,-27.64518298413651]]},{"type":"LineString","coordinates":[[150.22262420380017,-36.25509301784412],[150.23083334153705,-36.24333025855651]]},{"type":"LineString","coordinates":[[153.33575448552975,-27.626596461195355],[153.34603717704871,-27.627809307782925],[153.33839426905186,-27.641635730841045]]},{"type":"LineString","coordinates":[[151.587492616993,-33.089477950982356],[151.5955367843546,-33.0955597811754]]},{"type":"LineString","coordinates":[[149.91499528011914,-37.556387153714205],[149.90583627083208,-37.54999917460657]]},{"type":"LineString","coordinates":[[153.31514005408366,-27.57928833746243],[153.32684520905207,-27.568177502432057]]},{"type":"LineString","coordinates":[[151.221922117356,-33.54524304274911],[151.23028739863082,-33.537482793304534]]},{"type":"LineString","coordinates":[[152.1893151443531,-32.745256490583834],[152.20182742424632,-32.74880065964377]]},{"type":"LineString","coordinates":[[153.3527837702502,-27.672288722315557],[153.3536354527114,-27.649666118114112]]},{"type":"LineString","coordinates":[[153.38082710529744,-27.722501330557616],[153.38041682295707,-27.733185988421955]]},{"type":"LineString","coordinates":[[152.3124978165684,-32.62166770714845],[152.31700148335074,-32.63088369634263]]},{"type":"LineString","coordinates":[[153.39666583026144,-27.83916675039624],[153.39473053672333,-27.829722844278635]]},{"type":"LineString","coordinates":[[153.36525147367377,-27.752464719273014],[153.36680765705395,-27.76251515102647]]},{"type":"LineString","coordinates":[[153.3741607391049,-27.613704528607325],[153.3827980004414,-27.618860663436777]]},{"type":"LineString","coordinates":[[148.96682534628331,-37.77332936920242],[148.98803730241735,-37.78056166212325]]},{"type":"LineString","coordinates":[[150.04194589989524,-37.25861016083846],[150.0520011416276,-37.26326634708894]]},{"type":"LineString","coordinates":[[149.91221727003543,-37.05722088695211],[149.91833510311255,-37.04944506193886]]},{"type":"LineString","coordinates":[[149.9233382058612,-36.893334898243765],[149.94055034409885,-36.9027775404661]]},{"type":"LineString","coordinates":[[149.94582996313798,-36.80027926481153],[149.95110952463165,-36.7894455238939]]},{"type":"LineString","coordinates":[[149.9796745108177,-36.69610613068475],[149.97782842787632,-36.705172822419335]]},{"type":"LineString","coordinates":[[150.02609376594458,-36.622693606057176],[150.01583781926882,-36.62638687119298]]},{"type":"LineString","coordinates":[[150.05221519612672,-36.35749838280867],[150.06222583949227,-36.35194279724632]]},{"type":"LineString","coordinates":[[150.08432072805027,-36.36130846070636],[150.0750725183717,-36.36937668885984]]},{"type":"LineString","coordinates":[[150.11430373026943,-36.03248928768414],[150.11833030120192,-36.04111078379958]]},{"type":"LineString","coordinates":[[150.18139537114763,-35.85777642636578],[150.19250294400246,-35.856110337403145]]},{"type":"LineString","coordinates":[[150.26194898045148,-35.7183349512096],[150.26583729856432,-35.72694361174528]]},{"type":"LineString","coordinates":[[150.38110505097373,-35.55555845069743],[150.39250254341644,-35.55416538197391]]},{"type":"LineString","coordinates":[[150.43777577271692,-35.38777945054721],[150.4544394495127,-35.388332047695556]]},{"type":"LineString","coordinates":[[150.49806287281507,-35.274165908276956],[150.5055541535419,-35.26583627142901],[150.51722810582584,-35.273055631875664]]},{"type":"LineString","coordinates":[[150.45277624205355,-35.256111187841014],[150.46360734644324,-35.25302337389143],[150.45633009279325,-35.24520494484851]]},{"type":"LineString","coordinates":[[150.7677002148398,-34.95779008782634],[150.77410792932912,-34.94025364454227]]},{"type":"LineString","coordinates":[[150.76673709059185,-34.92278655369996],[150.7656846754023,-34.91350310510421]]},{"type":"LineString","coordinates":[[150.74472251720601,-34.89555853404398],[150.755553652529,-34.897218885474686]]},{"type":"LineString","coordinates":[[150.82372887447505,-34.77408913406483],[150.82472323681654,-34.78305503711766]]},{"type":"LineString","coordinates":[[150.88389547857923,-34.59333344874656],[150.9018701224956,-34.59935321617545]]},{"type":"LineString","coordinates":[[150.8694480294805,-34.551109214252804],[150.88130029735424,-34.54710227853226],[150.864351200861,-34.538187887300076]]},{"type":"LineString","coordinates":[[151.13987913493284,-34.06442084199281],[151.13447467344352,-34.07242527424112]]},{"type":"LineString","coordinates":[[151.17577928122606,-34.015742662995244],[151.18694939885896,-34.02000049003473]]},{"type":"LineString","coordinates":[[151.18670860310377,-33.9650099626107],[151.19483753012892,-33.97390016357639]]},{"type":"LineString","coordinates":[[151.27917695974705,-33.84668257231797],[151.27891387025497,-33.835667872384896]]},{"type":"LineString","coordinates":[[151.24929651857008,-33.864286834163906],[151.2583484987729,-33.858047633382924]]},{"type":"LineString","coordinates":[[151.24642934107854,-33.84324204203438],[151.24504256086004,-33.85265966483378]]},{"type":"LineString","coordinates":[[151.22381725925536,-33.803274893856184],[151.23018039837507,-33.794233453802676]]},{"type":"LineString","coordinates":[[151.33174088008806,-33.6130747773834],[151.32531531635246,-33.59829376011194],[151.32670652999298,-33.58851378099725],[151.32432531212464,-33.578777347117125]]},{"type":"LineString","coordinates":[[151.25824147965164,-33.59465006975726],[151.251236198038,-33.58767802522299]]},{"type":"LineString","coordinates":[[151.23190157249635,-33.60305146357006],[151.23001087027038,-33.59402972828087]]},{"type":"LineString","coordinates":[[151.2208563545671,-33.60567711218377],[151.21827900455187,-33.59404834179243]]},{"type":"LineString","coordinates":[[151.14721880870016,-33.55182830084415],[151.14668364496617,-33.54281241308586],[151.13591052925767,-33.541842411223854]]},{"type":"LineString","coordinates":[[151.33322123998872,-33.4910403754071],[151.33801476942412,-33.48223019987277]]},{"type":"LineString","coordinates":[[151.45106639161665,-33.321078920834445],[151.46556293582094,-33.3263883857152]]},{"type":"LineString","coordinates":[[151.55233700494878,-33.22848971578732],[151.56068446456598,-33.23521087224938]]},{"type":"LineString","coordinates":[[151.5765365381895,-33.220499688964104],[151.57214434304635,-33.23621042288047]]},{"type":"LineString","coordinates":[[151.53986935680774,-33.260938420790886],[151.52542188371842,-33.2640107290961]]},{"type":"LineString","coordinates":[[151.66036764440065,-33.0966505941044],[151.66589251735707,-33.08862612616268]]},{"type":"LineString","coordinates":[[151.6315619001802,-33.075620284242106],[151.64198281580093,-33.071670751807154]]},{"type":"LineString","coordinates":[[151.57939036379923,-33.125118799023],[151.5839252809916,-33.108260113859025]]},{"type":"LineString","coordinates":[[151.58419733002054,-33.070687959345804],[151.59999146186766,-33.07612844930434]]},{"type":"LineString","coordinates":[[151.6104747871286,-33.03114839666269],[151.61772086282525,-33.04527460727399]]},{"type":"LineString","coordinates":[[151.58999416540343,-33.004164199124006],[151.60731330813456,-33.001475428289424]]},{"type":"LineString","coordinates":[[151.79136716417221,-32.92971599218384],[151.7958396534367,-32.921391879040726],[151.8038927112699,-32.915002243500766]]},{"type":"LineString","coordinates":[[151.9528356895379,-32.68198229287575],[151.95776299852054,-32.67309817844507]]},{"type":"LineString","coordinates":[[152.1834871356227,-32.685701535616175],[152.19082680571634,-32.700280721839356],[152.20258992445795,-32.69366506334124]]},{"type":"LineString","coordinates":[[152.50631710256977,-32.38635977247857],[152.49667204089943,-32.39277596736503]]},{"type":"LineString","coordinates":[[152.5335844685685,-32.32288483352697],[152.52829151679856,-32.31467747368791]]},{"type":"LineString","coordinates":[[152.5183254745094,-32.304441623412764],[152.5301688148385,-32.27165357695301]]},{"type":"LineString","coordinates":[[152.42666414071925,-32.2141687351347],[152.42875548425363,-32.20500816431317]]},{"type":"LineString","coordinates":[[152.74360817098642,-31.84638987031584],[152.75471576016005,-31.84444288219624]]},{"type":"LineString","coordinates":[[152.83851565736856,-31.64006278321768],[152.849168455222,-31.640552506884433]]},{"type":"LineString","coordinates":[[152.9974202247938,-30.67915748664751],[152.99688509894017,-30.66709949761351]]},{"type":"LineString","coordinates":[[153.14193517850137,-30.31361219012831],[153.14999282640107,-30.3066676132243],[153.1400133411916,-30.299433669924262]]},{"type":"LineString","coordinates":[[153.56666455738988,-28.21472327995272],[153.564176400205,-28.20569736485235],[153.56721303246135,-28.196945808061844],[153.55699275041883,-28.195794269717325],[153.55917333172155,-28.1825023441497]]},{"type":"LineString","coordinates":[[153.55610546843192,-28.173611208058183],[153.54586730171172,-28.168548267227855]]},{"type":"LineString","coordinates":[[153.54510485502666,-28.22970458862856],[153.55528049908594,-28.23415973126591]]},{"type":"LineString","coordinates":[[153.42388864385038,-27.959168914275182],[153.42976569094736,-27.951070783521704]]},{"type":"LineString","coordinates":[[153.28880463890965,-27.51813133765239],[153.28823830361085,-27.50879014994474]]},{"type":"LineString","coordinates":[[153.23554954259907,-27.4766672426365],[153.2414266982968,-27.464897229219428]]},{"type":"LineString","coordinates":[[153.1830615250382,-27.39216800535818],[153.18841686329083,-27.39980493088607]]},{"type":"Polygon","coordinates":[[[153.39527905417884,-27.339720758712197],[153.40777789020896,-27.346794911977092],[153.39972033068238,-27.329445357383022],[153.39527905417884,-27.339720758712197]]]},{"type":"Polygon","coordinates":[[[153.26231307807757,-27.331790453895987],[153.2409985981166,-27.342410200181575],[153.26177801482524,-27.341008020718498],[153.26231307807757,-27.331790453895987]]]},{"type":"Polygon","coordinates":[[[153.341613776413,-27.503193726977432],[153.34977839235026,-27.508924613942636],[153.3718241878903,-27.490465287805826],[153.341613776413,-27.503193726977432]]]},{"type":"Polygon","coordinates":[[[153.23083629602854,-27.386387504243313],[153.23930409925507,-27.397223662767612],[153.23916589634027,-27.38055519978478],[153.23083629602854,-27.386387504243313]]]},{"type":"Polygon","coordinates":[[[153.32684520905207,-27.568177502432057],[153.3359997065741,-27.57482588838816],[153.33633416476152,-27.563904418471488],[153.32684520905207,-27.568177502432057]]]},{"type":"Polygon","coordinates":[[[153.4024671305509,-27.647754405235766],[153.41465824299888,-27.640600796485412],[153.40199445113734,-27.63774870663763],[153.4024671305509,-27.647754405235766]]]},{"type":"Polygon","coordinates":[[[153.339201368024,-27.610310354883193],[153.33575448552975,-27.626596461195355],[153.34877064117595,-27.617288156641923],[153.339201368024,-27.610310354883193]]]},{"type":"Polygon","coordinates":[[[153.34947072279388,-27.682156980247086],[153.3650062207981,-27.69055554334569],[153.3527837702502,-27.672288722315557],[153.34947072279388,-27.682156980247086]]]},{"type":"Polygon","coordinates":[[[153.41221473114155,-27.790278110645882],[153.42236365642614,-27.79406511918513],[153.4206691378971,-27.78471188575692],[153.41221473114155,-27.790278110645882]]]},{"type":"Polygon","coordinates":[[[153.40916465243504,-27.875554664683865],[153.41416781077496,-27.86750150159889],[153.40277028296995,-27.86750145918476],[153.40916465243504,-27.875554664683865]]]},{"type":"Polygon","coordinates":[[[153.42976569094736,-27.951070783521704],[153.4244682785254,-27.937141787065134],[153.4205621397776,-27.947222352847543],[153.42976569094736,-27.951070783521704]]]},{"type":"Polygon","coordinates":[[[153.4288961743588,-27.97305569285524],[153.42388864385038,-27.959168914275182],[153.41894349561565,-27.96884572441644],[153.4288961743588,-27.97305569285524]]]},{"type":"Polygon","coordinates":[[[153.55917333172155,-28.1825023441497],[153.55610546843192,-28.173611208058183],[153.5481415108639,-28.182451220961767],[153.55917333172155,-28.1825023441497]]]},{"type":"Polygon","coordinates":[[[153.58582979496154,-28.864306239959742],[153.58112992271768,-28.874845687666514],[153.59250064014765,-28.875556286150264],[153.58582979496154,-28.864306239959742]]]},{"type":"Polygon","coordinates":[[[153.0089246813366,-30.84904754032951],[153.00108557702896,-30.855337104434522],[153.0147839004094,-30.862460701832973],[153.0089246813366,-30.84904754032951]]]},{"type":"Polygon","coordinates":[[[152.52829151679856,-32.31467747368791],[152.5183254745094,-32.304441623412764],[152.51083414345106,-32.3161132611747],[152.52829151679856,-32.31467747368791]]]},{"type":"Polygon","coordinates":[[[152.30970639600142,-32.61081697387859],[152.3124978165684,-32.62166770714845],[152.32388187686868,-32.614122251832086],[152.30970639600142,-32.61081697387859]]]},{"type":"Polygon","coordinates":[[[151.57214434304635,-33.23621042288047],[151.56068446456598,-33.23521087224938],[151.56651248040967,-33.244706200431985],[151.57214434304635,-33.23621042288047]]]},{"type":"Polygon","coordinates":[[[151.23028739863082,-33.537482793304534],[151.2325748909955,-33.546751870462366],[151.24365125616933,-33.53828924870028],[151.23028739863082,-33.537482793304534]]]},{"type":"Polygon","coordinates":[[[150.7656846754023,-34.91350310510421],[150.76817286716806,-34.90465382156644],[150.7572168519663,-34.907517136385295],[150.7656846754023,-34.91350310510421]]]},{"type":"Polygon","coordinates":[[[150.7572168519663,-34.907517136385295],[150.74589519084637,-34.90643467456936],[150.74886947523808,-34.91798955909007],[150.7572168519663,-34.907517136385295]]]},{"type":"Polygon","coordinates":[[[150.07333350752018,-36.38555392997507],[150.0750725183717,-36.36937668885984],[150.06527589094551,-36.37596862056298],[150.07333350752018,-36.38555392997507]]]},{"type":"Polygon","coordinates":[[[150.02860866975166,-36.612776198645506],[150.01249796498004,-36.612625869469376],[150.02609376594458,-36.622693606057176],[150.02860866975166,-36.612776198645506]]]},{"type":"Polygon","coordinates":[[[149.90499799178846,-37.56555626380094],[149.91833510311255,-37.56999904422984],[149.91499528011914,-37.556387153714205],[149.90499799178846,-37.56555626380094]]]},{"type":"Polygon","coordinates":[[[153.3271038233397,-27.6409563335016],[153.31955016020615,-27.658197573402873],[153.3328382107301,-27.668043422736066],[153.33839426905186,-27.641635730841045],[153.3271038233397,-27.6409563335016]]]},{"type":"Polygon","coordinates":[[[151.19142188217435,-33.518573520497505],[151.1925366214692,-33.53922965300166],[151.20594958947092,-33.53132014516494],[151.20388951858214,-33.51976311672592],[151.19142188217435,-33.518573520497505]]]},{"type":"Polygon","coordinates":[[[151.28317228977053,-33.79911002370438],[151.28622234940897,-33.81493464877938],[151.2972585697357,-33.82333297915108],[151.3044600347801,-33.805861123484995],[151.29400791671756,-33.800488442678386],[151.28317228977053,-33.79911002370438]]]},{"type":"Polygon","coordinates":[[[153.42060668482546,-27.278755816247077],[153.40507565829085,-27.293422645233015],[153.41777075742422,-27.326945745223576],[153.42111062940617,-27.342778611114905],[153.42443705146852,-27.35944485788915],[153.43662825632376,-27.32426770719165],[153.42060668482546,-27.278755816247077]]]},{"type":"Polygon","coordinates":[[[153.40798746524533,-27.82928906609082],[153.41416781077496,-27.86750150159889],[153.4202098292503,-27.87508555151203],[153.43694936336004,-27.79888926635041],[153.42628314480095,-27.805421095929095],[153.42136926139568,-27.813660317279904],[153.40798746524533,-27.82928906609082]]]},{"type":"Polygon","coordinates":[[[150.11833030120192,-36.04111078379958],[150.11378644795087,-36.04958703755773],[150.1136169633826,-36.05861404170992],[150.12416274412342,-36.05305524275912],[150.12991500786907,-36.066738833979535],[150.14193675937696,-36.05166725710387],[150.1382312224988,-36.04174893967039],[150.11833030120192,-36.04111078379958]]]},{"type":"Polygon","coordinates":[[[153.34877064117595,-27.617288156641923],[153.34603717704871,-27.627809307782925],[153.36802502691438,-27.630594490342027],[153.3741607391049,-27.613704528607325],[153.3695545083505,-27.605588530194915],[153.36413668184096,-27.59378875131817],[153.35638232374228,-27.58194434128652],[153.34986754463063,-27.60505505024428],[153.34877064117595,-27.617288156641923]]]},{"type":"Polygon","coordinates":[[[151.56651248040967,-33.244706200431985],[151.5547047882825,-33.24389697462297],[151.53986935680774,-33.260938420790886],[151.53656075388827,-33.28792941103256],[151.51785477265122,-33.31046650656033],[151.51975881427674,-33.31970773325729],[151.57522556141333,-33.28466041445296],[151.56367652229085,-33.25678837844378],[151.56651248040967,-33.244706200431985]]]},{"type":"Polygon","coordinates":[[[152.46833895390253,-32.20611367140032],[152.46082985957898,-32.21499868836553],[152.4719374251425,-32.23027659227641],[152.48722769290862,-32.23666614898463],[152.4957891894163,-32.24281767565876],[152.49166894077948,-32.2044460303983],[152.4856269228893,-32.19554866320173],[152.49900865129482,-32.19264310800786],[152.49023315933388,-32.186159884064274],[152.47341786134106,-32.18645800726617],[152.47488487145634,-32.1956467297437],[152.46833895390253,-32.20611367140032]]]},{"type":"Polygon","coordinates":[[[151.18849226102438,-33.85490374325385],[151.2002553574567,-33.85639241377143],[151.19801243890797,-33.84704923724916],[151.18849226102438,-33.85490374325385]]]},{"type":"Polygon","coordinates":[[[153.38041682295707,-27.733185988421955],[153.3697818621504,-27.731946698080865],[153.3683015024105,-27.741485927058157],[153.38026521662223,-27.745116692310415],[153.38041682295707,-27.733185988421955]]]},{"type":"Polygon","coordinates":[[[151.59999146186766,-33.07612844930434],[151.6080312373223,-33.08435208237733],[151.60957408672937,-33.07166322525217],[151.59999146186766,-33.07612844930434]]]},{"type":"Polygon","coordinates":[[[147.6053636983866,-37.36592066789967],[148.08860991288378,-37.83166406075679],[148.1041275857961,-37.83603809756505],[148.10966573644,-37.8524894584724],[148.35139365869662,-37.80499867393502],[148.52005023938358,-37.79532353709433],[148.542372442799,-37.79790622512892],[148.56483297846538,-37.80095752807492],[148.57665849827254,-37.800555858175635],[148.73638797921197,-37.806668638743886],[148.8380599277003,-37.78444178848439],[148.94355774983555,-37.780885848284],[148.96682534628331,-37.77332936920242],[148.95176700882863,-37.770844491392666],[148.98913426005075,-37.746667633249146],[149.00327851905655,-37.77127101213306],[148.98803730241735,-37.78056166212325],[148.99972466553453,-37.78050879529761],[149.02408022208596,-37.777220493824174],[149.13844283880968,-37.778143959827126],[149.2651838737037,-37.78879042172345],[149.2763806801075,-37.80388891844317],[149.333055786841,-37.77805582950694],[149.4888924968792,-37.77472166416611],[149.4977705599744,-37.74583554670836],[149.5094444986551,-37.74694271193325],[149.51832697563077,-37.75277783902161],[149.56132614757826,-37.72575595304741],[149.5972308161981,-37.72611218519285],[149.64389079625386,-37.692500236023655],[149.67805648213573,-37.68138813122372],[149.7497231312643,-37.578336001503565],[149.76944127468613,-37.558886322934725],[149.78054887985724,-37.55555639757716],[149.90943922933513,-37.53972139195425],[149.9786087815389,-37.50194637501942],[149.9711130222033,-37.465001690982604],[149.955827202306,-37.35083242872621],[149.96472314564224,-37.30583318028255],[149.94332841089633,-37.2772226667402],[149.96888797229687,-37.24777773116316],[149.99777396556297,-37.246112930344815],[150.04194589989524,-37.25861016083846],[150.0188923013983,-37.19499862760137],[150.020002630213,-37.18388701173645],[150.013166846632,-37.17633032022816],[150.00555512753408,-37.140835408578354],[149.93139585128995,-37.09972252292169],[149.91471877223884,-37.109164482938],[149.90277288918185,-37.11277735138181],[149.8932169845891,-37.10620577382845],[149.86805872899004,-37.091111718306166],[149.90889073219398,-37.0750006511179],[149.9127790903241,-37.06638704129367],[149.91221727003543,-37.05722088695211],[149.90527439149105,-37.04888990227254],[149.91833510311255,-37.04944506193886],[149.94555788820617,-37.05277615035723],[149.93972992125973,-37.01083214437672],[149.93083395312095,-36.96305402079412],[149.93469112188686,-36.94633493952435],[149.91587813472287,-36.94970612296947],[149.91337661090648,-36.899318676909495],[149.9233382058612,-36.893334898243765],[149.9335762923048,-36.88707948345892],[149.92155459836172,-36.88204352819826],[149.93000900552974,-36.874528014971226],[149.9502400164736,-36.8556844865928],[149.9350299980588,-36.830733338536604],[149.94582996313798,-36.80027926481153],[149.92694119344975,-36.786110078141824],[149.934998790384,-36.777220877876005],[149.95110952463165,-36.7894455238939],[149.96311789816113,-36.79132740466748],[149.99182106659546,-36.72549373862103],[149.97782842787632,-36.705172822419335],[149.9661857406723,-36.6980976517059],[149.9796745108177,-36.69610613068475],[149.99075541804143,-36.69788668354478],[149.99938817972486,-36.68480714851103],[150.00305361620488,-36.659374651309804],[150.00527869860667,-36.644721536369175],[150.01583781926882,-36.62638687119298],[150.01249796498004,-36.612625869469376],[150.01754566388124,-36.604160466410676],[150.02860866975166,-36.612776198645506],[150.0681609060794,-36.554437395105396],[150.04611062776337,-36.53055638792582],[150.06215004130854,-36.50873597877145],[150.061659516012,-36.469724263153815],[150.07936216122232,-36.424137978630924],[150.06802271622487,-36.422889295691256],[150.07333350752018,-36.38555392997507],[150.05360197036484,-36.38194254382617],[150.04306065177553,-36.365556334276604],[150.05221519612672,-36.35749838280867],[150.05193867236474,-36.34832984119216],[150.06222583949227,-36.35194279724632],[150.08432072805027,-36.36130846070636],[150.11250225446173,-36.32666659301481],[150.13588125564794,-36.298435307216785],[150.12971433935365,-36.28944314946115],[150.13469070465024,-36.28137732356592],[150.14879036671664,-36.26644402921147],[150.1466678425714,-36.254165282174704],[150.13221587471875,-36.21166540738392],[150.1220224139179,-36.129261666778966],[150.13449002917704,-36.08804533495429],[150.1136169633826,-36.05861404170992],[150.09554872483892,-36.053008370516935],[150.11378644795087,-36.04958703755773],[150.10638431599872,-36.04277648045169],[150.0940994779999,-36.03257219322642],[150.11430373026943,-36.03248928768414],[150.11227477656652,-36.01014688302551],[150.12171917741694,-36.00399669298923],[150.1382312224988,-36.04174893967039],[150.16512851090417,-36.013205572688655],[150.15638868616384,-35.94083275196516],[150.1561122173729,-35.92111142271423],[150.15249592233175,-35.90750005712274],[150.17101900963516,-35.86122402253874],[150.18139537114763,-35.85777642636578],[150.18222024995387,-35.82608266253845],[150.19206150334753,-35.83080428373757],[150.22250379269568,-35.831664690951946],[150.23584099305992,-35.835276149005956],[150.227783338753,-35.823613266907785],[150.23376299021916,-35.78461006353562],[150.2074899715247,-35.73511340262844],[150.19936992055108,-35.72885853736038],[150.1783274656411,-35.69944547626851],[150.2149946919937,-35.70750224030881],[150.2463822981389,-35.71000054190293],[150.26194898045148,-35.7183349512096],[150.2766729505481,-35.723888353793754],[150.3130502445975,-35.668608686082095],[150.29695294226195,-35.651943079675114],[150.32583449691222,-35.62777535766076],[150.33575605992942,-35.60950974950056],[150.38110505097373,-35.55555845069743],[150.41166773269467,-35.531666411270216],[150.39027301572017,-35.47139134685911],[150.44682332807125,-35.40206484497292],[150.43777577271692,-35.38777945054721],[150.44572640705226,-35.38151559633854],[150.4544394495127,-35.388332047695556],[150.48472565530392,-35.366942897003455],[150.47721651855727,-35.32833517708106],[150.48638887878957,-35.32166648367101],[150.46722367801934,-35.30055455306752],[150.49806287281507,-35.274165908276956],[150.49305524165317,-35.26555590430548],[150.5055541535419,-35.26583627142901],[150.54249779496098,-35.25111158831101],[150.5402816081808,-35.21610987424154],[150.6387474752108,-35.16539789858638],[150.69082534900275,-35.172502239304244],[150.69527995647871,-35.20111016528723],[150.727492480609,-35.17194459329296],[150.74777249868222,-35.17250224303381],[150.75991913619154,-35.12557440967766],[150.71804815406492,-35.13388926688964],[150.69389318969124,-35.098056252255844],[150.6934517067149,-35.076824041130855],[150.67486621374033,-35.05902836967373],[150.66969360912952,-35.03523388276725],[150.67620840171924,-35.0271974129139],[150.7547777888001,-34.990842662884866],[150.77833516547565,-35.00000038215758],[150.7749952780622,-35.026390396185164],[150.78060930428688,-35.048530136409596],[150.7736040424593,-35.0780574570032],[150.79472236675454,-35.08166646437806],[150.8061064486237,-35.0947216738749],[150.84161429546393,-35.05785673077028],[150.84677343950892,-35.00945304591864],[150.812224326067,-35.013609203328144],[150.78968802383523,-34.99327917257843],[150.7677002148398,-34.95779008782634],[150.754166854376,-34.9597197093664],[150.76110966422237,-34.93527492344605],[150.77410792932912,-34.94025364454227],[150.78341852496308,-34.93179109448252],[150.76673709059185,-34.92278655369996],[150.74886947523808,-34.91798955909007],[150.7379758778151,-34.91692558072988],[150.74589519084637,-34.90643467456936],[150.74472251720601,-34.89555853404398],[150.77471885674925,-34.79944604543595],[150.82372887447505,-34.77408913406483],[150.85310538576536,-34.69744011426881],[150.86113176339686,-34.6869323087992],[150.86229115050824,-34.62767716315252],[150.85302508687818,-34.62261709035756],[150.87026850023943,-34.603658608560764],[150.88131813502443,-34.60697650390614],[150.88389547857923,-34.59333344874656],[150.8694480294805,-34.551109214252804],[150.864351200861,-34.538187887300076],[150.91810573594375,-34.48582867015195],[150.9014286475238,-34.46305596238671],[150.90098726259131,-34.45159186158028],[150.9204244137876,-34.37804907735289],[150.93006948397644,-34.36753763705856],[150.9280539927269,-34.31685765941087],[151.02592676236577,-34.20278667227776],[151.16332951266062,-34.09888951925439],[151.1683370951829,-34.07486670782821],[151.13700745266857,-34.081629195413804],[151.13447467344352,-34.07242527424112],[151.1284325428938,-34.062747429043334],[151.14561350076363,-34.05632324994941],[151.13987913493284,-34.06442084199281],[151.1557178443172,-34.072366144291195],[151.16960344141256,-34.038562851491015],[151.22387515980765,-34.03622754456665],[151.21992445168823,-34.002180692012175],[151.191100782517,-34.01094875073531],[151.18694939885896,-34.02000049003473],[151.16760136897005,-34.02299039063471],[151.17577928122606,-34.015742662995244],[151.16217017105868,-34.005832888405365],[151.1416627067595,-34.014722555108904],[151.15249835888446,-34.033611306069716],[151.12777709053904,-34.01805637045712],[151.13166993465214,-34.00500118062259],[151.169723826187,-33.94805531411441],[151.18096971666017,-33.95513498527248],[151.18670860310377,-33.9650099626107],[151.1945476360246,-33.95449136602464],[151.21856885317095,-33.96924805481417],[151.21630806577912,-33.98092956444374],[151.25103560179517,-33.9968388548401],[151.2616750233548,-33.93305449676468],[151.27667090977823,-33.898189022461786],[151.28661918174376,-33.886196339312164],[151.27917695974705,-33.84668257231797],[151.2583484987729,-33.858047633382924],[151.2626336816682,-33.8702590216722],[151.24929651857008,-33.864286834163906],[151.23619120270672,-33.867160054467234],[151.22360317859494,-33.864675583437524],[151.2163839288145,-33.85768469842149],[151.22222976063745,-33.84284943251666],[151.2319327923531,-33.848341701623106],[151.2363874217908,-33.839827292252096],[151.24642934107854,-33.84324204203438],[151.26786868392472,-33.828289415077116],[151.2470401864604,-33.8108037090382],[151.2736521713115,-33.81248571942076],[151.28317228977053,-33.79911002370438],[151.30482567814576,-33.745634332599714],[151.31576386299682,-33.7399501037934],[151.30090170716622,-33.7158370317663],[151.30436642166976,-33.70382988962192],[151.3417514857644,-33.62572582171647],[151.33174088008806,-33.6130747773834],[151.30606089860456,-33.634124138310824],[151.29472136053806,-33.65498274674548],[151.288728371005,-33.64243254049685],[151.2755739970087,-33.646092749576006],[151.28086698863126,-33.63598042364655],[151.2888621037052,-33.629821102820706],[151.28949081794931,-33.62044209305089],[151.3047008307311,-33.604470152832796],[151.29388307772243,-33.60311824695785],[151.3037421873536,-33.57385488907074],[151.25824147965164,-33.59465006975726],[151.23190157249635,-33.60305146357006],[151.2208563545671,-33.60567711218377],[151.21022144286042,-33.60887472700545],[151.20750579893348,-33.59333518992539],[151.21827900455187,-33.59404834179243],[151.23001087027038,-33.59402972828087],[151.24067708408293,-33.5691512804366],[151.22001810421148,-33.56369686208809],[151.2325748909955,-33.546751870462366],[151.221922117356,-33.54524304274911],[151.20011707494356,-33.54602715829644],[151.1925366214692,-33.53922965300166],[151.18251252038206,-33.52627225225818],[151.19142188217435,-33.518573520497505],[151.20285055581144,-33.50945003771848],[151.20388951858214,-33.51976311672592],[151.21732924042004,-33.522391341197356],[151.20594958947092,-33.53132014516494],[151.2253868075064,-33.52869962132547],[151.23771622095407,-33.525235119631525],[151.2628343814651,-33.54156743502502],[151.25280583899882,-33.560984426504014],[151.26840381252876,-33.564588618000876],[151.26623661948142,-33.55569671983625],[151.30769292407044,-33.55531025869677],[151.32150271214164,-33.52509015943314],[151.33195483855727,-33.52230958394313],[151.34750372190442,-33.52694134011686],[151.34634437517926,-33.546748169592256],[151.3955862289176,-33.52632060691299],[151.420164802264,-33.51287053777827],[151.43135265425505,-33.49169490633412],[151.4436018223865,-33.48222275957761],[151.4347238002967,-33.46528041748413],[151.44389172037944,-33.44500102949127],[151.44605880206427,-33.43301569373879],[151.4627224728171,-33.41840482185045],[151.50277860920974,-33.34750008498367],[151.50210523553142,-33.33849647531651],[151.46562092314366,-33.36421591383698],[151.4397892885061,-33.336488503793],[151.45106639161665,-33.321078920834445],[151.44784694214076,-33.30118330434772],[151.45806715563492,-33.29805265517921],[151.5079957000045,-33.26288468840093],[151.52542188371842,-33.2640107290961],[151.5069745606348,-33.22666938936742],[151.52722336046529,-33.22155902958343],[151.54429723828332,-33.234651412020234],[151.55233700494878,-33.22848971578732],[151.56649911112336,-33.196861011809744],[151.5811160352072,-33.21233731687755],[151.5765365381895,-33.220499688964104],[151.61747559521947,-33.20182734432154],[151.63627513326912,-33.16219737883098],[151.66036764440065,-33.0966505941044],[151.65509255454234,-33.083731925448525],[151.7066352786423,-33.022486048371874],[151.73055837745525,-33.00019275503476],[151.73948549319437,-32.96145207511521],[151.79136716417221,-32.92971599218384],[151.78002764446288,-32.925292016313264],[151.7958396534367,-32.921391879040726],[151.78499058926812,-32.90052941245514],[151.7950904969247,-32.89124027484762],[151.9573081202649,-32.81082072372412],[152.08390642395273,-32.78843656986779],[152.11540113395537,-32.787619345139824],[152.13001806141307,-32.76549556386943],[152.17538492216255,-32.7542422399786],[152.18879787279707,-32.71816645442318],[152.1524963608991,-32.714722430465876],[152.10256783315867,-32.71743110399367],[152.08999755847472,-32.72777758514678],[152.06565982022653,-32.699552756927595],[152.0558453107903,-32.70335006221614],[152.06443800516433,-32.71444478391532],[152.06305128328793,-32.72638584058376],[152.0711044127325,-32.73277783057542],[152.05622884619268,-32.73452203045421],[152.05139069339185,-32.74305870942774],[152.02888565960257,-32.75305718693425],[152.02833712083,-32.74388756021419],[152.04137998385735,-32.73416569505957],[151.99659731044562,-32.72216932330968],[151.93916406073842,-32.73421443309229],[151.9580527919552,-32.7138370049838],[151.97830154123338,-32.69278311990093],[151.9528356895379,-32.68198229287575],[151.94250395544174,-32.67527894670339],[151.95776299852054,-32.67309817844507],[151.96694871662822,-32.679722865564194],[151.97000316465062,-32.66721998166042],[151.98112415881852,-32.667925657267276],[151.98831228460665,-32.659235369036296],[151.99257072499523,-32.66767788346021],[152.02722235367318,-32.665831007848894],[152.051270299862,-32.67512126366205],[152.06222635242258,-32.68083007618191],[152.06693956621743,-32.68916552146395],[152.11416592819685,-32.68138929482765],[152.12028383318113,-32.65944182629765],[152.13528423129225,-32.67277913359096],[152.13801766011454,-32.68492094780519],[152.14639185832593,-32.670275486208375],[152.1541595696921,-32.67666765078694],[152.16451807634883,-32.67972284808035],[152.1834871356227,-32.685701535616175],[152.22491664121688,-32.619436851131304],[152.29103170455556,-32.58480950945281],[152.3540789453553,-32.51472504393583],[152.49970874398375,-32.45717631680851],[152.53916728358587,-32.443870954640325],[152.51634112656257,-32.41004554471078],[152.51605135217645,-32.39071259241243],[152.52404647082597,-32.384661556028895],[152.55134509767512,-32.33334838904386],[152.5335844685685,-32.32288483352697],[152.49749701882197,-32.34222476481891],[152.48007082763544,-32.294973626914704],[152.44555736975974,-32.266944427441054],[152.4780598185389,-32.241663571824354],[152.4719374251425,-32.23027659227641],[152.45185806581185,-32.22102713767767],[152.46082985957898,-32.21499868836553],[152.45723132797232,-32.20638915448609],[152.44528095826558,-32.201389747742176],[152.45971508059725,-32.19666557917773],[152.47341786134106,-32.18645800726617],[152.46972575032814,-32.17777779754963],[152.48167612034723,-32.18028001111996],[152.49023315933388,-32.186159884064274],[152.5077841840101,-32.184552153750055],[152.51028570271833,-32.19361285134922],[152.49900865129482,-32.19264310800786],[152.49166894077948,-32.2044460303983],[152.50527812821784,-32.2063890941288],[152.5058310346217,-32.21805447796293],[152.51361221095542,-32.22527852299763],[152.5211168214681,-32.21888819170864],[152.52999936442208,-32.22388661483576],[152.5211168214681,-32.24299111154867],[152.5084217684969,-32.25596029040907],[152.5301688148385,-32.27165357695301],[152.57031408718052,-32.21474594186384],[152.5055546260207,-32.17444513335327],[152.53011979875888,-32.089891367509466],[152.54707329007405,-32.06020416715031],[152.55630367375974,-32.01787287528201],[152.67202621590073,-31.892256987297493],[152.74360817098642,-31.84638987031584],[152.74130283475145,-31.798176911186477],[152.79672054371719,-31.733184995227496],[152.8066732100404,-31.679167904821334],[152.83851565736856,-31.64006278321768],[152.85003797859025,-31.564166558387765],[152.8572081864992,-31.552535876474895],[152.9313943110309,-31.476389632947292],[152.92607012104924,-31.43385518719987],[152.91694682105904,-31.39944682663628],[152.97339012270945,-31.314772607162297],[152.96749963688828,-31.269169284123087],[152.9769440537394,-31.261485281390723],[152.96055684977077,-31.23138731728522],[152.98250008219426,-31.193056171687708],[152.98832812011597,-31.14861137408242],[153.0552815347528,-31.07166792837004],[153.06500237401335,-31.057501055519513],[153.06472583095402,-31.046667200938085],[153.04276929604015,-31.043889825015693],[153.05416670058557,-30.96476247584509],[153.08680736680392,-30.91697075367546],[153.08583083281022,-30.90722283579569],[153.07330521165076,-30.876591528082475],[153.04110599410703,-30.881666121260253],[153.02040236777808,-30.87466257859599],[153.0147839004094,-30.862460701832973],[152.99784829052874,-30.86406066838384],[153.00108557702896,-30.855337104434522],[152.99825848358373,-30.843393048385412],[153.0089246813366,-30.84904754032951],[153.00451458795095,-30.836011511608383],[153.0018926834175,-30.822380194374364],[153.00089830651353,-30.811577137148717],[153.00088492363898,-30.799696558543154],[152.99113289623742,-30.742111375911083],[152.99137808802416,-30.697694086510054],[152.9974202247938,-30.67915748664751],[152.98820328065065,-30.67216602058056],[152.99688509894017,-30.66709949761351],[153.00999490567523,-30.655001657797268],[153.00203091394462,-30.647383135083974],[153.01773140115205,-30.645591604858087],[153.0022583343462,-30.610060706991593],[153.0114128377725,-30.598431609875213],[153.02961937026012,-30.514584535234583],[153.02360406895946,-30.503055471990624],[153.03083666222574,-30.48888902109963],[153.04033009044463,-30.460477068423124],[153.07360836104448,-30.429446203536237],[153.0941603578093,-30.378057424429674],[153.10806389713397,-30.358055334968647],[153.10833591312183,-30.348889769495955],[153.14193517850137,-30.31361219012831],[153.1400133411916,-30.299433669924262],[153.15794336249934,-30.22325907530623],[153.1637268402756,-30.213410306127326],[153.1558386509371,-30.20676695023739],[153.19305431314527,-30.176391852919068],[153.19166754476575,-30.166114328773006],[153.20338604134173,-30.158476877177094],[153.21191185523872,-30.11302917197749],[153.19999718720263,-30.106668290517383],[153.19972074100983,-30.097220771980037],[153.203551102668,-30.06027829314455],[153.20333704440336,-30.02805522697202],[153.27212312970693,-29.910650498282575],[153.28027432677501,-29.83775770993642],[153.28971876486068,-29.810558186365483],[153.2966615317834,-29.76555489404974],[153.320508847401,-29.692339440888958],[153.33138903800875,-29.682499991726942],[153.33332873667533,-29.673333689871658],[153.32278297993216,-29.674166644377387],[153.3213962078947,-29.664720679175506],[153.3358303187148,-29.60611076640703],[153.3508306793855,-29.536387177613122],[153.36527819419757,-29.480555888905403],[153.36901936861057,-29.428907704800892],[153.36416790061577,-29.42027766175518],[153.37499900634813,-29.364444572167432],[153.34165830595302,-29.33722209128573],[153.36639299166063,-29.252499828037706],[153.45083497259068,-29.14444392075391],[153.44833338414983,-29.115834403911748],[153.43417578017267,-29.111666035874652],[153.46804712423486,-29.011943767768546],[153.58112992271768,-28.874845687666514],[153.56883172122502,-28.873334522461175],[153.5747221637223,-28.85944427685953],[153.58582979496154,-28.864306239959742],[153.60777301288638,-28.83083005246547],[153.59805215145354,-28.76527984804592],[153.61720407973957,-28.71150377965093],[153.63665911520735,-28.633625403535923],[153.602493436147,-28.635554805305105],[153.55833502516384,-28.555834045269584],[153.56500131072266,-28.406943022317027],[153.57554711117083,-28.33520940890532],[153.58610626094617,-28.256942923000164],[153.56666455738988,-28.21472327995272],[153.55471863557142,-28.224644271889275],[153.564176400205,-28.20569736485235],[153.55699275041883,-28.195794269717325],[153.5481415108639,-28.182451220961767],[153.54586730171172,-28.168548267227855],[153.49777149466743,-28.14471991572971],[153.48632940423315,-28.127092018788463],[153.47610474464213,-28.12388696151368],[153.46278537156306,-28.100001479472876],[153.46063161500646,-28.091001331837848],[153.42582832447945,-27.989165406432672],[153.4288961743588,-27.97305569285524],[153.41777075742422,-27.979403770728567],[153.41894349561565,-27.96884572441644],[153.41097948709432,-27.94391744010857],[153.41372633268716,-27.93475050955357],[153.40750145662147,-27.90639002947784],[153.40360865583068,-27.898047570827217],[153.40382263621802,-27.887647111840955],[153.40916465243504,-27.875554664683865],[153.39416429461625,-27.873887295846092],[153.40277028296995,-27.86750145918476],[153.39666583026144,-27.83916675039624],[153.38333308275955,-27.83166689557499],[153.39473053672333,-27.829722844278635],[153.39921643336794,-27.819923144157357],[153.40464760537927,-27.81223260621738],[153.41355688667684,-27.807791597234903],[153.42628314480095,-27.805421095929095],[153.42236365642614,-27.79406511918513],[153.4100029588356,-27.799165376664774],[153.41221473114155,-27.790278110645882],[153.4036844217817,-27.77917302365685],[153.42443705146852,-27.769167508018835],[153.42869557945653,-27.760285739008015],[153.4202722822135,-27.740834751704607],[153.43928586257135,-27.71769741533162],[153.44694665457155,-27.730281104182502],[153.51554989626968,-27.48861010155568],[153.54451177262342,-27.426872323602897],[153.4743968681976,-27.40972139535764],[153.45083497259068,-27.389166942651755],[153.40701094980164,-27.488705006590834],[153.40283273115867,-27.503921427015104],[153.41020362731265,-27.63226161619981],[153.41465824299888,-27.640600796485412],[153.41509972288924,-27.650811625179923],[153.4024671305509,-27.647754405235766],[153.38986124262306,-27.64518298413651],[153.37330457067742,-27.64596506885407],[153.38014042264112,-27.637551199770755],[153.38323941851957,-27.628528307263473],[153.3827980004414,-27.618860663436777],[153.36802502691438,-27.630594490342027],[153.36277664505195,-27.638858726341315],[153.36416790061577,-27.650554898319978],[153.37361227270299,-27.685276419855064],[153.3650062207981,-27.69055554334569],[153.36872957675462,-27.703304187013533],[153.3668210623918,-27.713817105295607],[153.3682390637235,-27.72280531062945],[153.3562306435537,-27.72955483312025],[153.35365335544049,-27.70052484469536],[153.34040977295942,-27.697472898060862],[153.32222114597693,-27.677501408505368],[153.32058908299499,-27.66724960146329],[153.30900433235686,-27.657316839142034],[153.3010092130527,-27.594417150104718],[153.31514005408366,-27.57928833746243],[153.2789321560346,-27.541140864699397],[153.2927687565103,-27.53027530174687],[153.28880463890965,-27.51813133765239],[153.26133656613356,-27.511554618808795],[153.26106453921537,-27.488708933803505],[153.23554954259907,-27.4766672426365],[153.19227399639203,-27.476738417715147],[153.18783721145562,-27.45128195499078],[153.16906884921693,-27.400648113359743],[153.1830615250382,-27.39216800535818],[153.18694984730487,-27.367777006079077],[153.17361267127788,-27.36500096746519],[153.1613902582462,-27.383053651207053],[153.1436162496425,-27.359444852017845],[152.2323989665847,-27.55190649921592],[152.5595721783123,-28.652409790542247],[152.6190609770996,-29.604191656931253],[152.0781054836844,-31.102910806993805],[151.5483015663324,-32.16211357112542],[150.19557973074754,-33.82416651257928],[149.01536716222364,-37.19348541891308],[147.6053636983866,-37.36592066789967]],[[153.14771867884394,-27.40290864682282],[153.15859888688462,-27.40114303896962],[153.15722546085325,-27.39194624109509],[153.14771867884394,-27.40290864682282]],[[153.13250869542566,-27.40221979690365],[153.14771867884394,-27.40290864682282],[153.1439819634367,-27.390501225150228],[153.13250869542566,-27.40221979690365]],[[153.41031062057726,-27.737736662862197],[153.40525850560695,-27.750392951535257],[153.4202722822135,-27.740834751704607],[153.41031062057726,-27.737736662862197]],[[153.4005586023295,-27.7347213103641],[153.40109372647356,-27.72570647054117],[153.38996822632492,-27.72997716749377],[153.4005586023295,-27.7347213103641]],[[153.0397816503509,-27.466005020860514],[153.03428807463433,-27.473601210826576],[153.0433667942859,-27.477620683451715],[153.0397816503509,-27.466005020860514]],[[153.381103596425,-27.881668023973216],[153.39416429461625,-27.873887295846092],[153.38305667888892,-27.86778529598638],[153.381103596425,-27.881668023973216]],[[153.53315886053412,-28.18602785726172],[153.54527430741754,-28.193888223489513],[153.5481415108639,-28.182451220961767],[153.53315886053412,-28.18602785726172]],[[153.55778648075128,-28.870831469880113],[153.56491216513928,-28.881787997755513],[153.56883172122502,-28.873334522461175],[153.55778648075128,-28.870831469880113]],[[152.99688509894017,-30.66709949761351],[152.99084306733997,-30.65265781902235],[152.9852914885053,-30.66134231427966],[152.99688509894017,-30.66709949761351]],[[152.38944850125384,-32.19305435287136],[152.39388980489764,-32.201668960227934],[152.4013810412198,-32.1941675607747],[152.38944850125384,-32.19305435287136]],[[152.05898896665843,-32.647101289908385],[152.0483406595027,-32.65500060611156],[152.051270299862,-32.67512126366205],[152.05898896665843,-32.647101289908385]],[[151.78499058926812,-32.90052941245514],[151.77416835545404,-32.90000148522745],[151.77084186240063,-32.90887044672331],[151.78499058926812,-32.90052941245514]],[[151.38221783342328,-33.47131379566035],[151.36181746595088,-33.49074664127817],[151.3782492472443,-33.48237896901183],[151.38221783342328,-33.47131379566035]],[[151.37651021144885,-33.499938925946545],[151.3818967960585,-33.49117053352446],[151.36181746595088,-33.49074664127817],[151.37651021144885,-33.499938925946545]],[[151.31184434123537,-33.48165744914134],[151.30488369707712,-33.49110732226036],[151.3234245773221,-33.48456207653528],[151.31184434123537,-33.48165744914134]],[[151.19505157191458,-33.501314731169934],[151.18757806602147,-33.50784761068408],[151.20285055581144,-33.50945003771848],[151.19505157191458,-33.501314731169934]],[[151.15919592991418,-33.4751597975952],[151.14694233684241,-33.47222139331249],[151.15501329286874,-33.483591409062704],[151.15919592991418,-33.4751597975952]],[[151.15501329286874,-33.483591409062704],[151.14506500801608,-33.48707608128966],[151.1578225383228,-33.49237171360258],[151.15501329286874,-33.483591409062704]],[[151.14444077759663,-33.563975575179576],[151.15852256824527,-33.56769484628308],[151.1538405884313,-33.55895558127964],[151.14444077759663,-33.563975575179576]],[[151.20039355116296,-33.61265885621215],[151.2109972988574,-33.61848520122529],[151.21022144286042,-33.60887472700545],[151.20039355116296,-33.61265885621215]],[[151.12251090510574,-33.58335039594725],[151.13960267600314,-33.58256283574287],[151.1297435447193,-33.5721532876693],[151.12251090510574,-33.58335039594725]],[[151.16992005178832,-33.83613453038075],[151.1694474036771,-33.84639000244481],[151.1870742428884,-33.84306797555874],[151.16992005178832,-33.83613453038075]],[[151.15696639725078,-33.845464102244435],[151.16336071898283,-33.854229766352624],[151.1694474036771,-33.84639000244481],[151.15696639725078,-33.845464102244435]],[[151.13533078077828,-33.84815649133647],[151.14584534397926,-33.85050813718118],[151.15072808783628,-33.837819810935365],[151.13533078077828,-33.84815649133647]],[[151.1480571170191,-33.86249475533348],[151.15211484143356,-33.87119201103196],[151.15881248502978,-33.8637499676871],[151.1480571170191,-33.86249475533348]],[[151.1151266155672,-33.85336696377883],[151.12599349892866,-33.854633484969646],[151.12521308399138,-33.84479745726897],[151.1151266155672,-33.85336696377883]],[[151.01678559566705,-33.975922907143136],[151.02810725274568,-33.987122780857185],[151.03207586506505,-33.97658111418263],[151.01678559566705,-33.975922907143136]],[[151.10556186599473,-34.070870200777975],[151.10560648081733,-34.08247869242306],[151.1188365819816,-34.07058952921694],[151.10556186599473,-34.070870200777975]],[[150.43278608126155,-35.36000109890473],[150.42582543592007,-35.37166624973219],[150.43278608126155,-35.37888703071049],[150.43278608126155,-35.36000109890473]],[[150.17170570918609,-35.691326322431486],[150.1672198812245,-35.69999948665843],[150.1783274656411,-35.69944547626851],[150.17170570918609,-35.691326322431486]],[[150.1186201122223,-36.118330183055505],[150.10667419009357,-36.13249941978971],[150.1220224139179,-36.129261666778966],[150.1186201122223,-36.118330183055505]],[[150.12869316802963,-36.26723136225925],[150.11471393829763,-36.271387345958686],[150.123672261718,-36.278221217168245],[150.12869316802963,-36.26723136225925]],[[150.03250144577902,-36.348610016474325],[150.03195297807338,-36.35833505964838],[150.04194589989524,-36.3538892863912],[150.03250144577902,-36.348610016474325]],[[149.95176496574055,-36.704014509331046],[149.9610889914181,-36.71056723342957],[149.9661857406723,-36.6980976517059],[149.95176496574055,-36.704014509331046]],[[149.87721330261357,-36.89148757122543],[149.89276214737185,-36.90813668066023],[149.90077071621755,-36.8972861090389],[149.87721330261357,-36.89148757122543]],[[149.88340699727894,-36.95027628021464],[149.8755188678824,-36.95894233559749],[149.88697868457737,-36.9591168644901],[149.88340699727894,-36.95027628021464]],[[149.91012593364263,-36.97678784383793],[149.88697868457737,-36.9591168644901],[149.8868093070716,-36.977037261492974],[149.91012593364263,-36.97678784383793]],[[149.934998790384,-37.230276318602066],[149.92166161061783,-37.251110657194566],[149.93388404640845,-37.24416773461573],[149.934998790384,-37.230276318602066]],[[148.12049691216237,-37.83446385186733],[148.10882746273612,-37.82603238818035],[148.1041275857961,-37.83603809756505],[148.12049691216237,-37.83446385186733]],[[153.36680765705395,-27.76251515102647],[153.37574820413715,-27.753837966118034],[153.36525147367377,-27.752464719273014],[153.35221745312398,-27.75444568406552],[153.36680765705395,-27.76251515102647]],[[153.54510485502666,-28.22970458862856],[153.54722734060135,-28.24111304324346],[153.55528049908594,-28.23415973126591],[153.55471863557142,-28.224644271889275],[153.54510485502666,-28.22970458862856]],[[152.39778255668855,-32.21166736669629],[152.39388980489764,-32.201668960227934],[152.37983915139756,-32.20344615908272],[152.387071861397,-32.21066758642817],[152.39778255668855,-32.21166736669629]],[[152.16833510954743,-32.6597196294807],[152.16854913192878,-32.64931650578972],[152.15777596989093,-32.66110865158894],[152.16722028326953,-32.67027544720981],[152.16833510954743,-32.6597196294807]],[[151.34750372190442,-33.52694134011686],[151.35944970555846,-33.51778162025411],[151.35227942805642,-33.50917122342819],[151.34306246773104,-33.51743961679962],[151.34750372190442,-33.52694134011686]],[[151.11160391324145,-33.82901538140552],[151.10058552694662,-33.82825977377432],[151.09158259060604,-33.83387144685497],[151.116607089683,-33.83722347725889],[151.11160391324145,-33.82901538140552]],[[151.1230459863296,-33.99711980272021],[151.11443993346654,-34.003334074313976],[151.11721796598968,-34.014999756737694],[151.13166993465214,-34.00500118062259],[151.1230459863296,-33.99711980272021]],[[151.0503403804223,-33.98449030570361],[151.04853884082425,-33.99587021973548],[151.0582418865018,-34.000029198814374],[151.06265196477005,-33.98775139255787],[151.0503403804223,-33.98449030570361]],[[150.07290542090658,-36.065848566053475],[150.07333350752018,-36.07499977224421],[150.092498704702,-36.071665968601465],[150.0841824336175,-36.06479240587536],[150.07290542090658,-36.065848566053475]],[[149.1391607356173,-37.749721044876516],[149.12288056135466,-37.73975303424988],[149.11999553939418,-37.757220015304334],[149.13888423007742,-37.76861329097327],[149.1391607356173,-37.749721044876516]],[[148.50845205136775,-37.76784483902749],[148.48291032343542,-37.77555693048177],[148.48306192892707,-37.78527700707982],[148.50410444847208,-37.77974750854858],[148.50845205136775,-37.76784483902749]],[[153.5070642817818,-28.223764220778918],[153.51722656597354,-28.22185472554878],[153.50984225161957,-28.21484119122782],[153.5111086344493,-28.203335653862744],[153.4988862170013,-28.211666286735554],[153.5070642817818,-28.223764220778918]],[[151.7950904969247,-32.89124027484762],[151.78944524232273,-32.86083110819519],[151.80888249510778,-32.833611402260736],[151.78250240580044,-32.82721917771826],[151.7838133806634,-32.89104179620026],[151.7950904969247,-32.89124027484762]],[[151.23018039837507,-33.794233453802676],[151.2176056577489,-33.79154306095742],[151.22381725925536,-33.803274893856184],[151.23168756988264,-33.810770350261045],[151.23936613905576,-33.803989996791096],[151.23018039837507,-33.794233453802676]],[[150.46360734644324,-35.25302337389143],[150.4719369483097,-35.246388526887706],[150.45633009279325,-35.24520494484851],[150.45277624205355,-35.256111187841014],[150.47141976334663,-35.25941003309959],[150.46360734644324,-35.25302337389143]],[[149.74861284365684,-37.49750306396325],[149.71278390111792,-37.49611270586455],[149.70138650685254,-37.50972506684929],[149.7216665068804,-37.518613501660866],[149.7335812183387,-37.52413766880041],[149.74861284365684,-37.49750306396325]],[[151.35347006091732,-33.499667550780615],[151.3498536831655,-33.48703888870379],[151.33801476942412,-33.48223019987277],[151.3234245773221,-33.48456207653528],[151.33322123998872,-33.4910403754071],[151.34208597251336,-33.50611126303651],[151.35347006091732,-33.499667550780615]],[[151.19801243890797,-33.84704923724916],[151.1870742428884,-33.84306797555874],[151.18849226102438,-33.85490374325385],[151.18960697964778,-33.86511621339628],[151.2002553574567,-33.85639241377143],[151.2100073805553,-33.849167512145286],[151.19801243890797,-33.84704923724916]],[[151.0919660486095,-33.9927795677132],[151.08183498746124,-33.98952235871846],[151.06971958168631,-33.994731565656394],[151.07046426622466,-34.00743714195644],[151.0898434893264,-34.00421010734116],[151.10122762342857,-34.00191083053173],[151.0919660486095,-33.9927795677132]],[[150.10695064793074,-36.20999964415821],[150.0952767030404,-36.21416944701886],[150.0952767030404,-36.2277782297484],[150.1052695775034,-36.22250121934641],[150.12121528546072,-36.21928154643085],[150.11833030120192,-36.20971904857798],[150.10695064793074,-36.20999964415821]],[[152.42875548425363,-32.20500816431317],[152.41471828131574,-32.19749951012313],[152.42666414071925,-32.2141687351347],[152.42443910750933,-32.2230567141457],[152.43556005495716,-32.22027643679217],[152.44722068391374,-32.21111283636318],[152.44528095826558,-32.201389747742176],[152.42875548425363,-32.20500816431317]],[[151.35333182386194,-33.47444569313386],[151.36055110729114,-33.43916665200771],[151.34446709672596,-33.44707343419809],[151.33262822218234,-33.429212432929916],[151.31575051417727,-33.45583512460608],[151.3248738007698,-33.474799012641135],[151.33538835903403,-33.472425958012444],[151.35333182386194,-33.47444569313386]],[[150.88041737967734,-34.49884623857935],[150.84943998474637,-34.48416364284407],[150.81778040260755,-34.50124229315713],[150.80625803761984,-34.54176553277628],[150.80688683644343,-34.55384889186481],[150.81980924008303,-34.55527380274357],[150.864351200861,-34.538187887300076],[150.85817095660263,-34.530595137334814],[150.88041737967734,-34.49884623857935]],[[149.79249480878897,-37.537776678011696],[149.8005523905292,-37.50194636964237],[149.77416793958122,-37.495557292771956],[149.7766739806285,-37.51388821469539],[149.754712850499,-37.515557622449066],[149.74555836859102,-37.52527640904966],[149.76666322078827,-37.54666528150045],[149.78054887985724,-37.55555639757716],[149.79249480878897,-37.537776678011696]],[[152.511792865672,-32.37772879293486],[152.50631710256977,-32.38635977247857],[152.4863894102396,-32.37444496623211],[152.47694502907967,-32.369168621913126],[152.4722273123924,-32.38583258940933],[152.45962586272833,-32.38094861539785],[152.46222108059362,-32.39110798186529],[152.49667204089943,-32.39277596736503],[152.51605135217645,-32.39071259241243],[152.511792865672,-32.37772879293486]],[[153.357635263577,-27.74013227077295],[153.3683015024105,-27.741485927058157],[153.37574820413715,-27.753837966118034],[153.38026521662223,-27.745116692310415],[153.39170732589727,-27.73935477632674],[153.38041682295707,-27.733185988421955],[153.38996822632492,-27.72997716749377],[153.38082710529744,-27.722501330557616],[153.3697818621504,-27.731946698080865],[153.3562306435537,-27.72955483312025],[153.357635263577,-27.74013227077295]],[[151.15306021275097,-33.50972520595663],[151.14893996808297,-33.5227258969171],[151.14025808891324,-33.52897095368325],[151.13591052925767,-33.541842411223854],[151.14721880870016,-33.55182830084415],[151.15718038763012,-33.54788535582311],[151.14668364496617,-33.54281241308586],[151.15363984890803,-33.53421562644111],[151.173340213471,-33.52138766043695],[151.17672915148313,-33.50785875307474],[151.15306021275097,-33.50972520595663]],[[151.64198281580093,-33.071670751807154],[151.64750762215826,-33.061943658700606],[151.6342774767067,-33.05736179900223],[151.65205588329454,-33.052652759259885],[151.64494360012876,-33.03110719687911],[151.63038468248308,-32.99580225916435],[151.6454296680834,-32.980310217676745],[151.61250372097732,-32.96361086278835],[151.6152326302235,-32.99500938078683],[151.60731330813456,-33.001475428289424],[151.59529154920182,-32.99496075403402],[151.58999416540343,-33.004164199124006],[151.6104747871286,-33.03114839666269],[151.59263392208402,-33.033952081710225],[151.59876962521417,-33.05176318815779],[151.58648480565753,-33.05036535212628],[151.58419733002054,-33.070687959345804],[151.55152992721492,-33.061457769549975],[151.5369397499028,-33.07962577019856],[151.52658125298876,-33.08329105131607],[151.52506964593357,-33.073867907360416],[151.50112867929823,-33.0855999673578],[151.51049729983416,-33.09358733104946],[151.52871716550334,-33.10583596117778],[151.54836840546673,-33.09024749674536],[151.564559417306,-33.10925366423911],[151.5375506188019,-33.11523705117406],[151.54226842032753,-33.12464833461554],[151.51396202064868,-33.136186887683955],[151.53268574085942,-33.15556391072779],[151.5426786199036,-33.15010588953877],[151.5585485865936,-33.17037935690461],[151.57136399780669,-33.15810238757728],[151.56106351558273,-33.14849306841684],[151.56054623103344,-33.133464855986645],[151.57939036379923,-33.125118799023],[151.5887589415292,-33.150710685718515],[151.59905952757384,-33.15951716185802],[151.6315619001802,-33.075620284242106],[151.64064056433895,-33.08146772652601],[151.64198281580093,-33.071670751807154]]]}]},"id":"00000000000000000001","properties":{"Id":0,"nomi":"Fasliy nam o'rmonlar (musson o'rmonlar)"}},{"type":"Feature","geometry":{"type":"GeometryCollection","geometries":[{"type":"Point","coordinates":[139.7244421381272,-37.088056251612635]},{"type":"Point","coordinates":[139.49389769239997,-35.96055637480623]},{"type":"Point","coordinates":[139.48170653455466,-35.95997891217413]},{"type":"Point","coordinates":[144.68528571442712,-38.22828056582709]},{"type":"Point","coordinates":[145.10000443992087,-38.524722522712956]},{"type":"Point","coordinates":[145.40434255561553,-38.47054272650436]},{"type":"Point","coordinates":[145.40695114043578,-38.40389022615556]},{"type":"Point","coordinates":[148.09852693311123,-37.85597150116178]},{"type":"Point","coordinates":[146.72721962376883,-38.698332058923306]},{"type":"Point","coordinates":[146.68636977704796,-38.69916380838918]},{"type":"Point","coordinates":[146.65861627678746,-39.49499987233965]},{"type":"Point","coordinates":[146.74107404865038,-39.37926548052061]},{"type":"Point","coordinates":[146.54045010207867,-39.2298249287428]},{"type":"Point","coordinates":[146.3066728622251,-39.15222058917324]},{"type":"Point","coordinates":[146.29579264424788,-39.15687128888934]},{"type":"Point","coordinates":[146.22476364403354,-38.972609748221544]},{"type":"Point","coordinates":[146.3177046792624,-38.88025883701687]},{"type":"Point","coordinates":[146.506239925129,-38.91216959033373]},{"type":"Point","coordinates":[146.36932320341282,-38.84482607105766]},{"type":"Point","coordinates":[146.2763822094974,-38.77222157902462]},{"type":"Point","coordinates":[146.3286115887509,-38.70694474525618]},{"type":"Point","coordinates":[146.53750715890675,-38.71666638210922]},{"type":"Point","coordinates":[146.57409855084916,-38.71748045840923]},{"type":"Point","coordinates":[146.6600031075602,-38.922220497508754]},{"type":"Point","coordinates":[146.67507928298704,-38.939002367976364]},{"type":"Point","coordinates":[146.68212915677384,-38.955988372495895]},{"type":"Point","coordinates":[146.7046966567554,-38.949656406993675]},{"type":"Point","coordinates":[147.01902765250622,-39.21651165180519]},{"type":"Point","coordinates":[147.12361135013398,-39.507221193723765]},{"type":"Point","coordinates":[147.1275042070535,-39.51777552620469]},{"type":"Point","coordinates":[147.24472051955385,-39.82083451738674]},{"type":"Point","coordinates":[147.82542485196305,-39.82078664707027]},{"type":"Point","coordinates":[147.77000264715844,-39.83583360264558]},{"type":"Point","coordinates":[147.76861589040234,-39.952778777433224]},{"type":"Point","coordinates":[147.72183096179322,-40.130026409428375]},{"type":"Point","coordinates":[147.73579243753244,-40.11943271226777]},{"type":"Point","coordinates":[147.89196801827103,-40.1370049840001]},{"type":"Point","coordinates":[147.94471912599462,-40.131383261394255]},{"type":"Point","coordinates":[147.91647521462872,-40.12229011066933]},{"type":"Point","coordinates":[147.89179858187273,-40.100051547875616]},{"type":"Point","coordinates":[147.84213311119913,-40.032435243395575]},{"type":"Point","coordinates":[148.06753614719503,-40.287825461412254]},{"type":"Point","coordinates":[148.28019513503943,-40.256637349778515]},{"type":"Point","coordinates":[148.49528434306774,-40.43346699073787]},{"type":"Point","coordinates":[148.30499224263178,-41.39722102992386]},{"type":"Point","coordinates":[148.3463904973735,-41.3469435366978]},{"type":"Point","coordinates":[147.93629587887594,-40.7618937739836]},{"type":"Point","coordinates":[148.07916110494756,-40.725555962572315]},{"type":"Point","coordinates":[148.33259407096907,-40.925040235121024]},{"type":"Point","coordinates":[148.0516529085331,-40.34327317948164]},{"type":"Point","coordinates":[148.02633858408342,-40.43674220966383]},{"type":"Point","coordinates":[148.0208137589285,-40.48553584702401]},{"type":"Point","coordinates":[147.96861103306296,-40.723403313641114]},{"type":"Point","coordinates":[147.89850062940008,-40.379740887506316]},{"type":"Point","coordinates":[147.92115725359253,-40.336387185796454]},{"type":"Point","coordinates":[147.26731930730585,-40.83194240382653]},{"type":"Point","coordinates":[147.62605392734739,-40.823088682106544]},{"type":"Point","coordinates":[146.8613894905711,-41.148057439244404]},{"type":"Point","coordinates":[146.4252760087027,-41.14555583457137]},{"type":"Point","coordinates":[145.57975911320702,-40.902274332609444]},{"type":"Point","coordinates":[144.9666594526327,-40.730557153384275]},{"type":"Point","coordinates":[144.68139741902783,-40.566942446940544]},{"type":"Point","coordinates":[144.68611068012103,-40.606945186037606]},{"type":"Point","coordinates":[144.6705617677615,-40.67194203454737]},{"type":"Point","coordinates":[144.70416109802022,-40.64416647766909]},{"type":"Point","coordinates":[144.7458358688863,-40.66222477746285]},{"type":"Point","coordinates":[144.7804562700184,-40.60504937901025]},{"type":"Point","coordinates":[144.7373368282925,-40.619946924286275]},{"type":"Point","coordinates":[144.81040809979774,-40.57527822332064]},{"type":"Point","coordinates":[144.93882573265196,-40.563304378619215]},{"type":"Point","coordinates":[144.34971609850288,-40.47388857074868]},{"type":"Point","coordinates":[144.16416844229556,-39.83036860199337]},{"type":"Point","coordinates":[144.15167403633845,-40.24388856725123]},{"type":"Point","coordinates":[141.67004606061744,-38.40659828379304]},{"type":"LineString","coordinates":[[139.59944019690346,-36.08583282131527],[139.58721781418467,-36.08471933235466]]},{"type":"LineString","coordinates":[[144.92451652828927,-40.57921367847317],[144.9311962285847,-40.5708716976686]]},{"type":"LineString","coordinates":[[147.82115300686118,-37.94138364219539],[147.8357253210775,-37.93572519354869]]},{"type":"LineString","coordinates":[[139.42138830684164,-35.92107167345199],[139.43472099635008,-35.918334407554376],[139.46905609745704,-35.94284001846152]]},{"type":"LineString","coordinates":[[147.8846907257947,-37.90326763365217],[147.8815158928561,-37.889174892471495]]},{"type":"LineString","coordinates":[[147.7705555715454,-39.93583249462307],[147.7772219679473,-39.94389078823875]]},{"type":"LineString","coordinates":[[146.69139073817635,-38.710556583743106],[146.69583195186797,-38.71888605057697],[146.70582482700294,-38.709999871698706],[146.69139073817635,-38.710556583743106]]},{"type":"LineString","coordinates":[[139.5594465312103,-36.04611157045635],[139.55583014592855,-36.03694616884273]]},{"type":"LineString","coordinates":[[146.54638524698646,-41.14861142854826],[146.56195193954736,-41.15444693570705]]},{"type":"LineString","coordinates":[[148.30954054037954,-40.30269149148832],[148.3183427820914,-40.30915924995552]]},{"type":"LineString","coordinates":[[147.76861589040234,-39.90972284953531],[147.7780602856876,-39.89777784613542]]},{"type":"LineString","coordinates":[[146.56832845935463,-41.20888848357667],[146.58332880913252,-41.21111258554351],[146.58361868583484,-41.22166839084413]]},{"type":"LineString","coordinates":[[146.50685084949527,-39.2369192942462],[146.5063915017162,-39.227500328802144]]},{"type":"LineString","coordinates":[[145.0263846275277,-40.758887766001564],[145.03889242246584,-40.75416569617133],[145.02555973651334,-40.74944329756807],[145.0263846275277,-40.758887766001564]]},{"type":"LineString","coordinates":[[139.5430593205944,-36.011665479527906],[139.53333848580988,-36.003888472862876],[139.53846644204373,-35.9943610253317]]},{"type":"LineString","coordinates":[[146.73548672616883,-38.671676499320604],[146.74679504926038,-38.66450442546801]]},{"type":"LineString","coordinates":[[145.209105253657,-38.327728552591985],[145.2035982564675,-38.33581909079689]]},{"type":"LineString","coordinates":[[147.7708275764188,-39.9258344118581],[147.77999996496888,-39.91944634103896]]},{"type":"LineString","coordinates":[[146.74790982392219,-38.67688443654593],[146.75773765418347,-38.670628595885425]]},{"type":"LineString","coordinates":[[146.56805195844595,-41.171943480875235],[146.56889470517964,-41.16277617449879]]},{"type":"LineString","coordinates":[[146.23623692107807,-39.11203520710839],[146.2382345342647,-39.08650697293401],[146.22128103315148,-39.07482128192679]]},{"type":"LineString","coordinates":[[147.37361088720846,-39.44889238428107],[147.3819449440468,-39.44250139204243]]},{"type":"LineString","coordinates":[[147.6733383061358,-39.68694136193569],[147.6863855669849,-39.68500255386664]]},{"type":"LineString","coordinates":[[139.62750133081252,-36.12194300116996],[139.6372221910732,-36.1286133885782]]},{"type":"LineString","coordinates":[[148.35360534864733,-39.9480546520194],[148.3599996758255,-39.95666518429757]]},{"type":"LineString","coordinates":[[146.36343273144516,-39.13199239965582],[146.36750838011085,-39.140531857796695]]},{"type":"LineString","coordinates":[[146.99443122848638,-39.21251440127715],[147.00111543216605,-39.20388686296493]]},{"type":"LineString","coordinates":[[146.8294355844942,-38.645557776973504],[146.84316956757178,-38.65189595039846]]},{"type":"LineString","coordinates":[[144.65194502476027,-40.38277752430067],[144.65333626530705,-40.373334247910655]]},{"type":"LineString","coordinates":[[144.72363399307883,-40.60757481776822],[144.71687405406263,-40.598840213601186]]},{"type":"LineString","coordinates":[[146.38124237036268,-39.234183915975024],[146.38885403640765,-39.22492341151084]]},{"type":"LineString","coordinates":[[146.64619323007807,-38.68399261864575],[146.65858510843128,-38.686999945463]]},{"type":"LineString","coordinates":[[143.82499586374504,-39.68472461203866],[143.8358135989361,-39.68821786209794]]},{"type":"LineString","coordinates":[[148.20608492866714,-40.24712872373449],[148.21481134203384,-40.25416337966438]]},{"type":"LineString","coordinates":[[146.64283558649086,-39.48076984864755],[146.65167351697264,-39.463610853550705]]},{"type":"LineString","coordinates":[[146.2936567235808,-38.85528587931824],[146.2959442248144,-38.84639236723867]]},{"type":"LineString","coordinates":[[143.8266768564169,-39.67542438611419],[143.83804317001923,-39.66777047033278]]},{"type":"LineString","coordinates":[[144.82931468472466,-40.702116406074076],[144.84161285468377,-40.696531570190324]]},{"type":"LineString","coordinates":[[148.24471853334663,-40.227487849135755],[148.25807354202612,-40.22212900190579]]},{"type":"LineString","coordinates":[[146.61250471659375,-38.75777875239011],[146.63999959966537,-38.74444589689657]]},{"type":"LineString","coordinates":[[146.31797668384195,-39.137782335556615],[146.32939194561288,-39.14043155946997]]},{"type":"LineString","coordinates":[[146.23934933919318,-39.0204827606305],[146.2429211183759,-39.02930943420733]]},{"type":"LineString","coordinates":[[144.6836091484569,-40.6250000199099],[144.69750809912657,-40.63600854812947]]},{"type":"LineString","coordinates":[[146.78694028726338,-38.67888959735331],[146.82101231149298,-38.679317723741185]]},{"type":"LineString","coordinates":[[147.97196870213614,-40.17349542343114],[147.97504999307858,-40.18260897852301]]},{"type":"LineString","coordinates":[[147.7916739216093,-40.302905734363634],[147.7978987325556,-40.31073362240578]]},{"type":"LineString","coordinates":[[147.92779690081684,-37.8780677005456],[147.93330385833895,-37.88628562834587]]},{"type":"LineString","coordinates":[[147.9033342097118,-37.89000537495426],[147.89204376639375,-37.88277333326731]]},{"type":"LineString","coordinates":[[148.09356841222746,-40.736017478730304],[148.10630806452502,-40.7417678401305]]},{"type":"LineString","coordinates":[[146.8144396027513,-38.66166676454327],[146.82612693419412,-38.66340423288027]]},{"type":"LineString","coordinates":[[148.07405090129558,-40.48500001887525],[148.07676654263733,-40.49436662967876]]},{"type":"LineString","coordinates":[[147.63444601069332,-40.7883339933176],[147.64443887434848,-40.78210138509397]]},{"type":"LineString","coordinates":[[147.98117232427728,-40.369271142840056],[147.98741059051054,-40.36136167321831]]},{"type":"LineString","coordinates":[[148.02024741576182,-40.357845000440804],[148.0247021278339,-40.348992843824]]},{"type":"LineString","coordinates":[[147.98194821639092,-39.64583373432579],[147.98333944997952,-39.6366656444818]]},{"type":"LineString","coordinates":[[146.84086425162303,-38.67232400862714],[146.84075718854788,-38.66315006138123]]},{"type":"LineString","coordinates":[[146.47152583693327,-38.71297831135602],[146.4831239413868,-38.71250506409039]]},{"type":"LineString","coordinates":[[144.94167958203195,-40.62586978485528],[144.9292163655702,-40.631622938686256]]},{"type":"LineString","coordinates":[[144.68487551776926,-38.245789278530935],[144.6962729281599,-38.24899349802378]]},{"type":"LineString","coordinates":[[147.28443775112268,-39.446110180345926],[147.27250520792796,-39.44583471030527]]},{"type":"LineString","coordinates":[[144.96476874731255,-40.650560879348696],[144.95277386599008,-40.62916606289877]]},{"type":"LineString","coordinates":[[144.79106008616642,-40.4224964281593],[144.78608817164954,-40.39987071888737]]},{"type":"LineString","coordinates":[[145.11138851115666,-38.51999888853031],[145.12466328025565,-38.518652228034796]]},{"type":"LineString","coordinates":[[145.3358151066198,-38.540265730425794],[145.3469226752818,-38.54288851935965]]},{"type":"LineString","coordinates":[[148.1496104134359,-40.455837058031776],[148.13874800252395,-40.46092631494436]]},{"type":"LineString","coordinates":[[148.4482096202278,-40.39009693207773],[148.4434829794427,-40.38010773759146]]},{"type":"LineString","coordinates":[[148.3377398914463,-40.29883500883992],[148.3321704090671,-40.29088329855932]]},{"type":"LineString","coordinates":[[143.915555644807,-40.143611318492354],[143.9275373037166,-40.156413081115765]]},{"type":"LineString","coordinates":[[147.95358381212023,-40.07810934814664],[147.9602501669616,-40.09457689001954]]},{"type":"LineString","coordinates":[[147.97166548685942,-39.75444332493857],[147.9719374785561,-39.74444612690789]]},{"type":"LineString","coordinates":[[148.3309174324432,-41.28468950096269],[148.33027533842554,-41.27555476728095]]},{"type":"LineString","coordinates":[[148.2905581225306,-41.03888664468091],[148.29492358904108,-41.047610543726606]]},{"type":"LineString","coordinates":[[148.33586259965227,-40.988619154799025],[148.3480671292375,-40.991628250781524]]},{"type":"LineString","coordinates":[[148.17669497445124,-40.835289177399126],[148.17360037762467,-40.82636173852612]]},{"type":"LineString","coordinates":[[148.13610826045056,-40.83261042792558],[148.12861692256982,-40.825541797886856],[148.1209427778123,-40.8153407677248]]},{"type":"LineString","coordinates":[[147.95138550269903,-40.77722226767446],[147.93905608866592,-40.771164229484036]]},{"type":"LineString","coordinates":[[147.75686612143173,-40.8635751881487],[147.7626629668025,-40.85524851451308]]},{"type":"LineString","coordinates":[[146.8002774857104,-41.060001636514876],[146.78750665613927,-41.060553057362426]]},{"type":"LineString","coordinates":[[145.2918528366254,-40.82258254057682],[145.28611839718047,-40.801529899040304]]},{"type":"LineString","coordinates":[[145.23848182921387,-40.79452548355011],[145.25222921847836,-40.79000178214126]]},{"type":"LineString","coordinates":[[145.13305525095572,-40.79878899441503],[145.09750286006815,-40.79694253368642]]},{"type":"LineString","coordinates":[[139.7438972655503,-37.1641001583914],[139.74360738352888,-37.15499913668387]]},{"type":"LineString","coordinates":[[141.0088951486851,-38.06527881010369],[140.99777417862046,-38.06194353105968]]},{"type":"LineString","coordinates":[[141.61833387850206,-38.35278083878216],[141.6239791199704,-38.344352913330546]]},{"type":"LineString","coordinates":[[144.49119443701719,-38.28989769935103],[144.5026855377021,-38.289796173859784]]},{"type":"LineString","coordinates":[[144.63691788991258,-38.27312782840272],[144.6643814370418,-38.268412220415286]]},{"type":"LineString","coordinates":[[144.70947191729334,-38.201377232913266],[144.6938917731549,-38.21694443788476]]},{"type":"LineString","coordinates":[[144.65695261779908,-38.31000170483579],[144.6527699484137,-38.301110463583996]]},{"type":"LineString","coordinates":[[145.02741919952396,-38.480984025422686],[145.03639089088023,-38.48666655834528]]},{"type":"LineString","coordinates":[[145.42277646161332,-38.41416643312801],[145.41833517792168,-38.405833086377825]]},{"type":"LineString","coordinates":[[145.3697221097186,-38.52740164534494],[145.35774042753914,-38.517821880114354]]},{"type":"LineString","coordinates":[[146.31350867341195,-39.03341064118072],[146.30380115973531,-39.03887614004564]]},{"type":"LineString","coordinates":[[146.66583116548063,-38.6674987068259],[146.65179390046995,-38.674291002129465]]},{"type":"LineString","coordinates":[[146.78189261467693,-38.65338989354833],[146.79443163992383,-38.656165201922335]]},{"type":"LineString","coordinates":[[147.69191042717972,-37.99786360204143],[147.71208343516744,-37.99498215523692]]},{"type":"LineString","coordinates":[[147.76504411584875,-37.963612402091826],[147.77610713587063,-37.9613870583539]]},{"type":"LineString","coordinates":[[147.9015817801192,-37.90917839241734],[147.93797256697084,-37.89464343765883]]},{"type":"LineString","coordinates":[[147.950377738493,-37.89475596600088],[147.96794214836265,-37.88816138454964],[147.97929504198441,-37.88936492813008]]},{"type":"LineString","coordinates":[[147.7448132111969,-37.96511003290915],[147.74278433389003,-37.956113322733444]]},{"type":"LineString","coordinates":[[147.71185155367513,-37.92895487205888],[147.72024356301515,-37.919489417453775]]},{"type":"LineString","coordinates":[[147.68445035959036,-37.88812621203592],[147.68925280444776,-37.876793542053406],[147.73445026123403,-37.8577776228212]]},{"type":"LineString","coordinates":[[147.67666473326057,-37.88139018155286],[147.68925280444776,-37.876793542053406]]},{"type":"LineString","coordinates":[[147.802536290912,-37.85138743493122],[147.7951653750738,-37.85938300531208]]},{"type":"LineString","coordinates":[[139.3858358891447,-35.84722283002128],[139.37466585759537,-35.84407820742501]]},{"type":"LineString","coordinates":[[139.42610156874164,-35.91207235640271],[139.43472099635008,-35.918334407554376]]},{"type":"LineString","coordinates":[[139.35434121238058,-35.872111763131336],[139.37167380151647,-35.861668566305106]]},{"type":"Polygon","coordinates":[[[147.9878832232418,-37.88174563371571],[147.97276247793013,-37.87965858003026],[147.97929504198441,-37.88936492813008],[147.9878832232418,-37.88174563371571]]]},{"type":"Polygon","coordinates":[[[146.90435739568414,-38.618711877324166],[146.889450576832,-38.61388634409001],[146.878677422316,-38.624818963897035],[146.90435739568414,-38.618711877324166]]]},{"type":"Polygon","coordinates":[[[148.32556204649475,-39.93860874624909],[148.3219457440779,-39.959720861928766],[148.35360534864733,-39.9480546520194],[148.32556204649475,-39.93860874624909]]]},{"type":"Polygon","coordinates":[[[147.98527466379673,-39.76111067378867],[147.97166548685942,-39.75444332493857],[147.9680491719702,-39.76305417576745],[147.98527466379673,-39.76111067378867]]]},{"type":"Polygon","coordinates":[[[146.44290281219023,-38.72800418841929],[146.47152583693327,-38.71297831135602],[146.4437857828098,-38.715285099573094],[146.44290281219023,-38.72800418841929]]]},{"type":"Polygon","coordinates":[[[148.2289422314551,-40.24340186504011],[148.2341772781967,-40.254908658603874],[148.26629614450965,-40.252182692183666],[148.2289422314551,-40.24340186504011]]]},{"type":"Polygon","coordinates":[[[148.13432457707933,-40.29579112873172],[148.1582164638678,-40.29632169241168],[148.14322048499702,-40.28947517363026],[148.13432457707933,-40.29579112873172]]]},{"type":"Polygon","coordinates":[[[147.97504999307858,-40.18260897852301],[147.97826945661632,-40.19422487669386],[147.9863760421762,-40.18697627836656],[147.97504999307858,-40.18260897852301]]]},{"type":"Polygon","coordinates":[[[148.09726057790553,-40.31003652458902],[148.11187751388184,-40.30801334141703],[148.1153109846259,-40.296478137960385],[148.09726057790553,-40.31003652458902]]]},{"type":"Polygon","coordinates":[[[147.8977960118963,-40.18967071081163],[147.91618533061924,-40.18783126785106],[147.91074971555344,-40.177536213123496],[147.8977960118963,-40.18967071081163]]]},{"type":"Polygon","coordinates":[[[148.303895308014,-40.506356200375905],[148.3056967659616,-40.51663169155676],[148.316331711471,-40.49775754893378],[148.303895308014,-40.506356200375905]]]},{"type":"Polygon","coordinates":[[[147.91040194255604,-40.266678927451444],[147.92132669738396,-40.28297143986374],[147.93358034933757,-40.25778083078231],[147.91040194255604,-40.266678927451444]]]},{"type":"Polygon","coordinates":[[[147.98741059051054,-40.36136167321831],[148.00939843506762,-40.364786523217674],[148.02024741576182,-40.357845000440804],[147.98741059051054,-40.36136167321831]]]},{"type":"Polygon","coordinates":[[[148.0565043816736,-40.469193856175956],[148.0595543900138,-40.47958358664457],[148.07405090129558,-40.48500001887525],[148.0565043816736,-40.469193856175956]]]},{"type":"Polygon","coordinates":[[[147.7861311920498,-40.29450554019205],[147.7916739216093,-40.302905734363634],[147.79971366369813,-40.29445111991917],[147.7861311920498,-40.29450554019205]]]},{"type":"Polygon","coordinates":[[[148.10630806452502,-40.7417678401305],[148.12771620287901,-40.72900271933384],[148.11384394845913,-40.728874332722924],[148.10630806452502,-40.7417678401305]]]},{"type":"Polygon","coordinates":[[[145.3469226752818,-38.54288851935965],[145.34777881832784,-38.56360911709423],[145.36152620836657,-38.565512815715614],[145.3469226752818,-38.54288851935965]]]},{"type":"Polygon","coordinates":[[[144.76333782644565,-38.26666525253143],[144.77278225389279,-38.27833316886268],[144.77499389718798,-38.26944494474182],[144.76333782644565,-38.26666525253143]]]},{"type":"Polygon","coordinates":[[[147.61860723734813,-40.80721389001596],[147.63891397674013,-40.80048690341953],[147.63444601069332,-40.7883339933176],[147.61860723734813,-40.80721389001596]]]},{"type":"Polygon","coordinates":[[[144.97694209857684,-40.725833059521314],[144.98167325226913,-40.73416584356834],[144.99194255743674,-40.72944202641268],[144.97694209857684,-40.725833059521314]]]},{"type":"Polygon","coordinates":[[[141.9945081118649,-38.41528450821653],[142.0053258352825,-38.421894511989905],[142.0138873274209,-38.411668281312544],[141.9945081118649,-38.41528450821653]]]},{"type":"Polygon","coordinates":[[[139.37167380151647,-35.861668566305106],[139.38610789082057,-35.85749809702323],[139.3707730151333,-35.852550372510606],[139.37167380151647,-35.861668566305106]]]},{"type":"Polygon","coordinates":[[[139.37277069264155,-35.88864099530673],[139.38082826368807,-35.89555882269348],[139.38806099325402,-35.88277757680725],[139.37277069264155,-35.88864099530673]]]},{"type":"Polygon","coordinates":[[[139.35434121238058,-35.872111763131336],[139.37277069264155,-35.88864099530673],[139.37199485579248,-35.87370164017231],[139.35434121238058,-35.872111763131336]]]},{"type":"Polygon","coordinates":[[[146.84075718854788,-38.66315006138123],[146.8732462334107,-38.64264967460401],[146.85295283521046,-38.64665480665594],[146.84316956757178,-38.65189595039846],[146.84075718854788,-38.66315006138123]]]},{"type":"Polygon","coordinates":[[[146.7892457061885,-38.664668116524],[146.8144396027513,-38.66166676454327],[146.8061055202311,-38.65499866126685],[146.79443163992383,-38.656165201922335],[146.7892457061885,-38.664668116524]]]},{"type":"Polygon","coordinates":[[[147.96750069877473,-39.6638882604427],[148.00944300274176,-39.65277941842855],[147.99360870579352,-39.64416505935583],[147.98194821639092,-39.64583373432579],[147.96750069877473,-39.6638882604427]]]},{"type":"Polygon","coordinates":[[[147.2977749460836,-39.459166369052554],[147.303330943475,-39.45028001426249],[147.28889690466298,-39.43722216782164],[147.28443775112268,-39.446110180345926],[147.2977749460836,-39.459166369052554]]]},{"type":"Polygon","coordinates":[[[147.2708285753727,-39.479720135616326],[147.29638814835192,-39.4683338687672],[147.2977749460836,-39.459166369052554],[147.27194336925297,-39.46638894388879],[147.2708285753727,-39.479720135616326]]]},{"type":"Polygon","coordinates":[[[148.29183791515274,-40.264916391801385],[148.28497533246517,-40.28908060672228],[148.31459264295634,-40.28822339897701],[148.3202379095697,-40.27997452600893],[148.29183791515274,-40.264916391801385]]]},{"type":"Polygon","coordinates":[[[148.33217042013416,-40.49538053711792],[148.33804308771948,-40.51334002854334],[148.3503859107536,-40.51612323917186],[148.34491012589191,-40.49810342595403],[148.33217042013416,-40.49538053711792]]]},{"type":"Polygon","coordinates":[[[144.92451652828927,-40.57921367847317],[144.9232768564111,-40.623835737303835],[144.94167958203195,-40.62586978485528],[144.93788037016324,-40.59124900141366],[144.92451652828927,-40.57921367847317]]]},{"type":"Polygon","coordinates":[[[147.8886102803577,-39.68388729283539],[147.90110913691132,-39.70472447095084],[147.91082556350145,-39.69972248435334],[147.93833820294876,-39.70277928614525],[147.9216611832476,-39.68611095826099],[147.8886102803577,-39.68388729283539]]]},{"type":"Polygon","coordinates":[[[146.98084879296218,-39.23173159478417],[146.99868965843223,-39.22724129603691],[146.99443122848638,-39.21251440127715],[146.98518301825803,-39.202190245031794],[146.98211519195635,-39.21356470082642],[146.98084879296218,-39.23173159478417]]]},{"type":"Polygon","coordinates":[[[146.5838906724052,-38.71222322141757],[146.6130532415451,-38.725833441851854],[146.6513836896094,-38.72722149053443],[146.6713871577643,-38.71861120120631],[146.67250192288182,-38.70305785551074],[146.6188946399232,-38.69666505841541],[146.5838906724052,-38.71222322141757]]]},{"type":"Polygon","coordinates":[[[147.7326487478028,-40.08668990418799],[147.72920192490292,-40.10248346978512],[147.756959759452,-40.09446088981341],[147.7798751193501,-40.03529290974746],[147.77743598379027,-40.021317499865],[147.76704623400812,-40.02556197596711],[147.7326487478028,-40.08668990418799]]]},{"type":"Polygon","coordinates":[[[147.83787464033216,-40.29571629378195],[147.85424844491308,-40.322500911322535],[147.89669905487148,-40.31846539849528],[147.91458009701108,-40.30039940076316],[147.89617737531663,-40.29607004363475],[147.87072928621023,-40.29849491940644],[147.83787464033216,-40.29571629378195]]]},{"type":"Polygon","coordinates":[[[144.6643814370418,-38.268412220415286],[144.6730499532958,-38.26250240109433],[144.67872641408906,-38.25404302239533],[144.68487551776926,-38.245789278530935],[144.66967891319936,-38.24609390539183],[144.66450635739386,-38.25508996576235],[144.6643814370418,-38.268412220415286]]]},{"type":"Polygon","coordinates":[[[145.2736061341294,-40.789721535328745],[145.29110811657657,-40.76500098634741],[145.3060015062623,-40.76030972208002],[145.28750516961213,-40.7363891086619],[145.26500006146244,-40.71861112869926],[145.2525012878797,-40.71861112716812],[145.2736061341294,-40.789721535328745]]]},{"type":"Polygon","coordinates":[[[147.8357253210775,-37.93572519354869],[147.9015817801192,-37.90917839241734],[147.8846907257947,-37.90326763365217],[147.8551491911873,-37.894024074437795],[147.86046001768975,-37.90543147484882],[147.8277568949343,-37.904717174910125],[147.8181163679678,-37.931332475121316],[147.8357253210775,-37.93572519354869]]]},{"type":"Polygon","coordinates":[[[147.8181163679678,-37.931332475121316],[147.76808080915774,-37.9437222289509],[147.75666995867346,-37.950832239484726],[147.7544538050725,-37.95973467805077],[147.76772847593895,-37.95469286016641],[147.77610713587063,-37.9613870583539],[147.82115300686118,-37.94138364219539],[147.8181163679678,-37.931332475121316]]]},{"type":"Polygon","coordinates":[[[146.6974952322683,-38.68277777507386],[146.70924497040144,-38.69182048796143],[146.71933141996394,-38.6845634708465],[146.73086708809188,-38.68614371109488],[146.73548672616883,-38.671676499320604],[146.72532448050222,-38.66593889752255],[146.7188855367804,-38.673890599941465],[146.6974952322683,-38.68277777507386]]]},{"type":"Polygon","coordinates":[[[144.8346254426598,-40.442196021356565],[144.89054704564464,-40.48136086761389],[144.95223875836552,-40.45890423309619],[144.96676645432422,-40.421063856251095],[144.95678697741667,-40.39445760546498],[144.88059884316615,-40.39603678257922],[144.87788318823843,-40.40527996268271],[144.86517482484737,-40.43177669692641],[144.8346254426598,-40.442196021356565]]]},{"type":"Polygon","coordinates":[[[144.71101475734667,-40.511021250707735],[144.72972069540467,-40.557460616039066],[144.7504287414441,-40.601332065615274],[144.77677761992896,-40.57759481681698],[144.7840860267774,-40.52158078881682],[144.79106008616642,-40.4224964281593],[144.76664649579268,-40.44307836370623],[144.75669824671846,-40.48282945279813],[144.7100382006618,-40.48683816394911],[144.71101475734667,-40.511021250707735]]]},{"type":"Polygon","coordinates":[[[146.46499765933507,-38.740001071690585],[146.5138872773181,-38.77944536344707],[146.56056069808918,-38.78527815367806],[146.61250471659375,-38.75777875239011],[146.5711064944556,-38.736668980468195],[146.53582603087557,-38.746386492695315],[146.54046797621115,-38.72777806765081],[146.5022266956424,-38.72305732809128],[146.4831239413868,-38.71250506409039],[146.48194675968105,-38.72666487779749],[146.46499765933507,-38.740001071690585]],[[146.52111994455265,-38.74916865785065],[146.535277605383,-38.7555532959154],[146.53582603087557,-38.746386492695315],[146.52111994455265,-38.74916865785065]]]},{"type":"Polygon","coordinates":[[[148.09639106902083,-40.534995599881924],[148.11932415466984,-40.54491097440925],[148.11885150371398,-40.56693909848746],[148.1637591439372,-40.57972168711308],[148.1786659173106,-40.594753515283415],[148.1990662989378,-40.589911487380796],[148.21401759884824,-40.55078289378126],[148.2325452251398,-40.51827582374019],[148.241579337644,-40.47950216483086],[148.21148492360888,-40.503433577161026],[148.18142604465012,-40.49197254816648],[148.1073158288013,-40.51667241927035],[148.09639106902083,-40.534995599881924]]]},{"type":"Polygon","coordinates":[[[145.290283196455,-38.28250203626763],[145.26973119009875,-38.4099981465949],[145.30309867177886,-38.399714347925446],[145.3658738342086,-38.415784074443906],[145.36737214317236,-38.40572478124391],[145.39232079781047,-38.39709334742009],[145.41406340254574,-38.37068950061423],[145.50047179415884,-38.353333312745455],[145.48098557005287,-38.33611642273206],[145.47000280630843,-38.32611242569109],[145.44540194004696,-38.30520456669214],[145.34365863894905,-38.30477419705774],[145.290283196455,-38.28250203626763]]]},{"type":"Polygon","coordinates":[[[144.8720105802188,-40.69268073364016],[144.87252781170145,-40.73162153863605],[144.90777704986613,-40.738608948445176],[144.93556172416112,-40.73416587275934],[144.99583539914022,-40.713331914009586],[145.06802371998162,-40.712760719507926],[145.04628120283596,-40.69062509419281],[145.0472398376447,-40.679727019020476],[144.99273627348745,-40.670687300663786],[144.9751719131817,-40.655679335767715],[144.96476874731255,-40.650560879348696],[144.9407342652244,-40.651301778841784],[144.9292163655702,-40.631622938686256],[144.9232768564111,-40.623835737303835],[144.8720105802188,-40.69268073364016]]]},{"type":"Polygon","coordinates":[[[145.12466328025565,-38.518652228034796],[145.18421897031988,-38.51320249140879],[145.22193856180988,-38.52972487420092],[145.24801537136426,-38.50695323182253],[145.32388249817518,-38.530331869995116],[145.3358151066198,-38.540265730425794],[145.35774042753914,-38.517821880114354],[145.34805086476388,-38.50555402593541],[145.33500794666605,-38.49527678194447],[145.33663999743465,-38.50666712486139],[145.29776111959708,-38.50480023177926],[145.30555564268005,-38.48861069767559],[145.29763626852557,-38.476365717381725],[145.31137029384968,-38.461929496444704],[145.2144918352729,-38.44805615215228],[145.15382577216567,-38.4823418285013],[145.14889405179503,-38.49111318248187],[145.13838394836566,-38.50590292305922],[145.12466328025565,-38.518652228034796]]]},{"type":"Polygon","coordinates":[[[143.8622292603697,-39.84361266759596],[143.83361968033412,-39.9227806614823],[143.88528283138893,-39.9877793259253],[143.88139455617977,-40.06250129601097],[143.85638342769766,-40.062221422350035],[143.8811047008252,-40.122221894682255],[143.895552183489,-40.123053901901706],[143.908612827255,-40.12751024223889],[143.90249502745039,-40.140557084774144],[143.915555644807,-40.143611318492354],[143.95971863682692,-40.109444385821476],[143.97000139184811,-40.11861090343792],[144.00950451130583,-40.09554224350411],[144.04913251304507,-40.075154553499324],[144.06340169072,-40.06869849881328],[144.06349078922196,-40.059685712699164],[144.0924973286618,-40.053054161686646],[144.10260162132045,-40.0397105576061],[144.13809159625558,-39.93496404764245],[144.1050095231423,-39.88401391258499],[144.12809878297486,-39.8226736891076],[144.1159967701884,-39.811432806694725],[144.1117115908472,-39.80285192649529],[144.10806399036238,-39.66765378891883],[144.00778331466628,-39.6022211283216],[143.94166374622299,-39.58194421851592],[143.92500449440723,-39.609442603697836],[143.92443821423623,-39.66666868394696],[143.85945129146768,-39.71027836531096],[143.84555222702818,-39.72416633028291],[143.8622292603697,-39.84361266759596]]]},{"type":"Polygon","coordinates":[[[147.988248941825,-40.39273917409131],[147.98759338448565,-40.41542158551547],[148.0237879195002,-40.418419317460035],[148.0601340368713,-40.45357735085409],[148.11537341231957,-40.446302204276996],[148.139800369809,-40.44764935875627],[148.1496104134359,-40.455837058031776],[148.19973959665413,-40.438008128718316],[148.22650316330558,-40.46642908579967],[148.2861613908278,-40.42865740305784],[148.31674198412307,-40.433416057698125],[148.3526911927949,-40.49100265947722],[148.37818834591144,-40.47676159407855],[148.40001125467913,-40.48719427628657],[148.4135000123307,-40.462517475063436],[148.43574645558385,-40.45632567445578],[148.44894538274892,-40.43667092830788],[148.47149509289534,-40.44346180671682],[148.47418393551493,-40.430537835879676],[148.4482096202278,-40.39009693207773],[148.43435522654278,-40.39769054871879],[148.4434829794427,-40.38010773759146],[148.41719214077114,-40.37277709826578],[148.4066641983871,-40.36856447004203],[148.3377398914463,-40.29883500883992],[148.3183427820914,-40.30915924995552],[148.25791745441515,-40.33617303632064],[148.212920688718,-40.31729923192223],[148.20022560460083,-40.35025364596861],[148.11393760494383,-40.34239975503188],[148.0701893141676,-40.34871081276624],[147.988248941825,-40.39273917409131]]]},{"type":"Polygon","coordinates":[[[147.7513904074777,-39.8727762422777],[147.7780602856876,-39.89777784613542],[147.81500394767275,-39.91166566484117],[147.8600007240098,-39.898338919045074],[147.90499747520903,-39.96250293313728],[147.8842760466737,-40.007650116674796],[147.86091480786962,-40.01872221233161],[147.90557718414854,-40.03268448391896],[147.94085754371486,-40.04260205734218],[147.95358381212023,-40.07810934814664],[147.96496790549398,-40.07556399736507],[148.01443270929056,-40.1241654674345],[148.03051673126865,-40.184479264645965],[148.03095817511465,-40.21657227820014],[148.05183571588063,-40.24818379518716],[148.11924836960765,-40.27269422642428],[148.1849532640666,-40.24133579372496],[148.21243470967525,-40.21086522612445],[148.26894933984937,-40.21751884239395],[148.2783045082626,-40.23107606497786],[148.33166659786124,-40.20388743431416],[148.3260971538948,-40.19533189149603],[148.31500293885188,-40.192222043853995],[148.2905135183792,-40.09574007730553],[148.2807481176392,-40.09057892772287],[148.28701758940707,-40.069950850846986],[148.2822285205934,-39.965831760149],[148.18002144790418,-39.948635747540955],[147.98527466379673,-39.76111067378867],[147.97805981302707,-39.768610225064954],[147.9680491719702,-39.76305417576745],[147.95777989458995,-39.74750103842299],[147.9719374785561,-39.74444612690789],[147.96444624620037,-39.737499418264484],[147.9369514459297,-39.72361076778614],[147.88221593398708,-39.76194362605939],[147.85972424765956,-39.750000317526734],[147.84693996215788,-39.75333254940927],[147.86805827180646,-39.776667653240445],[147.8699935107049,-39.78610840081615],[147.84666351931386,-39.815834154379004],[147.83907855457977,-39.836025349297735],[147.80139028073643,-39.83694304044624],[147.7513904074777,-39.8727762422777]],[[148.23226873591742,-40.11108815569414],[148.23497094161078,-40.126920412417356],[148.27189680911684,-40.11755043923657],[148.2807481176392,-40.09057892772287],[148.23226873591742,-40.11108815569414]]]},{"type":"Polygon","coordinates":[[[144.6097262713454,-41.01111308439014],[144.64910902304547,-41.049507215001015],[144.66221436813763,-41.052500060535124],[144.6722250106592,-41.11750143342196],[144.69027546826445,-41.21555716425793],[144.68665913388674,-41.22416705052501],[144.6824943190363,-41.23583075711458],[144.7372298105417,-41.31055557410354],[146.18737855061858,-41.602624016524025],[147.70428438116454,-41.48365089101632],[148.3200683976544,-41.613809894216075],[148.305830526159,-41.56944181835127],[148.2727796665294,-41.501944267302704],[148.25416734372433,-41.47833257571073],[148.2638837880896,-41.45916699803692],[148.33694608643336,-41.29750155729208],[148.35999970891683,-41.27777991351076],[148.3309174324432,-41.28468950096269],[148.32582067806908,-41.294124575750864],[148.315462209452,-41.30176268815448],[148.31555138418452,-41.28472308202303],[148.33027533842554,-41.27555476728095],[148.34027259136906,-41.248890389232756],[148.29638616173742,-41.2469458720447],[148.27186550505357,-41.1831332210616],[148.28027544332005,-41.161111086937545],[148.27111641639513,-41.142503475979645],[148.29618994035832,-41.0591308162723],[148.29492358904108,-41.047610543726606],[148.28611688139603,-41.053888786706636],[148.26844985406922,-41.05064718172398],[148.25332461925308,-41.050556407544875],[148.27970913359667,-41.033602625586944],[148.2905581225306,-41.03888664468091],[148.33586259965227,-40.988619154799025],[148.249115207207,-40.88504640782696],[148.21351823248375,-40.8455850186582],[148.17669497445124,-40.835289177399126],[148.13610826045056,-40.83261042792558],[148.11778126010563,-40.83109217275372],[148.1209427778123,-40.8153407677248],[148.08273283823695,-40.77265685530269],[148.04091089406126,-40.76553456996662],[148.00436411888688,-40.74697054119559],[147.94302474222067,-40.74013604549363],[147.95675869491916,-40.76881045369801],[147.95138550269903,-40.77722226767446],[147.88416908545997,-40.876557216880606],[147.78404442226974,-40.87971971473964],[147.75686612143173,-40.8635751881487],[147.69317686616756,-40.848880529858775],[147.66311799004933,-40.822876090638374],[147.59636080366238,-40.85161603303603],[147.49163874552127,-40.97862504713994],[147.41636475501033,-41.00673196887324],[147.35888696756388,-40.96499971941019],[147.34980817774985,-40.94583807830784],[147.29151880745323,-40.95569235085555],[147.27108723068818,-40.94715838209692],[147.18255617818505,-41.006419042829464],[147.15831214111623,-41.014087430505924],[147.0905605754702,-40.993058641458724],[146.99937633529967,-40.98368454967492],[146.93638714799366,-41.02666986053531],[146.87277359645273,-41.021388234651994],[146.8002774857104,-41.060001636514876],[146.81805592246138,-41.12111257538639],[146.80860707253584,-41.11500205113704],[146.7966611644805,-41.11444440110266],[146.77499433869963,-41.08222245541373],[146.72917264357935,-41.073889722477254],[146.70750590562858,-41.06750248615628],[146.67805355807502,-41.09972485623926],[146.64185899350238,-41.097977507196426],[146.62111082836685,-41.13305663072568],[146.56195193954736,-41.15444693570705],[146.55694431551464,-41.16305478544707],[146.54638524698646,-41.14861142854826],[146.545836790647,-41.123332946119774],[146.53472911329496,-41.11972188806628],[146.4541621187492,-41.15888863396957],[146.3663935414934,-41.168335132043076],[146.310561215145,-41.15722346026117],[146.24777257344684,-41.15666612408929],[146.16610863539364,-41.14916545343036],[146.0927742077155,-41.116110645195405],[145.95166150382266,-41.064446402116026],[145.91360309902717,-41.05833396704259],[145.90222340211875,-41.04611071171619],[145.79972655714528,-41.023887824403396],[145.7549438566752,-40.9922407976458],[145.74316285660663,-40.98963228819517],[145.73059266444207,-40.97882032254593],[145.72138913828312,-40.94361172510504],[145.59069725088597,-40.91919111015507],[145.5467216810726,-40.90272255905343],[145.4994061142878,-40.85295165413804],[145.45527438962608,-40.87055546195276],[145.4450095226963,-40.877224785054665],[145.37191597336985,-40.848944621890794],[145.31469680175994,-40.839398270660254],[145.2918528366254,-40.82258254057682],[145.28004512864334,-40.82656418551558],[145.2736061341294,-40.789721535328745],[145.24833642208128,-40.80472295385615],[145.23848182921387,-40.79452548355011],[145.13305525095572,-40.79878899441503],[145.13940504693434,-40.81758153375427],[145.1158297867666,-40.82305499386772],[145.10249257787498,-40.805279907873896],[145.0736064888943,-40.80749741675312],[145.06611532030135,-40.79499809722672],[145.09750286006815,-40.79694253368642],[145.0419469065991,-40.7449976260118],[145.03889242246584,-40.75416569617133],[145.03971743001895,-40.76360951948715],[145.0263846275277,-40.758887766001564],[145.01083579835037,-40.75944510282874],[145.02555973651334,-40.74944329756807],[145.02000375596202,-40.73527749041805],[144.91911207454274,-40.75861755742785],[144.9156473727299,-40.747223903263084],[144.90391546499845,-40.750487109190246],[144.85209626658227,-40.734405732258665],[144.84384244224978,-40.7414131314045],[144.83088877587699,-40.712963488249265],[144.80793776901328,-40.72415016928253],[144.77163624701905,-40.7057165290286],[144.75196714668462,-40.695858833486206],[144.73921416978507,-40.69190989044432],[144.73704693921476,-40.682804208473016],[144.73224005541815,-40.64069838995408],[144.682632548218,-40.672953273292094],[144.69615253686362,-40.691453455838406],[144.68472391647467,-40.732222971429955],[144.69195655259153,-40.75585122372218],[144.71000692985632,-40.761711416421],[144.7016595469114,-40.82749883160258],[144.71159439438077,-40.85807477086939],[144.68658334455318,-40.90477844265888],[144.6546784029594,-40.907407109448734],[144.61166590699477,-40.943891305722914],[144.63150010412875,-40.975807280191404],[144.6233354420736,-41.00666808451501],[144.6097262713454,-41.01111308439014]],[[146.92222497902304,-41.18166662856642],[146.9544375318817,-41.17944494139388],[146.9247265771562,-41.1719434877571],[146.92222497902304,-41.18166662856642]],[[146.9119423270488,-41.18666692931886],[146.92361617625835,-41.19222387164224],[146.92222497902304,-41.18166662856642],[146.9119423270488,-41.18666692931886]],[[146.90619008416144,-41.20591287363279],[146.9119423200501,-41.213890048466055],[146.92361617625835,-41.19222387164224],[146.90619008416144,-41.20591287363279]],[[146.80139231026266,-41.13527655553418],[146.79028462403406,-41.146109873531785],[146.8148810443743,-41.13984379263198],[146.80139231026266,-41.13527655553418]],[[146.8350049539903,-41.192780897515746],[146.8469374795584,-41.18694210346057],[146.84388744976314,-41.176387404288],[146.8350049539903,-41.192780897515746]],[[144.7705526054078,-40.727465246377506],[144.77940401192228,-40.7213148195149],[144.77163624701905,-40.7057165290286],[144.7705526054078,-40.727465246377506]],[[148.30336023479774,-41.303611821973334],[148.29522682339757,-41.29350809890109],[148.28054740654864,-41.27888915283831],[148.27139294200262,-41.30721944797558],[148.2486113359849,-41.329165596562525],[148.27754199310007,-41.33537003731503],[148.315462209452,-41.30176268815448],[148.30336023479774,-41.303611821973334]],[[146.94305341746758,-41.25249763588595],[146.97332626727015,-41.25583323139466],[146.98554870005873,-41.29249966701171],[147.01249507707377,-41.27611105218532],[146.9741690865959,-41.23888886548209],[146.96249514006564,-41.236109089089474],[146.94416821272145,-41.21166603891006],[146.92333973169642,-41.2241670984571],[146.94305341746758,-41.25249763588595]],[[146.56805195844595,-41.171943480875235],[146.56832845935463,-41.20888848357667],[146.58361868583484,-41.22166839084413],[146.5960372806204,-41.216596960387065],[146.58332880913252,-41.21111258554351],[146.59083350560988,-41.15916725129179],[146.56889470517964,-41.16277617449879],[146.55694431551464,-41.16305478544707],[146.56805195844595,-41.171943480875235]],[[146.8148810443743,-41.13984379263198],[146.83305182598042,-41.172500671207516],[146.8469375187162,-41.167499318887074],[146.879439907125,-41.15055554009871],[146.9247265771562,-41.1719434877571],[146.91944700808602,-41.158610002346755],[146.89500223409883,-41.13833263468228],[146.8502818527262,-41.13916884407113],[146.81805592246138,-41.12111257538639],[146.8148810443743,-41.13984379263198]]]},{"type":"Polygon","coordinates":[[[139.5672142356791,-36.05916556943929],[139.5749954073046,-36.044723488900004],[139.5594465312103,-36.04611157045635],[139.5672142356791,-36.05916556943929]]]},{"type":"Polygon","coordinates":[[[139.38082826368807,-35.89555882269348],[139.39456235337116,-35.90104201775631],[139.4298382836744,-35.94392301696132],[139.4808503830532,-35.99645704476748],[139.4921408704672,-35.996680744792265],[139.50138898115367,-36.01972294414681],[139.7066637106312,-36.30916558901845],[139.84027179658452,-36.6113874129768],[139.8622417556106,-36.76554082412911],[139.83389078009697,-36.85222350404928],[139.75277529607067,-36.90861091646336],[139.67112918281083,-36.955265065137866],[139.7438972655503,-37.02666840458595],[139.75084004353516,-37.076388143941244],[139.79249699121192,-37.116240793228776],[139.7816613170287,-37.16472201093993],[139.7438972655503,-37.1641001583914],[139.75000172401874,-37.18972361968287],[139.75889766917234,-37.195836863655465],[139.85999882083175,-37.33111067676571],[139.97999767663134,-37.46361071695988],[139.996384890009,-37.47611074843239],[139.99444518770284,-37.48527909455707],[140.015273706611,-37.49861040423643],[140.02922170207498,-37.47576036141197],[140.127790173671,-37.540644215078785],[140.12513700196283,-37.56734115962621],[140.11038184284354,-37.57001669528859],[140.2640245919223,-37.704923086747606],[140.39658919363634,-37.91205618785247],[140.4056679101734,-37.91843408952495],[140.5018908522354,-37.972583593664545],[140.5841657642948,-38.0293310525545],[140.64729326410367,-38.048569512980414],[140.67640679602607,-38.05731258474568],[140.68975734404415,-38.056866676337634],[140.70324605475676,-38.06224900959182],[140.7400960476573,-38.05565885622925],[140.772478102595,-38.0526532643033],[140.86572233690518,-38.047505542316046],[140.98846353606564,-38.0566384398205],[140.99777417862046,-38.06194353105968],[141.00917159454565,-38.05499873063755],[141.0088951486851,-38.06527881010369],[141.25389156004985,-38.18861048135069],[141.3891583375466,-38.3133326016846],[141.39833072718645,-38.334444526381326],[141.36305034445812,-38.37666738489055],[141.41278263198294,-38.389446501005374],[141.41055310104036,-38.366941692434864],[141.46896288893385,-38.36507818298233],[141.5283358476653,-38.40333112712756],[141.52776953084754,-38.424444763149246],[141.55166589716654,-38.43055789250231],[141.57278413758246,-38.3908340377779],[141.6141646325161,-38.394164709277376],[141.6258385456288,-38.40749980496684],[141.62889302277537,-38.39416472644788],[141.6472154721693,-38.39340284518354],[141.61833387850206,-38.35278083878216],[141.6047202223035,-38.31139081008124],[141.72639575898268,-38.255002436790946],[141.9055490485055,-38.270831300867016],[142.16694602089643,-38.392501149320736],[142.182160441553,-38.39090044809036],[142.24082881952341,-38.393892098216554],[142.25000118464135,-38.38749972435531],[142.26408303785118,-38.36388944436005],[142.37872207527374,-38.35177369476432],[142.4763942525882,-38.40003579196244],[142.53443831198106,-38.40999813021136],[142.80389288484673,-38.57249949464218],[142.84638807609088,-38.591946486971075],[142.85692050530005,-38.59587076031673],[142.87971541478595,-38.61062162284762],[142.96728332440037,-38.62500012470378],[143.03877158792082,-38.634199901021724],[143.16449151983016,-38.7119762288655],[143.1736148024906,-38.721084764493256],[143.18113729730476,-38.72973303268236],[143.18973000847248,-38.73583070802037],[143.19555805014286,-38.744720632808956],[143.2566699707278,-38.77249971553452],[143.31314005462025,-38.75164119193147],[143.39689537352697,-38.772850814746626],[143.48916753719783,-38.83305869679919],[143.51867784126065,-38.85552893735678],[143.5624840220776,-38.84832674063683],[143.62876861877953,-38.792462392650336],[143.6649453428605,-38.77454385675794],[143.6797495200312,-38.75865847573341],[143.67828248497418,-38.7396845601032],[143.84136964152913,-38.68717049060369],[143.944548789213,-38.58109250065242],[143.98735173075804,-38.547073588707036],[143.98318686281496,-38.52865050120282],[144.0554065199064,-38.47037511778088],[144.11054777073855,-38.46222282165837],[144.1575020633897,-38.42944361163146],[144.18306162327198,-38.43055789912653],[144.21313385480346,-38.40259027284446],[144.25405940589908,-38.391106644880956],[144.3630220463052,-38.3138819259471],[144.44685316172985,-38.28277506829384],[144.49119443701719,-38.28989769935103],[144.49545289043408,-38.28018136328972],[144.51104634455072,-38.26639566527869],[144.615340272585,-38.28492415942247],[144.63691788991258,-38.27312782840272],[144.63261480091745,-38.26276501457193],[144.62086512789628,-38.26332523517953],[144.69171127883678,-38.19574582620244],[144.70947191729334,-38.201377232913266],[144.71672241783276,-38.14411791183509],[144.66477830262377,-38.11138764144749],[144.615050417087,-38.117257114204726],[144.53564272064204,-38.15822482551362],[144.45293980036095,-38.15582656411439],[144.42857529108085,-38.13216540035555],[144.4208521568074,-38.16112793376226],[144.35711818984862,-38.13724759009869],[144.38723941769263,-38.08003976695769],[144.40420628011086,-38.076975434936],[144.4450070854644,-38.08472191621261],[144.48883111187288,-38.08024334485764],[144.50836196136166,-38.0899336949077],[144.51249554052563,-38.05961580186234],[144.5326239092591,-38.043214243405004],[144.6223142674883,-38.00039351197055],[144.6674359280446,-37.989071188762956],[144.6976909830953,-37.97362754818653],[144.78532568549528,-37.927730834452525],[144.82164060466752,-37.87171800501811],[144.87194812126552,-37.86028070114839],[144.9100021299727,-37.87111250261904],[144.89770389073226,-37.847433299878126],[144.91406434989122,-37.84768328514722],[144.9437887117612,-37.84546497860247],[144.98317152559687,-37.88885111529431],[145.01750210790973,-37.9805554976013],[145.0419291356564,-37.99301423120997],[145.07167129154504,-37.99703428872036],[145.123673310788,-38.09055836479417],[145.10309012838852,-38.15663997869472],[145.0324713615997,-38.22280190253695],[145.01199514292543,-38.26688927232623],[144.99139410733997,-38.30277608473665],[144.9483325355503,-38.33962795807187],[144.8291452271135,-38.369728066225505],[144.75306854109795,-38.343548529173425],[144.69752597485757,-38.311460755865504],[144.65695261779908,-38.31000170483579],[144.82913188801933,-38.422670080215035],[144.88439796284953,-38.48968564531839],[144.88972656122374,-38.5011117701749],[144.92916732680177,-38.496665748160254],[145.02741919952396,-38.480984025422686],[145.05989034455285,-38.42729526798537],[145.14437691987467,-38.39195942770795],[145.23106184285825,-38.409383191108965],[145.21592767929437,-38.380176977131036],[145.21479953217016,-38.34174394521695],[145.2035982564675,-38.33581909079689],[145.20010236068723,-38.311275316811134],[145.20635845236637,-38.30256962104427],[145.22999612604596,-38.30805632612667],[145.23404057590795,-38.26788710720565],[145.27221487206836,-38.22972024669678],[145.29219167211915,-38.249245604617236],[145.30601493517847,-38.2456491750585],[145.32635288680416,-38.24282301849417],[145.34179468805823,-38.2201604696464],[145.35124357034735,-38.214993053221],[145.37051583090732,-38.22365671145379],[145.38336244179104,-38.22233249327722],[145.4196015707682,-38.22345350834139],[145.4691778338724,-38.22941195740987],[145.4957719779414,-38.262386904345725],[145.52182199086457,-38.30487909938038],[145.52360563714825,-38.33666553641715],[145.55326755864812,-38.35647691646618],[145.5138847854114,-38.41581552945799],[145.42277646161332,-38.41416643312801],[145.42832802538248,-38.458333114308665],[145.42860446383682,-38.477220962176155],[145.4138939516374,-38.51139162636966],[145.3697221097186,-38.52740164534494],[145.3913888857956,-38.53663487673899],[145.48989933738008,-38.56116143898304],[145.56788453862245,-38.65540261155465],[145.60499758355314,-38.68027845323522],[145.6740423672411,-38.666231355647966],[145.7480455502832,-38.635283160036096],[145.82385477216766,-38.64534883376506],[145.83477954627284,-38.69024037028483],[145.81326437466132,-38.683122402567584],[145.8000654611694,-38.6605108140464],[145.75201417236005,-38.648183659504404],[145.73248336206316,-38.64887320574266],[145.8471847699311,-38.74644212791966],[145.91563195821982,-38.87691246649408],[145.92500499457898,-38.90805443838607],[146.0030526912444,-38.880831600484264],[146.01267981585272,-38.82386365619577],[146.06597946489669,-38.81222139165006],[146.15800640991193,-38.854643448107424],[146.19139172126768,-38.864167827026584],[146.26785193358396,-38.98751504520098],[146.24925299315353,-38.99342083505759],[146.29009835725475,-39.0145861254549],[146.28927789736724,-39.02706824374985],[146.31350867341195,-39.03341064118072],[146.32076810388503,-39.04795337076933],[146.3423634585336,-39.071567178870424],[146.32202109589846,-39.08424688669112],[146.36343273144516,-39.13199239965582],[146.42190497414353,-39.123085169353914],[146.43197806609567,-39.08712309771511],[146.435224262022,-39.0651278055713],[146.454924562782,-39.05444272795832],[146.48324436978533,-39.06017672802669],[146.46252284430966,-39.02015711161039],[146.4320359840906,-39.00944787259983],[146.4440934361394,-38.993285702725586],[146.46055643734925,-38.933886401719455],[146.48760980981015,-38.90571919067277],[146.47355468735762,-38.84610064987074],[146.4740139622041,-38.78459681125603],[146.43756082308064,-38.779386314738936],[146.41748148596878,-38.84781967567268],[146.36047188465648,-38.866132977097074],[146.3502026011315,-38.87050748636257],[146.31573377879917,-38.90541382134148],[146.28723117173178,-38.893798772688285],[146.27868753959112,-38.862744270317705],[146.26940814537275,-38.806022567628965],[146.22911123058995,-38.802422482285195],[146.18943865326875,-38.73388980695305],[146.21749973645873,-38.73610901164911],[146.21082895440333,-38.72777807728513],[146.21167173521224,-38.71361153942551],[146.2225028599374,-38.70833314485395],[146.24873572912827,-38.696939989685234],[146.26805258785402,-38.69194579726545],[146.2708261464401,-38.706113126958776],[146.33778402888288,-38.687501187034],[146.34944008033975,-38.67610814324228],[146.37945429681284,-38.69597595447941],[146.39473115297915,-38.72027415123766],[146.41680818819842,-38.72161710183031],[146.41305359257004,-38.713054815845986],[146.49556032421933,-38.69000020331961],[146.53927742945427,-38.698433011852984],[146.55305604335396,-38.70805827540897],[146.56111363108062,-38.69833204639078],[146.57537824937828,-38.6921232413981],[146.57929778525389,-38.701192637396716],[146.59536841792152,-38.679321236345295],[146.62927093072787,-38.68011140735537],[146.65179390046995,-38.674291002129465],[146.6524983952403,-38.6544449571112],[146.6549999583058,-38.64527917910737],[146.66583116548063,-38.6674987068259],[146.67388869594572,-38.67666513753298],[146.65858510843128,-38.686999945463],[146.6861111085388,-38.684445103059545],[146.6974952322683,-38.68277777507386],[146.69027592682392,-38.67471915479899],[146.69988976541674,-38.66915942072406],[146.726898551321,-38.65638111597784],[146.72532448050222,-38.66593889752255],[146.74679504926038,-38.66450442546801],[146.78189261467693,-38.65338989354833],[146.79327226004747,-38.63961958542268],[146.8061055202311,-38.65499866126685],[146.8197325396375,-38.650617928238354],[146.8294355844942,-38.645557776973504],[146.86058240431157,-38.630782776186635],[146.87458840527506,-38.63331517834189],[146.878677422316,-38.624818963897035],[146.87751807644185,-38.61471564921611],[146.88011321415817,-38.60491048595038],[146.889450576832,-38.61388634409001],[146.8997957120218,-38.60825216844754],[146.90435739568414,-38.618711877324166],[146.91293220771416,-38.612116409281874],[146.92086941173733,-38.60551331180879],[147.50808840776492,-38.129047163582],[147.68945349494152,-38.008204347955704],[147.69191042717972,-37.99786360204143],[147.69335959577379,-37.98728942053769],[147.71208343516744,-37.99498215523692],[147.7158334963387,-37.98583095480751],[147.76504411584875,-37.963612402091826],[147.7544538050725,-37.95973467805077],[147.7448132111969,-37.96511003290915],[147.7301160187366,-37.9701229507516],[147.71028195423054,-37.95500232721045],[147.6119988918662,-38.012297337959076],[147.56501776820159,-38.053576728185604],[147.51640469515567,-38.05687724845592],[147.4800719477638,-38.07141524034465],[147.44946464263663,-38.074627140209195],[147.46989627830766,-38.044450432124805],[147.46258334698757,-38.032601049634415],[147.49933076542553,-38.02312084184748],[147.55215329646077,-38.026303270058534],[147.6660476733262,-37.9505720802707],[147.67724441878386,-37.95240747619944],[147.6926595770504,-37.93900643179345],[147.71185155367513,-37.92895487205888],[147.70638916038115,-37.91806825868466],[147.72024356301515,-37.919489417453775],[147.72905031225656,-37.92733340776465],[147.77555868465535,-37.89962243148483],[147.7780602856876,-37.89067404607155],[147.73172130522443,-37.90534352365344],[147.70773132885947,-37.89696936383665],[147.68445035959036,-37.88812621203592],[147.67666473326057,-37.88139018155286],[147.6536870226206,-37.85905909856021],[147.65524324531808,-37.849968459350094],[147.6868270746382,-37.86086163808141],[147.73111034158532,-37.844190263181396],[147.7415312994383,-37.84850020609877],[147.802536290912,-37.85138743493122],[147.82480053408455,-37.88572607767404],[147.8551491911873,-37.894024074437795],[147.8702388190538,-37.87944385464004],[147.8815158928561,-37.889174892471495],[147.89204376639375,-37.88277333326731],[147.90452481709167,-37.880658128314295],[147.9033342097118,-37.89000537495426],[147.91483873246813,-37.88745399504976],[147.92779690081684,-37.8780677005456],[147.9403849027511,-37.87838097900436],[147.93330385833895,-37.88628562834587],[147.93797256697084,-37.89464343765883],[147.950377738493,-37.89475596600088],[147.95312455700108,-37.87835627525321],[147.96794214836265,-37.88816138454964],[147.97276247793013,-37.87965858003026],[147.98361147079027,-37.87305551637625],[147.9878832232418,-37.88174563371571],[148.00909517465087,-37.87578343056868],[148.08583191091543,-37.858333883239474],[148.0898762556097,-37.8486551249743],[147.07967582668576,-36.84370236811469],[145.56276996989604,-36.99242116369555],[147.81117280749686,-34.52787384542073],[148.00171538914577,-34.31552439940901],[147.37710683115048,-33.958607984976645],[146.26638417733375,-34.98797196849773],[145.027388001299,-36.457040035820384],[144.16483733221602,-36.81396029299838],[142.7966468707289,-36.724728938067365],[141.4284564150912,-35.89191752759058],[140.77410118332952,-35.088851110840146],[139.3858358891447,-35.84722283002128],[139.38610789082057,-35.85749809702323],[139.38888586804663,-35.87333305312753],[139.38806099325402,-35.88277757680725],[139.4058393901489,-35.881112073434],[139.3949591793745,-35.89024856483135],[139.38082826368807,-35.89555882269348]],[[146.17027338373381,-38.82416590372006],[146.1575025149824,-38.82499961969125],[146.16416886814963,-38.83249949944085],[146.17027338373381,-38.82416590372006]],[[145.31750597283622,-38.21638741649488],[145.3030540431767,-38.21444299881287],[145.30369614046612,-38.22850127589431],[145.31750597283622,-38.21638741649488]],[[139.6883413092743,-36.24972069906991],[139.70166062582703,-36.258609599438365],[139.68777502065987,-36.240276975464376],[139.6883413092743,-36.24972069906991]],[[139.42022893174777,-35.87956211803268],[139.4058393901489,-35.881112073434],[139.4059152046126,-35.89335170210517],[139.42204376099235,-35.89117699342589],[139.42022893174777,-35.87956211803268]],[[139.52888386872456,-36.02944578010084],[139.54833888322264,-36.05583107020401],[139.55416690116604,-36.063610139843014],[139.65500059950935,-36.194721648204464],[139.6372221910732,-36.1286133885782],[139.63806046994247,-36.11833015152751],[139.62750133081252,-36.12194300116996],[139.61999664833277,-36.1144434241896],[139.59944019690346,-36.08583282131527],[139.59722849638376,-36.06555655184682],[139.5891708855357,-36.05888798515705],[139.5827809535149,-36.06778049955422],[139.5672142356791,-36.05916556943929],[139.57861172955657,-36.053332786335815],[139.5749954073046,-36.044723488900004],[139.53846644204373,-35.9943610253317],[139.4464573742019,-35.90275051478144],[139.42610156874164,-35.91207235640271],[139.42138830684164,-35.92107167345199],[139.4921408704672,-35.996680744792265],[139.5219410096817,-36.02138919944722],[139.52888386872456,-36.02944578010084]]]}]},"id":"00000000000000000006","properties":{"Id":0,"nomi":"Qattiq bargli doimiy yashil o'rmonlar"}},{"type":"Feature","geometry":{"type":"GeometryCollection","geometries":[{"type":"Point","coordinates":[115.66166585388996,-32.118889089213106]},{"type":"Point","coordinates":[115.15537061861556,-34.38048900502459]},{"type":"Point","coordinates":[115.19472662489255,-34.4030561378822]},{"type":"Point","coordinates":[115.68897339962805,-32.305530855263584]},{"type":"Point","coordinates":[115.68924541307754,-32.29391062790759]},{"type":"Point","coordinates":[118.16139333359145,-35.00611110803996]},{"type":"Point","coordinates":[118.16055498471904,-35.02999804693603]},{"type":"Point","coordinates":[117.97486015287204,-35.074448390442605]},{"type":"Point","coordinates":[117.9954300227057,-35.02104808750558]},{"type":"Point","coordinates":[117.78797034006938,-35.106395842394626]},{"type":"Point","coordinates":[117.8666065570253,-35.11745928577682]},{"type":"Point","coordinates":[117.87243018658776,-35.192004124022034]},{"type":"Point","coordinates":[117.67913259493159,-35.073346217815]},{"type":"Point","coordinates":[115.99610730453642,-34.84750167268768]},{"type":"Point","coordinates":[116.04050657155292,-34.86546046078647]},{"type":"Point","coordinates":[116.73166723641054,-35.048051912415254]},{"type":"Point","coordinates":[119.78277599491581,-34.037879267003674]},{"type":"Point","coordinates":[119.13242494500614,-34.50394320748837]},{"type":"Point","coordinates":[118.76480776748807,-34.59139527419069]},{"type":"LineString","coordinates":[[118.20524409670617,-34.99561344537868],[118.21486679936342,-35.00435794527292]]},{"type":"LineString","coordinates":[[118.65538141160222,-34.70595608148579],[118.66554821662646,-34.70204462818886]]},{"type":"LineString","coordinates":[[115.71309712032617,-32.572150563349275],[115.71002033012489,-32.56046693580943]]},{"type":"LineString","coordinates":[[116.49166953055857,-35.0350002636042],[116.50277717756718,-35.03361276211099]]},{"type":"LineString","coordinates":[[119.56850280853638,-34.376135340989066],[119.58016333532002,-34.37222308246365]]},{"type":"LineString","coordinates":[[118.03055439441661,-35.04777813525182],[118.04166197008492,-35.04666475072657]]},{"type":"LineString","coordinates":[[119.6018836364129,-34.36806034131246],[119.6113904171909,-34.37944388280537]]},{"type":"LineString","coordinates":[[117.87661725795024,-35.17881511384413],[117.89655394485204,-35.18304644114698]]},{"type":"LineString","coordinates":[[118.04607198513506,-35.06595223004618],[118.06867963284944,-35.066693139235035]]},{"type":"LineString","coordinates":[[115.44947950258998,-32.023301902745786],[115.47277833264194,-32.01499936443208],[115.48426944145972,-32.00879091987395]]},{"type":"LineString","coordinates":[[115.03067179075106,-34.22909577691893],[115.01707603816664,-34.22355075624029]]},{"type":"LineString","coordinates":[[115.13697684215802,-34.36479184781245],[115.13387327530884,-34.37441289847338]]},{"type":"LineString","coordinates":[[117.97283126650541,-35.10198903323753],[117.98343505536448,-35.09351765656577]]},{"type":"LineString","coordinates":[[117.92781666060316,-35.07234631366584],[117.93492896534563,-35.06532440683376]]},{"type":"LineString","coordinates":[[117.93110750078453,-35.0558892641086],[117.9169454209399,-35.04633985031052],[117.9199596983977,-35.03543834625497]]},{"type":"LineString","coordinates":[[117.94777557696241,-34.950831537388254],[117.94527400725607,-34.941942404934956]]},{"type":"LineString","coordinates":[[119.40343581151703,-34.4599896809113],[119.41808393363547,-34.45969556733477]]},{"type":"LineString","coordinates":[[115.75833024256252,-32.13583318851345],[115.7464154978663,-32.13606354735662]]},{"type":"LineString","coordinates":[[115.70277431434786,-32.2744435548297],[115.69978220721615,-32.26551537876345],[115.70071416811028,-32.24481277625107],[115.68638709113208,-32.24527658863711]]},{"type":"LineString","coordinates":[[115.69978220721615,-32.26551537876345],[115.68666804787016,-32.26444457165231]]},{"type":"LineString","coordinates":[[115.68878167152884,-33.26725448703069],[115.67045472787767,-33.30751132783763]]},{"type":"LineString","coordinates":[[115.63446981848169,-33.313809084510694],[115.64416387390531,-33.309721208712055],[115.64527865577047,-33.30055718336072]]},{"type":"Polygon","coordinates":[[[117.98343505536448,-35.09351765656577],[118.01869313292784,-35.105155555113036],[118.00553880605663,-35.08900067131568],[117.98343505536448,-35.09351765656577]]]},{"type":"Polygon","coordinates":[[[117.93492896534563,-35.06532440683376],[117.94506002972318,-35.06111247176586],[117.93110750078453,-35.0558892641086],[117.93492896534563,-35.06532440683376]]]},{"type":"Polygon","coordinates":[[[118.44710572056259,-34.90642372859609],[118.44716819457469,-34.9168963227014],[118.47873862667447,-34.93608644875924],[118.48666239358762,-34.9219419549494],[118.44710572056259,-34.90642372859609]]]},{"type":"Polygon","coordinates":[[[115.68638709113208,-32.24527658863711],[115.70055369405937,-32.22666668214725],[115.67444558075867,-32.16694147523679],[115.6613938135542,-32.156111369978255],[115.68638709113208,-32.24527658863711]]]},{"type":"Polygon","coordinates":[[[115.48426944145972,-32.00879091987395],[115.49139504542012,-32.017865310182835],[115.51472506114865,-32.015834942392104],[115.52972550241955,-32.021944673892826],[115.55805417218659,-32.00333451460334],[115.53267738992422,-31.9894482350463],[115.52222528844185,-31.992500165130977],[115.4913861889063,-31.99916737088737],[115.48426944145972,-32.00879091987395]]]},{"type":"Polygon","coordinates":[[[114.9766676366498,-33.70666393886391],[114.99754520648023,-33.813963951906636],[114.9872223571694,-33.863442634174895],[114.98003429184374,-33.87413160577862],[114.99214073763443,-33.953304047183416],[114.98556360044266,-33.97593032156678],[114.99833884783081,-34.06166882203856],[114.99888737166015,-34.10638854330985],[115.04000028231802,-34.2000021800436],[115.03067179075106,-34.22909577691893],[115.03489010329334,-34.26486087332995],[115.13697684215802,-34.36479184781245],[115.16506917044372,-34.359995581799495],[115.17170873712804,-34.32414211051919],[115.18187548887174,-34.316563003163466],[115.19229195090317,-34.31251164309786],[115.34312996675166,-34.316143109827856],[115.5382602133938,-34.41116822388219],[115.54555526530558,-34.42527884014352],[115.56657548519678,-34.41808405058958],[115.80471822754508,-34.59037845614244],[115.96195953430046,-34.74564673789575],[116.00444586313323,-34.81555557027443],[116.00194432380127,-34.83972123578624],[116.16059912267204,-34.84977054298838],[116.32846647407308,-34.914025936490816],[116.49861236729171,-35.01638838369747],[116.52916610270171,-35.00472318392495],[116.59111196280486,-35.034167753137474],[116.62360984286161,-35.04360912630405],[116.6313865738043,-35.06138986680945],[116.6463869481889,-35.049169023921245],[116.66317548157382,-35.05583453484313],[116.71277402726432,-35.029998025167664],[116.73527471483789,-35.03833360013331],[116.74249839803535,-35.03027554723092],[116.73555564874687,-35.02027759700954],[116.80222363229699,-35.02277905221316],[116.82611100547847,-35.0436091552253],[116.8888862151162,-35.05055616154158],[116.89528060432012,-35.05805747012005],[116.92611086149567,-35.05666671237829],[116.95805135172085,-35.016388365048165],[117.02619093092841,-35.02749314814459],[117.12361779317627,-35.04531397861729],[117.14970353315762,-35.061276752672086],[117.16004864265365,-35.035748692737265],[117.16564033977428,-35.026879748007275],[117.22670778766357,-35.02316611112365],[117.24771906459117,-35.02935908145535],[117.25880436242684,-35.02687972543505],[117.33153675736835,-35.03800137191683],[117.333886690367,-35.02333410888965],[117.39805760523717,-35.03389027912918],[117.491667561553,-35.09027766971141],[117.52666258380908,-35.07583141728111],[117.58472450610779,-35.10416694186398],[117.59616655942071,-35.10862831230569],[117.61722691380989,-35.1311104304701],[117.63979887122362,-35.1305706746543],[117.63641445384118,-35.09474715866635],[117.64968918319957,-35.072678372929545],[117.65528089678713,-35.056111898077525],[117.68555370476126,-35.04333530367336],[117.69939472208434,-35.052184240820445],[117.786369569667,-35.064583557855926],[117.88993661115401,-35.11488415216062],[117.95416993751927,-35.126110535575265],[117.97283126650541,-35.10198903323753],[117.92781666060316,-35.07234631366584],[117.90033519524715,-35.081469430627244],[117.84892179923098,-35.04166327935234],[117.86311960435688,-35.02804452940311],[117.9199596983977,-35.03543834625497],[117.93444735372928,-35.003612860826316],[117.94692387808655,-34.999189525210994],[117.97164965277432,-35.01556299475176],[118.00154791882242,-35.01055234812323],[118.03230228291847,-35.020854590465284],[118.1011864784545,-34.98584142606776],[118.17015098489092,-34.998656220431016],[118.17259009377645,-35.008200252583904],[118.17687085930717,-35.01692516169102],[118.19523786909735,-35.022191080447215],[118.20524409670617,-34.99561344537868],[118.20444594390199,-34.97499766936936],[118.17082878637957,-34.96444481127127],[118.18499086542042,-34.93759979740709],[118.20028108462539,-34.940557055239466],[118.21417123258537,-34.94219826041566],[118.20995288206535,-34.928347313422904],[118.27724519530682,-34.912098970286884],[118.33388470747471,-34.89222295052555],[118.40583228464992,-34.91388702099067],[118.4238872040025,-34.89389070466865],[118.40699167890408,-34.8813302289981],[118.40110565977933,-34.82416553783662],[118.4625030272513,-34.743609530396],[118.62702157450303,-34.68715224913377],[118.65015984649989,-34.689469502143304],[118.68476688521397,-34.662498101005376],[118.72566134427673,-34.65151633275718],[118.77305714801172,-34.60749763331703],[118.73985912043415,-34.57823063219961],[118.76805849099064,-34.53499952206712],[118.8466411682136,-34.501422342739005],[118.90574660258136,-34.503042887897635],[118.90561730003213,-34.46710001859214],[119.01109280939332,-34.453320073739356],[119.1395417169949,-34.47931550412935],[119.16278258002964,-34.49444723174813],[119.2090145151278,-34.4934623417977],[119.23918925444232,-34.515815284003075],[119.22335052878108,-34.529680404260496],[119.25835444368659,-34.5328763516215],[119.26108343768274,-34.51777721550197],[119.28158634978669,-34.521396165800496],[119.28856483910168,-34.49300658418094],[119.27656540707592,-34.461544895573084],[119.3371601135446,-34.4441125156957],[119.3657206611039,-34.463673635783216],[119.36404402952508,-34.47820537784707],[119.38449799651175,-34.48420410630479],[119.3911910696569,-34.461206654169864],[119.40343581151703,-34.4599896809113],[119.41040976027527,-34.42125120427198],[119.39468258565212,-34.42297256027234],[119.40517479055353,-34.39334266370955],[119.39829439568443,-34.38625922357898],[119.44621196513398,-34.36641871796801],[119.46272395797679,-34.37900956037418],[119.49195781356914,-34.386770755294],[119.47750146504677,-34.402221004051334],[119.52273011480861,-34.404450545901895],[119.57699735254947,-34.3853870914904],[119.56850280853638,-34.376135340989066],[119.53378419606717,-34.37516737989886],[119.50035881323693,-34.33664357064948],[119.5011123450119,-34.29416781574563],[119.5572658608564,-34.19829094244296],[119.58083222833001,-34.1686813019025],[119.61889061535092,-34.11833175832948],[119.64040577104903,-34.11235853102325],[119.62944979767568,-34.107776768821175],[119.71389178884621,-34.06222289643524],[119.76388723863316,-34.038888045859515],[119.01690531043062,-33.775232662685156],[118.53804016562873,-33.54616839342996],[117.84799433555905,-32.95130118756443],[117.34830742045413,-32.21367070814511],[116.94380010846915,-31.785366350559347],[116.39652571452379,-31.49983199654557],[115.63888427129255,-31.574720726529126],[115.69943443689804,-31.688528963680017],[115.70333167912007,-31.697502078936953],[115.73249865701465,-31.795000912999047],[115.75507509715624,-31.926059481484288],[115.74211245770078,-32.03932255394678],[115.73327005249782,-32.05472065603734],[115.73972240247807,-32.06220704797716],[115.74639319594571,-32.06972314787488],[115.75833024256252,-32.13583318851345],[115.76999528616446,-32.205555266207284],[115.75305064497972,-32.25388627363406],[115.74253159557742,-32.25573405551283],[115.71389087462892,-32.27527679458823],[115.70277431434786,-32.2744435548297],[115.71189311983115,-32.30555722810314],[115.74364643420371,-32.331524854826284],[115.72260387134219,-32.368468067304754],[115.7487342556714,-32.44618146892964],[115.71917935120999,-32.528102678933216],[115.70944067390204,-32.52250071089344],[115.63777840641382,-32.60527653754966],[115.60746547188013,-32.686688618809704],[115.68909378277112,-33.1324006453567],[115.6819324755814,-33.252705260701475],[115.68878167152884,-33.26725448703069],[115.69451160241111,-33.20328242148748],[115.7102343483953,-33.213366961558926],[115.70136075929352,-33.30429894959143],[115.69074364971846,-33.31041805229655],[115.68111198768392,-33.31694289914883],[115.67045472787767,-33.30751132783763],[115.6611084960655,-33.32333312174038],[115.63446981848169,-33.313809084510694],[115.56387331112609,-33.46391518266302],[115.40282390757625,-33.62445223143333],[115.27113326830231,-33.65654542951781],[115.12607432541111,-33.62486809771383],[115.0588934918025,-33.54611263357211],[115.00333309693582,-33.53055445057116],[115.022239711095,-33.64894359381509],[114.99165918560725,-33.681532209622134],[114.98746313645495,-33.6997417364926],[114.9766676366498,-33.70666393886391]],[[119.38654910926199,-34.382122983140846],[119.37562439246737,-34.38632180127492],[119.38448904929544,-34.39223144474399],[119.38654910926199,-34.382122983140846]],[[116.99610983624238,-34.98667066520236],[116.96784354140661,-34.97697071680351],[116.95305716471188,-35.006666324769306],[116.96416483068025,-35.00888694442972],[116.99610983624238,-34.98667066520236]],[[115.18916169286895,-34.28139099776515],[115.165559604397,-34.26968836668477],[115.16330781786196,-34.29265001136038],[115.1653679000878,-34.30163103658744],[115.18916169286895,-34.28139099776515]],[[117.97166296853754,-34.99527738653282],[117.97197066069609,-34.95027602525323],[117.94527400725607,-34.941942404934956],[117.93583855347542,-34.94694631043229],[117.94777557696241,-34.950831537388254],[117.94692387808655,-34.999189525210994],[117.97166296853754,-34.99527738653282]],[[116.75138988880424,-35.003886754105],[116.73805274345892,-34.9833352169261],[116.72608004794229,-34.985896219759866],[116.72325744268777,-34.99536505111745],[116.71222109515715,-35.007499012297636],[116.73555564874687,-35.02027759700954],[116.75138988880424,-35.003886754105]],[[117.33851527578913,-35.01492753592291],[117.37191835341706,-35.00145421024681],[117.40681533328373,-35.01134483028703],[117.4547595426688,-35.016625714054854],[117.47885208568222,-34.99792568193795],[117.45758663447994,-34.96760201101633],[117.42941398304606,-34.98476370171791],[117.38636589259403,-34.96916963610111],[117.33148770672676,-35.00799937039151],[117.333886690367,-35.02333410888965],[117.33851527578913,-35.01492753592291]],[[115.69252725423875,-32.76321571440375],[115.71167016289031,-32.776110078280404],[115.72405316631752,-32.775952638375266],[115.66889406382623,-32.62222353881108],[115.71639240484694,-32.63943779816232],[115.73583407138474,-32.64138657529108],[115.76944681402757,-32.638333857986424],[115.77398614386259,-32.61031366642657],[115.75638608040944,-32.56583357119776],[115.73368035491481,-32.56612292129572],[115.72110562643856,-32.55749788628636],[115.71002033012489,-32.56046693580943],[115.6983865176764,-32.56472873847853],[115.67610890096235,-32.57277810701519],[115.66767668562586,-32.597500475712266],[115.63777840641382,-32.60527653754966],[115.69252725423875,-32.76321571440375]]]}]},"id":"00000000000000000007","properties":{"Id":0,"nomi":"Qattiq bargli doimiy yashil o'rmonlar"}},{"type":"Feature","geometry":{"type":"GeometryCollection","geometries":[{"type":"Point","coordinates":[134.7216473628391,-34.81202636617878]},{"type":"Point","coordinates":[119.91369512419631,-19.92367180390553]},{"type":"Point","coordinates":[119.49361216945891,-20.002490845756654]},{"type":"Point","coordinates":[117.69160467206846,-20.639741336938183]},{"type":"Point","coordinates":[117.57164593081485,-20.682052812758066]},{"type":"Point","coordinates":[117.26440499912081,-20.68357964372551]},{"type":"Point","coordinates":[117.21613969019681,-20.65861420579957]},{"type":"Point","coordinates":[116.96111480584476,-20.655555805401598]},{"type":"Point","coordinates":[116.77912998325088,-20.539826192340136]},{"type":"Point","coordinates":[116.67867980031362,-20.541095562208294]},{"type":"Point","coordinates":[116.61499930939921,-20.56833473903925]},{"type":"Point","coordinates":[116.67245486755617,-20.44921331067297]},{"type":"Point","coordinates":[116.61598031489217,-20.446827568528573]},{"type":"Point","coordinates":[116.53697845114117,-20.476965880889868]},{"type":"Point","coordinates":[116.50575141760342,-20.50044907465903]},{"type":"Point","coordinates":[116.4431144007196,-20.55106243137007]},{"type":"Point","coordinates":[116.56796474900675,-20.713579465249342]},{"type":"Point","coordinates":[116.66083443513496,-20.75999829421689]},{"type":"Point","coordinates":[116.69916491528386,-20.75860978498894]},{"type":"Point","coordinates":[116.68694250330455,-20.735558323496033]},{"type":"Point","coordinates":[116.6686111419004,-20.749448832116812]},{"type":"Point","coordinates":[116.67777903392488,-20.72139129187991]},{"type":"Point","coordinates":[116.64634682448646,-20.655372195784743]},{"type":"Point","coordinates":[116.66062042571578,-20.6538701339477]},{"type":"Point","coordinates":[115.73361344604571,-21.262498775657257]},{"type":"Point","coordinates":[115.78007722622588,-21.230044403551315]},{"type":"Point","coordinates":[115.79876094225898,-21.18827420482632]},{"type":"Point","coordinates":[115.83618163811907,-21.13244295845973]},{"type":"Point","coordinates":[115.7862487002105,-21.103333901638184]},{"type":"Point","coordinates":[115.72841861346252,-21.141771799487486]},{"type":"Point","coordinates":[115.82399048890115,-21.080759805346638]},{"type":"Point","coordinates":[115.837144814802,-21.047874386299522]},{"type":"Point","coordinates":[115.85863328813025,-20.978242998492057]},{"type":"Point","coordinates":[115.98209234628705,-20.96415292747405]},{"type":"Point","coordinates":[116.28270717143829,-20.85816842229675]},{"type":"Point","coordinates":[116.17534539053938,-20.934727675605632]},{"type":"Point","coordinates":[116.19496095279075,-20.829351782710436]},{"type":"Point","coordinates":[116.31324751989416,-20.777284368425928]},{"type":"Point","coordinates":[115.94094826606113,-20.876414077877822]},{"type":"Point","coordinates":[115.54139046888977,-20.635000857499865]},{"type":"Point","coordinates":[115.34110994076521,-20.960834245863726]},{"type":"Point","coordinates":[115.65097741444053,-21.102289696815237]},{"type":"Point","coordinates":[115.66014975853139,-21.15953372610514]},{"type":"Point","coordinates":[115.59886389353215,-21.2733943238515]},{"type":"Point","coordinates":[115.50283264728812,-21.292303647649096]},{"type":"Point","coordinates":[115.44977379757931,-21.311355998734786]},{"type":"Point","coordinates":[115.16516723920083,-21.32031626227831]},{"type":"Point","coordinates":[115.44211751322855,-21.35744356163427]},{"type":"Point","coordinates":[115.42547621211095,-21.500929814069135]},{"type":"Point","coordinates":[115.52118629262125,-21.427925841005965]},{"type":"Point","coordinates":[115.55229744007777,-20.419479034173612]},{"type":"Point","coordinates":[115.5408331462032,-20.60111214849828]},{"type":"Point","coordinates":[115.53611094981895,-20.533332939008197]},{"type":"Point","coordinates":[115.53138876660276,-20.52055446912762]},{"type":"Point","coordinates":[115.54667007205764,-20.497780213710588]},{"type":"Point","coordinates":[115.57944443365395,-20.42901090360488]},{"type":"Point","coordinates":[115.59164454957025,-20.42391702589424]},{"type":"Point","coordinates":[115.60327835985586,-20.43595564440067]},{"type":"Point","coordinates":[116.80221473216264,-20.386324194149978]},{"type":"Point","coordinates":[123.55242867049165,-12.53102732202424]},{"type":"Point","coordinates":[122.96749713331344,-12.244998944723475]},{"type":"Point","coordinates":[121.7764221830927,-14.054020746377136]},{"type":"Point","coordinates":[123.55043091949433,-14.110713983430614]},{"type":"Point","coordinates":[124.32528002366958,-15.06055451364629]},{"type":"Point","coordinates":[124.5019451962554,-15.131943647654758]},{"type":"Point","coordinates":[124.4642568428371,-15.230665614793319]},{"type":"Point","coordinates":[124.36216568774644,-15.353057020206437]},{"type":"Point","coordinates":[124.34415989934749,-15.268850940260455]},{"type":"Point","coordinates":[124.26194742739968,-15.214444629603538]},{"type":"Point","coordinates":[124.43640079337833,-15.373347517033766]},{"type":"Point","coordinates":[124.4546028603508,-15.39199813090624]},{"type":"Point","coordinates":[124.38098310735613,-15.69437354664147]},{"type":"Point","coordinates":[124.4024983090465,-15.665557869109872]},{"type":"Point","coordinates":[124.30361329936571,-15.897774553138245]},{"type":"Point","coordinates":[124.32528891954627,-15.92858110025072]},{"type":"Point","coordinates":[124.30755063849286,-15.952326090942375]},{"type":"Point","coordinates":[124.28944225237208,-15.936110533070662]},{"type":"Point","coordinates":[124.3463448287894,-15.908770062497707]},{"type":"Point","coordinates":[124.34233161547147,-15.924614773170667]},{"type":"Point","coordinates":[124.4196925507196,-15.930266246642189]},{"type":"Point","coordinates":[124.46832356432738,-16.06078890726627]},{"type":"Point","coordinates":[124.48052809749305,-16.105104321748467]},{"type":"Point","coordinates":[124.39032047328301,-16.296690658099152]},{"type":"Point","coordinates":[124.36712425405032,-16.308716935647134]},{"type":"Point","coordinates":[124.2385237831322,-16.29608288717286]},{"type":"Point","coordinates":[124.17211885272766,-16.270628379442094]},{"type":"Point","coordinates":[124.30889730869745,-16.05419834693441]},{"type":"Point","coordinates":[124.01190334395902,-16.241090618531075]},{"type":"Point","coordinates":[124.02630618654413,-16.241698553654388]},{"type":"Point","coordinates":[124.09710780351777,-16.25872817202536]},{"type":"Point","coordinates":[123.84387100212768,-16.305785290240483]},{"type":"Point","coordinates":[123.93029733781107,-16.153688607902012]},{"type":"Point","coordinates":[123.81909184062336,-16.186584025769942]},{"type":"Point","coordinates":[123.70868002358621,-15.867490790309963]},{"type":"Point","coordinates":[123.69250686674908,-15.97461061821204]},{"type":"Point","coordinates":[123.63427542079673,-15.874207624326866]},{"type":"Point","coordinates":[123.67468384350069,-15.879212808411836]},{"type":"Point","coordinates":[123.67071523117569,-15.849608363246283]},{"type":"Point","coordinates":[123.53851180597132,-15.991881879773443]},{"type":"Point","coordinates":[123.56250171149631,-16.052612848185664]},{"type":"Point","coordinates":[123.64672967106743,-16.10571265005828]},{"type":"Point","coordinates":[123.77008179477565,-16.108582979718577]},{"type":"Point","coordinates":[123.63506913987888,-16.316711239134598]},{"type":"Point","coordinates":[123.61071800900767,-16.356626312021515]},{"type":"Point","coordinates":[123.57708745738358,-16.341188440283997]},{"type":"Point","coordinates":[123.55987530917463,-16.347414237426264]},{"type":"Point","coordinates":[123.46288990742109,-16.405580568524815]},{"type":"Point","coordinates":[123.48028480439234,-16.395506636865388]},{"type":"Point","coordinates":[123.5109233457772,-16.397093715550287]},{"type":"Point","coordinates":[123.46710377160424,-16.387207602789115]},{"type":"Point","coordinates":[123.4467166940641,-16.29309117232957]},{"type":"Point","coordinates":[123.46008509408135,-16.278624191162994]},{"type":"Point","coordinates":[123.47912545406894,-16.291991258168753]},{"type":"Point","coordinates":[123.49090641068958,-16.29968229245452]},{"type":"Point","coordinates":[123.5496818588268,-16.332578912206237]},{"type":"Point","coordinates":[123.52447453442483,-16.18658400555184]},{"type":"Point","coordinates":[123.47808648157961,-16.189697229922327]},{"type":"Point","coordinates":[123.26409867909712,-16.303589775958667]},{"type":"Point","coordinates":[123.37188853226941,-16.36871310360535]},{"type":"Point","coordinates":[123.40948325940302,-16.37902798416964]},{"type":"Point","coordinates":[123.42230314115669,-16.456297212686653]},{"type":"Point","coordinates":[123.40490823327694,-16.452208895405096]},{"type":"Point","coordinates":[123.41088782896489,-16.526490782971415]},{"type":"Point","coordinates":[123.4011224154099,-16.491087169535252]},{"type":"Point","coordinates":[123.36212309808981,-16.500489115324378]},{"type":"Point","coordinates":[123.34307827392252,-16.461608439165133]},{"type":"Point","coordinates":[123.13049510278213,-16.451293700854823]},{"type":"Point","coordinates":[123.10809259043832,-16.379087859259712]},{"type":"Point","coordinates":[123.090086767325,-16.293703243878802]},{"type":"Point","coordinates":[123.31952084149431,-16.170289051300923]},{"type":"Point","coordinates":[123.34026910536015,-16.175111239659046]},{"type":"Point","coordinates":[123.39892407217353,-16.168211954463025]},{"type":"Point","coordinates":[123.38031183239471,-16.12548700142857]},{"type":"Point","coordinates":[123.36810278477667,-16.122621206550324]},{"type":"Point","coordinates":[123.42248597291889,-16.048704693990175]},{"type":"Point","coordinates":[123.33227391212941,-16.060788938682542]},{"type":"Point","coordinates":[123.06408575648831,-16.27807628585648]},{"type":"Point","coordinates":[122.96929862665851,-16.38409316465458]},{"type":"Point","coordinates":[123.04370314949196,-16.347414253302883]},{"type":"Point","coordinates":[123.04168767675723,-15.109008063986282]},{"type":"Point","coordinates":[118.95251366154511,-17.521911142451046]},{"type":"Point","coordinates":[119.0989371171574,-19.584441140211762]},{"type":"Point","coordinates":[119.158889729484,-19.97583524508823]},{"type":"Point","coordinates":[121.72070130328979,-18.566404931274516]},{"type":"Point","coordinates":[122.16748089956646,-16.881712371417457]},{"type":"Point","coordinates":[122.19671473450862,-16.90558007349953]},{"type":"Point","coordinates":[123.48248316207956,-17.371580351882603]},{"type":"Point","coordinates":[123.52471981563929,-17.364992320668183]},{"type":"Point","coordinates":[123.49688610657525,-17.263001927110935]},{"type":"Point","coordinates":[123.52008235525098,-17.309385261733144]},{"type":"Point","coordinates":[123.45330726091751,-17.28192031216029]},{"type":"Point","coordinates":[123.45031519725279,-17.264100605854132]},{"type":"Point","coordinates":[123.17748961116342,-16.880005532037437]},{"type":"Point","coordinates":[123.17212084088432,-16.81762911366181]},{"type":"Point","coordinates":[123.31469615546163,-16.578124453577498]},{"type":"Point","coordinates":[123.61730856765821,-16.72192475770593]},{"type":"Point","coordinates":[123.63390980241128,-16.732908268283285]},{"type":"Point","coordinates":[123.65130476694426,-16.737609841852382]},{"type":"Point","coordinates":[123.86071754133366,-16.907286673420266]},{"type":"Point","coordinates":[125.33074937542553,-15.051361136435354]},{"type":"Point","coordinates":[125.30361123282785,-15.067224354606607]},{"type":"Point","coordinates":[125.34889344942007,-15.121944088047547]},{"type":"Point","coordinates":[125.2733295384274,-15.084722391447192]},{"type":"Point","coordinates":[125.2955536980745,-15.053608933571832]},{"type":"Point","coordinates":[125.25586769165652,-15.030393587308183]},{"type":"Point","coordinates":[125.22968385160391,-14.90592835790737]},{"type":"Point","coordinates":[125.21537009429765,-14.916532616896381]},{"type":"Point","coordinates":[125.15092268862684,-14.920979302356336]},{"type":"Point","coordinates":[125.16262783594567,-14.958836968202496]},{"type":"Point","coordinates":[125.2066481087621,-14.984222455916816]},{"type":"Point","coordinates":[125.18305051006,-15.038054821558564]},{"type":"Point","coordinates":[125.11042959423989,-15.006202353547224]},{"type":"Point","coordinates":[125.02284846160258,-14.971028223482852]},{"type":"Point","coordinates":[124.86259279255081,-15.273539721674041]},{"type":"Point","coordinates":[125.0594175075095,-15.434211623645293]},{"type":"Point","coordinates":[124.9938107565194,-15.330416422766518]},{"type":"Point","coordinates":[124.87361125433384,-15.333052597236128]},{"type":"Point","coordinates":[124.61416733198388,-15.490975711832679]},{"type":"Point","coordinates":[124.59878343688594,-15.47677759083449]},{"type":"Point","coordinates":[124.65534269091155,-15.464031048609842]},{"type":"Point","coordinates":[124.57788814447355,-15.295893993016556]},{"type":"Point","coordinates":[124.60444652595508,-15.259167607835241]},{"type":"Point","coordinates":[124.61916158686526,-15.322778707940694]},{"type":"Point","coordinates":[124.8294394064288,-15.223755715791256]},{"type":"Point","coordinates":[124.71833195949598,-15.076666725455492]},{"type":"Point","coordinates":[124.82550196411766,-15.014010887328656]},{"type":"Point","coordinates":[124.80176615382169,-15.012955720273146]},{"type":"Point","coordinates":[124.75498129783045,-14.989318152228844]},{"type":"Point","coordinates":[124.75237270756853,-15.032107582311056]},{"type":"Point","coordinates":[124.61513497861905,-15.019717429990559]},{"type":"Point","coordinates":[124.59972431237674,-15.0191661631604]},{"type":"Point","coordinates":[124.60790232149883,-15.0278140066623]},{"type":"Point","coordinates":[124.54666993121371,-15.163333981958734]},{"type":"Point","coordinates":[124.53807279818949,-15.113381877690118]},{"type":"Point","coordinates":[124.51972360686595,-15.116666455248595]},{"type":"Point","coordinates":[124.53639170987367,-14.987500433551958]},{"type":"Point","coordinates":[124.5716498392968,-14.98672076815958]},{"type":"Point","coordinates":[124.67444549313485,-14.933788877893399]},{"type":"Point","coordinates":[124.6815087375565,-14.912796840841963]},{"type":"Point","coordinates":[124.76695841586583,-14.854549720256797]},{"type":"Point","coordinates":[124.90582820004812,-14.922220257535924]},{"type":"Point","coordinates":[124.93638647369748,-14.926110986987238]},{"type":"Point","coordinates":[124.9402792503582,-14.916386149380465]},{"type":"Point","coordinates":[125.13981067552365,-14.915636397420053]},{"type":"Point","coordinates":[125.2040484837443,-14.877232447646717]},{"type":"Point","coordinates":[125.17522484774496,-14.846825893044688]},{"type":"Point","coordinates":[125.17907745736763,-14.838584585426963]},{"type":"Point","coordinates":[125.16968662908107,-14.837459591561565]},{"type":"Point","coordinates":[125.17407438227664,-14.796429115533691]},{"type":"Point","coordinates":[125.20146219536504,-14.680758189007138]},{"type":"Point","coordinates":[125.19287839449993,-14.676668928399003]},{"type":"Point","coordinates":[125.16496891974268,-14.645854665940618]},{"type":"Point","coordinates":[125.06416201015892,-14.64368027703197]},{"type":"Point","coordinates":[124.9788282044194,-14.7126931484894]},{"type":"Point","coordinates":[124.93488376173975,-14.534498227030126]},{"type":"Point","coordinates":[124.92789633122639,-14.540752582915152]},{"type":"Point","coordinates":[124.96864359295591,-14.498073458875748]},{"type":"Point","coordinates":[124.9850218396825,-14.476063751685297]},{"type":"Point","coordinates":[125.01484878051453,-14.531092525827829]},{"type":"Point","coordinates":[125.10555136131599,-14.499998884468951]},{"type":"Point","coordinates":[125.03050914429797,-14.43850235446611]},{"type":"Point","coordinates":[124.97909576580065,-14.462912163221041]},{"type":"Point","coordinates":[125.72729272173828,-14.094825081176852]},{"type":"Point","coordinates":[125.65335191757167,-14.067196191225877]},{"type":"Point","coordinates":[125.57637895654038,-14.14151568821607]},{"type":"Point","coordinates":[125.65692810388133,-14.159126533279053]},{"type":"Point","coordinates":[125.74743454130959,-14.109260938787429]},{"type":"Point","coordinates":[125.87403729927401,-14.062317140791832]},{"type":"Point","coordinates":[125.83042730671418,-14.232218745641443]},{"type":"Point","coordinates":[125.76414278272925,-14.214795163230058]},{"type":"Point","coordinates":[125.79955244518612,-14.228873343657849]},{"type":"Point","coordinates":[125.84007230920268,-14.281184430478929]},{"type":"Point","coordinates":[125.68993439097085,-14.462130639370395]},{"type":"Point","coordinates":[125.67678008108268,-14.27895893120704]},{"type":"Point","coordinates":[125.63921215786722,-14.221231387701279]},{"type":"Point","coordinates":[125.49677950206167,-14.35004679824645]},{"type":"Point","coordinates":[125.42770356497824,-14.357537481510192]},{"type":"Point","coordinates":[125.41757251567064,-14.361006313473188]},{"type":"Point","coordinates":[125.41634178315385,-14.388689902173358]},{"type":"Point","coordinates":[125.40046740294302,-14.366626260756476]},{"type":"Point","coordinates":[125.25786530907305,-14.39162265120751]},{"type":"Point","coordinates":[125.33611363752627,-14.406665869470975]},{"type":"Point","coordinates":[125.37935805255324,-14.336775382898415]},{"type":"Point","coordinates":[125.31654265149574,-14.460779157493612]},{"type":"Point","coordinates":[125.28832994463319,-14.430275916416884]},{"type":"Point","coordinates":[125.27722233204075,-14.424998737330373]},{"type":"Point","coordinates":[125.23973019239732,-14.438778749266712]},{"type":"Point","coordinates":[125.22194726431752,-14.45138772117113]},{"type":"Point","coordinates":[125.24098318553774,-14.521855142454978]},{"type":"Point","coordinates":[125.24087614371504,-14.509582570958356]},{"type":"Point","coordinates":[125.24774322068083,-14.540221645743308]},{"type":"Point","coordinates":[125.22448009526049,-14.578706620745931]},{"type":"Point","coordinates":[125.27979075473876,-14.559721784867369]},{"type":"Point","coordinates":[125.31488831372272,-14.561793422032709]},{"type":"Point","coordinates":[125.31861165749767,-14.529819193368812]},{"type":"Point","coordinates":[125.31623052905927,-14.515500920403422]},{"type":"Point","coordinates":[125.37388673454186,-14.498613065239198]},{"type":"Point","coordinates":[125.4025809749072,-14.420982488200481]},{"type":"Point","coordinates":[125.39400612978113,-14.39963891638925]},{"type":"Point","coordinates":[125.4766600331708,-14.420222431545112]},{"type":"Point","coordinates":[125.52282509642784,-14.405322664289626]},{"type":"Point","coordinates":[125.23997546134589,-14.609767592340221]},{"type":"Point","coordinates":[125.24912994450051,-14.89060909205503]},{"type":"Point","coordinates":[125.90528223893759,-14.516942748323842]},{"type":"Point","coordinates":[125.88972438740892,-14.572220270108174]},{"type":"Point","coordinates":[126.05601321038695,-14.34823668994816]},{"type":"Point","coordinates":[125.94559692187298,-14.327365729826568]},{"type":"Point","coordinates":[126.04990426561324,-14.20535446201331]},{"type":"Point","coordinates":[125.99888769240685,-13.980555422303114]},{"type":"Point","coordinates":[126.01954670145479,-14.012421667617618]},{"type":"Point","coordinates":[126.10719922396923,-13.8999810337705]},{"type":"Point","coordinates":[126.35999906136989,-13.755320049683151]},{"type":"Point","coordinates":[126.31590304186076,-14.072364943753335]},{"type":"Point","coordinates":[126.44347343214213,-13.934208467618681]},{"type":"Point","coordinates":[126.58752466113798,-13.908681240325999]},{"type":"Point","coordinates":[126.54564036510766,-14.014788237196905]},{"type":"Point","coordinates":[126.56888565135473,-14.01583089004407]},{"type":"Point","coordinates":[126.79045834895433,-13.765311976381971]},{"type":"Point","coordinates":[126.91884039256666,-13.692625996715064]},{"type":"Point","coordinates":[126.89416370582238,-13.692777657420859]},{"type":"Point","coordinates":[127.1130654268398,-13.899227915251839]},{"type":"Point","coordinates":[128.23722707249198,-15.260277509412145]},{"type":"Point","coordinates":[128.11083832222872,-15.26888964122973]},{"type":"Point","coordinates":[128.11643898238228,-15.003467385249674]},{"type":"Point","coordinates":[128.4149936052809,-14.90139083575946]},{"type":"Point","coordinates":[128.4527756156024,-14.913335433356016]},{"type":"Point","coordinates":[128.60611071808447,-14.854997986575441]},{"type":"Point","coordinates":[128.63610705796148,-14.72583413871703]},{"type":"Point","coordinates":[127.84180291319126,-14.371464188643596]},{"type":"Point","coordinates":[129.70361135582797,-13.835277934094679]},{"type":"Point","coordinates":[129.74499630566305,-13.805002495479606]},{"type":"Point","coordinates":[129.6597294003261,-14.483886984017252]},{"type":"Point","coordinates":[128.77333145104507,-14.767779064110481]},{"type":"Point","coordinates":[128.7024986099707,-14.840235477308216]},{"type":"Point","coordinates":[128.6813981159407,-14.821389765202815]},{"type":"Point","coordinates":[128.67416545366217,-14.83166634686193]},{"type":"Point","coordinates":[128.7494485229979,-14.863889421815767]},{"type":"Point","coordinates":[128.769728468948,-14.840554457489855]},{"type":"Point","coordinates":[129.23971772424005,-14.997501972809374]},{"type":"Point","coordinates":[129.1652819291661,-15.089165568437581]},{"type":"Point","coordinates":[129.16555844656386,-15.036112646104163]},{"type":"Point","coordinates":[129.06611597467932,-14.968891561393475]},{"type":"Point","coordinates":[128.98971380770794,-14.96194301224989]},{"type":"Point","coordinates":[128.96444852754632,-14.876943686736132]},{"type":"Point","coordinates":[128.97749141042848,-14.95138827699694]},{"type":"Point","coordinates":[128.9804210248881,-14.96542372942711]},{"type":"Point","coordinates":[128.94139046398575,-14.93499950664396]},{"type":"Point","coordinates":[128.75889731648124,-14.884998277083021]},{"type":"Point","coordinates":[129.19583122426286,-15.111388680572139]},{"type":"Point","coordinates":[129.6469406980688,-15.080279155078115]},{"type":"Point","coordinates":[129.57027978132774,-15.071387997449774]},{"type":"Point","coordinates":[129.41833593226087,-14.967220115027288]},{"type":"Point","coordinates":[129.61054997714203,-14.888613871207374]},{"type":"Point","coordinates":[129.581663933798,-14.926946852594206]},{"type":"Point","coordinates":[129.52271901867832,-15.006305765507847]},{"type":"Point","coordinates":[129.62500187088716,-15.003333878814475]},{"type":"Point","coordinates":[129.69305223646697,-14.735830614766096]},{"type":"Point","coordinates":[129.6544497968801,-15.094443879834813]},{"type":"Point","coordinates":[134.96722348171008,-12.096387406636063]},{"type":"Point","coordinates":[134.67384133565247,-11.925308279270984]},{"type":"Point","coordinates":[134.69279701418947,-11.957124809730084]},{"type":"Point","coordinates":[130.60417143668568,-12.701947087155101]},{"type":"Point","coordinates":[130.43093985739196,-12.530539798035326]},{"type":"Point","coordinates":[130.4084169242276,-11.429270754235713]},{"type":"Point","coordinates":[130.56836039215486,-11.36139034426121]},{"type":"Point","coordinates":[132.04055934561418,-11.181665035970187]},{"type":"Point","coordinates":[132.1886148977983,-11.118333522885205]},{"type":"Point","coordinates":[132.29306040364918,-11.099177383012089]},{"type":"Point","coordinates":[132.15499771655288,-11.563890436236331]},{"type":"Point","coordinates":[132.72483960992264,-11.47316206828704]},{"type":"Point","coordinates":[132.78582674362153,-11.316388741696091]},{"type":"Point","coordinates":[132.92486601863286,-11.170562443563982]},{"type":"Point","coordinates":[134.2122174085029,-11.88833483764937]},{"type":"Point","coordinates":[133.00027381428916,-11.000278700108046]},{"type":"Point","coordinates":[132.97194071230226,-11.036388169777101]},{"type":"Point","coordinates":[132.87283274853414,-11.081857856600289]},{"type":"Point","coordinates":[143.20037832099675,-12.240140111970977]},{"type":"Point","coordinates":[142.02471852150845,-10.847497984107592]},{"type":"Point","coordinates":[142.03440812900004,-10.879755024724975]},{"type":"Point","coordinates":[142.01307577320696,-11.662196958592613]},{"type":"Point","coordinates":[136.73350456223312,-11.02625169802902]},{"type":"Point","coordinates":[136.68499851068398,-11.227042081851051]},{"type":"Point","coordinates":[136.68234088624908,-11.263560733316751]},{"type":"Point","coordinates":[136.8473186680019,-11.663096580927025]},{"type":"Point","coordinates":[136.86721963919584,-12.090361690438568]},{"type":"Point","coordinates":[136.6731283610294,-12.18116901707131]},{"type":"Point","coordinates":[136.59883083102815,-12.074001723962606]},{"type":"Point","coordinates":[136.78376761530728,-12.04314972923463]},{"type":"Point","coordinates":[136.71926666390152,-11.806267718363529]},{"type":"Point","coordinates":[136.67166133125093,-11.725001118463963]},{"type":"Point","coordinates":[136.6609951808708,-11.722398960891596]},{"type":"Point","coordinates":[136.2731915816715,-11.931507841483693]},{"type":"Point","coordinates":[136.42370407647454,-11.91831014132444]},{"type":"Point","coordinates":[136.23336733587914,-11.976977087308889]},{"type":"Point","coordinates":[136.22364651660283,-11.990250434295687]},{"type":"Point","coordinates":[136.0993490923211,-12.07217034037275]},{"type":"Point","coordinates":[135.94041335982797,-11.928122349377709]},{"type":"Point","coordinates":[136.03221287392176,-11.61971106292929]},{"type":"Point","coordinates":[136.0529164405548,-11.616129548476321]},{"type":"Point","coordinates":[136.11706508742293,-11.72059140207839]},{"type":"Point","coordinates":[136.10119513827047,-11.572330442748278]},{"type":"Point","coordinates":[135.30883966089465,-11.729297305893526]},{"type":"Point","coordinates":[135.03750784151563,-11.90833182649473]},{"type":"Point","coordinates":[135.0116405825013,-12.059092919129803]},{"type":"Point","coordinates":[135.83888408537285,-12.173331965455281]},{"type":"Point","coordinates":[135.8127448148475,-12.153332831833339]},{"type":"Point","coordinates":[135.92555113136024,-12.13083427832932]},{"type":"Point","coordinates":[135.9465178414672,-12.125907979409272]},{"type":"Point","coordinates":[136.16078214999672,-12.162879241152108]},{"type":"Point","coordinates":[136.1752340400683,-12.371815292410073]},{"type":"Point","coordinates":[135.967970571836,-12.208840970730567]},{"type":"Point","coordinates":[136.08601191831775,-13.812662672982553]},{"type":"Point","coordinates":[136.18138316665835,-13.66286941235106]},{"type":"Point","coordinates":[136.05306806619072,-13.334914230999921]},{"type":"Point","coordinates":[136.07063249779452,-13.445699358306788]},{"type":"Point","coordinates":[136.07499796035572,-13.483054359603184]},{"type":"Point","coordinates":[136.1089004513134,-13.446735869914948]},{"type":"Point","coordinates":[136.23075878995533,-13.441679067868158]},{"type":"Point","coordinates":[136.7360997616301,-13.637689450925087]},{"type":"Point","coordinates":[136.54469285871798,-13.727364738012687]},{"type":"Point","coordinates":[136.64666802804496,-13.692223141970135]},{"type":"Point","coordinates":[136.71511974141066,-13.650580968390644]},{"type":"Point","coordinates":[136.76654205260667,-13.67706797735647]},{"type":"Point","coordinates":[136.31848268791117,-13.588223101415274]},{"type":"Point","coordinates":[136.27232207313858,-13.596939164746788]},{"type":"Point","coordinates":[136.29105920945184,-13.782418938166838]},{"type":"Point","coordinates":[136.26635579180092,-13.841577586384812]},{"type":"Point","coordinates":[136.65838656331206,-14.309050790392433]},{"type":"Point","coordinates":[136.82182153809126,-14.335574366721213]},{"type":"Point","coordinates":[136.74304259308136,-14.290522561057262]},{"type":"Point","coordinates":[136.70626842392502,-14.282178328690833]},{"type":"Point","coordinates":[136.77194205104846,-14.29416524636958]},{"type":"Point","coordinates":[136.7766285882497,-14.274123333084697]},{"type":"Point","coordinates":[136.79524084116377,-14.096330057002808]},{"type":"Point","coordinates":[136.7619625966204,-14.144283018593553]},{"type":"Point","coordinates":[136.98052989564766,-14.217055860840997]},{"type":"Point","coordinates":[136.97694473641653,-14.273055890345386]},{"type":"Point","coordinates":[136.95616085614,-14.22431758085125]},{"type":"Point","coordinates":[136.84326090113717,-14.304673826433946]},{"type":"Point","coordinates":[136.93621976496004,-14.330027112430237]},{"type":"Point","coordinates":[136.90400726527014,-14.336516174334374]},{"type":"Point","coordinates":[136.9390245961637,-14.366600314619108]},{"type":"Point","coordinates":[136.95109533290372,-14.354111856801506]},{"type":"Point","coordinates":[136.9219684687855,-13.717444843381664]},{"type":"Point","coordinates":[136.55003489194124,-13.007651861222728]},{"type":"Point","coordinates":[136.617460966377,-12.976120525672362]},{"type":"Point","coordinates":[136.65277253861058,-12.973891384609345]},{"type":"Point","coordinates":[136.73063737681053,-12.882667458611369]},{"type":"Point","coordinates":[136.6924585511756,-12.780934648889966]},{"type":"Point","coordinates":[136.7053542630531,-12.779838847249923]},{"type":"Point","coordinates":[136.72167903233557,-12.777725339175145]},{"type":"Point","coordinates":[136.7236187463372,-12.744999511628828]},{"type":"Point","coordinates":[136.71910168898867,-12.709585530140595]},{"type":"Point","coordinates":[136.71116450798772,-12.723974390395465]},{"type":"Point","coordinates":[136.77715922707452,-12.582816976174858]},{"type":"Point","coordinates":[136.76791545408523,-12.586394294788336]},{"type":"Point","coordinates":[136.81305047862756,-12.516945326976282]},{"type":"Point","coordinates":[136.75816345614777,-12.49440826216396]},{"type":"Point","coordinates":[136.69844267361276,-12.239242407376066]},{"type":"Point","coordinates":[136.9112265311688,-12.25976227136943]},{"type":"Point","coordinates":[136.89421062378602,-12.418363306803602]},{"type":"Point","coordinates":[139.25204502018437,-16.230824176456668]},{"type":"Point","coordinates":[139.12176341341018,-16.861251204261034]},{"type":"Point","coordinates":[139.90083527405244,-16.64277961173804]},{"type":"Point","coordinates":[139.84194841621957,-16.71027867945783]},{"type":"Point","coordinates":[139.47972226931373,-16.948333142916862]},{"type":"Point","coordinates":[139.37023791110155,-17.000816196465884]},{"type":"Point","coordinates":[139.36070440393024,-16.953831167293945]},{"type":"Point","coordinates":[139.20056025355194,-16.9933323068354]},{"type":"Point","coordinates":[136.71750086318295,-15.762223744518897]},{"type":"Point","coordinates":[136.77249050643974,-15.755009739188216]},{"type":"Point","coordinates":[136.82972751454918,-15.71583243230543]},{"type":"Point","coordinates":[136.96111943572737,-15.786258630689838]},{"type":"Point","coordinates":[137.1074983031818,-15.748889858747448]},{"type":"Point","coordinates":[137.0955524108943,-15.708333468339118]},{"type":"Point","coordinates":[137.103881984109,-15.733331816937119]},{"type":"Point","coordinates":[137.07805038965017,-15.63361193633269]},{"type":"Point","coordinates":[137.08999635190597,-15.67416608010113]},{"type":"Point","coordinates":[136.98236260246642,-15.60194461563566]},{"type":"Point","coordinates":[136.92921451265553,-15.705337202769476]},{"type":"Point","coordinates":[136.88482867617464,-15.719553934266532]},{"type":"Point","coordinates":[136.9326034446241,-15.626599507431155]},{"type":"Point","coordinates":[136.91061563886794,-15.610546877416253]},{"type":"Point","coordinates":[136.96110602309346,-15.584167629792995]},{"type":"Point","coordinates":[136.9622208399644,-15.57472236123414]},{"type":"Point","coordinates":[136.9162118122589,-15.515686941803772]},{"type":"Point","coordinates":[136.91931088812765,-15.491482791600944]},{"type":"Point","coordinates":[136.9563883305074,-15.499165850940287]},{"type":"Point","coordinates":[137.0949994822644,-15.618332862279333]},{"type":"Point","coordinates":[136.71583762786287,-15.60972228128237]},{"type":"Point","coordinates":[136.72721729901855,-15.65611202320939]},{"type":"Point","coordinates":[136.65777571539368,-15.58611331863904]},{"type":"Point","coordinates":[135.87695138314882,-14.427317763376395]},{"type":"Point","coordinates":[135.86962957005542,-14.435116805347354]},{"type":"Point","coordinates":[135.6129459058332,-14.535128384791266]},{"type":"Point","coordinates":[135.78277520278144,-14.628329595362317]},{"type":"Point","coordinates":[135.50166456012252,-14.684165840506518]},{"type":"Point","coordinates":[135.55306904094982,-14.644499977972446]},{"type":"Point","coordinates":[136.20913661604084,-34.54936464661843]},{"type":"Point","coordinates":[136.19578607924106,-34.639109654057286]},{"type":"Point","coordinates":[136.18032635564794,-34.642675553004075]},{"type":"Point","coordinates":[135.25953533743402,-34.25571002714758]},{"type":"Point","coordinates":[135.35742152638744,-34.52727049570308]},{"type":"Point","coordinates":[135.3744196769438,-34.59339951385948]},{"type":"Point","coordinates":[135.32751433380255,-34.70050122802397]},{"type":"Point","coordinates":[135.43090752870907,-34.61871271341833]},{"type":"Point","coordinates":[135.53370763389987,-34.91223424855649]},{"type":"Point","coordinates":[135.2870926464219,-34.71029257306256]},{"type":"Point","coordinates":[135.2978657775135,-34.6223528861715]},{"type":"Point","coordinates":[135.046876372411,-34.756773548059186]},{"type":"Point","coordinates":[135.08404742334557,-34.75239190283912]},{"type":"Point","coordinates":[136.07526990494944,-35.16555462500013]},{"type":"Point","coordinates":[136.18305979874302,-35.06917120215612]},{"type":"Point","coordinates":[136.02761995110532,-34.97892171325603]},{"type":"Point","coordinates":[136.03384486762258,-34.95602858653033]},{"type":"Point","coordinates":[135.98333666887146,-34.60499826006826]},{"type":"Point","coordinates":[136.20471318123228,-34.81719929633484]},{"type":"Point","coordinates":[136.22303562090784,-34.82222542501703]},{"type":"Point","coordinates":[136.48234573046014,-35.18611139827362]},{"type":"Point","coordinates":[136.41972211667337,-35.180830545002145]},{"type":"Point","coordinates":[136.9058087097193,-35.32033489713057]},{"type":"Point","coordinates":[136.92198187106968,-35.33757139814703]},{"type":"Point","coordinates":[136.83331268034863,-35.21804060745788]},{"type":"Point","coordinates":[136.25476214174665,-34.59742622298598]},{"type":"Point","coordinates":[136.23748757557541,-34.56127798666195]},{"type":"Point","coordinates":[136.31925857180593,-34.65312295473884]},{"type":"Point","coordinates":[136.29432771995272,-34.567825223059586]},{"type":"Point","coordinates":[136.2570808856937,-34.52649906480458]},{"type":"Point","coordinates":[136.2501202353213,-34.50939996075531]},{"type":"Point","coordinates":[136.27995157444334,-34.48651600916446]},{"type":"Point","coordinates":[138.4858376432857,-34.76083259691215]},{"type":"Point","coordinates":[138.59382816823626,-35.60567772932287]},{"type":"Point","coordinates":[137.83122381769294,-35.121690149432894]},{"type":"Point","coordinates":[137.64563158078627,-35.62662999508858]},{"type":"Point","coordinates":[138.29046660506293,-35.782182845004606]},{"type":"Point","coordinates":[138.3023233589214,-35.7602944254259]},{"type":"Point","coordinates":[138.96331822048853,-35.518641634670935]},{"type":"Point","coordinates":[139.306548572905,-35.4124992811564]},{"type":"Point","coordinates":[136.6980591768168,-36.08611387132991]},{"type":"LineString","coordinates":[[123.49328756206363,-16.38128682102941],[123.51452626704788,-16.375181865344143]]},{"type":"LineString","coordinates":[[126.3158361397277,-13.90500207939783],[126.31555075061395,-13.893886437990574]]},{"type":"LineString","coordinates":[[123.82409493918334,-16.284299866347467],[123.83428840883495,-16.277220238897982]]},{"type":"LineString","coordinates":[[123.53832893995936,-16.187012223138492],[123.54571319967825,-16.199220754014924],[123.54492394237033,-16.208983622954527]]},{"type":"LineString","coordinates":[[124.0529181201754,-16.072816685658488],[124.07531623462172,-16.08148038880278]]},{"type":"LineString","coordinates":[[123.76330402296658,-16.268312557492465],[123.77050987493396,-16.255616054821097]]},{"type":"LineString","coordinates":[[142.0591427932142,-11.521957607440195],[142.06916682430005,-11.518055872118904]]},{"type":"LineString","coordinates":[[125.19863068747209,-14.463413060262393],[125.18589991178288,-14.462540856549449]]},{"type":"LineString","coordinates":[[123.57769835470614,-16.50488427108959],[123.5831295471194,-16.49499509525206]]},{"type":"LineString","coordinates":[[123.54009922197308,-16.612913865471647],[123.52649000935025,-16.624510386384706],[123.5380836938672,-16.625488837291954],[123.54290843122891,-16.633606763065973]]},{"type":"LineString","coordinates":[[123.43170291136705,-16.367797558447528],[123.40393169291947,-16.35467522673933],[123.41308615514241,-16.349793220213634]]},{"type":"LineString","coordinates":[[123.15448062219082,-16.429319568678856],[123.15289320304464,-16.42041029586816]]},{"type":"LineString","coordinates":[[136.60167125932045,-13.671665068238735],[136.60317846562796,-13.657440235632452]]},{"type":"LineString","coordinates":[[134.79833942814915,-12.049167772506507],[134.80305275538674,-12.037776954904583]]},{"type":"LineString","coordinates":[[124.18926856526606,-16.337097685320902],[124.20129470754847,-16.329099965553286]]},{"type":"LineString","coordinates":[[123.87152191778235,-16.321410041085866],[123.88629041762178,-16.314515815864983]]},{"type":"LineString","coordinates":[[123.66333092519787,-16.413818963008413],[123.68872107153275,-16.410521053059345]]},{"type":"LineString","coordinates":[[123.64007672307332,-16.529175400192983],[123.63867212042408,-16.519714951357752]]},{"type":"LineString","coordinates":[[123.53930547456359,-16.592590588238586],[123.53448525418543,-16.57250872072515]]},{"type":"LineString","coordinates":[[123.50390472829208,-17.361817470759004],[123.50707957797871,-17.353088299372413],[123.49432209447352,-17.348508604602504],[123.48211755641596,-17.355531322016596]]},{"type":"LineString","coordinates":[[123.11010808356569,-16.4478167950979],[123.11230643644427,-16.435730692008683],[123.12652652547855,-16.43750128607761]]},{"type":"LineString","coordinates":[[123.87310931771292,-16.33227515871801],[123.88867159442778,-16.325197279648904]]},{"type":"LineString","coordinates":[[123.30547915588204,-16.387327349034113],[123.3253176666297,-16.399292465046106]]},{"type":"LineString","coordinates":[[121.7260834357637,-14.16562053711851],[121.71640717092792,-14.151931883831438]]},{"type":"LineString","coordinates":[[129.04527415362463,-14.931113288966397],[129.03611963218302,-14.928054132095944]]},{"type":"LineString","coordinates":[[123.09228505123828,-16.42468318778357],[123.07611196539716,-16.40582439962751],[123.07012785146665,-16.432493019035704],[123.08447275300452,-16.430786516268284],[123.09307878049808,-16.4395156945061]]},{"type":"LineString","coordinates":[[129.48388471097846,-15.026664141789734],[129.4980602263168,-15.040832407151564],[129.5011147212961,-15.030832888946254],[129.50842315720655,-15.040044362388903]]},{"type":"LineString","coordinates":[[123.78912221241418,-16.160584246931478],[123.81012007385854,-16.1898214191189]]},{"type":"LineString","coordinates":[[134.8601069217103,-12.129452310442083],[134.85836787862382,-12.120567410328375]]},{"type":"LineString","coordinates":[[129.5691694815884,-15.126110975082748],[129.58277866053385,-15.1294427135597],[129.5713945558175,-15.13638584137469],[129.5691694815884,-15.126110975082748],[129.57972866551904,-15.119998330663288]]},{"type":"LineString","coordinates":[[125.70555910339789,-14.116387778507237],[125.69402342906962,-14.107825215777858],[125.69638674495432,-14.118052687751627]]},{"type":"LineString","coordinates":[[124.8437352532588,-15.024760605164202],[124.83387615068382,-15.019937071915258]]},{"type":"LineString","coordinates":[[124.64611238131673,-15.42500020476151],[124.64609448562175,-15.41580123548092]]},{"type":"LineString","coordinates":[[123.64507985756065,-17.225402207209747],[123.65393118778887,-17.229005323689975]]},{"type":"LineString","coordinates":[[123.41931113584636,-16.325317056267604],[123.41729562275717,-16.334226407239875]]},{"type":"LineString","coordinates":[[134.66725077832604,-11.915548367096601],[134.67611550440333,-11.911665260161687]]},{"type":"LineString","coordinates":[[124.4436111687666,-15.659169103812719],[124.4412523098377,-15.649031654658963]]},{"type":"LineString","coordinates":[[123.79791109026381,-16.262512341056592],[123.80889831900053,-16.26361249486596]]},{"type":"LineString","coordinates":[[123.5219105814211,-17.429380798831318],[123.53167596671554,-17.42901496295342],[123.52587912403638,-17.439697351466254],[123.53588986677227,-17.439820766151207],[123.53588986677227,-17.451476627942586]]},{"type":"LineString","coordinates":[[123.48248316207956,-17.390321508850686],[123.48889086646668,-17.383117213710545],[123.49072362417235,-17.39507882992729]]},{"type":"LineString","coordinates":[[136.63534642861447,-12.952224934469134],[136.6440104535908,-12.948570191474657]]},{"type":"LineString","coordinates":[[136.15553373454532,-11.698685630234612],[136.1650851355502,-11.694236179225719]]},{"type":"LineString","coordinates":[[129.45748682434123,-15.014389901719236],[129.4397441146789,-15.011323369241989],[129.44332923530646,-15.00083572177478]]},{"type":"LineString","coordinates":[[125.21083073451287,-14.463611618268338],[125.2205560607913,-14.460554658391326]]},{"type":"LineString","coordinates":[[124.70080771991617,-15.209655531357186],[124.70159690683882,-15.193622340996882]]},{"type":"LineString","coordinates":[[123.12847959764855,-16.42340004068213],[123.12707497546712,-16.41357512413779],[123.13970761611307,-16.410829035253272],[123.13647478386355,-16.400819532174527]]},{"type":"LineString","coordinates":[[122.85607760052176,-16.519774763006954],[122.86169604408356,-16.5115964558374],[122.86248980308154,-16.497804122625045]]},{"type":"LineString","coordinates":[[115.53583445212466,-20.479443072868722],[115.54722747381615,-20.479442997267704]]},{"type":"LineString","coordinates":[[136.5881334642716,-11.860568786737899],[136.60749932748558,-11.852848935573371]]},{"type":"LineString","coordinates":[[136.81250202411496,-14.066387320449245],[136.8208316693719,-14.070552647358125]]},{"type":"LineString","coordinates":[[136.67083636235026,-15.59777424567845],[136.67582609590337,-15.5897211755759]]},{"type":"LineString","coordinates":[[128.82167252405787,-14.860553540352612],[128.8441598229031,-14.858333954953281],[128.85166892531103,-14.870276599411268]]},{"type":"LineString","coordinates":[[128.50610200120917,-14.993888162355388],[128.52000542420157,-14.99833329943868]]},{"type":"LineString","coordinates":[[128.4097273808709,-14.954442742479078],[128.39952054375485,-14.94016533986186]]},{"type":"LineString","coordinates":[[125.41745215329097,-14.568228241773646],[125.42237047234732,-14.56035190894533]]},{"type":"LineString","coordinates":[[124.63666353147333,-15.432849097214872],[124.64611238131673,-15.42500020476151],[124.64638436166013,-15.435002551937174]]},{"type":"LineString","coordinates":[[123.55511303408692,-16.21978646633939],[123.55450660472594,-16.209411848773925]]},{"type":"LineString","coordinates":[[122.99688709028426,-16.485413290718117],[123.00628689801731,-16.484374242346128]]},{"type":"LineString","coordinates":[[116.63863259525303,-20.74586685052161],[116.63965821149914,-20.75637065141966]]},{"type":"LineString","coordinates":[[115.5798056329471,-20.456930089677417],[115.58305188883716,-20.4450017102567]]},{"type":"LineString","coordinates":[[136.7116238146212,-11.113870569655862],[136.7199534137654,-11.118967966638719]]},{"type":"LineString","coordinates":[[129.81222618985566,-14.586944824275724],[129.81721589589566,-14.597499981778862]]},{"type":"LineString","coordinates":[[124.85128894212839,-15.346701523962178],[124.86750226173997,-15.346942364502938]]},{"type":"LineString","coordinates":[[123.55792222607592,-16.325620898515943],[123.56732204638205,-16.336973611427858]]},{"type":"LineString","coordinates":[[123.48352217221249,-17.28692734230737],[123.48889086646668,-17.295591553643018],[123.48730345113685,-17.308103855430883],[123.49450487409274,-17.320006578838903]]},{"type":"LineString","coordinates":[[121.71626444204728,-14.136720392517113],[121.7187570832611,-14.117542403299199]]},{"type":"LineString","coordinates":[[115.52213167234208,-20.414644023522936],[115.52381269119876,-20.424560501958815]]},{"type":"LineString","coordinates":[[129.24333404576802,-14.851942110159538],[129.26055959733313,-14.849166390178027],[129.2575095725004,-14.859441612094649],[129.25361674453924,-14.892500921990496],[129.26194634847428,-14.897223849554003],[129.25694323400785,-14.908612885638261],[129.26934849465852,-14.910935408286942]]},{"type":"LineString","coordinates":[[127.1269466284973,-13.966388390807913],[127.13166877577599,-13.958335174845192]]},{"type":"LineString","coordinates":[[126.76314635145214,-13.785974404832377],[126.76795771360058,-13.777048765806118],[126.77369659438668,-13.784527992396201]]},{"type":"LineString","coordinates":[[125.32102403639728,-14.300452294280147],[125.30996103090109,-14.303101011229389]]},{"type":"LineString","coordinates":[[125.19195538390714,-14.692395746806799],[125.20278210143675,-14.699421974715694]]},{"type":"LineString","coordinates":[[123.85449262782797,-17.171201486834804],[123.86328152581801,-17.175414951670465]]},{"type":"LineString","coordinates":[[123.54772873670898,-16.448180315746917],[123.55810505433584,-16.45257661210172]]},{"type":"LineString","coordinates":[[123.40972849368033,-16.511720491483686],[123.42010485496344,-16.501707662736123]]},{"type":"LineString","coordinates":[[115.54534130287446,-20.529862781292053],[115.54436473584259,-20.509462161449935]]},{"type":"LineString","coordinates":[[128.2100087473012,-15.391667103019541],[128.21278227192178,-15.382780504879824],[128.19833481959827,-15.35888763314734]]},{"type":"LineString","coordinates":[[125.18972132873256,-14.956665691785606],[125.1799871055588,-14.963472343509736],[125.17761045673625,-14.95375343130927]]},{"type":"LineString","coordinates":[[124.5339035722437,-15.379117467097547],[124.5473343474653,-15.379074491696882]]},{"type":"LineString","coordinates":[[124.22247095971409,-16.33520637538411],[124.23028781930005,-16.341492267912052]]},{"type":"LineString","coordinates":[[123.43890441798915,-16.1229253755335],[123.44189641060802,-16.135497662774437]]},{"type":"LineString","coordinates":[[123.34008628865178,-16.05499114538683],[123.35009694218903,-16.05859490065231]]},{"type":"LineString","coordinates":[[123.54107573837393,-17.381104367766195],[123.54748351489677,-17.39050449418939]]},{"type":"LineString","coordinates":[[123.09112569371523,-16.408202641967286],[123.10211290300698,-16.41839568841117]]},{"type":"LineString","coordinates":[[139.4169470298534,-17.13472086527234],[139.41334402845237,-17.124728059283484]]},{"type":"LineString","coordinates":[[136.6807266447543,-12.593635816048122],[136.68078464011094,-12.583369711716085]]},{"type":"LineString","coordinates":[[136.29301233449667,-13.707680555786611],[136.30090488444716,-13.702261037404874]]},{"type":"LineString","coordinates":[[135.9081249793047,-15.242221775127181],[135.9116833506734,-15.233673041435273]]},{"type":"LineString","coordinates":[[124.15350212430401,-16.273500546358335],[124.16332994507971,-16.273804478906715]]},{"type":"LineString","coordinates":[[123.85669093131696,-16.309692701533272],[123.85168337658357,-16.31750290412482]]},{"type":"LineString","coordinates":[[123.49352839256763,-16.616575792414658],[123.4954814311063,-16.604004544011875],[123.48388777249491,-16.603880655314033],[123.47430517952876,-16.61419579712574]]},{"type":"LineString","coordinates":[[123.57232510769754,-17.465577622960925],[123.58209060061515,-17.475585935919216]]},{"type":"LineString","coordinates":[[129.57083271577355,-14.904721808486647],[129.5791623282908,-14.909168713241149]]},{"type":"LineString","coordinates":[[129.03445641364598,-14.912887317115256],[129.0477757385046,-14.911943710847979],[129.05667163243461,-14.907776884839238]]},{"type":"LineString","coordinates":[[129.0316917627574,-14.98289144144683],[129.03555330131348,-14.991665607814536],[129.02958707702484,-14.998931945786532],[129.0177749101846,-14.994443814699688]]},{"type":"LineString","coordinates":[[128.1888904376399,-15.368888867919717],[128.19833481959827,-15.35888763314734],[128.1997215951351,-15.348335534037112]]},{"type":"LineString","coordinates":[[125.58227390213445,-14.35125205755842],[125.59301138294148,-14.355079470339735]]},{"type":"LineString","coordinates":[[124.1381226584633,-16.265196347933927],[124.14807091624546,-16.26580841685996]]},{"type":"LineString","coordinates":[[123.80688275897946,-17.07141018695483],[123.81811523114987,-17.08398453066981],[123.81408872775029,-17.094725345420354]]},{"type":"LineString","coordinates":[[123.55010991862973,-16.038209658766647],[123.56189088701758,-16.03241121103636]]},{"type":"LineString","coordinates":[[123.54449585917583,-16.22509558710968],[123.53210402223822,-16.202573591370886]]},{"type":"LineString","coordinates":[[123.44171361586675,-16.074706260114596],[123.45171985291867,-16.077821264512956]]},{"type":"LineString","coordinates":[[123.40868953802796,-16.170777282915594],[123.41808927298582,-16.169004214349297]]},{"type":"LineString","coordinates":[[123.43927001784543,-16.46350282379077],[123.44647146883628,-16.469605016602458]]},{"type":"LineString","coordinates":[[123.29089347569847,-16.30121020020762],[123.29931672672242,-16.308104937904453]]},{"type":"LineString","coordinates":[[116.8320238328475,-20.414372382584098],[116.8499850629649,-20.40516566864394],[116.87171872635338,-20.409432647212483]]},{"type":"LineString","coordinates":[[129.09555052309378,-15.033055032988083],[129.1008301021983,-15.024441891569145],[129.11222757230584,-15.012779087959531]]},{"type":"LineString","coordinates":[[125.15160498861408,-14.783581282864176],[125.14981241827849,-14.774544211152477]]},{"type":"LineString","coordinates":[[124.34289347117034,-16.383909283728215],[124.33972304393397,-16.375425691881507]]},{"type":"LineString","coordinates":[[124.19631835144105,-15.9558159475678],[124.18771228912792,-15.952085981030633]]},{"type":"LineString","coordinates":[[123.47949115669789,-16.365478589124645],[123.48449867068288,-16.375305936303345]]},{"type":"LineString","coordinates":[[123.58447177326718,-17.50940072711784],[123.58447177326718,-17.524717561967144]]},{"type":"LineString","coordinates":[[129.81165987491494,-14.508611240559548],[129.80694661075867,-14.517499579856892],[129.80639815679373,-14.526944358049747],[129.80888187069388,-14.537502405700353],[129.81750578250671,-14.546665782176149],[129.8169394381289,-14.559997971188658]]},{"type":"LineString","coordinates":[[129.67919781124945,-14.934659126267054],[129.67709313272238,-14.943896342705795],[129.66821501461348,-14.949509984823434],[129.65777626684502,-14.954722816752632],[129.66468786313823,-14.962033498599416]]},{"type":"LineString","coordinates":[[129.4347231765913,-15.053888869786734],[129.43504418861394,-15.044652117599073],[129.44471597446005,-15.043054487012501],[129.44778383742735,-15.034166147723926]]},{"type":"LineString","coordinates":[[129.19610768753313,-15.091387130059207],[129.18417519470952,-15.07555592093231],[129.18861197151156,-15.064722681093667]]},{"type":"LineString","coordinates":[[128.1372228062451,-14.676944977885537],[128.1411111763721,-14.68527871526105]]},{"type":"LineString","coordinates":[[136.84364438029564,-35.373015199824685],[136.8541856906702,-35.368590139602446]]},{"type":"LineString","coordinates":[[135.0383282842866,-34.784911812443056],[135.0287946925553,-34.76829814490492]]},{"type":"LineString","coordinates":[[123.83087270770343,-16.268312580135778],[123.83691479613786,-16.248231467577867]]},{"type":"LineString","coordinates":[[123.63012847558255,-16.742490551313313],[123.64007672307332,-16.74530030501204]]},{"type":"LineString","coordinates":[[115.53360935892367,-20.437706362713257],[115.54428892706808,-20.43731782303189],[115.5430537562645,-20.449443110081074]]},{"type":"LineString","coordinates":[[124.65860672629192,-15.16972081894493],[124.64946556416834,-15.166919049124978],[124.64402100799302,-15.17537151870457]]},{"type":"LineString","coordinates":[[124.20831334968751,-16.27020461506976],[124.22870036374864,-16.286375700665754]]},{"type":"LineString","coordinates":[[124.19512779965382,-16.29717855048186],[124.20331023407176,-16.30230584894651]]},{"type":"LineString","coordinates":[[123.54492394237033,-16.02533123084702],[123.53832893995936,-16.032899786753596]]},{"type":"LineString","coordinates":[[135.2388897008742,-12.182223808954248],[135.24528407669632,-12.172778368134964]]},{"type":"LineString","coordinates":[[129.67222376502454,-14.754998567533546],[129.68082981827516,-14.76472204963564]]},{"type":"LineString","coordinates":[[128.93333286185523,-14.874444112327465],[128.93943740868252,-14.881667013613027]]},{"type":"LineString","coordinates":[[128.50465278775144,-15.021866481267606],[128.51361111783768,-15.017219501714353]]},{"type":"LineString","coordinates":[[128.46435587067796,-14.945602375030163],[128.47743439942025,-14.96395476418359]]},{"type":"LineString","coordinates":[[123.54528964864015,-17.288392051987223],[123.54528964864015,-17.31597948518592]]},{"type":"LineString","coordinates":[[128.51167140268848,-15.00388944810861],[128.52000542420157,-14.99833329943868],[128.52027742160865,-15.007498792864084],[128.51167140268848,-15.00388944810861],[128.50610200120917,-14.993888162355388],[128.4997254325257,-14.976387010376312],[128.48750308433816,-14.96778016871963]]},{"type":"LineString","coordinates":[[128.4711158734884,-14.808888266018593],[128.4783306482594,-14.814720936420064]]},{"type":"LineString","coordinates":[[127.88809283747325,-15.589188631574656],[127.89082183429115,-15.58058541959471]]},{"type":"LineString","coordinates":[[125.28666666269174,-15.033610569259643],[125.28189989324542,-15.02452369629081]]},{"type":"LineString","coordinates":[[124.67305868195821,-15.476390763238541],[124.67055715052592,-15.460554204415406]]},{"type":"LineString","coordinates":[[123.5855106936231,-17.575013406439854],[123.59570421665214,-17.576599028256854]]},{"type":"LineString","coordinates":[[123.21227947067767,-16.363891311059486],[123.23187280510327,-16.36651400711347]]},{"type":"LineString","coordinates":[[121.75219586380335,-14.186908530419599],[121.77156624625044,-14.197720323219473]]},{"type":"LineString","coordinates":[[135.36305337735092,-12.19527774042735],[135.37554779435112,-12.19750059579758]]},{"type":"LineString","coordinates":[[125.3711086748396,-14.580277462656698],[125.36795607605428,-14.567926132586]]},{"type":"LineString","coordinates":[[125.24414022838914,-14.487302021896063],[125.252777474531,-14.480834562299256],[125.25821762759438,-14.47250176591443]]},{"type":"LineString","coordinates":[[124.6111440740636,-15.455040105996856],[124.60845082773804,-15.444853925327651]]},{"type":"LineString","coordinates":[[123.62207087077698,-16.343383546799032],[123.63348169502689,-16.343323623132413]]},{"type":"LineString","coordinates":[[124.50481235300371,-15.442322340071687],[124.47554731060055,-15.445034439780388]]},{"type":"LineString","coordinates":[[124.66607576598197,-16.368593309177538],[124.67547550291636,-16.37170365178889]]},{"type":"LineString","coordinates":[[124.44833335043043,-15.89444659840994],[124.46132720149063,-15.903482516599961]]},{"type":"LineString","coordinates":[[136.62212959921715,-11.845272847253103],[136.63163647006263,-11.844923750154658]]},{"type":"LineString","coordinates":[[136.55778482344783,-13.016388839150924],[136.5634478487893,-13.008998653887833]]},{"type":"LineString","coordinates":[[130.33193887778086,-11.111945362073309],[130.3344403972298,-11.122223234934657]]},{"type":"LineString","coordinates":[[129.12826692022156,-15.000611792787863],[129.12693814609636,-14.99138996803172],[129.11561646968877,-14.977248523094019],[129.11610250078752,-14.967500120970913],[129.12388810246864,-14.97250143753926]]},{"type":"LineString","coordinates":[[124.26831057613414,-16.39032193741015],[124.2857055041082,-16.39617823785366]]},{"type":"LineString","coordinates":[[123.48028480439234,-16.657104102463187],[123.4899298923136,-16.657287835259332]]},{"type":"LineString","coordinates":[[136.5928333341358,-13.67453333120578],[136.59312316894722,-13.683540895417933]]},{"type":"LineString","coordinates":[[128.56304912944046,-14.81388891198584],[128.54972979003082,-14.808888275166588],[128.5541665843568,-14.796666269088195],[128.55833588721472,-14.788056578992446],[128.57249350439665,-14.79555394420165]]},{"type":"LineString","coordinates":[[125.70187590017812,-14.153821420699995],[125.70138538815863,-14.144724043296398]]},{"type":"LineString","coordinates":[[123.82232464024113,-16.141113193175908],[123.83032428248599,-16.146424459188616],[123.83752570394793,-16.15338026792194]]},{"type":"LineString","coordinates":[[123.51251079506189,-16.057005189228743],[123.52032311800616,-16.062987085215052]]},{"type":"LineString","coordinates":[[123.52569631917622,-16.151915427697535],[123.5352789564214,-16.15850697694928]]},{"type":"LineString","coordinates":[[123.56829853882533,-17.44561899158844],[123.57208439139595,-17.454407565272398]]},{"type":"LineString","coordinates":[[116.84717582565246,-20.514177349535377],[116.85259365281377,-20.522128862636247]]},{"type":"LineString","coordinates":[[139.46821774729574,-16.608440039841543],[139.4771716358968,-16.60570528328155]]},{"type":"LineString","coordinates":[[123.91192582504378,-16.299682328000628],[123.9213256464003,-16.29949823858582]]},{"type":"LineString","coordinates":[[123.84613181834399,-16.121704509517677],[123.86047228617561,-16.13519351203791]]},{"type":"LineString","coordinates":[[123.84649745827315,-16.38610816375006],[123.85730179372622,-16.383909289846482]]},{"type":"LineString","coordinates":[[123.44091990456519,-17.31579641195405],[123.45031519725279,-17.32562138595738]]},{"type":"LineString","coordinates":[[136.64569155236637,-11.838351249679757],[136.69990525503823,-11.818239976156546]]},{"type":"LineString","coordinates":[[129.80694661075867,-14.766110459966816],[129.79972731396018,-14.776665542199844],[129.80499353597577,-14.786107773187402]]},{"type":"LineString","coordinates":[[123.55230820171069,-17.40051260879039],[123.55169731156589,-17.425292352380215]]},{"type":"LineString","coordinates":[[136.32438654672882,-11.561872188301429],[136.32525602839513,-11.571745052635679]]},{"type":"LineString","coordinates":[[136.48024100497096,-12.985236632733981],[136.47796690700036,-12.995234464211727]]},{"type":"LineString","coordinates":[[129.8005522828232,-14.864165294454319],[129.8150041986111,-14.861109554172883],[129.8161145340982,-14.870556762830336]]},{"type":"LineString","coordinates":[[128.21556035302376,-15.184723036847068],[128.21750001311335,-15.175276851258468]]},{"type":"LineString","coordinates":[[124.04168567472838,-16.242002472677033],[124.05310099606425,-16.23650976368515]]},{"type":"LineString","coordinates":[[119.35790835500529,-17.266114650783006],[119.36108320941891,-17.276917303509563]]},{"type":"LineString","coordinates":[[124.40250271078885,-15.540970853616349],[124.39922978555595,-15.53238282889742]]},{"type":"LineString","coordinates":[[129.17500280675495,-15.014165948989007],[129.17750436909574,-15.023335058918635]]},{"type":"LineString","coordinates":[[128.97250166718425,-14.881942826655163],[128.99110497456653,-14.881111072826332]]},{"type":"LineString","coordinates":[[124.38628943871419,-16.320678243745572],[124.40033118616591,-16.32013045749343]]},{"type":"LineString","coordinates":[[123.79028158876149,-17.083677630330538],[123.79327362311227,-17.093323088140618]]},{"type":"LineString","coordinates":[[123.34729217326195,-16.482787931186905],[123.38488683062589,-16.498719076830564]]},{"type":"LineString","coordinates":[[115.50690383472727,-20.431823092679235],[115.51361031203105,-20.441943235015053]]},{"type":"LineString","coordinates":[[129.6936051710845,-14.50777807396289],[129.70165828048525,-14.502779092578047]]},{"type":"LineString","coordinates":[[129.57055624916913,-14.915554556643718],[129.57083271577355,-14.904721808486647],[129.56166039829694,-14.900834969585114],[129.56056343018096,-14.891664935232297],[129.54306144046402,-14.8586141189395]]},{"type":"LineString","coordinates":[[129.22917198107007,-14.884442311437034],[129.22833366563458,-14.875000021739508]]},{"type":"LineString","coordinates":[[123.57250799359146,-17.556886419606272],[123.58331241213945,-17.55902059642658]]},{"type":"LineString","coordinates":[[123.5855106936231,-17.546202394044943],[123.58349519139524,-17.53680596964663]]},{"type":"LineString","coordinates":[[119.66416834604846,-20.00555792726131],[119.67305978212073,-20.00926195124535]]},{"type":"LineString","coordinates":[[129.41638283673666,-14.921664399088499],[129.4333363730026,-14.921944479538642]]},{"type":"LineString","coordinates":[[128.196105253835,-15.381387510583723],[128.1888904376399,-15.368888867919717],[128.1797180411856,-15.36555662178429],[128.16333087331077,-15.365277096162052],[128.15722639041013,-15.372221063113367],[128.14611874883573,-15.363613117873408]]},{"type":"LineString","coordinates":[[125.43216716738914,-14.408104018631352],[125.42328463161772,-14.405262214627863]]},{"type":"LineString","coordinates":[[125.43305002401986,-15.139446236940476],[125.44533484748271,-15.13527959952423]]},{"type":"LineString","coordinates":[[124.03607165202432,-16.061401673095382],[124.03888087395515,-16.050474540524153]]},{"type":"LineString","coordinates":[[123.85052400116008,-16.99780135374838],[123.85369889908614,-17.009216624404843]]},{"type":"LineString","coordinates":[[136.15754480676375,-12.176086706380334],[136.16805933873877,-12.18239381784751]]},{"type":"LineString","coordinates":[[135.9875014157821,-12.105277444751982],[135.99742292835268,-12.10429214521748]]},{"type":"LineString","coordinates":[[135.97583199456562,-12.120279657746286],[135.97555552429625,-12.110831990197712]]},{"type":"LineString","coordinates":[[134.83111384209639,-12.046943742437557],[134.8385917914485,-12.052516879409724]]},{"type":"LineString","coordinates":[[135.28089895548877,-34.60918951839259],[135.29028531085888,-34.614320080743205]]},{"type":"LineString","coordinates":[[126.14725534109935,-13.757706600051558],[126.14944480076619,-13.746388911020915]]},{"type":"LineString","coordinates":[[124.40082613899268,-15.256947843073336],[124.4101500684563,-15.256603656008993]]},{"type":"LineString","coordinates":[[123.81292930773937,-17.150026396670057],[123.80651713315092,-17.138001956496336],[123.82232464024113,-17.14752095611519],[123.8336774796701,-17.150512133820527]]},{"type":"LineString","coordinates":[[121.76032929757372,-14.048574706641169],[121.76514512190845,-14.04058924558899]]},{"type":"LineString","coordinates":[[129.24945196544107,-15.12194406171935],[129.26222283917835,-15.128056624095903],[129.2788865116435,-15.125000390380325],[129.27861001491442,-15.134719993478052]]},{"type":"LineString","coordinates":[[128.41972470914257,-14.959444383922246],[128.42027322111025,-14.96861156900169]]},{"type":"LineString","coordinates":[[124.34948850869192,-16.348509622787144],[124.34613078515956,-16.363099770007427],[124.35730085247218,-16.35388367815636]]},{"type":"LineString","coordinates":[[123.61889602874784,-16.320130496381484],[123.63592533827342,-16.33288703730297]]},{"type":"LineString","coordinates":[[123.27691859062243,-16.312928080241555],[123.28448568167104,-16.318906541578684]]},{"type":"LineString","coordinates":[[121.72388509314555,-14.098055677985903],[121.72708227287183,-14.089328106526924]]},{"type":"LineString","coordinates":[[131.01925575362299,-12.153228252362661],[131.01881429976478,-12.143581213752288],[131.02720633667914,-12.148053892119991]]},{"type":"LineString","coordinates":[[129.66027783194417,-15.10166800482655],[129.6638942084335,-15.092222380003246]]},{"type":"LineString","coordinates":[[123.08392423777964,-16.441709698942468],[123.09051480426122,-16.449583065155036]]},{"type":"LineString","coordinates":[[136.74050982087442,-12.254372085779373],[136.7515238249036,-12.2544461401677]]},{"type":"LineString","coordinates":[[136.50639363120203,-15.527777162007693],[136.51472328662612,-15.521109198147924]]},{"type":"LineString","coordinates":[[129.6861094372284,-15.122219585924741],[129.67639300038044,-15.119722833117603],[129.67195176810108,-15.099997557794042]]},{"type":"LineString","coordinates":[[129.30861081779554,-15.022219606489536],[129.3049945242412,-15.030832907519112],[129.32527003357768,-15.025557308447357]]},{"type":"LineString","coordinates":[[128.16610889915373,-15.310001263261327],[128.17138844480058,-15.318611369548297]]},{"type":"LineString","coordinates":[[128.12693567498326,-15.406386939579413],[128.12500042412344,-15.377500894584442]]},{"type":"LineString","coordinates":[[125.03015241703942,-14.80900466515151],[125.03694812633238,-14.802637234554483]]},{"type":"LineString","coordinates":[[124.81360514195946,-15.208571225781728],[124.81452817601,-15.199281012939956]]},{"type":"LineString","coordinates":[[139.82504396371579,-16.70429950234643],[139.8399373217208,-16.70096809509082]]},{"type":"LineString","coordinates":[[124.71847466799683,-14.909207457917445],[124.72721890824538,-14.90610932159679]]},{"type":"LineString","coordinates":[[124.4816651871697,-15.228888652286553],[124.49454308489678,-15.227808709211418]]},{"type":"LineString","coordinates":[[123.45410104056768,-16.188108492598403],[123.44427313817259,-16.18622000904713],[123.44451836903121,-16.176511712336698]]},{"type":"LineString","coordinates":[[135.50694413199068,-12.01805559396463],[135.50453177082875,-12.026996235487548]]},{"type":"LineString","coordinates":[[129.25694323400785,-14.908612885638261],[129.24667391916688,-14.911112089794816],[129.2372295644344,-14.911943656341592]]},{"type":"LineString","coordinates":[[136.1177963941651,-34.40125706232632],[136.14251765865475,-34.412415368790064]]},{"type":"LineString","coordinates":[[125.73514525631734,-14.089349694431016],[125.75028390931223,-14.098725996256963]]},{"type":"LineString","coordinates":[[125.63527473167827,-14.207502901045999],[125.64425540511155,-14.204182960250375]]},{"type":"LineString","coordinates":[[115.52103475326065,-20.6331271741719],[115.53232516738903,-20.630210168562133]]},{"type":"LineString","coordinates":[[136.33842378333705,-11.549194121483632],[136.34229875395206,-11.55767389359826]]},{"type":"LineString","coordinates":[[129.23777800495836,-15.006387542660184],[129.24806073821847,-15.015001478490126]]},{"type":"LineString","coordinates":[[125.60270103178142,-14.130982311124393],[125.60695498559775,-14.122835395704652]]},{"type":"LineString","coordinates":[[125.0721838766865,-14.590819979540978],[125.07331206074518,-14.599950966909597]]},{"type":"LineString","coordinates":[[124.1800025510289,-15.95805396015609],[124.17944510192306,-15.968055903611264]]},{"type":"LineString","coordinates":[[116.53127970047058,-20.543738715320877],[116.54656107848463,-20.53573398704609]]},{"type":"LineString","coordinates":[[139.2761063482227,-16.273286543845504],[139.2813858713407,-16.264999400173174]]},{"type":"LineString","coordinates":[[128.4963543577403,-14.995865253677929],[128.49806220977234,-15.005836287847421]]},{"type":"LineString","coordinates":[[116.67452386753097,-20.59701324277755],[116.67900083351485,-20.585049914611055]]},{"type":"LineString","coordinates":[[139.45156747207264,-16.66660902991256],[139.46475303582164,-16.669108040321273]]},{"type":"LineString","coordinates":[[136.48651052645528,-11.415939851169968],[136.49700723471906,-11.414012273783786]]},{"type":"LineString","coordinates":[[125.6566026083834,-14.190708491215274],[125.66951616888647,-14.17326009706608]]},{"type":"LineString","coordinates":[[124.88786249110763,-14.899007891565825],[124.88722039159705,-14.887777822604463]]},{"type":"LineString","coordinates":[[123.01638668900571,-12.268328750226065],[123.01667208766378,-12.258054145037198]]},{"type":"LineString","coordinates":[[123.67968692816119,-16.345090811233263],[123.69647097434132,-16.35839765739143],[123.69970828552405,-16.34741424572451]]},{"type":"LineString","coordinates":[[117.92980985411111,-20.477162206327176],[117.92885563044678,-20.468122182282507],[117.9204725469562,-20.473176973213835],[117.92980985411111,-20.477162206327176]]},{"type":"LineString","coordinates":[[136.96576130914934,-14.164081372459759],[136.9726550942667,-14.157686822037574]]},{"type":"LineString","coordinates":[[136.95665137217108,-14.24710407840915],[136.97170977914988,-14.244398556466175]]},{"type":"LineString","coordinates":[[136.62277173512524,-13.669442340888809],[136.62832776323566,-13.661842549330025]]},{"type":"LineString","coordinates":[[136.01498292223323,-12.219954323281492],[136.018295967105,-12.210100487188186]]},{"type":"LineString","coordinates":[[132.1685489127203,-11.581102190677186],[132.17559879120896,-11.587414356227914]]},{"type":"LineString","coordinates":[[129.67117143333877,-14.92090174910458],[129.68028141270963,-14.918609491333433],[129.69305223646697,-14.916386111562854]]},{"type":"LineString","coordinates":[[129.3816687739296,-14.978889709094172],[129.39166161100172,-14.978609701632353],[129.40083399353296,-14.976942682448298],[129.40527526640076,-14.966388696161275],[129.3986043823181,-14.959168671252522]]},{"type":"LineString","coordinates":[[126.45249863931335,-13.96527628876622],[126.45583404082885,-13.95499871320357]]},{"type":"LineString","coordinates":[[124.09991259050626,-16.125486977831635],[124.10327028758944,-16.11670102252343]]},{"type":"LineString","coordinates":[[123.12222351994126,-12.258611871952517],[123.13261319655516,-12.237128888193375]]},{"type":"LineString","coordinates":[[130.4592729441502,-12.627638732329249],[130.46194394771456,-12.640000286065437]]},{"type":"LineString","coordinates":[[128.2358403457028,-15.316387928687327],[128.22582962351044,-15.30916692213171],[128.2263959145092,-15.299442381846433]]},{"type":"LineString","coordinates":[[123.41168153217113,-16.31390382227857],[123.43249661347907,-16.30718906836937]]},{"type":"LineString","coordinates":[[116.61771494680053,-20.47482704463875],[116.62599995017214,-20.467549899508313]]},{"type":"LineString","coordinates":[[137.08000351895507,-15.645557919818483],[137.07861227061898,-15.654725126900598]]},{"type":"LineString","coordinates":[[129.7611070548361,-14.594720946185783],[129.77111769223245,-14.591941989040304]]},{"type":"LineString","coordinates":[[124.41395369381284,-15.54141335955589],[124.42222530876798,-15.553334595834885]]},{"type":"LineString","coordinates":[[124.29361150805728,-15.290556229423721],[124.29379881148124,-15.281527680862185]]},{"type":"LineString","coordinates":[[123.83752570394793,-16.232421099918156],[123.84448194920729,-16.241698523864436]]},{"type":"LineString","coordinates":[[123.55188015182591,-16.23388528919274],[123.55230820171069,-16.244691010287852]]},{"type":"LineString","coordinates":[[117.17763534020506,-20.55694952975291],[117.17499560133055,-20.54797264124104]]},{"type":"LineString","coordinates":[[128.41917627292875,-14.882222913085696],[128.4275058169401,-14.891664896160878]]},{"type":"LineString","coordinates":[[129.50721923445306,-14.990834315318278],[129.4966734133966,-14.96694443149093],[129.48639072055326,-14.963890176787078]]},{"type":"LineString","coordinates":[[129.17361604922064,-15.003613840082469],[129.18301580540208,-14.98532515486913]]},{"type":"LineString","coordinates":[[124.86380124133804,-15.282646061158319],[124.87160463595134,-15.27621964937448]]},{"type":"LineString","coordinates":[[124.77988980445166,-15.017021357562216],[124.79166633715248,-15.003053915556922]]},{"type":"LineString","coordinates":[[124.47537333190827,-15.993407866521919],[124.4816651871697,-15.967717155395338]]},{"type":"LineString","coordinates":[[116.06154022954408,-20.818398739854565],[116.07029789535794,-20.823925336924823]]},{"type":"LineString","coordinates":[[116.03669849930178,-20.904238645359126],[116.03841530454689,-20.914085815218492]]},{"type":"LineString","coordinates":[[136.44697613482512,-11.840594457328748],[136.4555956079924,-11.844858278239359]]},{"type":"LineString","coordinates":[[129.539445151154,-15.05055594211324],[129.54194670737212,-15.041387918316754]]},{"type":"LineString","coordinates":[[124.42358987217663,-15.236207143030825],[124.42687171141122,-15.250555065876197],[124.43356482944247,-15.258281395735757]]},{"type":"LineString","coordinates":[[123.85528634975651,-17.180420643481387],[123.85308801287309,-17.191709629842375]]},{"type":"LineString","coordinates":[[128.50076443432454,-14.965587497071526],[128.48722662084054,-14.948889539864185],[128.46945265273263,-14.925555180157012],[128.47582909457856,-14.918609489967062],[128.48277192626122,-14.910831954236452],[128.46777149935687,-14.907221065158486]]},{"type":"LineString","coordinates":[[128.48333828426595,-14.898611435159191],[128.4741659121031,-14.893888515761613],[128.46777149935687,-14.907221065158486],[128.47582909457856,-14.918609489967062]]},{"type":"LineString","coordinates":[[136.37925579136902,-13.710678340973763],[136.38082985470874,-13.721746470966405]]},{"type":"LineString","coordinates":[[129.1722248171906,-15.160833365452625],[129.1755512322104,-15.151665916058333]]},{"type":"LineString","coordinates":[[136.36730985981612,-34.64442179834651],[136.3754878391378,-34.65100282612617]]},{"type":"LineString","coordinates":[[128.0935816089461,-15.236955781958201],[128.10296801541458,-15.228720892338107]]},{"type":"LineString","coordinates":[[124.69583133159675,-14.930833162547106],[124.69747230262332,-14.939906775100402]]},{"type":"LineString","coordinates":[[123.51971219307808,-17.33032079346654],[123.52508542876292,-17.348083007060854]]},{"type":"LineString","coordinates":[[129.0497912480082,-15.065764678993249],[129.0383313840662,-15.067775465860784],[129.05013903384085,-15.074923006203827]]},{"type":"LineString","coordinates":[[127.88349994799957,-15.604663140094349],[127.90103318687822,-15.597336169535696]]},{"type":"LineString","coordinates":[[125.31448255454434,-14.26071350909791],[125.31579797749583,-14.27166444463862]]},{"type":"LineString","coordinates":[[124.92232688997345,-14.513588571715669],[124.9313877627433,-14.51776722866236]]},{"type":"LineString","coordinates":[[124.90104811259903,-14.905100995351496],[124.90670664241573,-14.91279686520376]]},{"type":"LineString","coordinates":[[123.49847353335329,-16.367797488923994],[123.51452626704788,-16.375181865344143],[123.51690742638257,-16.38989411655668],[123.53851180597132,-16.394715269692554]]},{"type":"LineString","coordinates":[[123.57269079371164,-17.344482136336694],[123.58428891048803,-17.34179639369132],[123.58190773323376,-17.332704498312435]]},{"type":"LineString","coordinates":[[115.49069944677687,-20.75047880824418],[115.49481074781274,-20.73508289512338]]},{"type":"LineString","coordinates":[[125.92092030441293,-14.32983702451541],[125.9302442569882,-14.32489011411848]]},{"type":"LineString","coordinates":[[124.92399011237326,-14.899249241738348],[124.92361560199387,-14.888333737054955]]},{"type":"LineString","coordinates":[[123.6643074485477,-16.353575628659236],[123.65472491182408,-16.36028880443702]]},{"type":"LineString","coordinates":[[123.65789974096852,-16.343687332923285],[123.6643074485477,-16.353575628659236],[123.67407289172421,-16.361084608004305]]},{"type":"LineString","coordinates":[[123.41631903724036,-17.288025848987285],[123.42748911396399,-17.29687303556312]]},{"type":"LineString","coordinates":[[130.43083281384267,-12.52083267593624],[130.44027715939387,-12.519444014326963]]},{"type":"LineString","coordinates":[[130.41563616917597,-12.539658891665784],[130.41972518815876,-12.530557173752097]]},{"type":"LineString","coordinates":[[129.1719527730378,-15.043889872446087],[129.17778083312132,-15.060834392745987]]},{"type":"LineString","coordinates":[[128.36250109189652,-15.00515142069735],[128.35777443362898,-14.992221271553536],[128.3694438981413,-14.995835040261127]]},{"type":"LineString","coordinates":[[128.14388914915074,-15.056110790999934],[128.14971721602035,-15.048609514581177],[128.15388650329695,-15.05750164262045]]},{"type":"LineString","coordinates":[[136.07269260703183,-35.22682688791209],[136.0838938734443,-35.22527518321335]]},{"type":"LineString","coordinates":[[123.88671855723459,-16.88952495498168],[123.89929317540037,-16.89080922863298]]},{"type":"LineString","coordinates":[[123.34832665426977,-16.035826890873587],[123.36871365055636,-16.043699367025]]},{"type":"LineString","coordinates":[[123.14251682293535,-16.389098454485044],[123.15747265263377,-16.398620874490366]]},{"type":"LineString","coordinates":[[123.42407343760982,-16.375425691714852],[123.44812131701087,-16.386719892663503]]},{"type":"LineString","coordinates":[[116.6270433480389,-20.453098915692255],[116.63359828139059,-20.459787719817296]]},{"type":"LineString","coordinates":[[115.84757914255863,-21.012917025267697],[115.85200704717721,-21.02107128135577]]},{"type":"LineString","coordinates":[[140.93360771193144,-17.064444941368112],[140.94221373517053,-17.058332018805466]]},{"type":"LineString","coordinates":[[136.57043524098785,-11.869388032615898],[136.58010705750212,-11.868183660420215]]},{"type":"LineString","coordinates":[[136.24848819552292,-11.959576380287025],[136.25233640774766,-11.95138387484019]]},{"type":"LineString","coordinates":[[128.90527176450308,-14.86722095704641],[128.91389567395643,-14.875556040632134]]},{"type":"LineString","coordinates":[[123.30889929388724,-17.078980452240934],[123.32507247442659,-17.0891120700577]]},{"type":"LineString","coordinates":[[116.1772939999949,-20.955354235172035],[116.17674999181435,-20.944252139231644]]},{"type":"LineString","coordinates":[[137.06693837485088,-15.629446648541592],[137.06165873931965,-15.63944331264565]]},{"type":"LineString","coordinates":[[129.68062028022638,-14.715772561659968],[129.68082981827516,-14.70638761733106],[129.6897257880566,-14.712779405795033]]},{"type":"LineString","coordinates":[[126.58972301246578,-13.890834745795201],[126.59777616202376,-13.878056089978509]]},{"type":"LineString","coordinates":[[126.53596406729243,-14.000952106362307],[126.54611303352935,-13.999442075416177]]},{"type":"LineString","coordinates":[[124.73058108877288,-14.864885012721084],[124.73771563142265,-14.847886252189118]]},{"type":"LineString","coordinates":[[123.83312907105646,-16.90722691870913],[123.82427776023778,-16.903626042518006]]},{"type":"LineString","coordinates":[[129.08111640479467,-15.024721825619324],[129.08111640479467,-15.01555706879263],[129.09027098255834,-15.0200016268628],[129.08111640479467,-15.024721825619324],[129.07110572695717,-15.02249953953417],[129.0727823766078,-15.011112316952342],[129.06443938809153,-15.01611259633072],[129.07110572695717,-15.02249953953417]]},{"type":"LineString","coordinates":[[125.26972213072834,-14.648335262807763],[125.27679426778604,-14.642355782145607]]},{"type":"LineString","coordinates":[[124.46623224222054,-15.97157547500302],[124.47110605200791,-15.961668083663131]]},{"type":"LineString","coordinates":[[130.95295786695857,-12.628130421742322],[130.94277776663014,-12.635000905428676]]},{"type":"LineString","coordinates":[[128.21082918709092,-15.353886847861856],[128.22444282248773,-15.369998139528112]]},{"type":"LineString","coordinates":[[125.76573016483206,-14.162053658894804],[125.77064410267931,-14.153804133499609]]},{"type":"LineString","coordinates":[[124.07507537654689,-16.229188626875988],[124.09631413717445,-16.23138499010847]]},{"type":"LineString","coordinates":[[116.65126966158033,-20.671443735111403],[116.65529621243434,-20.679629016175074]]},{"type":"LineString","coordinates":[[133.31582660462655,-11.667498508869924],[133.32249298684584,-11.660554970772836]]},{"type":"LineString","coordinates":[[138.6261432489492,-35.56313632888409],[138.6374336959859,-35.56368043466495]]},{"type":"LineString","coordinates":[[125.40361105373034,-14.33607985963358],[125.40683949251279,-14.344681300173907]]},{"type":"LineString","coordinates":[[125.00527063781875,-15.205004077468082],[125.01632477220757,-15.207930071877938]]},{"type":"LineString","coordinates":[[124.40888813836449,-15.217658840454526],[124.4207984356036,-15.208136593829186]]},{"type":"LineString","coordinates":[[124.0056784646207,-16.012511901493102],[124.02807647157285,-16.019103783473263]]},{"type":"LineString","coordinates":[[136.71602043798245,-11.076453525792948],[136.72584383088213,-11.077705032740834]]},{"type":"LineString","coordinates":[[129.6413891244981,-15.01138799996105],[129.6419375621831,-15.002222627709656]]},{"type":"LineString","coordinates":[[128.91694571586447,-14.898611404011312],[128.92526190084521,-14.88581278092731]]},{"type":"LineString","coordinates":[[127.72499680271643,-14.260553580938922],[127.73472656363666,-14.263889894777671]]},{"type":"LineString","coordinates":[[125.48471764506897,-14.485432634844106],[125.49927662148129,-14.495660191504676]]},{"type":"LineString","coordinates":[[124.84791347058096,-14.996373473312616],[124.85182848980534,-15.017008469906848]]},{"type":"LineString","coordinates":[[115.50873648758751,-21.452733609950215],[115.51405174813272,-21.436281362504467],[115.52249728099265,-21.442220806318247]]},{"type":"LineString","coordinates":[[139.14933851560295,-16.75828923937712],[139.1394660707813,-16.752896464548122],[139.14826832431837,-16.749066408152785]]},{"type":"LineString","coordinates":[[128.26416003695832,-15.279445791619645],[128.26889114821083,-15.288332444527402],[128.27888402290876,-15.280555521865288]]},{"type":"LineString","coordinates":[[123.4011224154099,-16.59960741488079],[123.41027697421833,-16.607910198668822]]},{"type":"LineString","coordinates":[[118.4562780980089,-20.320946564741124],[118.46916935004086,-20.317224959371675]]},{"type":"LineString","coordinates":[[116.84011261947411,-20.450165862130923],[116.84715353496611,-20.459035718503067]]},{"type":"LineString","coordinates":[[115.48551353818311,-21.50497072549824],[115.47314843168272,-21.509849481367272]]},{"type":"LineString","coordinates":[[132.71888677139387,-11.290279834460549],[132.73415916998138,-11.291666012281654]]},{"type":"LineString","coordinates":[[129.02713011746926,-14.933551843585755],[129.02749576421436,-14.921664384808397],[129.03611963218302,-14.928054132095944],[129.0402844473414,-14.941664593980038]]},{"type":"LineString","coordinates":[[125.8264675995992,-14.255950947596046],[125.82665933576831,-14.265631559417006]]},{"type":"LineString","coordinates":[[125.1421739684259,-14.808405415665293],[125.14749809775155,-14.801007631689885]]},{"type":"LineString","coordinates":[[115.5768047197087,-20.669945938072864],[115.58094722931136,-20.661255239860417],[115.57286281114094,-20.649230196110608],[115.56813174448172,-20.640817931498862]]},{"type":"LineString","coordinates":[[115.63559791683478,-21.200098084046086],[115.6422731966488,-21.190182555896577]]},{"type":"LineString","coordinates":[[115.54315188341428,-21.392676514095562],[115.54263459212444,-21.383222410902547]]},{"type":"LineString","coordinates":[[125.37055129408716,-15.1258311647022],[125.38028106085325,-15.130833072496246]]},{"type":"LineString","coordinates":[[124.5338366304071,-15.235101412500786],[124.53622224694072,-15.244652515063807]]},{"type":"LineString","coordinates":[[123.49231106807126,-16.20922770256542],[123.50592021149151,-16.230224765799477]]},{"type":"LineString","coordinates":[[128.29110639830995,-15.33250213079014],[128.2952711885368,-15.343889229108116]]},{"type":"LineString","coordinates":[[123.17431471967198,-16.363523355821492],[123.19628913870962,-16.365418738299116]]},{"type":"LineString","coordinates":[[137.07110756624354,-15.864445455680725],[137.0733326902285,-15.853610543967143],[137.07472394327613,-15.841389367735204]]},{"type":"LineString","coordinates":[[129.2422192620004,-14.969998662407962],[129.25166366180622,-14.971665777965672]]},{"type":"LineString","coordinates":[[129.18750169572286,-15.094999242846649],[129.19111799400443,-15.103334069796265]]},{"type":"LineString","coordinates":[[125.33957840621503,-14.49613941563268],[125.34443878259454,-14.509781184419731]]},{"type":"LineString","coordinates":[[128.43278540062812,-14.866665034643976],[128.44360318026614,-14.88527834564835],[128.4472195486375,-14.904721790097225]]},{"type":"LineString","coordinates":[[125.32050232473391,-14.553390266883117],[125.32764580238073,-14.559402432630323]]},{"type":"LineString","coordinates":[[124.66638785515423,-15.155832191557769],[124.67606417086671,-15.15774745031487]]},{"type":"LineString","coordinates":[[123.75109946627775,-16.271484437931473],[123.76330402296658,-16.268312557492465],[123.7609272959877,-16.258728162655437]]},{"type":"LineString","coordinates":[[139.20101947719505,-35.319567170280486],[139.21249276216068,-35.320556804222846]]},{"type":"LineString","coordinates":[[129.28250280265158,-15.11333446460959],[129.29194718059316,-15.111664228360532]]},{"type":"LineString","coordinates":[[128.623336153646,-14.850278395633723],[128.63082749231944,-14.844166492423497]]},{"type":"LineString","coordinates":[[125.70722232771705,-14.343609934594445],[125.72083152950395,-14.353334283407257]]},{"type":"LineString","coordinates":[[125.55117612956019,-14.107159190007074],[125.56243090215206,-14.106095356391315]]},{"type":"LineString","coordinates":[[123.39727868346688,-16.346678290665395],[123.4066784226915,-16.342591949774835]]},{"type":"LineString","coordinates":[[116.24352055790045,-20.802684669005803],[116.24833641174054,-20.811563105982113]]},{"type":"LineString","coordinates":[[136.57402041412286,-13.723024326751457],[136.58358959261074,-13.724492802510802]]},{"type":"LineString","coordinates":[[125.76203807845724,-14.323542127578943],[125.77166524425674,-14.326393661773372]]},{"type":"LineString","coordinates":[[124.48194165546602,-15.467778599475308],[124.48931700761655,-15.4573351672707],[124.49680377996803,-15.450952846378938]]},{"type":"LineString","coordinates":[[123.42547805031758,-16.526610460577828],[123.43511857254909,-16.52697811778526]]},{"type":"LineString","coordinates":[[123.44848696721009,-16.52850426151913],[123.46069152637848,-16.52649073592459]]},{"type":"LineString","coordinates":[[136.9613780557148,-14.294683798587268],[136.9515680185955,-14.299428195560965],[136.93150209093315,-14.29476585851257]]},{"type":"LineString","coordinates":[[126.81214302161007,-13.939761063945221],[126.82221166411958,-13.943058805751713],[126.81590200079783,-13.959031905168548],[126.82082928685077,-13.967219257283183]]},{"type":"LineString","coordinates":[[139.36549346555952,-17.068255854589054],[139.38571104777634,-17.07196437825926]]},{"type":"LineString","coordinates":[[136.6816407979415,-11.136154004483108],[136.70413253253537,-11.14139539312038]]},{"type":"LineString","coordinates":[[136.92721688195752,-13.660499333241821],[136.93658543303036,-13.66301239734998]]},{"type":"LineString","coordinates":[[130.66046315120434,-11.31425499112979],[130.66334368042132,-11.327507559280303]]},{"type":"LineString","coordinates":[[129.58027710018484,-14.86860869603365],[129.57611231236694,-14.881667032784472],[129.57888589896186,-14.890277319798603],[129.5791623282908,-14.909168713241149],[129.58917302981308,-14.920832824324023]]},{"type":"LineString","coordinates":[[124.8655313679808,-14.934499737893114],[124.8711096673047,-14.942211801695283]]},{"type":"LineString","coordinates":[[136.57986627795304,-13.7776334073172],[136.57368598213375,-13.78724330355638]]},{"type":"LineString","coordinates":[[123.9451283041932,-16.223875318435795],[123.97552597496959,-16.231504865148125]]},{"type":"LineString","coordinates":[[129.52014171208873,-15.029416029446988],[129.5141308159582,-15.022323001533476],[129.51094254175067,-15.031371189700318],[129.5011147212961,-15.030832888946254]]},{"type":"LineString","coordinates":[[128.1997215951351,-15.32778024652085],[128.20832764804518,-15.331667832038198]]},{"type":"LineString","coordinates":[[128.12583875201517,-15.358612443430406],[128.1283269022025,-15.367500068210957]]},{"type":"LineString","coordinates":[[136.02745051647693,-34.914951038579034],[136.03793389382508,-34.90535958707305]]},{"type":"LineString","coordinates":[[127.26833133676465,-13.822777689180175],[127.27556395620785,-13.816906175124712]]},{"type":"LineString","coordinates":[[124.29411985371996,-15.365113711520307],[124.30824177130216,-15.368936192232924]]},{"type":"LineString","coordinates":[[129.6738870531431,-15.043054453954852],[129.68388433266682,-15.039996977267078]]},{"type":"LineString","coordinates":[[129.6794430913022,-15.030832896838879],[129.67027071378683,-15.033610577960067],[129.6738870531431,-15.043054453954852],[129.68167260740225,-15.050555932942771]]},{"type":"LineString","coordinates":[[128.74694690686738,-14.842222516573615],[128.75971776062042,-14.84639055817246]]},{"type":"LineString","coordinates":[[136.66778637230817,-12.872004355264039],[136.67571910623994,-12.877146842363674]]},{"type":"LineString","coordinates":[[134.91943523564225,-12.051714530491825],[134.93083275384905,-12.065001621353428]]},{"type":"LineString","coordinates":[[135.9019937492909,-15.21838170059607],[135.89248695556884,-15.215709657337976],[135.89392277492337,-15.229929880953966]]},{"type":"LineString","coordinates":[[129.37584074657113,-14.921108574283096],[129.38055399215392,-14.911392143244397],[129.36778312621632,-14.907776904600194]]},{"type":"LineString","coordinates":[[124.99861318285339,-14.481391511653618],[125.00407563663323,-14.473650264486027]]},{"type":"LineString","coordinates":[[124.56282973424855,-15.263280162591483],[124.57228745256423,-15.261417510742618]]},{"type":"LineString","coordinates":[[115.51305293586826,-20.38166789712703],[115.5207983625436,-20.36823300863543],[115.5235362721146,-20.37686087129261]]},{"type":"LineString","coordinates":[[139.80563351181468,-16.486683174045424],[139.80746619524774,-16.49715424730349]]},{"type":"LineString","coordinates":[[123.53588986677227,-17.439820766151207],[123.53167596671554,-17.42901496295342],[123.53473042411315,-17.420408166384828]]},{"type":"LineString","coordinates":[[136.37484575230806,-13.310836659201822],[136.38160569821378,-13.318239356495345]]},{"type":"LineString","coordinates":[[132.81638943203066,-11.018609747087657],[132.82371576028274,-10.980094857450414]]},{"type":"LineString","coordinates":[[124.17586449745897,-15.94965501006821],[124.17672510131284,-15.938850383907774]]},{"type":"LineString","coordinates":[[123.06872763641442,-16.396178270919684],[123.05932789993646,-16.401183160434023],[123.05670147482006,-16.392212730998818],[123.06872763641442,-16.396178270919684],[123.06951691810288,-16.38549642885073]]},{"type":"LineString","coordinates":[[129.15722437748522,-15.082220901738424],[129.16055086602034,-15.071943464118116]]},{"type":"LineString","coordinates":[[128.70611491006807,-14.81388897390865],[128.71722259846783,-14.826109967512762]]},{"type":"LineString","coordinates":[[124.43530390428592,-16.367921601806994],[124.44030702248757,-16.37579368370922],[124.45367539763315,-16.363891299968802],[124.46392685808199,-16.360900675244018]]},{"type":"LineString","coordinates":[[115.3575061125593,-21.47733783996819],[115.35629321574147,-21.488395785402687]]},{"type":"LineString","coordinates":[[135.78561563466417,-15.099997564669218],[135.7892319873729,-15.0915033487971]]},{"type":"LineString","coordinates":[[125.12618359326602,-14.754916614621516],[125.13558343693514,-14.753377198909217]]},{"type":"LineString","coordinates":[[124.82691108439718,-14.976908229119186],[124.81555372963705,-14.966944459211513]]},{"type":"LineString","coordinates":[[120.59088100901204,-19.78198296337837],[120.5292963487224,-19.802793544614914]]},{"type":"LineString","coordinates":[[128.24499486969188,-15.286388252632749],[128.2527447852634,-15.294969268664925]]},{"type":"LineString","coordinates":[[123.49810790349645,-17.29162775989339],[123.49767978052517,-17.281128359681187]]},{"type":"LineString","coordinates":[[139.5506308849721,-17.13051930011255],[139.56114093841688,-17.11639258771405]]},{"type":"LineString","coordinates":[[128.29360799018565,-15.388335195125414],[128.28694159022203,-15.380832948238618],[128.29360799018565,-15.374443922216184]]},{"type":"LineString","coordinates":[[139.28999193711738,-16.738890898441483],[139.29638628025867,-16.75694425675908]]},{"type":"LineString","coordinates":[[116.82472426020963,-20.398888197007423],[116.83444063982787,-20.383055611538175]]},{"type":"LineString","coordinates":[[129.65055699291315,-14.713611775777922],[129.65306302554072,-14.722500429935296]]},{"type":"LineString","coordinates":[[124.06347732554198,-16.23468161430511],[124.07092402137687,-16.243406730417576],[124.08130035431883,-16.251707628248962]]},{"type":"LineString","coordinates":[[136.9486071376634,-15.760279676014804],[136.94607439362767,-15.77679262328778]]},{"type":"LineString","coordinates":[[128.99833767962497,-14.94805810983665],[129.00778205857827,-14.94333190532351]]},{"type":"LineString","coordinates":[[139.0617974452714,-16.876088427462882],[139.0665597512123,-16.867750379501953]]},{"type":"LineString","coordinates":[[136.93048089209051,-14.353671227824128],[136.94025973992834,-14.351381664113774]]},{"type":"LineString","coordinates":[[130.64721514711957,-11.816668716585433],[130.65972739390557,-11.808332198567388]]},{"type":"LineString","coordinates":[[129.35749600117018,-14.910276114347198],[129.36778312621632,-14.907776904600194],[129.36193726856933,-14.895556215770085]]},{"type":"LineString","coordinates":[[128.74499387781373,-14.875831821390012],[128.75999427479763,-14.863613618511426]]},{"type":"LineString","coordinates":[[125.43803982000429,-14.583854972937583],[125.43482925592546,-14.562492593215744]]},{"type":"LineString","coordinates":[[116.81055319012886,-20.413766371200325],[116.82072443002339,-20.416833786477817],[116.82288265388021,-20.408053503885295]]},{"type":"LineString","coordinates":[[136.12722736223373,-35.33861172794436],[136.1152814533167,-35.33833533671481],[136.11222699645825,-35.31972001434969]]},{"type":"LineString","coordinates":[[116.15710315306215,-20.93519414393136],[116.14992400166527,-20.94595123839198]]},{"type":"LineString","coordinates":[[134.2086189097145,-11.960557938543467],[134.22188022482632,-11.95810629096173]]},{"type":"LineString","coordinates":[[123.9547108644036,-16.196899874723762],[123.96228246819862,-16.203614081706874]]},{"type":"LineString","coordinates":[[123.92547699638743,-16.325013292030043],[123.9481203456635,-16.345274802571346]]},{"type":"LineString","coordinates":[[131.3433699941619,-12.107461831203185],[131.3559713881571,-12.10348115128527]]},{"type":"LineString","coordinates":[[129.21888926056755,-14.844166506687808],[129.228057184811,-14.845834528155281],[129.23805452245395,-14.843330300062048],[129.24333404576802,-14.851942110159538],[129.23861635343584,-14.85999759070908]]},{"type":"LineString","coordinates":[[124.56249978256359,-16.343199526668027],[124.57251040911784,-16.34198000533494],[124.58691334310411,-16.341676232601756]]},{"type":"LineString","coordinates":[[124.6168829472375,-16.342283867904044],[124.62371877126411,-16.34948519568068],[124.64471220085062,-16.348693629868567]]},{"type":"LineString","coordinates":[[124.62371877126411,-16.34948519568068],[124.6253062273647,-16.336973615652365]]},{"type":"LineString","coordinates":[[129.10736266673356,-14.926649589178156],[129.11200015131178,-14.935331283386205],[129.112504003295,-14.944723505794236],[129.11038149084953,-14.957389442657847],[129.10444642053994,-14.965557345891542],[129.10444642053994,-14.975279908265483],[129.1058332608833,-14.995835065405966]]},{"type":"LineString","coordinates":[[125.17610324770395,-14.933129622671887],[125.17360618844305,-14.942224719491858]]},{"type":"LineString","coordinates":[[127.70265219801983,-14.242643789337318],[127.7166671519079,-14.235555568223203]]},{"type":"LineString","coordinates":[[123.84088341027503,-17.167724992790937],[123.8358758517798,-17.159485181624184],[123.83087270770343,-17.169190623635057]]},{"type":"LineString","coordinates":[[117.66748986169515,-20.64251216904199],[117.6805639530254,-20.63335667653261]]},{"type":"LineString","coordinates":[[132.45152348920516,-11.624139948561618],[132.4627827623191,-11.621947370019807]]},{"type":"LineString","coordinates":[[132.3366258474156,-11.540766579392715],[132.33917199366974,-11.51981669632606]]},{"type":"LineString","coordinates":[[124.4642657247475,-15.318254464911334],[124.48110776557576,-15.316065377696182],[124.49102039408714,-15.321858396741645]]},{"type":"LineString","coordinates":[[116.63749550527062,-20.555555006959448],[116.64888854797621,-20.55249869712366],[116.64528111474532,-20.561112088544483]]},{"type":"LineString","coordinates":[[136.9714823843489,-14.259918306504245],[136.98052989564766,-14.255466888960518]]},{"type":"LineString","coordinates":[[135.8725280073646,-34.934079507113225],[135.8652195528721,-34.955381718746665]]},{"type":"LineString","coordinates":[[125.42327124967112,-14.549656856968582],[125.43030767633411,-14.540346855958072]]},{"type":"LineString","coordinates":[[127.90417685850603,-15.572712086031864],[127.91280966562955,-15.568975057902886],[127.92303440773782,-15.571908877408786],[127.9334508167959,-15.555456728096779]]},{"type":"LineString","coordinates":[[124.77368720901228,-14.937459672380792],[124.77858779387847,-14.952771228164579]]},{"type":"LineString","coordinates":[[133.0280629732684,-10.9077790345018],[133.04445013348064,-10.902498454230798]]},{"type":"LineString","coordinates":[[129.3658300317304,-14.923331874527523],[129.37555083390322,-14.930833213034521]]},{"type":"LineString","coordinates":[[136.4262547141499,-11.474425001979633],[136.42927348002596,-11.490921145251919]]},{"type":"LineString","coordinates":[[136.46643120423903,-35.11972060875722],[136.4780872697401,-35.11798084649852]]},{"type":"LineString","coordinates":[[124.8810802176064,-14.940126559677765],[124.88434426841644,-14.951383993145193]]},{"type":"LineString","coordinates":[[129.79777424345625,-14.758887954351032],[129.80694661075867,-14.766110459966816],[129.81305114656556,-14.759163927544083]]},{"type":"LineString","coordinates":[[125.33583273561324,-15.093333119321452],[125.3372194858618,-15.103898041397848]]},{"type":"LineString","coordinates":[[129.77806052019605,-14.856941832736833],[129.76527181579183,-14.851390406656067],[129.7569422457584,-14.855834095332545],[129.75667023166451,-14.846390589816556]]},{"type":"LineString","coordinates":[[123.87750158080063,-16.300294328124725],[123.87768438146624,-16.30981248729017]]},{"type":"LineString","coordinates":[[116.43724622822194,-20.659031425804635],[116.43052632908744,-20.652530770122265]]},{"type":"LineString","coordinates":[[126.27166871957115,-13.928058506054725],[126.28027926572098,-13.934165183542111]]},{"type":"LineString","coordinates":[[118.8852748529648,-19.890000495752247],[118.89955737804245,-19.886499211799315]]},{"type":"LineString","coordinates":[[132.35489029720586,-12.15711658852085],[132.346712362835,-12.185697649898936]]},{"type":"LineString","coordinates":[[128.44360318026614,-14.88527834564835],[128.4527756156024,-14.887777859826052]]},{"type":"LineString","coordinates":[[128.3999931691782,-14.899167333018458],[128.40083151890332,-14.908332785585523]]},{"type":"LineString","coordinates":[[128.7991630397399,-14.847502636285723],[128.7969512704812,-14.858889939042161],[128.82167252405787,-14.860553540352612],[128.82943588279423,-14.870832571447513]]},{"type":"LineString","coordinates":[[123.35229528704738,-16.35388372283534],[123.35949675036801,-16.362791703803268]]},{"type":"LineString","coordinates":[[123.1563088291699,-15.51879764177617],[123.15807909476092,-15.509705969638585]]},{"type":"LineString","coordinates":[[136.639234774858,-13.660343295074453],[136.6479344556128,-13.655455663800264],[136.64187449637316,-13.670066322465654]]},{"type":"LineString","coordinates":[[129.0211191959107,-14.950832580638481],[129.03055018893207,-14.952779856619372],[129.02558725128404,-14.961917115642544],[129.04243371013703,-14.958931756116879],[129.03611963218302,-14.972777166725184],[129.04638898519275,-14.973057143033706]]},{"type":"LineString","coordinates":[[129.03055018893207,-14.952779856619372],[129.02868630887832,-14.942478871927914],[129.02713011746926,-14.933551843585755],[129.03611963218302,-14.928054132095944],[129.0402844473414,-14.92000119148009]]},{"type":"LineString","coordinates":[[128.90944102552086,-14.857497823192357],[128.93333286185523,-14.874444112327465],[128.94278172379754,-14.873056360907455]]},{"type":"LineString","coordinates":[[136.2839513925276,-34.57997086601761],[136.2951035872656,-34.579669802142035]]},{"type":"LineString","coordinates":[[129.70304954124754,-14.695553055403167],[129.71722505062584,-14.695833412452366]]},{"type":"LineString","coordinates":[[124.68535693135505,-14.950332778430315],[124.69280358185993,-14.956342652360886]]},{"type":"LineString","coordinates":[[115.36218812893587,-21.462917727155755],[115.37670702636886,-21.452198193757926]]},{"type":"LineString","coordinates":[[124.75794211751675,-15.704641824761852],[124.76611124191832,-15.713608922135592]]},{"type":"LineString","coordinates":[[124.78277484045748,-15.705277131000381],[124.77671944835546,-15.697949444944372],[124.7883309014407,-15.696944968148625]]},{"type":"LineString","coordinates":[[124.76747126815256,-15.699250205500919],[124.75794211751675,-15.704641824761852],[124.75638592947664,-15.692776570964538]]},{"type":"LineString","coordinates":[[128.12472398975513,-15.427222521155763],[128.11972088082683,-15.412779247164]]},{"type":"LineString","coordinates":[[116.9665815884904,-20.427097041905448],[116.9739971610353,-20.445515643072813]]},{"type":"LineString","coordinates":[[129.67434632307797,-14.95731192653447],[129.6805578594748,-14.965557340227734]]},{"type":"LineString","coordinates":[[136.62167479475596,-12.856089359129227],[136.62541154234015,-12.86842675240519]]},{"type":"LineString","coordinates":[[123.62292701651617,-16.401914678194768],[123.65088109149956,-16.412903622995902]]},{"type":"LineString","coordinates":[[123.54229756602378,-16.259096300479257],[123.55608956687784,-16.256104054143027],[123.56371907721308,-16.262084275453578]]},{"type":"LineString","coordinates":[[124.45555713086411,-16.026942637833432],[124.45854922635492,-16.0157264097064]]},{"type":"LineString","coordinates":[[129.23971772424005,-14.960275782977588],[129.23805452245395,-14.950001054779664],[129.23666328150767,-14.921388671616796],[129.2372295644344,-14.911943656341592],[129.2344515344765,-14.90111072615579],[129.2373945410462,-14.892337141579336]]},{"type":"LineString","coordinates":[[129.1680599852338,-15.118612164056909],[129.16360533801702,-15.109722663282916],[129.17304967204208,-15.102498900018388],[129.16360533801702,-15.09999759951085]]},{"type":"LineString","coordinates":[[129.0205528911368,-14.98361076826456],[129.0177749101846,-14.994443814699688],[129.01638814171937,-15.006943158937833]]},{"type":"LineString","coordinates":[[124.19367412065155,-15.338256003897966],[124.20198140167325,-15.331775353249553]]},{"type":"LineString","coordinates":[[129.68082981827516,-14.70638761733106],[129.68472267212465,-14.695553035260943],[129.69305223646697,-14.69111040103571]]},{"type":"LineString","coordinates":[[128.61305351668537,-14.843610497309827],[128.6191713761721,-14.835278469446928],[128.61111376994958,-14.830278316572727],[128.61332552973633,-14.820833647181514]]},{"type":"LineString","coordinates":[[136.01446566571838,-34.88300192662203],[136.01042122344847,-34.89551095478821]]},{"type":"LineString","coordinates":[[123.59112471450294,-16.360412912662575],[123.60131822997194,-16.3613284813721],[123.61047277956831,-16.36669797635567]]},{"type":"LineString","coordinates":[[126.57555203735181,-14.212499864012118],[126.5686092083553,-14.205920743500924]]},{"type":"LineString","coordinates":[[117.75708663404102,-20.588689909485467],[117.77799083840807,-20.58412737296083]]},{"type":"LineString","coordinates":[[125.14037246719671,-14.669447802972273],[125.14805555789343,-14.663611228414783]]},{"type":"LineString","coordinates":[[125.36528059469366,-15.080554672940085],[125.35221989286117,-15.078888431159529],[125.34194169602078,-15.078888473734455]]},{"type":"LineString","coordinates":[[136.02442726267398,-12.191838899795286],[136.02530122070783,-12.170825616544574]]},{"type":"LineString","coordinates":[[132.8736130647503,-11.051946688176905],[132.87832637978954,-11.043333812548823]]},{"type":"LineString","coordinates":[[128.27166916149557,-15.297223070854535],[128.2916727014536,-15.323333490106199]]},{"type":"LineString","coordinates":[[135.6266932992511,-34.98117602350975],[135.61563028047368,-35.00822952297816]]},{"type":"LineString","coordinates":[[136.3817885271647,-13.693566140010581],[136.38380408556154,-13.702516641520681],[136.3998879978557,-13.715803097355506]]},{"type":"LineString","coordinates":[[136.6795673412669,-13.643994512912903],[136.68847658471483,-13.638092485520176]]},{"type":"LineString","coordinates":[[115.31666521689935,-20.948887180226706],[115.33083175104088,-20.96083425174041],[115.3249948232735,-20.97166441051523]]},{"type":"LineString","coordinates":[[136.3096447251486,-34.58955979124095],[136.32397632120407,-34.59564227827594]]},{"type":"LineString","coordinates":[[115.54367802869479,-20.415383724408848],[115.54428892706808,-20.43731782303189]]},{"type":"LineString","coordinates":[[122.09088243274145,-16.85357828648515],[122.1441018141846,-16.85699656055071]]},{"type":"LineString","coordinates":[[123.45410104056768,-16.148377557603514],[123.44232007906236,-16.146180256906604]]},{"type":"LineString","coordinates":[[123.41729562275717,-16.127196151243673],[123.42590162025529,-16.13128702486515]]},{"type":"LineString","coordinates":[[123.80889831900053,-17.121583135709344],[123.80169680438479,-17.112791521442563]]},{"type":"LineString","coordinates":[[128.093336349232,-15.199169085887108],[128.10560776592249,-15.193846105611279]]},{"type":"LineString","coordinates":[[116.69079517886155,-20.65316492083221],[116.69600782872394,-20.644832238262314]]},{"type":"LineString","coordinates":[[126.62000482004643,-13.87083527275024],[126.61944736781999,-13.881112238347693]]},{"type":"LineString","coordinates":[[124.75326453211625,-14.952504083753414],[124.75861545370198,-14.960000090084362]]},{"type":"LineString","coordinates":[[127.16972276860412,-13.89333236051971],[127.16194166700907,-13.883332982921665]]},{"type":"LineString","coordinates":[[123.44427313817259,-16.104187525066983],[123.44970878470242,-16.119018568034292]]},{"type":"LineString","coordinates":[[128.43556341511513,-14.905277681032976],[128.45166082835672,-14.927778422718132]]},{"type":"LineString","coordinates":[[136.26519644196776,-34.677035510305465],[136.28332709616828,-34.68384127585622]]},{"type":"LineString","coordinates":[[115.52519948149276,-20.35992649591456],[115.5394373951212,-20.37070772547615]]},{"type":"LineString","coordinates":[[124.97910913543889,-14.442734189750192],[124.97614379876649,-14.454129630773707]]},{"type":"LineString","coordinates":[[124.38954904299008,-15.242148628585271],[124.39231818572522,-15.250933649827443]]},{"type":"LineString","coordinates":[[123.44531213604219,-16.268920400138732],[123.45532278637707,-16.26721250331873]]},{"type":"LineString","coordinates":[[136.45852519810546,-11.890979063674006],[136.45890866785177,-11.90368503247126],[136.4655750755608,-11.897349599922425]]},{"type":"LineString","coordinates":[[135.8680555371968,-34.77833048601827],[135.87808400463499,-34.77417703627356]]},{"type":"LineString","coordinates":[[115.3200006313337,-20.935556426871727],[115.33129100017378,-20.919638044995022],[115.32956087786026,-20.896977841254596],[115.32194475081064,-20.889999944451954],[115.32610955562134,-20.878609698491033]]},{"type":"LineString","coordinates":[[129.06539807891346,-14.89783146237893],[129.07610883842912,-14.906109329945858],[129.06666446671457,-14.907776910152059],[129.06710595962798,-14.917036777232365]]},{"type":"LineString","coordinates":[[126.67527976191228,-13.961667306093641],[126.68389030633965,-13.94888823347558]]},{"type":"LineString","coordinates":[[123.58990291848512,-16.08398253362246],[123.59930272313757,-16.08459528098766]]},{"type":"LineString","coordinates":[[136.09237505502554,-13.310971153548293],[136.08950785585478,-13.319614928252602]]},{"type":"LineString","coordinates":[[129.29943846025148,-14.973608551885407],[129.31889353895932,-14.975279910132366]]},{"type":"LineString","coordinates":[[124.950575279841,-15.357141897552854],[124.94652643261128,-15.365844666927012]]},{"type":"LineString","coordinates":[[125.2974264662691,-14.288573782056192],[125.30484642177124,-14.294692452241916]]},{"type":"LineString","coordinates":[[128.45723024395966,-14.876943714146442],[128.44027667905002,-14.858333957949789],[128.4499975199938,-14.856109931990655],[128.4594419598452,-14.860277760326639]]},{"type":"LineString","coordinates":[[129.5719430644815,-15.17916725615783],[129.57583586938742,-15.162778774059898],[129.58471840579347,-15.159722960594738]]},{"type":"LineString","coordinates":[[129.12333517951177,-15.039721372048842],[129.12306316379397,-15.023335107104188]]},{"type":"LineString","coordinates":[[135.1596203004718,-34.73135589133118],[135.1667013702732,-34.722553040675265]]},{"type":"LineString","coordinates":[[129.49417184538288,-15.021944040830482],[129.50555594815404,-15.016112646424043]]},{"type":"LineString","coordinates":[[125.26970872373485,-14.470403417407644],[125.27165288265495,-14.48303645052731]]},{"type":"LineString","coordinates":[[117.84934094937746,-20.537588066272818],[117.87453486660462,-20.517317918816186]]},{"type":"LineString","coordinates":[[115.52075381335403,-20.40553340288965],[115.52440583018078,-20.397178812730836]]},{"type":"LineString","coordinates":[[129.44221444847201,-15.020001633015982],[129.45277354251235,-15.025001784849037]]},{"type":"LineString","coordinates":[[128.5372176103131,-14.775833393045074],[128.55139307208339,-14.77444505546757]]},{"type":"LineString","coordinates":[[135.97498922283236,-35.0382678988794],[135.97306736325302,-35.02683591474274],[135.9788686229113,-35.019076155193645]]},{"type":"LineString","coordinates":[[129.6594395524361,-15.03305502157177],[129.67027071378683,-15.033610577960067],[129.67111349041053,-15.023886293164775]]},{"type":"LineString","coordinates":[[136.89293086876899,-13.676825353473118],[136.9127827408082,-13.662583454240613]]},{"type":"LineString","coordinates":[[136.7465831401004,-13.695537404490853],[136.75472991463886,-13.691122685610727]]},{"type":"LineString","coordinates":[[129.5899979190702,-15.091666956128924],[129.57695062247464,-15.092497934058866],[129.57249598404314,-15.100832766192521]]},{"type":"LineString","coordinates":[[128.14666716893865,-14.856670289470314],[128.16111917026623,-14.844722508496723]]},{"type":"LineString","coordinates":[[132.79544055315367,-11.38736594174331],[132.80029208680767,-11.395417801144054]]},{"type":"LineString","coordinates":[[136.03036676566074,-11.81214698554839],[136.04315104816598,-11.798803866467441],[136.04356575334728,-11.783373548584962]]},{"type":"LineString","coordinates":[[129.11610250078752,-14.967500120970913],[129.1272280137296,-14.949721035214573],[129.13972687927395,-14.955558519187958],[129.14389166799546,-14.968611548434652],[129.15777732265693,-14.977498314902869],[129.1494432621939,-14.98472207968031]]},{"type":"LineString","coordinates":[[136.77694518410826,-15.60805598773608],[136.78721444068722,-15.608609979112027]]},{"type":"LineString","coordinates":[[124.2161256746213,-16.354491305762938],[124.22552545313678,-16.35790991249022],[124.22210538386001,-16.34741420007689]]},{"type":"LineString","coordinates":[[124.087890856933,-16.136902665447494],[124.0797129078798,-16.130798694185334],[124.0797129078798,-16.14141727039457]]},{"type":"LineString","coordinates":[[129.7497274089448,-14.576665351218297],[129.75193911540916,-14.585831444508832]]},{"type":"LineString","coordinates":[[129.76450933384388,-14.555889198335947],[129.77221467982903,-14.563610379257161],[129.76194984029618,-14.569445261999206],[129.76450933384388,-14.555889198335947],[129.7778018818335,-14.541089278167577],[129.7875049026527,-14.532499720094975],[129.777494202135,-14.531390354594595]]},{"type":"LineString","coordinates":[[129.66360430145036,-14.903334291963404],[129.66250741395504,-14.914722901467332]]},{"type":"LineString","coordinates":[[129.673338585558,-14.903890110242232],[129.66360430145036,-14.903334291963404],[129.66805897045143,-14.893056819456355]]},{"type":"LineString","coordinates":[[124.84066740264707,-15.311269979909184],[124.85050416238282,-15.312409769289982]]},{"type":"LineString","coordinates":[[129.17222481719062,-15.12999795033281],[129.19082818048074,-15.121944040081186]]},{"type":"LineString","coordinates":[[129.79834053035705,-14.537502373268065],[129.80888187069388,-14.537502405700353],[129.80528332366148,-14.546942060679545]]},{"type":"LineString","coordinates":[[127.98972911843128,-14.605297275546002],[127.99153062660817,-14.594725244630576],[127.9789514769246,-14.590582629917531]]},{"type":"LineString","coordinates":[[129.14860492140883,-15.041667872771656],[129.1549992919527,-15.048609553910207],[129.16194211638893,-15.055279673313994]]},{"type":"LineString","coordinates":[[129.62916666731638,-15.13944626394086],[129.64971865959737,-15.143888290242982],[129.65028497882773,-15.156111976480682]]},{"type":"LineString","coordinates":[[132.98110863073427,-11.047500197190079],[132.98832794557424,-11.053889805026873]]},{"type":"LineString","coordinates":[[123.38867260304447,-16.062927111369508],[123.39807241352638,-16.062807169634723],[123.39532560894574,-16.07360935723677]]},{"type":"LineString","coordinates":[[123.39807241352638,-16.062807169634723],[123.40789581009349,-16.064088369668156],[123.40948325940302,-16.07531902536124]]},{"type":"LineString","coordinates":[[115.53274434649408,-20.392623053472303],[115.53277552060028,-20.414723362209426],[115.53500504781316,-20.42527924914012]]},{"type":"LineString","coordinates":[[125.97270385826026,-14.385264758937174],[125.98175132006294,-14.394693620638085]]},{"type":"LineString","coordinates":[[138.9744882364529,-35.56580602669878],[138.98457478286315,-35.571195992085464]]},{"type":"LineString","coordinates":[[134.78480608852522,-34.637722890263284],[134.79528941875094,-34.64366611048416],[134.81425403010505,-34.64549296930246]]},{"type":"LineString","coordinates":[[136.07320983165667,-11.768038363669021],[136.0872203054072,-11.76336737785155]]},{"type":"LineString","coordinates":[[124.74137210304198,-14.92989827174306],[124.73524531920337,-14.936994307936036]]},{"type":"LineString","coordinates":[[142.1002824294845,-10.98610944876236],[142.10583400787036,-10.969164160615655],[142.1152962055544,-10.972460510113887]]},{"type":"LineString","coordinates":[[129.30139156510234,-15.040276882783957],[129.30917265262096,-15.045832059286202]]},{"type":"LineString","coordinates":[[116.65781561509709,-20.51606500453495],[116.6674517145174,-20.5204959767595],[116.6751481348937,-20.51494995997747]]},{"type":"LineString","coordinates":[[116.68270190202469,-20.509048720532792],[116.69196347995909,-20.506513552038463]]},{"type":"LineString","coordinates":[[123.55188015182591,-16.08880692162238],[123.55029276194898,-16.098206751749903]]},{"type":"LineString","coordinates":[[123.56371907721308,-16.07757708228953],[123.5567004287343,-16.069885846607708],[123.55108641748738,-16.060304661489305]]},{"type":"LineString","coordinates":[[128.8441598229031,-14.858333954953281],[128.8552718965778,-14.86138969084201]]},{"type":"LineString","coordinates":[[128.4741659121031,-14.849166363454536],[128.46388322229424,-14.851110261610469]]},{"type":"LineString","coordinates":[[129.24499734608548,-14.927502681618126],[129.2511151835647,-14.935275273241169]]},{"type":"LineString","coordinates":[[129.26333758602985,-14.950556858058006],[129.27305399529072,-14.948889604506538]]},{"type":"LineString","coordinates":[[123.32269126012469,-16.148925823204543],[123.31469615546163,-16.154421014794334]]},{"type":"LineString","coordinates":[[141.6893628535487,-13.361275811971801],[141.69946278543625,-13.360703175493054]]},{"type":"LineString","coordinates":[[124.9582538803211,-14.401949607951627],[124.9660126870085,-14.396697629715458]]},{"type":"LineString","coordinates":[[124.9800588788533,-14.420507429583571],[124.98523590678809,-14.428207347723886]]},{"type":"LineString","coordinates":[[124.36385129096504,-15.396869075869798],[124.37288537138949,-15.401890290047865]]},{"type":"LineString","coordinates":[[123.14929025063867,-16.438904142093605],[123.15448062219082,-16.429319568678856],[123.16388038352919,-16.42712541426745]]},{"type":"LineString","coordinates":[[136.9531866670556,-13.64469648438654],[136.9499983930803,-13.653332452482134]]},{"type":"LineString","coordinates":[[129.55861030713353,-14.858889904186123],[129.56334142138132,-14.873888172241548]]},{"type":"LineString","coordinates":[[136.77610681486567,-15.577501395123551],[136.78500273256995,-15.580276172177014]]},{"type":"LineString","coordinates":[[129.05444207067575,-14.944167737759702],[129.0639800699167,-14.946128009043605]]},{"type":"LineString","coordinates":[[123.8615112098145,-16.239622166067488],[123.87731877977293,-16.24407886577797]]},{"type":"LineString","coordinates":[[129.1252749156275,-15.116666457637082],[129.12056159703567,-15.12500037489776]]},{"type":"LineString","coordinates":[[135.95944032563798,-34.58611275333565],[135.95138721684336,-34.59305447762043]]},{"type":"LineString","coordinates":[[123.86248778738552,-16.2135009562372],[123.87127669130749,-16.216797850944076]]},{"type":"LineString","coordinates":[[123.88531392154765,-16.20562660524814],[123.89672916993278,-16.20813157453167]]},{"type":"LineString","coordinates":[[123.88232630719486,-16.184018834628212],[123.88452020225655,-16.173278321265922]]},{"type":"LineString","coordinates":[[123.8724984746685,-16.20031693974216],[123.86291586709748,-16.20257362219416]]},{"type":"LineString","coordinates":[[116.63458370472836,-20.631023910556824],[116.64179858562537,-20.62346199941038]]},{"type":"LineString","coordinates":[[124.96170966238142,-15.073101711754594],[124.94975482646295,-15.07326958687191]]},{"type":"LineString","coordinates":[[138.52528285879157,-34.76471931993366],[138.52128753832034,-34.77507078849182]]},{"type":"LineString","coordinates":[[124.9927539758548,-14.494680196669817],[124.98979752590792,-14.486153620244416]]},{"type":"LineString","coordinates":[[124.32015203812574,-15.354110463267016],[124.31860922128861,-15.363054154240855]]},{"type":"LineString","coordinates":[[128.12277085360176,-15.26166700184064],[128.12110765968612,-15.27194386462374]]},{"type":"LineString","coordinates":[[128.10916168767577,-15.25444410316386],[128.10667355872226,-15.245001002500981],[128.11361632887497,-15.238612155961185]]},{"type":"LineString","coordinates":[[136.34541118872704,-34.673654432590894],[136.34818922746462,-34.68276696238994]]},{"type":"LineString","coordinates":[[129.32638485007658,-14.93250062056031],[129.32916285934013,-14.942500429789334]]},{"type":"LineString","coordinates":[[129.31277564042125,-14.923056089509776],[129.30805792624173,-14.930833208840301],[129.3034516799998,-14.922047910230603]]},{"type":"LineString","coordinates":[[129.45083835491366,-15.05499980444521],[129.4577811753543,-15.048889409436002],[129.46583428728593,-15.055279680190424]]},{"type":"LineString","coordinates":[[129.4577811753543,-15.048889409436002],[129.4547266826003,-15.040276937992594],[129.46583428728593,-15.041112370772488],[129.47389188496788,-15.047222922981733]]},{"type":"LineString","coordinates":[[129.46000622172247,-15.032499485224514],[129.46583428728593,-15.041112370772488]]},{"type":"LineString","coordinates":[[129.53778186169376,-14.851110268343492],[129.5344375536882,-14.84249839177391],[129.54861303294197,-14.839166525986187],[129.54861303294197,-14.850278378525106]]},{"type":"LineString","coordinates":[[117.0682001154716,-20.629972257528248],[117.07817060137285,-20.6252899565568]]},{"type":"LineString","coordinates":[[129.647506964123,-15.044165494120179],[129.64500543069298,-15.053608951108158]]},{"type":"LineString","coordinates":[[129.70666583743042,-14.678057866844338],[129.71556175740835,-14.670832538058518]]},{"type":"LineString","coordinates":[[129.72416786595682,-14.666665390630037],[129.72860909279194,-14.658611388679939]]},{"type":"LineString","coordinates":[[129.33833522634362,-14.952499790988986],[129.3416616656449,-14.961111573284086]]},{"type":"LineString","coordinates":[[129.3172169107047,-14.946942273382524],[129.3077859132135,-14.94750233879798],[129.30277836652203,-14.955834269680333],[129.31500070932333,-14.95583425979309],[129.30888282725007,-14.96333448264362],[129.30277836652203,-14.955834269680333]]},{"type":"LineString","coordinates":[[139.24972625981428,-17.042221700140555],[139.25703470703633,-17.04832236425851]]},{"type":"LineString","coordinates":[[128.58860872343507,-14.811944690151824],[128.60110312117263,-14.816945299561333],[128.5880602469111,-14.825278013654422],[128.58860872343507,-14.811944690151824],[128.6002826029532,-14.804443556359832],[128.6094505581393,-14.812500846050272]]},{"type":"LineString","coordinates":[[115.56197369679025,-20.39739199829217],[115.57175253308101,-20.396493402883888]]},{"type":"LineString","coordinates":[[115.57810226439652,-20.41177717125037],[115.5822002155104,-20.42006408254726]]},{"type":"LineString","coordinates":[[139.19139230689436,-35.506943224179444],[139.20129594009492,-35.502224241575085]]},{"type":"LineString","coordinates":[[129.13611050456555,-15.00777872148608],[129.14111366399703,-15.01749938788546],[129.1441636738509,-15.029166207015301],[129.15445076790925,-15.025557301390077]]},{"type":"LineString","coordinates":[[129.14111366399703,-15.01749938788546],[129.14971968993555,-15.011387966858107]]},{"type":"LineString","coordinates":[[124.24263062659585,-15.315833151802744],[124.24356258620556,-15.328868217133476]]},{"type":"LineString","coordinates":[[129.28054974454446,-14.960275782664217],[129.28971765111294,-14.95833290237629]]},{"type":"LineString","coordinates":[[129.29861351438743,-14.96416587664543],[129.30888282725007,-14.96333448264362],[129.32055674222707,-14.963610157960453]]},{"type":"LineString","coordinates":[[128.42500426978833,-14.919445397505445],[128.44070479074537,-14.940742663336406],[128.4447179425843,-14.950001122185915]]},{"type":"LineString","coordinates":[[128.4394384260964,-14.969167268356482],[128.44177048310348,-14.97808420371045]]},{"type":"LineString","coordinates":[[129.50860596955434,-14.808336453478924],[129.51722540203406,-14.812776764382349],[129.5344375536882,-14.84249839177391]]},{"type":"LineString","coordinates":[[129.52833753534287,-14.805279956081275],[129.5319538421437,-14.813608705210633],[129.53805389881055,-14.820553480614164]]},{"type":"LineString","coordinates":[[130.02273585116555,-13.114121366176573],[130.0230569246821,-13.1452790319077]]},{"type":"LineString","coordinates":[[129.1563860602216,-14.991389969090427],[129.15445076790925,-15.00083575695906],[129.16389519684571,-15.003889439634476]]},{"type":"LineString","coordinates":[[124.44943033115084,-15.985301923645476],[124.45221722341094,-15.951790173767021]]},{"type":"LineString","coordinates":[[123.51751836932141,-16.249511455443425],[123.53387433480246,-16.2633042399092]]},{"type":"LineString","coordinates":[[135.054639708352,-11.917206343642132],[135.04527109001555,-11.915557121212473]]},{"type":"LineString","coordinates":[[135.9697408634759,-11.86362786472592],[135.98011719598762,-11.85711686827813],[135.9920675606631,-11.85447665155458]]},{"type":"LineString","coordinates":[[136.03305119107543,-12.14103974852593],[136.03085284854384,-12.158066855602987]]},{"type":"LineString","coordinates":[[129.04916254118956,-15.000835758986462],[129.04638898519272,-15.010832346008907]]},{"type":"LineString","coordinates":[[136.27911330393314,-34.538819758443104],[136.27532752330353,-34.530029414447206]]},{"type":"LineString","coordinates":[[136.27665632132232,-34.520393139711175],[136.28627013104753,-34.51364749538529]]},{"type":"LineString","coordinates":[[136.29389968570075,-34.50692335960759],[136.30473527962883,-34.50274894791881]]},{"type":"LineString","coordinates":[[125.92398818316524,-14.377286860523709],[125.93504227652139,-14.37991307504609]]},{"type":"LineString","coordinates":[[136.48599324765703,-35.17358842940341],[136.4930565118305,-35.180557250227]]},{"type":"LineString","coordinates":[[123.68029784339579,-16.111204766352984],[123.69128502071702,-16.109375485692915],[123.70147852680144,-16.11041222720456]]},{"type":"LineString","coordinates":[[123.76208668257456,-16.14977813475763],[123.76947095456735,-16.15741052351935],[123.77868785670387,-16.153200387112495]]},{"type":"LineString","coordinates":[[128.41888643729212,-15.002239847682432],[128.42661851344187,-14.993164532327345]]},{"type":"LineString","coordinates":[[128.4160593093023,-14.978829424228927],[128.42027322111025,-14.96861156900169],[128.4102803114992,-14.964721595252161]]},{"type":"LineString","coordinates":[[129.4288951220252,-14.959444381554896],[129.43916440728813,-14.956665720552868]]},{"type":"LineString","coordinates":[[129.39166161100172,-14.936942670594252],[129.39639272101178,-14.917777869236385],[129.39083669242964,-14.910556218047498]]},{"type":"LineString","coordinates":[[136.37135422685165,-11.900744261686883],[136.38041512918053,-11.907912972485882]]},{"type":"LineString","coordinates":[[136.40412865333624,-11.859394893858836],[136.409791710201,-11.85145677662524]]},{"type":"LineString","coordinates":[[129.53833035293903,-15.091946799325115],[129.54388639313862,-15.084166999877624],[129.54943799049502,-15.076391161998679]]},{"type":"LineString","coordinates":[[129.54943799049502,-15.066664551805331],[129.56138389066192,-15.066109138431916]]},{"type":"LineString","coordinates":[[138.91665820508615,-35.56084746278636],[138.91029506760856,-35.56830880281239]]},{"type":"LineString","coordinates":[[124.80714387757463,-15.23223604111734],[124.81583469531753,-15.225554232847507]]},{"type":"LineString","coordinates":[[129.01222328007964,-15.017499441710253],[129.02278244355418,-15.013890259624304],[129.03999458118642,-15.018055033852804],[129.03944609833349,-15.027499617663427]]},{"type":"LineString","coordinates":[[129.68167260740225,-15.161943849843533],[129.68472267212465,-15.153056099549017]]},{"type":"LineString","coordinates":[[129.69389501512168,-15.168055267134738],[129.69332870439882,-15.15722239441484],[129.68472267212465,-15.153056099549017],[129.6853335326737,-15.143673029729147]]},{"type":"LineString","coordinates":[[125.2326803694512,-14.648365515104064],[125.23497228369818,-14.662105682400838]]},{"type":"LineString","coordinates":[[133.38250797512796,-11.545554897865177],[133.3983288878295,-11.53472422008549],[133.39653186005938,-11.525837456806775]]},{"type":"LineString","coordinates":[[116.91461079846412,-20.401550543165165],[116.92643189118198,-20.408513209545962],[116.958831750214,-20.421213264084056]]},{"type":"LineString","coordinates":[[129.63333149715788,-14.96361018474068],[129.64778347962994,-14.96666442294642]]},{"type":"LineString","coordinates":[[126.571663706901,-13.901110833332718],[126.55945016082666,-13.900556732832865]]},{"type":"LineString","coordinates":[[126.61055590502995,-13.891111739164849],[126.62027679065132,-13.890557664063593]]},{"type":"LineString","coordinates":[[129.6499951651603,-14.949721089932668],[129.63944935026763,-14.951664042996752]]},{"type":"LineString","coordinates":[[129.65472628116808,-14.9319448361401],[129.6594395524361,-14.924167765733682]]},{"type":"LineString","coordinates":[[129.64443914160898,-14.933332112432266],[129.64166109916147,-14.924443539932806],[129.63833462389965,-14.911667901519872]]},{"type":"LineString","coordinates":[[128.9772194089425,-14.933887897101824],[128.97917242882158,-14.923331854296164]]},{"type":"LineString","coordinates":[[129.01138504014065,-14.881111095198683],[129.00221261218053,-14.882740124661918]]},{"type":"LineString","coordinates":[[128.87138259392918,-14.87972341971244],[128.87750051252934,-14.8883337952171]]},{"type":"LineString","coordinates":[[128.87971670259807,-14.868608727099108],[128.88499625046268,-14.87805562593978]]},{"type":"LineString","coordinates":[[128.87416061693358,-14.858333896995978],[128.89332580968167,-14.856670236719985]]},{"type":"LineString","coordinates":[[133.41749412913697,-11.63583189090842],[133.42334000908383,-11.643610209048003]]},{"type":"LineString","coordinates":[[116.87632055266113,-20.431881571146732],[116.88518520603488,-20.424702642581014]]},{"type":"LineString","coordinates":[[128.39054885751844,-14.991109937509231],[128.40500078441897,-14.986109128189495],[128.39332687252994,-14.98166807891562]]},{"type":"LineString","coordinates":[[135.91360522605217,-34.68267891148078],[135.91749353726811,-34.673053039562966]]},{"type":"LineString","coordinates":[[130.51277327677764,-12.652778916528593],[130.52306927996014,-12.65499788455653]]},{"type":"LineString","coordinates":[[136.60934535327422,-11.755553131648554],[136.6127788620881,-11.747070704104738]]},{"type":"LineString","coordinates":[[136.39189286008954,-11.524242727986477],[136.38420089277855,-11.518322363934026]]},{"type":"LineString","coordinates":[[138.89625330902754,-35.56628119561631],[138.89889313879914,-35.553889692107745],[138.88433861472174,-35.55233696198912],[138.89625330902754,-35.56628119561631],[138.91029506760856,-35.56830880281239],[138.91764810963826,-35.57556635126251]]},{"type":"LineString","coordinates":[[116.57533122027004,-20.579493735418616],[116.5847086929302,-20.576663300807024]]},{"type":"LineString","coordinates":[[128.7072297049522,-14.826390123493912],[128.71722259846783,-14.826109967512762],[128.73472455123547,-14.836386288775914],[128.72999785041443,-14.849166369819072]]},{"type":"LineString","coordinates":[[128.69694706552036,-14.818053234814245],[128.68417173013572,-14.81000046435189],[128.691114564804,-14.802775215152083],[128.6794450402048,-14.802223337893215]]},{"type":"LineString","coordinates":[[136.19444386401537,-35.0486104801107],[136.19694546071028,-35.06333168254862]]},{"type":"LineString","coordinates":[[129.11416725046277,-15.095834523406106],[129.1174937730458,-15.086668484844747],[129.11084079203016,-15.074165170284331],[129.11361884997964,-15.065553641406789]]},{"type":"LineString","coordinates":[[129.12167193409363,-15.049444960662257],[129.1319412345535,-15.055279687410088]]},{"type":"LineString","coordinates":[[129.13139282870927,-15.04611190329132],[129.1319412345535,-15.055279687410088],[129.14472999169797,-15.075000448210751]]},{"type":"LineString","coordinates":[[129.1477799864322,-15.121668594585364],[129.1458268856811,-15.112499354860438],[129.15722437748522,-15.119722836987858],[129.1477799864322,-15.121668594585364],[129.15360804791624,-15.128891746487588]]},{"type":"LineString","coordinates":[[115.5206467326168,-20.489710418437063],[115.52028112163286,-20.510556373392024]]},{"type":"LineString","coordinates":[[115.53515667021942,-20.49330257782374],[115.53115690234813,-20.501756446850433]]},{"type":"LineString","coordinates":[[115.53805510064294,-20.470557685622797],[115.53583445212466,-20.479443072868722],[115.52682707886105,-20.47507355163248]]},{"type":"LineString","coordinates":[[115.53229390287441,-20.4509388399315],[115.51806051748866,-20.45944509127293],[115.51887650609291,-20.450002912795895]]},{"type":"LineString","coordinates":[[136.83098053814908,-15.61847025802979],[136.83888203761921,-15.613411370459414]]},{"type":"LineString","coordinates":[[136.87194633897448,-15.605831305283683],[136.87199538280973,-15.615000372403959]]},{"type":"LineString","coordinates":[[136.87472430713643,-15.512954247851148],[136.88000392547414,-15.505000994024464]]},{"type":"LineString","coordinates":[[136.8608386564864,-15.517500102927693],[136.86590425131982,-15.508679043446808]]},{"type":"LineString","coordinates":[[125.21587402371607,-15.09623916263138],[125.22220591677177,-15.103273756376732],[125.22834609740625,-15.096191788056336]]},{"type":"LineString","coordinates":[[139.42849610965402,-17.12703354483618],[139.43942091051562,-17.140192124820206]]},{"type":"LineString","coordinates":[[139.56841819635451,-17.093459463336256],[139.57812572033777,-17.09471681200377]]},{"type":"LineString","coordinates":[[136.81115540632715,-15.738070183165268],[136.82118386679318,-15.74327193836966]]},{"type":"LineString","coordinates":[[136.82665964886127,-15.687925592690195],[136.83639388709676,-15.688054381389895]]},{"type":"LineString","coordinates":[[136.82665964886127,-15.667777574000546],[136.83418216120282,-15.662230396704116]]},{"type":"LineString","coordinates":[[128.368529786486,-14.986427813621862],[128.37992720337758,-14.99321625838953],[128.37916474775218,-14.978609734571341]]},{"type":"LineString","coordinates":[[128.40138444326746,-15.011387941338937],[128.40388599709334,-15.020832860819597],[128.41278193182603,-15.01805501197185]]},{"type":"LineString","coordinates":[[128.43472068783305,-15.04472529166617],[128.44416947223633,-15.04500092043778]]},{"type":"LineString","coordinates":[[128.44082518161267,-14.99416813159376],[128.43281662574344,-14.984605832291257]]},{"type":"LineString","coordinates":[[128.41610836676412,-15.026664079710272],[128.41278193182603,-15.01805501197185],[128.42165997595353,-15.013334692639505]]},{"type":"LineString","coordinates":[[128.39166362759295,-15.004165149920507],[128.40138444326746,-15.001387068639893]]},{"type":"LineString","coordinates":[[129.2705524140796,-14.901390873227639],[129.27999676449372,-14.900554921839948]]},{"type":"LineString","coordinates":[[129.318327198961,-14.906665160924767],[129.32804809222267,-14.906945247400923]]},{"type":"LineString","coordinates":[[129.26277129994855,-14.887777822066786],[129.2655492703067,-14.86694516155939]]},{"type":"LineString","coordinates":[[129.32833790824745,-14.876667898187549],[129.32055674222707,-14.886946157147218],[129.33027760664032,-14.889165463132025],[129.32833790824745,-14.876667898187549],[129.3372204640134,-14.872780561834718],[129.31582567745966,-14.859721743185087]]},{"type":"LineString","coordinates":[[129.30471806315185,-14.857497764774525],[129.31582567745966,-14.859721743185087],[129.30639470850593,-14.866665010761842]]},{"type":"LineString","coordinates":[[124.88311801219183,-14.993806329580321],[124.87895768401444,-15.005353855358997]]},{"type":"LineString","coordinates":[[124.94055122402813,-15.03805483424618],[124.93805859011154,-15.047408134434859]]},{"type":"LineString","coordinates":[[129.4555516253059,-14.941944691943435],[129.44555874910463,-14.939721546316642],[129.4561179079348,-14.932224864966113],[129.44221444847201,-14.928609956277278]]},{"type":"LineString","coordinates":[[129.46583428728593,-14.972777179882893],[129.4561179079348,-14.97222148599243]]},{"type":"LineString","coordinates":[[129.44722198267385,-14.979996764313695],[129.44528227666217,-14.989167332359264],[129.4550031130972,-14.98499780718216]]},{"type":"LineString","coordinates":[[129.47944793538593,-14.977778350972663],[129.48611427166063,-14.98666475755162]]},{"type":"LineString","coordinates":[[129.48361275200523,-15.01749938343563],[129.48388471097846,-15.026664141789734],[129.4761035608634,-15.036668173207472],[129.46945060462312,-15.030001753153105]]},{"type":"LineString","coordinates":[[128.30917465523558,-14.981112433790067],[128.30528192124686,-14.992776916768971],[128.3200058686128,-14.994443841217752],[128.30917465523558,-14.981112433790067]]},{"type":"LineString","coordinates":[[128.31916754657703,-15.006667533575582],[128.332228206308,-15.030832892740026]]},{"type":"LineString","coordinates":[[128.35888477041266,-15.05249798546106],[128.34805359633742,-15.04416554134156],[128.3508316167657,-15.033055062867856],[128.32388528272173,-14.972777182403282],[128.31638949440477,-14.951664025600245],[128.31518557427412,-14.9269252734273],[128.29417427215935,-14.945835083676958]]},{"type":"LineString","coordinates":[[136.11337295071735,-13.366269268888827],[136.1319585090873,-13.372329855502365]]},{"type":"LineString","coordinates":[[129.08555769052504,-14.926110968856324],[129.08444290813722,-14.911112044687428],[129.09445363456467,-14.923331855838953],[129.08555769052504,-14.926110968856324],[129.07610883842912,-14.925279434135053]]},{"type":"LineString","coordinates":[[129.0916577347115,-14.94666654754708],[129.0916577347115,-14.955834300125805]]},{"type":"LineString","coordinates":[[129.08332810622724,-14.991110002729148],[129.0908373042584,-15.001667023386316],[129.07705861106643,-15.001089842432053]]},{"type":"LineString","coordinates":[[129.0908373042584,-15.001667023386316],[129.1058332608833,-14.995835065405966],[129.11222757230584,-15.00333383376098]]},{"type":"LineString","coordinates":[[129.0302737202728,-15.090276378724214],[129.03772045799525,-15.079839995335663]]},{"type":"LineString","coordinates":[[129.0605153623737,-15.075538693035448],[129.06700333704322,-15.082164954874196],[129.07237216029796,-15.063659072779858],[129.0624997041854,-15.06055457482891],[129.05332730032057,-15.057221719109078]]},{"type":"LineString","coordinates":[[129.0838944102359,-15.061110001360007],[129.08000162411116,-15.0694460919244],[129.0805501555498,-15.078888457174363]]},{"type":"LineString","coordinates":[[129.08027811570076,-15.088334653380631],[129.07556034821465,-15.099442202143996]]},{"type":"LineString","coordinates":[[129.08000162411116,-15.0694460919244],[129.09250048257266,-15.06722435383262]]},{"type":"LineString","coordinates":[[129.09472561383146,-15.047778447848502],[129.1033316513046,-15.044165532648796],[129.09555052309378,-15.033055032988083],[129.07777208367187,-15.04027692386036],[129.07139561070738,-15.033334951085452]]},{"type":"LineString","coordinates":[[128.50474636136383,-14.924671927290825],[128.5086080214376,-14.933332108968015]]},{"type":"LineString","coordinates":[[128.51342824475543,-14.95150462583734],[128.51897987246036,-14.958724956161669]]},{"type":"LineString","coordinates":[[128.53611618875476,-15.004720719320632],[128.54666192679576,-15.001942661044023],[128.55555782351053,-15.008054384018443]]},{"type":"LineString","coordinates":[[128.48222345031013,-14.865001376645683],[128.49238579892372,-14.864346280524765],[128.49827623948326,-14.871853977379578],[128.4871062341403,-14.879869954544738],[128.47749239566275,-14.875275905432323],[128.46945265273263,-14.886110109916267],[128.4741659121031,-14.893888515761613],[128.48277192626122,-14.888613895857514],[128.49324190698204,-14.892475041485907]]},{"type":"LineString","coordinates":[[128.50000192391153,-14.886243715497155],[128.4871062341403,-14.879869954544738]]},{"type":"LineString","coordinates":[[128.4972238866461,-14.903610062918707],[128.49556068108902,-14.913434555944777]]},{"type":"LineString","coordinates":[[136.92277557399083,-15.682224380918216],[136.93916281225543,-15.68999911272833]]},{"type":"LineString","coordinates":[[136.93972908736984,-15.72055828755361],[136.92971839457618,-15.725833491159106]]},{"type":"LineString","coordinates":[[136.94107128465072,-15.74104017783209],[136.9438938666482,-15.73222443612485],[136.95457345428687,-15.738224641839965]]},{"type":"LineString","coordinates":[[137.08111381148578,-15.670555368149861],[137.08610351801562,-15.66027682210456]]},{"type":"LineString","coordinates":[[132.45861796173884,-11.029722475751598],[132.47215130341908,-11.036523821485922]]},{"type":"LineString","coordinates":[[132.59269860666208,-11.34408656146406],[132.59082138918004,-11.353258883078395]]},{"type":"LineString","coordinates":[[136.22844005340266,-11.626402326893047],[136.22456510141785,-11.617846036727038]]},{"type":"LineString","coordinates":[[124.5554276168354,-15.254831267477138],[124.57055734440534,-15.245276309065398]]},{"type":"LineString","coordinates":[[125.19304781468533,-14.566445848305552],[125.19515253813292,-14.556225902558483]]},{"type":"LineString","coordinates":[[136.6795048522416,-11.2421224422053],[136.68275556422978,-11.251547311102765]]},{"type":"LineString","coordinates":[[136.70933624536394,-11.122590748004011],[136.69990525503823,-11.1215800664883]]},{"type":"LineString","coordinates":[[130.3786791889989,-11.508508784111996],[130.37832688311056,-11.517500960155852]]},{"type":"LineString","coordinates":[[136.8108521895567,-14.294156595182312],[136.82015831850416,-14.29444609522585]]},{"type":"LineString","coordinates":[[136.89564641825137,-14.30503676371485],[136.90270964619097,-14.311103149780958]]},{"type":"LineString","coordinates":[[136.94664074593786,-14.27455545426685],[136.95605386203448,-14.280579419569062]]},{"type":"LineString","coordinates":[[136.91717497320423,-14.164626191374278],[136.91338921726947,-14.147945360135152]]},{"type":"LineString","coordinates":[[136.92001540145574,-14.141450870034191],[136.91090546385252,-14.139141871293257]]},{"type":"LineString","coordinates":[[136.78111442373515,-14.047631646580545],[136.778198149503,-14.058588550910759]]},{"type":"LineString","coordinates":[[136.812805250821,-13.808917016233798],[136.79728754593668,-13.83847325628509]]},{"type":"LineString","coordinates":[[136.7242742833887,-13.77748617426005],[136.7358411873155,-13.772250180182722]]},{"type":"LineString","coordinates":[[136.69027806742184,-13.663987313332616],[136.69105397352558,-13.654493730871694]]},{"type":"LineString","coordinates":[[136.62445285430883,-13.690555166590892],[136.63383478891657,-13.690082944000585]]},{"type":"LineString","coordinates":[[136.61529383776553,-13.756528496746775],[136.6083375988234,-13.764722930035932]]},{"type":"LineString","coordinates":[[136.5341649611221,-35.899723666783714],[136.54527255683305,-35.900554382684994]]},{"type":"LineString","coordinates":[[138.12499830957478,-35.8119414738495],[138.12666152624172,-35.80277776380479]]},{"type":"LineString","coordinates":[[135.20552228347591,-34.556687698567394],[135.211943365091,-34.56444702065882]]},{"type":"LineString","coordinates":[[135.95065145370387,-34.76449590260573],[135.95637689379032,-34.74805395789216]]},{"type":"LineString","coordinates":[[135.86598205595146,-34.721222568068285],[135.87036083125537,-34.712506559639685]]},{"type":"LineString","coordinates":[[135.9244542514776,-34.637565132850426],[135.93818824378914,-34.64826630732338]]},{"type":"LineString","coordinates":[[136.0183851759981,-34.50437312795913],[136.02342396467466,-34.51594753161738]]},{"type":"LineString","coordinates":[[136.12676807406046,-34.34656979222606],[136.13632395531025,-34.34203027057047]]},{"type":"LineString","coordinates":[[135.40356436566603,-34.59965789261055],[135.41908200892013,-34.59967256892996]]},{"type":"LineString","coordinates":[[135.44992115347412,-34.60376870332992],[135.45729203553984,-34.61056577873627]]},{"type":"LineString","coordinates":[[135.32670723281876,-34.51854878201791],[135.3498365989936,-34.51976121647647]]},{"type":"LineString","coordinates":[[119.74063300951697,-19.977121808674166],[119.73035478269243,-19.977561818472388]]},{"type":"LineString","coordinates":[[119.48500168091314,-20.016388866522032],[119.49472246894668,-20.013887551890363]]},{"type":"LineString","coordinates":[[119.4755572519519,-20.013053746230582],[119.47083060076451,-20.004724114272392]]},{"type":"LineString","coordinates":[[118.59282468935207,-20.298816133288366],[118.59928147242026,-20.291835866778047]]},{"type":"LineString","coordinates":[[118.56759060839185,-20.3055157712506],[118.577476437136,-20.308681579923167]]},{"type":"LineString","coordinates":[[118.5467443430532,-20.299765477972862],[118.52275884181184,-20.308070945596974]]},{"type":"LineString","coordinates":[[118.29947830212038,-20.35280271411697],[118.28900826965081,-20.348224814427088]]},{"type":"LineString","coordinates":[[117.63782348616068,-20.66303680304087],[117.64801703510315,-20.662803200511505]]},{"type":"LineString","coordinates":[[117.27664969774517,-20.727793093231085],[117.28334724280546,-20.72111188466997]]},{"type":"LineString","coordinates":[[117.0274439058531,-20.650540400575302],[117.03721823617121,-20.648433283753224]]},{"type":"LineString","coordinates":[[116.7276139128156,-20.641523206878528],[116.71792428820615,-20.637675768180113]]},{"type":"LineString","coordinates":[[116.08882984636965,-21.005852975771212],[116.0963880184278,-21.000000067939578]]},{"type":"LineString","coordinates":[[123.59869179455903,-16.325501128644763],[123.59472766537553,-16.31219624673666]]},{"type":"LineString","coordinates":[[123.62970043638595,-16.361084575328302],[123.62927230987576,-16.351500460552085]]},{"type":"LineString","coordinates":[[123.50469842926448,-16.408082930907305],[123.49408126597437,-16.40948590905445]]},{"type":"LineString","coordinates":[[123.61309914348865,-16.99761803869818],[123.61309914348865,-16.987916462167078]]},{"type":"LineString","coordinates":[[123.51593091808648,-17.40509096254382],[123.51428104502267,-17.385010834980466]]},{"type":"LineString","coordinates":[[123.08648821338267,-16.68841522154939],[123.08569451701199,-16.66827502172441]]},{"type":"LineString","coordinates":[[122.99792604826787,-16.528623943386993],[123.01232890501296,-16.531188805517832]]},{"type":"LineString","coordinates":[[123.0452861420801,-16.46618835940102],[123.04229852409318,-16.482971788378933]]},{"type":"LineString","coordinates":[[122.79748502068821,-16.561097156343845],[122.80932832596318,-16.559690941351963],[122.8161017759571,-16.53851134107084]]},{"type":"LineString","coordinates":[[122.77648709393873,-16.587705951687212],[122.76611521764225,-16.595094809396322]]},{"type":"LineString","coordinates":[[122.82647809566453,-16.75970246363545],[122.81768914359863,-16.771486444913688]]},{"type":"LineString","coordinates":[[122.79369924821725,-16.754211545766214],[122.78509319143622,-16.74889988711845]]},{"type":"LineString","coordinates":[[122.54632608345861,-16.82739063045616],[122.55389324636101,-16.81170449432732]]},{"type":"LineString","coordinates":[[122.47851655032862,-16.911497541526607],[122.4777228376708,-16.90069498344161]]},{"type":"LineString","coordinates":[[122.46252626625252,-16.950380549539382],[122.46032787520403,-16.941529615545182]]},{"type":"LineString","coordinates":[[122.29827970270867,-17.138304475223414],[122.2874752964167,-17.14160250811682]]},{"type":"LineString","coordinates":[[122.2003177141166,-17.758119806354966],[122.19091794989369,-17.76501620642145]]},{"type":"LineString","coordinates":[[121.79828071636358,-18.499511842028703],[121.80871501824532,-18.507689890485782]]},{"type":"LineString","coordinates":[[120.71228001967235,-19.7354135703705],[120.63989098633316,-19.767090809493283]]},{"type":"LineString","coordinates":[[138.78449933091684,-35.526066975124664],[138.79665927951018,-35.529942697598926]]},{"type":"LineString","coordinates":[[138.80738793628345,-35.53320860642504],[138.8180094597082,-35.53680095821705]]},{"type":"LineString","coordinates":[[138.97459525977467,-35.45472453842958],[138.9852748327111,-35.451132205942024]]},{"type":"LineString","coordinates":[[139.1845074225296,-35.33194754621946],[139.19259630040668,-35.32562846987771]]},{"type":"LineString","coordinates":[[138.93271095440653,-16.885450112939097],[138.9238908489879,-16.882220074501195]]},{"type":"LineString","coordinates":[[138.86048690280788,-16.872730251361446],[138.8705912274755,-16.87428773739837],[138.88139559138386,-16.88750245755911]]},{"type":"LineString","coordinates":[[138.87083644578422,-16.884165812660722],[138.8705912274755,-16.87428773739837]]},{"type":"LineString","coordinates":[[137.54956025246594,-16.174438890127043],[137.53476044846607,-16.172267613488575]]},{"type":"LineString","coordinates":[[135.88381842026956,-15.226397492296027],[135.89248695556884,-15.215709657337976],[135.88725194508135,-15.207852600704127]]},{"type":"LineString","coordinates":[[135.67053073194643,-14.409827216617847],[135.6661072661798,-14.399997370813189],[135.6674940657761,-14.389165064343398]]},{"type":"LineString","coordinates":[[135.7033407463228,-14.319446306281758],[135.71443053481437,-14.32128683627939],[135.71278517897628,-14.330558554999271],[135.70027294666411,-14.346387721296848],[135.6897271497432,-14.34611127223283]]},{"type":"LineString","coordinates":[[135.71916167454356,-14.313509776315549],[135.71443053481437,-14.32128683627939]]},{"type":"LineString","coordinates":[[135.70027294666411,-14.346387721296848],[135.6950691547875,-14.354198242685868]]},{"type":"LineString","coordinates":[[135.8845987650076,-14.180579393938029],[135.9006827255754,-14.184859355540967],[135.89694154394448,-14.193332564155972]]},{"type":"LineString","coordinates":[[135.94166638027704,-13.955556933487104],[135.9516591921322,-13.952501705517221],[135.94888121041137,-13.943054490963718],[135.93444704359436,-13.940276097944443]]},{"type":"LineString","coordinates":[[135.96694941899898,-13.415278576544129],[135.96978545933803,-13.40654279841382]]},{"type":"LineString","coordinates":[[135.96471988037314,-13.284165776013058],[135.96083159818335,-13.292498028876972]]},{"type":"LineString","coordinates":[[136.1707303912555,-13.272678103541185],[136.18287698081525,-13.280099371952462]]},{"type":"LineString","coordinates":[[136.23722896404183,-13.20750003956093],[136.24525532364072,-13.215227166516362]]},{"type":"LineString","coordinates":[[136.23896799045636,-13.169442529333905],[136.2472218151876,-13.174166421068206]]},{"type":"LineString","coordinates":[[136.59686439637076,-12.989881474789529],[136.60336130532693,-12.982898980320632]]},{"type":"LineString","coordinates":[[136.54263280984455,-12.880372291929392],[136.55508259260162,-12.877938003323258]]},{"type":"LineString","coordinates":[[136.53126652564146,-12.798206812090605],[136.54287803877685,-12.806685860007239]]},{"type":"LineString","coordinates":[[136.584945178987,-12.785939871931486],[136.5854045024823,-12.774763922471307]]},{"type":"LineString","coordinates":[[136.61112904400443,-12.825738856732595],[136.617737402383,-12.837547333263355]]},{"type":"LineString","coordinates":[[136.74107165615362,-12.542057262584668],[136.74798772566456,-12.532603002910292]]},{"type":"LineString","coordinates":[[136.77298101327702,-12.54577880181661],[136.77267337545186,-12.555720006804632]]},{"type":"LineString","coordinates":[[136.70973315591297,-12.186883245766566],[136.7003466917397,-12.186669624454789]]},{"type":"LineString","coordinates":[[136.6812127171938,-12.197648757862542],[136.66909731917718,-12.203528198157695]]},{"type":"LineString","coordinates":[[136.72824287003883,-12.222569122723925],[136.72251737784012,-12.229698790161686]]},{"type":"LineString","coordinates":[[136.58143585210678,-12.08703918458288],[136.59261926940698,-12.081069935414522]]},{"type":"LineString","coordinates":[[136.4825152074737,-11.951331547909929],[136.4916518977461,-11.952461389315902],[136.50308054771932,-11.949172125422715]]},{"type":"LineString","coordinates":[[136.57704364019196,-11.901324529666006],[136.56944092092456,-11.89416873412667],[136.55925181242318,-11.88269723513445],[136.55576929123407,-11.873852172094246]]},{"type":"LineString","coordinates":[[136.1136003818926,-12.444294693351567],[136.1086730421638,-12.43660042712605]]},{"type":"LineString","coordinates":[[136.02131483816993,-12.24683348655747],[136.01415793161829,-12.233577260400903],[136.00984157326076,-12.24317303750001]]},{"type":"LineString","coordinates":[[135.95138721684336,-12.15166769006813],[135.9472178959253,-12.141388486414664]]},{"type":"LineString","coordinates":[[135.8379342682447,-11.982913743231531],[135.84709329588895,-11.981801499564659]]},{"type":"LineString","coordinates":[[135.5809652388664,-12.10095675179668],[135.57222087528726,-12.103891032307297]]},{"type":"LineString","coordinates":[[134.24853676094136,-11.992758511851607],[134.24471974267286,-11.984170034522366]]},{"type":"LineString","coordinates":[[134.18110626287665,-12.002218977085084],[134.18278288573407,-11.99305507298172]]},{"type":"LineString","coordinates":[[133.92832872432953,-11.769723437137667],[133.94194235588103,-11.772499794304832]]},{"type":"LineString","coordinates":[[133.67889552723724,-11.779444861344702],[133.6658303840806,-11.777502381793097]]},{"type":"LineString","coordinates":[[132.33917199366974,-11.134723377658544],[132.34187416782368,-11.124752176264762],[132.33160492864167,-11.122446421661003]]},{"type":"LineString","coordinates":[[132.18964942006124,-11.301351560532138],[132.17648167438804,-11.323209608248403]]},{"type":"LineString","coordinates":[[132.13864176359567,-11.30720210811796],[132.13485593899858,-11.298627456689367]]},{"type":"LineString","coordinates":[[132.1133274248643,-11.221880997657124],[132.10894858973145,-11.213452480425593]]},{"type":"LineString","coordinates":[[132.07255341285634,-11.18422407848001],[132.06916899000677,-11.175278257908689]]},{"type":"LineString","coordinates":[[132.59664941482632,-11.597303816166919],[132.59138322349233,-11.588886440927507]]},{"type":"LineString","coordinates":[[130.89726367846137,-12.489828333697103],[130.879610106366,-12.488356843731927]]},{"type":"LineString","coordinates":[[130.8994441693252,-12.514168023679494],[130.90916502904037,-12.517776793169796]]},{"type":"LineString","coordinates":[[130.72635081871152,-12.711347240328909],[130.7169510040108,-12.718332913495649]]},{"type":"LineString","coordinates":[[130.62693962485324,-12.711943127309127],[130.61610396507217,-12.708889572836298]]},{"type":"LineString","coordinates":[[130.60249479183125,-12.718332916186883],[130.61222907408154,-12.723056611315249]]},{"type":"LineString","coordinates":[[129.82666025848275,-13.516388754606577],[129.81805421498225,-13.498057133272793]]},{"type":"LineString","coordinates":[[129.60110557440956,-14.021108955676144],[129.59694077299704,-14.01222269570767]]},{"type":"LineString","coordinates":[[129.55055274641302,-14.172499187810562],[129.55917217941283,-14.165555712299778]]},{"type":"LineString","coordinates":[[129.574997544151,-14.555556918363935],[129.58111543260662,-14.564167092245652]]},{"type":"LineString","coordinates":[[129.59472458047782,-14.566665960701458],[129.6013953817871,-14.559445584864607],[129.61166473369352,-14.566665940032891],[129.63333149715788,-14.551387619841746],[129.63749628154497,-14.543333678179952],[129.63389780969567,-14.533889581920127],[129.6472171373641,-14.535555705284839],[129.64084060315884,-14.526111318577938],[129.65333502733694,-14.526111311418274],[129.64166109916147,-14.513890760171071],[129.6519482308532,-14.51277705206231],[129.65333502733694,-14.526111311418274]]},{"type":"LineString","coordinates":[[129.5902699629855,-14.558055822862297],[129.5894449985329,-14.548331850779347]]},{"type":"LineString","coordinates":[[129.56889300754258,-14.548331813880418],[129.56582513508786,-14.539720973005933],[129.57722264503641,-14.532775927773741],[129.5680547458159,-14.530833582150493],[129.56582513508786,-14.539720973005933]]},{"type":"LineString","coordinates":[[129.5791623282908,-14.520279567807144],[129.58749192120166,-14.516113954490107]]},{"type":"LineString","coordinates":[[129.55610879357243,-14.539444707999198],[129.5580618378873,-14.530553022017385]]},{"type":"LineString","coordinates":[[129.62083261686743,-14.480834626104938],[129.62777546566898,-14.488333881451613],[129.63583303259364,-14.4955565765608]]},{"type":"LineString","coordinates":[[129.64084060315884,-14.504164825942823],[129.65249673189552,-14.503612204678047],[129.65249673189552,-14.494442714527235]]},{"type":"LineString","coordinates":[[129.6730487231448,-14.501389003872122],[129.67832830288515,-14.49222374240601],[129.68444616540847,-14.485000880113263],[129.6708370011198,-14.48361070314588]]},{"type":"LineString","coordinates":[[129.62777546566898,-14.488333881451613],[129.63028148094628,-14.475834957536469]]},{"type":"LineString","coordinates":[[129.7166587194218,-14.533056507179376],[129.70722769754434,-14.536112521078028]]},{"type":"LineString","coordinates":[[129.75083775377558,-14.543609935956397],[129.7388918002379,-14.548331828061064],[129.7305621741229,-14.555000111501021],[129.70333941932952,-14.562220635261546]]},{"type":"LineString","coordinates":[[129.7008377987443,-14.55194442624585],[129.69332870439882,-14.545832768572724]]},{"type":"LineString","coordinates":[[129.68360790088414,-14.563610338497968],[129.6936051710845,-14.558055806438594]]},{"type":"LineString","coordinates":[[129.68249310939393,-14.573609915954613],[129.6522202375811,-14.579725089928603],[129.65499827560583,-14.571111182066378]]},{"type":"LineString","coordinates":[[129.6522202375811,-14.579725089928603],[129.62611219041915,-14.565556833615114],[129.63333149715788,-14.551387619841746],[129.6480554260236,-14.550554593206485]]},{"type":"LineString","coordinates":[[129.7963874154138,-14.52027955816948],[129.79834053035705,-14.511391333395368],[129.80694661075867,-14.517499579856892],[129.7963874154138,-14.52027955816948],[129.7863901168138,-14.519165835886572]]},{"type":"LineString","coordinates":[[129.80694661075867,-14.500832105622031],[129.81165987491494,-14.508611240559548],[129.82000734214824,-14.503331649153566]]},{"type":"LineString","coordinates":[[129.83805774450065,-14.53194290338897],[129.83055309873816,-14.537778619725954]]},{"type":"LineString","coordinates":[[129.7466729524208,-14.606108526839675],[129.75582745198616,-14.60333398424512]]},{"type":"LineString","coordinates":[[129.74000658832506,-14.628057826898262],[129.73584175698875,-14.619445768143109]]},{"type":"LineString","coordinates":[[129.6837461169311,-14.65735604177431],[129.6969450231251,-14.660557007815886],[129.68472267212465,-14.668334844411064],[129.6837461169311,-14.65735604177431],[129.67527823529952,-14.66138959906063]]},{"type":"LineString","coordinates":[[129.65499827560583,-14.665276351350368],[129.64277584403013,-14.68055542379701],[129.63638151979862,-14.687224059829832],[129.632506557401,-14.696665873839141],[129.65055699291315,-14.713611775777922],[129.6594395524361,-14.708608786172285]]},{"type":"LineString","coordinates":[[129.6275034296439,-14.682776846706822],[129.632506557401,-14.696665873839141],[129.64500543069298,-14.690834326508067],[129.64277584403013,-14.68055542379701],[129.654159924094,-14.683609400128965],[129.66305589951884,-14.680831483998046]]},{"type":"LineString","coordinates":[[129.63638151979862,-14.687224059829832],[129.64500543069298,-14.690834326508067]]},{"type":"LineString","coordinates":[[129.69555826686937,-14.673890913676999],[129.69888471372914,-14.683333346827668]]},{"type":"LineString","coordinates":[[129.70611742677818,-14.663611219549887],[129.69555826686937,-14.673890913676999],[129.68278292721888,-14.677221028058707],[129.68472267212465,-14.668334844411064],[129.67527823529952,-14.66138959906063],[129.673338585558,-14.677221042842813]]},{"type":"LineString","coordinates":[[129.72193832160764,-14.712499044619465],[129.70666583743042,-14.718890735730024],[129.69722147350882,-14.721387774749417]]},{"type":"LineString","coordinates":[[129.71194543549026,-14.745554922945422],[129.7163866834853,-14.737499483631206]]},{"type":"LineString","coordinates":[[129.72361937600073,-14.764722046787552],[129.71499548949555,-14.7686112824155],[129.70527465874892,-14.778058214809965],[129.69888471372914,-14.76999966122971]]},{"type":"LineString","coordinates":[[129.70527465874892,-14.778058214809965],[129.7124939513327,-14.784167659375461],[129.72193832160764,-14.784999722565486],[129.7341607236908,-14.793609604534808],[129.74389489757513,-14.784167649722246],[129.7536157289927,-14.77972245047865]]},{"type":"LineString","coordinates":[[129.7124939513327,-14.784167659375461],[129.7208413754975,-14.775833426691037],[129.71499548949555,-14.7686112824155]]},{"type":"LineString","coordinates":[[129.7602865836486,-14.763609509669985],[129.76804984216713,-14.755554818016861]]},{"type":"LineString","coordinates":[[129.75889528711267,-14.803891801180106],[129.75054786467234,-14.808612386365434],[129.75222899791393,-14.818609315090793]]},{"type":"LineString","coordinates":[[129.9174966167643,-14.758055767980261],[129.90638899749985,-14.75444225237097],[129.91917321978252,-14.748888303019594]]},{"type":"LineString","coordinates":[[129.95222408430024,-14.772776451744251],[129.93833845414764,-14.770555855732706]]},{"type":"LineString","coordinates":[[129.87883178096953,-14.808612317163917],[129.8636173089018,-14.802223388866267],[129.8600009655948,-14.81388896428671]]},{"type":"LineString","coordinates":[[129.8788897624122,-14.829166152991293],[129.87861774344552,-14.819445564969323],[129.8683305769676,-14.823053697140073]]},{"type":"LineString","coordinates":[[129.83972099974807,-14.883334780088893],[129.84500056210132,-14.875831798880343],[129.8541729563537,-14.870000772663037]]},{"type":"LineString","coordinates":[[129.85278168311527,-14.860277764977683],[129.85110504860157,-14.850554266919033]]},{"type":"LineString","coordinates":[[129.84500056210132,-14.875831798880343],[129.83583267200171,-14.872224644282996]]},{"type":"LineString","coordinates":[[129.82527353838682,-14.861389722685349],[129.83305467170027,-14.855834090935767],[129.83555622029334,-14.846666451245206]]},{"type":"LineString","coordinates":[[129.83305467170027,-14.855834090935767],[129.82388223192743,-14.851666284528791]]},{"type":"LineString","coordinates":[[129.8094481329174,-14.886666058348121],[129.8088818706939,-14.877499637735747],[129.7988889782903,-14.883054684308062],[129.7994374998501,-14.87333219386109]]},{"type":"LineString","coordinates":[[129.79028293856254,-14.875831800134181],[129.7994374998501,-14.87333219386109],[129.8005522828232,-14.864165294454319],[129.79505861725107,-14.856605637221639]]},{"type":"LineString","coordinates":[[129.68583742311486,-14.951388317715931],[129.69055066838138,-14.960275815137962]]},{"type":"LineString","coordinates":[[129.69082714758838,-15.00805440548435],[129.6805578594748,-15.019721717826277]]},{"type":"LineString","coordinates":[[129.84249900953142,-15.318056624270923],[129.8371436217114,-15.2945132947454]]},{"type":"LineString","coordinates":[[129.55000428459408,-15.175001371998475],[129.55528384610153,-15.166665100724249],[129.54750273851238,-15.161388635303044]]},{"type":"LineString","coordinates":[[129.5191651517946,-15.041667847397054],[129.5191651517946,-15.051942509104142],[129.50639426707357,-15.049720542534914]]},{"type":"LineString","coordinates":[[129.5294478578893,-15.02833503612711],[129.53277428751613,-15.038890247736743]]},{"type":"LineString","coordinates":[[129.4886158484882,-15.07083254078627],[129.47917145559538,-15.073334205255046]]},{"type":"LineString","coordinates":[[129.4105548067975,-15.027779527374832],[129.42111397029,-15.03305502930593]]},{"type":"LineString","coordinates":[[129.43417463892564,-15.033334963555019],[129.43504418861394,-15.044652117599073]]},{"type":"LineString","coordinates":[[129.41776962227664,-14.992221250570564],[129.42750384167402,-14.993332520743573]]},{"type":"LineString","coordinates":[[129.38638205464022,-14.970834385987008],[129.38333197176303,-14.956109957444822]]},{"type":"LineString","coordinates":[[129.36416676393597,-14.957221448592536],[129.36332850704858,-14.966664410610392]]},{"type":"LineString","coordinates":[[129.37277282494745,-14.966113004330131],[129.36416676393597,-14.957221448592536],[129.36443876975108,-14.942776201309213]]},{"type":"LineString","coordinates":[[129.3569474969076,-14.951108271908652],[129.34750308556798,-14.950832538320848]]},{"type":"LineString","coordinates":[[129.2761084169186,-14.989443067320048],[129.27360687790926,-14.980556732314456]]},{"type":"LineString","coordinates":[[129.27806153370867,-14.998613256553767],[129.2680508919042,-15.000280093791844]]},{"type":"LineString","coordinates":[[129.2577815653315,-15.000000174976716],[129.2616743736307,-15.014721486998102]]},{"type":"LineString","coordinates":[[129.3422235210737,-15.02888631599159],[129.33471890443823,-15.023055115280897]]},{"type":"LineString","coordinates":[[129.28443805521778,-15.066388978100619],[129.27389670752734,-15.056386355342251]]},{"type":"LineString","coordinates":[[129.2680508919042,-15.033334937436454],[129.28111159264802,-15.028610672421797]]},{"type":"LineString","coordinates":[[129.32804809222267,-15.133889257959794],[129.31971845592082,-15.115000474356103]]},{"type":"LineString","coordinates":[[129.20916846514294,-15.239722162484677],[129.19999605302212,-15.24222172759511]]},{"type":"LineString","coordinates":[[129.16389519684571,-15.178612070304213],[129.16444363913848,-15.16750006084533]]},{"type":"LineString","coordinates":[[129.02861050855998,-15.046667408631492],[129.0386033643728,-15.042498943300556],[129.04722724300518,-15.035832693729338]]},{"type":"LineString","coordinates":[[129.00555246041384,-15.001111388590552],[129.0177749101846,-14.994443814699688],[129.0088210047269,-14.991657007093806],[129.00555246041384,-15.001111388590552],[128.99249181368438,-14.998888898645692],[128.9877785392885,-14.991109991718773]]},{"type":"LineString","coordinates":[[129.00833049503586,-15.045832047163978],[128.99833767962497,-15.039165879139402]]},{"type":"LineString","coordinates":[[129.0005493864407,-15.021388406751665],[128.9958361482206,-15.029441854493676],[128.98472406119004,-15.023610698959518],[128.97444137741195,-15.022219611454961],[128.9683368156588,-15.013890323997385]]},{"type":"LineString","coordinates":[[128.97833415397128,-15.030557280527502],[128.97444137741195,-15.022219611454961]]},{"type":"LineString","coordinates":[[128.5394426773364,-14.83444226493537],[128.54888707539934,-14.835554368740938]]},{"type":"LineString","coordinates":[[128.51750392536744,-14.986944741895526],[128.51228224994563,-14.975004234652683]]},{"type":"LineString","coordinates":[[128.531389556453,-15.043610030272538],[128.5355542907687,-15.034721656531243]]},{"type":"LineString","coordinates":[[128.52278346459255,-15.048054069956823],[128.515550775963,-15.058332681359778]]},{"type":"LineString","coordinates":[[128.49528417111,-15.02277953034113],[128.49360760409184,-15.013890258806239]]},{"type":"LineString","coordinates":[[128.46417302170354,-15.023055154837529],[128.47610560574083,-15.015557064680491],[128.47389388517595,-15.005280639515451],[128.46666121673687,-14.993840817777965],[128.46360674027974,-15.003053899762886],[128.47389388517595,-15.005280639515451],[128.48666470742327,-15.007778708792744]]},{"type":"LineString","coordinates":[[128.37472343679795,-15.049444961698907],[128.36770484960346,-15.042735847192919]]},{"type":"LineString","coordinates":[[128.26028512618058,-15.177222003665285],[128.24806268181183,-15.175832018712866]]},{"type":"LineString","coordinates":[[128.28389156649172,-15.176946588478728],[128.27722073920393,-15.183888155663618],[128.2888947133987,-15.187223279031741]]},{"type":"LineString","coordinates":[[128.29083442630423,-15.196944345144956],[128.2811135773279,-15.194444226157325]]},{"type":"LineString","coordinates":[[128.2669380854027,-15.18444332275992],[128.2561024660034,-15.185278150593595]]},{"type":"LineString","coordinates":[[128.22111633199378,-15.145833775714499],[128.23693725097255,-15.177497469552494],[128.24806268181183,-15.175832018712866],[128.24139191109606,-15.186113036370491],[128.23693725097255,-15.177497469552494],[128.2269444062323,-15.17555656979811]]},{"type":"LineString","coordinates":[[128.25324863320753,-15.200855961021812],[128.24806268181183,-15.192499148959042],[128.24221679783486,-15.199724226504161]]},{"type":"LineString","coordinates":[[128.24249331415234,-15.2433317118135],[128.2358403457028,-15.236942862359387],[128.24444636436692,-15.23277809273385]]},{"type":"LineString","coordinates":[[128.2358403457028,-15.236942862359387],[128.23555043769116,-15.22583391316292],[128.2322240139829,-15.21638951700784],[128.2222311123678,-15.195279062469671],[128.2269444062323,-15.185833335148988]]},{"type":"LineString","coordinates":[[128.13806114386188,-15.286943107425573],[128.12861678800166,-15.287777582280574],[128.12817530635235,-15.328937102291832]]},{"type":"LineString","coordinates":[[128.14971721602035,-15.294719793470662],[128.16166762973336,-15.298332733216085],[128.16888245887907,-15.290835788304365]]},{"type":"LineString","coordinates":[[128.234725549566,-15.34944497671729],[128.2274928934786,-15.343054988077096]]},{"type":"LineString","coordinates":[[128.2227796380799,-15.384164913424577],[128.22721639591663,-15.392221701202928]]},{"type":"LineString","coordinates":[[128.12583875201517,-15.339442804325593],[128.12416208584202,-15.349165481614808]]},{"type":"LineString","coordinates":[[128.15943805982803,-15.391387657711569],[128.14721566520257,-15.392776304527068],[128.16027636354102,-15.401946156843984]]},{"type":"LineString","coordinates":[[128.0472247634312,-15.303610092472779],[128.05528235849093,-15.30944646249444],[128.06611798304937,-15.312775275756803]]},{"type":"LineString","coordinates":[[128.09527605502103,-15.162499007153151],[128.08500675418443,-15.163333926194438],[128.08305368281285,-15.154446290539404],[128.08305368281285,-15.144168018336043]]},{"type":"LineString","coordinates":[[128.12666368361306,-14.891113291560167],[128.1372228062451,-14.872780540414592]]},{"type":"LineString","coordinates":[[128.11972088082683,-14.91166791671014],[128.10722197610588,-14.907221055612116],[128.11833407354627,-14.902502579493406]]},{"type":"LineString","coordinates":[[128.08665663406916,-14.870565388775997],[128.09722917769804,-14.871108409543531]]},{"type":"LineString","coordinates":[[128.11582805458667,-14.878887376451694],[128.12333720437798,-14.870832536256515]]},{"type":"LineString","coordinates":[[127.94472342643768,-14.522515537247328],[127.95250007938435,-14.529724194153856]]},{"type":"LineString","coordinates":[[127.54583012818513,-14.105277957207573],[127.55000385274604,-14.096667430760512]]},{"type":"LineString","coordinates":[[127.51750143703661,-14.077222171366172],[127.52176876670624,-14.069060442972809],[127.50805709001955,-14.07361065672399]]},{"type":"LineString","coordinates":[[127.18976638386668,-13.909962395032478],[127.19247310142566,-13.900690940568625]]},{"type":"LineString","coordinates":[[126.99614781976705,-13.773428214134219],[126.99861365386879,-13.76444579761995]]},{"type":"LineString","coordinates":[[126.73631154184594,-14.06873168860926],[126.72250165063441,-14.06499891012349]]},{"type":"LineString","coordinates":[[126.6909044850312,-14.102618274081157],[126.68487578416713,-14.090552051144432]]},{"type":"LineString","coordinates":[[126.5028062568183,-14.090335824434678],[126.51021724482288,-14.08487768317854]]},{"type":"LineString","coordinates":[[126.56472084820027,-13.945278913304868],[126.57444611014407,-13.948334243535358]]},{"type":"LineString","coordinates":[[126.27166871957115,-14.218071660095973],[126.27611001447869,-14.20821613251673]]},{"type":"LineString","coordinates":[[126.18431049988837,-14.073610623320286],[126.19168133027729,-14.068043959455277]]},{"type":"LineString","coordinates":[[126.13345446914946,-14.212352874175583],[126.13633944125175,-14.202099454586017]]},{"type":"LineString","coordinates":[[126.07295783849962,-14.326298627978037],[126.07973563597587,-14.320107370943528]]},{"type":"LineString","coordinates":[[125.95464443624915,-14.531247910906119],[125.94979294118534,-14.523551528971318]]},{"type":"LineString","coordinates":[[125.60472097018547,-14.242501187969594],[125.59583403081145,-14.23722386556779]]},{"type":"LineString","coordinates":[[125.58609973493918,-14.255462579955129],[125.57618720372018,-14.260510384798915]]},{"type":"LineString","coordinates":[[125.59363567903753,-14.496057364541084],[125.59999879990838,-14.489167070354455]]},{"type":"LineString","coordinates":[[125.18144081075684,-14.779631962678955],[125.18305051006,-14.793053457487316]]},{"type":"LineString","coordinates":[[125.38096774550321,-15.103011137045728],[125.36681456922072,-15.110850558776198]]},{"type":"LineString","coordinates":[[125.37750305056709,-15.113334494734664],[125.36681456922072,-15.110850558776198],[125.35763331035879,-15.108116897970946]]},{"type":"LineString","coordinates":[[125.01915186999307,-14.989946993138933],[125.01393019145266,-14.982029954218046]]},{"type":"LineString","coordinates":[[125.0165253961529,-15.033296221487266],[125.02154638631718,-15.041077872555984]]},{"type":"LineString","coordinates":[[124.91611537016428,-15.112154931180193],[124.9061135812004,-15.101112644299135]]},{"type":"LineString","coordinates":[[124.8459781691947,-15.176042839514826],[124.83482153919236,-15.1795459670575]]},{"type":"LineString","coordinates":[[125.05111020196891,-15.183888198466633],[125.04166583446636,-15.181663279786035]]},{"type":"LineString","coordinates":[[124.99881830447121,-15.438187529053561],[125.01229815614766,-15.436223260958258]]},{"type":"LineString","coordinates":[[124.97944800040582,-15.41972158455658],[124.97499782991524,-15.41083192074145]]},{"type":"LineString","coordinates":[[124.84166619695044,-15.299167103527193],[124.85144953518369,-15.299644585895843]]},{"type":"LineString","coordinates":[[124.82659890324906,-15.312014081735205],[124.81833621803462,-15.31750181405747]]},{"type":"LineString","coordinates":[[124.6855531039001,-15.26971988150988],[124.67534622495722,-15.264721275214512],[124.68305151199262,-15.258053440045424]]},{"type":"LineString","coordinates":[[124.66676247882646,-15.276223960314143],[124.67534622495722,-15.264721275214512],[124.67610872584663,-15.28139003725725]]},{"type":"LineString","coordinates":[[124.6772235211017,-15.291945538500327],[124.66694527501053,-15.30000152566841]]},{"type":"LineString","coordinates":[[124.55232854742329,-15.495547756980693],[124.55999819279454,-15.490279567880059]]},{"type":"LineString","coordinates":[[124.45639100931328,-15.502775217103421],[124.44650958762772,-15.503406908997366]]},{"type":"LineString","coordinates":[[124.46577292966099,-15.52864939203281],[124.45429077442478,-15.531046669129237]]},{"type":"LineString","coordinates":[[124.41105081938926,-15.600832236679754],[124.40444241880007,-15.613334050805607],[124.41638835463968,-15.61972426666053]]},{"type":"LineString","coordinates":[[124.41833698286624,-15.646111859776386],[124.414444253831,-15.636390259609465]]},{"type":"LineString","coordinates":[[124.3949980989872,-15.68750057647907],[124.39735252236918,-15.678506477740784]]},{"type":"LineString","coordinates":[[124.39194357045749,-15.725554468432803],[124.38500075240725,-15.719167605878113]]},{"type":"LineString","coordinates":[[124.47750038174273,-15.894721075404158],[124.47499881559649,-15.885277335044158]]},{"type":"LineString","coordinates":[[124.51672260545442,-16.182798405563343],[124.51672260545442,-16.172914273401236]]},{"type":"LineString","coordinates":[[124.40087963808902,-16.33660989382485],[124.39489549576646,-16.3447870435935]]},{"type":"LineString","coordinates":[[123.91949295747432,-16.21740588070843],[123.90911661990499,-16.21130439999697]]},{"type":"LineString","coordinates":[[123.99011168865042,-16.30108609843819],[124.00109889097574,-16.297730666832393]]},{"type":"LineString","coordinates":[[123.98687882167614,-16.370604120968036],[123.98052908932131,-16.37768459834842]]},{"type":"LineString","coordinates":[[123.89611831304734,-16.34570267567127],[123.88647328600739,-16.342895724704114]]},{"type":"LineString","coordinates":[[123.89691201761097,-16.3549790697227],[123.8859247648974,-16.352475991228257]]},{"type":"LineString","coordinates":[[123.84588652449997,-16.376405452087827],[123.85528634975651,-16.373718710680333]]},{"type":"LineString","coordinates":[[123.78607217566507,-16.223083245970205],[123.79687656629666,-16.22021458056622]]},{"type":"LineString","coordinates":[[123.77929880690166,-16.16967661635602],[123.76892242244239,-16.169188394615347]]},{"type":"LineString","coordinates":[[123.72607495001951,-16.14038075659928],[123.7061160386132,-16.133728606348846]]},{"type":"LineString","coordinates":[[123.57208439139595,-16.24231076159491],[123.5609143285445,-16.22760025485996]]},{"type":"LineString","coordinates":[[123.52410891895235,-16.26507641873146],[123.50750765871146,-16.255491932830626]]},{"type":"LineString","coordinates":[[123.52392602522455,-16.275392504481253],[123.51251079506189,-16.281984195427736]]},{"type":"Polygon","coordinates":[[[142.1477807419085,-11.143289824002933],[142.16012359414157,-11.136180274488996],[142.1488643583073,-11.132404513638642],[142.1477807419085,-11.143289824002933]]]},{"type":"Polygon","coordinates":[[[142.1002824294845,-10.98610944876236],[142.10418856948104,-10.99638736817438],[142.11142123536712,-10.989392459258122],[142.1002824294845,-10.98610944876236]]]},{"type":"Polygon","coordinates":[[[139.87940931122452,-16.650550786510536],[139.89166292249826,-16.66000049662548],[139.8930496713972,-16.650832783554524],[139.87940931122452,-16.650550786510536]]]},{"type":"Polygon","coordinates":[[[139.6146992062876,-17.105567815199166],[139.64015174400708,-17.076133156010936],[139.62474109934948,-17.064133751691116],[139.6146992062876,-17.105567815199166]]]},{"type":"Polygon","coordinates":[[[139.2627557305993,-16.987711766596192],[139.2617970965418,-17.000466589110037],[139.27375637899792,-16.990449535432123],[139.2627557305993,-16.987711766596192]]]},{"type":"Polygon","coordinates":[[[139.25703470703633,-17.04832236425851],[139.2508410189677,-17.05688684152118],[139.26472671434252,-17.053889980465136],[139.25703470703633,-17.04832236425851]]]},{"type":"Polygon","coordinates":[[[139.2061162949237,-17.00637669465806],[139.21462868449706,-17.034982433251404],[139.24972625981428,-17.042221700140555],[139.2061162949237,-17.00637669465806]]]},{"type":"Polygon","coordinates":[[[139.05264292008613,-16.88861614230379],[139.07664629649182,-16.901727483094657],[139.07417145070733,-16.89208498805716],[139.05264292008613,-16.88861614230379]]]},{"type":"Polygon","coordinates":[[[138.9238908489879,-16.882220074501195],[138.91250677460792,-16.873613548390768],[138.90749916283724,-16.88333378765432],[138.9238908489879,-16.882220074501195]]]},{"type":"Polygon","coordinates":[[[136.6127788620881,-11.747070704104738],[136.62985278147596,-11.740762134046706],[136.61557026175,-11.738487545690099],[136.6127788620881,-11.747070704104738]]]},{"type":"Polygon","coordinates":[[[136.69677940777675,-12.207973663749875],[136.70580909268054,-12.212867980546495],[136.7087253646636,-12.203859462861898],[136.69677940777675,-12.207973663749875]]]},{"type":"Polygon","coordinates":[[[136.70580909268054,-12.212867980546495],[136.70130985998046,-12.22884024776119],[136.71000516274825,-12.221318408395614],[136.70580909268054,-12.212867980546495]]]},{"type":"Polygon","coordinates":[[[136.7003466917397,-12.186669624454789],[136.68162738581907,-12.184860799080507],[136.6812127171938,-12.197648757862542],[136.7003466917397,-12.186669624454789]]]},{"type":"Polygon","coordinates":[[[136.92669517821852,-13.642729130460882],[136.9531866670556,-13.64469648438654],[136.96108816428813,-13.625191700993152],[136.92669517821852,-13.642729130460882]]]},{"type":"Polygon","coordinates":[[[136.4351327913087,-11.919344207769809],[136.45886413620184,-11.912777882827479],[136.45890866785177,-11.90368503247126],[136.4351327913087,-11.919344207769809]]]},{"type":"Polygon","coordinates":[[[136.91338921726947,-14.147945360135152],[136.9273238892791,-14.148866380758012],[136.92001540145574,-14.141450870034191],[136.91338921726947,-14.147945360135152]]]},{"type":"Polygon","coordinates":[[[136.3238826729116,-11.963175281429239],[136.3344730128186,-11.953556345351078],[136.3264778210339,-11.948827466200711],[136.3238826729116,-11.963175281429239]]]},{"type":"Polygon","coordinates":[[[136.73689349350983,-13.695905593719635],[136.7465831401004,-13.695537404490853],[136.7386147522532,-13.68685960465515],[136.73689349350983,-13.695905593719635]]]},{"type":"Polygon","coordinates":[[[136.31396559893236,-11.962254876763392],[136.3213810858925,-11.971899665485553],[136.3238826729116,-11.963175281429239],[136.31396559893236,-11.962254876763392]]]},{"type":"Polygon","coordinates":[[[136.69703807541475,-13.620641360322024],[136.68847658471483,-13.638092485520176],[136.69986065451926,-13.62944726627757],[136.69703807541475,-13.620641360322024]]]},{"type":"Polygon","coordinates":[[[136.1932220818795,-11.619518885753397],[136.21015777447866,-11.641500772258322],[136.20478901233392,-11.614522211687515],[136.1932220818795,-11.619518885753397]]]},{"type":"Polygon","coordinates":[[[136.8120248742873,-14.283785845411899],[136.8036819111662,-14.288323116920198],[136.8108521895567,-14.294156595182312],[136.8120248742873,-14.283785845411899]]]},{"type":"Polygon","coordinates":[[[136.62832776323566,-13.661842549330025],[136.64187449637316,-13.670066322465654],[136.639234774858,-13.660343295074453],[136.62832776323566,-13.661842549330025]]]},{"type":"Polygon","coordinates":[[[136.1088246967057,-11.55359351630954],[136.11393927234744,-11.566681951307357],[136.1210783034256,-11.547809214908675],[136.1088246967057,-11.55359351630954]]]},{"type":"Polygon","coordinates":[[[136.57887191635933,-13.662752470422989],[136.59300274752746,-13.66548215520422],[136.60317846562796,-13.657440235632452],[136.57887191635933,-13.662752470422989]]]},{"type":"Polygon","coordinates":[[[136.08168215446057,-11.584173067332467],[136.07963542151904,-11.605987367680635],[136.0862571317465,-11.597710017586728],[136.08168215446057,-11.584173067332467]]]},{"type":"Polygon","coordinates":[[[136.09439057683932,-11.753405223235141],[136.10562300721392,-11.749480533804968],[136.09681631917653,-11.74451239762436],[136.09439057683932,-11.753405223235141]]]},{"type":"Polygon","coordinates":[[[136.0872203054072,-11.76336737785155],[136.09439057683932,-11.753405223235141],[136.0768885746356,-11.752078089866632],[136.0872203054072,-11.76336737785155]]]},{"type":"Polygon","coordinates":[[[136.05598433288483,-11.625865115543615],[136.06103650185696,-11.647335535997803],[136.0685723306334,-11.637037267130825],[136.05598433288483,-11.625865115543615]]]},{"type":"Polygon","coordinates":[[[136.5355517499825,-13.68722353242542],[136.52601819407118,-13.701255977017164],[136.5387711834528,-13.699345445129204],[136.5355517499825,-13.68722353242542]]]},{"type":"Polygon","coordinates":[[[136.4008779644304,-13.62089700856126],[136.4105051257721,-13.632498045807246],[136.42028840361994,-13.631553312470073],[136.4008779644304,-13.62089700856126]]]},{"type":"Polygon","coordinates":[[[136.05713034043262,-12.284729023739578],[136.06605746759638,-12.289068543709483],[136.0653217010853,-12.279269666672363],[136.05713034043262,-12.284729023739578]]]},{"type":"Polygon","coordinates":[[[135.94354364920363,-11.880013639156207],[135.95417855791405,-11.902834239996762],[135.9697408634759,-11.86362786472592],[135.94354364920363,-11.880013639156207]]]},{"type":"Polygon","coordinates":[[[136.0464953419365,-12.293965692701091],[136.05713034043262,-12.284729023739578],[136.0480783480398,-12.277618295656188],[136.0464953419365,-12.293965692701091]]]},{"type":"Polygon","coordinates":[[[136.0464953419365,-12.293965692701091],[136.05021868958838,-12.312346587190566],[136.05517719604882,-12.304709440606642],[136.0464953419365,-12.293965692701091]]]},{"type":"Polygon","coordinates":[[[136.33490110859333,-13.840153170917539],[136.36778247148297,-13.843054007390954],[136.3659988878221,-13.811099451506534],[136.33490110859333,-13.840153170917539]]]},{"type":"Polygon","coordinates":[[[136.1034247176867,-13.364742178441409],[136.11337295071735,-13.366269268888827],[136.1151878403809,-13.357392953041984],[136.1034247176867,-13.364742178441409]]]},{"type":"Polygon","coordinates":[[[136.0878134068214,-13.29838252051753],[136.08233757862936,-13.307595131004497],[136.09237505502554,-13.310971153548293],[136.0878134068214,-13.29838252051753]]]},{"type":"Polygon","coordinates":[[[136.09301715263095,-13.36619989294566],[136.1034247176867,-13.364742178441409],[136.0958085337887,-13.357058886750677],[136.09301715263095,-13.36619989294566]]]},{"type":"Polygon","coordinates":[[[136.07995645767517,-13.445014177546037],[136.0816643184275,-13.47388747232341],[136.1088871214075,-13.465002023706482],[136.07995645767517,-13.445014177546037]]]},{"type":"Polygon","coordinates":[[[136.64999452183326,-15.598332595992133],[136.6791704488556,-15.610834626808769],[136.67083636235026,-15.59777424567845],[136.64999452183326,-15.598332595992133]]]},{"type":"Polygon","coordinates":[[[135.14987269907397,-11.685336994709322],[135.1624161416987,-11.709042725309786],[135.15885780820432,-11.692105313108362],[135.14987269907397,-11.685336994709322]]]},{"type":"Polygon","coordinates":[[[135.14166352295325,-11.912040475147958],[135.15261948058944,-11.914745607247383],[135.1491681845032,-11.906390218245338],[135.14166352295325,-11.912040475147958]]]},{"type":"Polygon","coordinates":[[[134.94305514856072,-12.071110741787002],[134.95805552605938,-12.093610037317458],[134.95832755842068,-12.081109165289105],[134.94305514856072,-12.071110741787002]]]},{"type":"Polygon","coordinates":[[[132.98832794557424,-11.053889805026873],[132.99560519851823,-11.08889431536201],[133.01777580545692,-11.068887269109707],[132.98832794557424,-11.053889805026873]]]},{"type":"Polygon","coordinates":[[[132.85333310170384,-11.057775987002994],[132.8736130647503,-11.051946688176905],[132.85528617435415,-11.048874450366611],[132.85333310170384,-11.057775987002994]]]},{"type":"Polygon","coordinates":[[[132.8177806693651,-10.972775666991161],[132.82371576028274,-10.980094857450414],[132.83138985434258,-10.9672204883835],[132.8177806693651,-10.972775666991161]]]},{"type":"Polygon","coordinates":[[[132.7746879012312,-11.375217816499298],[132.7853095409702,-11.389472920704304],[132.79544055315367,-11.38736594174331],[132.7746879012312,-11.375217816499298]]]},{"type":"Polygon","coordinates":[[[131.95889092195895,-11.475740368776135],[131.9497541993999,-11.48394701517116],[131.95906037908264,-11.489182031628339],[131.95889092195895,-11.475740368776135]]]},{"type":"Polygon","coordinates":[[[131.06304863245174,-12.066126667980768],[131.12261775891244,-12.070805513485313],[131.1161654579563,-12.054897868545758],[131.06304863245174,-12.066126667980768]]]},{"type":"Polygon","coordinates":[[[130.8613901986375,-12.559724229804313],[130.87805392124824,-12.552259741385694],[130.86299104935904,-12.54763736631526],[130.8613901986375,-12.559724229804313]]]},{"type":"Polygon","coordinates":[[[130.08250569691117,-13.210278377779872],[130.10888568719074,-13.224165146624877],[130.0944515684058,-13.191945211763723],[130.08250569691117,-13.210278377779872]]]},{"type":"Polygon","coordinates":[[[129.81750578250671,-14.546665782176149],[129.8269501001136,-14.546665761142894],[129.83055309873816,-14.537778619725954],[129.81750578250671,-14.546665782176149]]]},{"type":"Polygon","coordinates":[[[129.85110504860157,-14.850554266919033],[129.85526986158968,-14.84249839883583],[129.84445213701179,-14.843610468060438],[129.85110504860157,-14.850554266919033]]]},{"type":"Polygon","coordinates":[[[129.75582745198616,-14.60333398424512],[129.7708278993537,-14.604999576513029],[129.7611070548361,-14.594720946185783],[129.75582745198616,-14.60333398424512]]]},{"type":"Polygon","coordinates":[[[129.82388223192743,-14.851666284528791],[129.8150041986111,-14.861109554172883],[129.82527353838682,-14.861389722685349],[129.82388223192743,-14.851666284528791]]]},{"type":"Polygon","coordinates":[[[129.7497274089448,-14.576665351218297],[129.76194984029618,-14.569445261999206],[129.74989236585387,-14.566087643975301],[129.7497274089448,-14.576665351218297]]]},{"type":"Polygon","coordinates":[[[129.78971665538526,-14.778610061535785],[129.79972731396018,-14.776665542199844],[129.78805336949233,-14.76444604620178],[129.78971665538526,-14.778610061535785]]]},{"type":"Polygon","coordinates":[[[129.7702794348593,-14.764446048713676],[129.7602865836486,-14.763609509669985],[129.7647233799951,-14.776665565589104],[129.7702794348593,-14.764446048713676]]]},{"type":"Polygon","coordinates":[[[129.72416786595682,-14.618056417650227],[129.72416786595682,-14.63083205768491],[129.73584175698875,-14.619445768143109],[129.72416786595682,-14.618056417650227]]]},{"type":"Polygon","coordinates":[[[129.75667023166451,-14.846390589816556],[129.76527181579183,-14.851390406656067],[129.7677778775352,-14.840554411599575],[129.75667023166451,-14.846390589816556]]]},{"type":"Polygon","coordinates":[[[129.71556175740835,-14.670832538058518],[129.7177735191937,-14.679722936828467],[129.7269458728354,-14.675275632226231],[129.71556175740835,-14.670832538058518]]]},{"type":"Polygon","coordinates":[[[129.71556175740835,-14.670832538058518],[129.72416786595682,-14.666665390630037],[129.71556175740835,-14.660000465535669],[129.71556175740835,-14.670832538058518]]]},{"type":"Polygon","coordinates":[[[129.66749714520066,-14.492776291296135],[129.67832830288515,-14.49222374240601],[129.6708370011198,-14.48361070314588],[129.66749714520066,-14.492776291296135]]]},{"type":"Polygon","coordinates":[[[129.69332870439882,-14.567779450198978],[129.68360790088414,-14.563610338497968],[129.68249310939393,-14.573609915954613],[129.69332870439882,-14.567779450198978]]]},{"type":"Polygon","coordinates":[[[129.65333502733694,-14.526111311418274],[129.66194112857517,-14.532219124413952],[129.66610586551607,-14.524168828056425],[129.65333502733694,-14.526111311418274]]]},{"type":"Polygon","coordinates":[[[139.20323121763474,-35.32872802879019],[139.21697863839665,-35.32949199761285],[139.21249276216068,-35.320556804222846],[139.20323121763474,-35.32872802879019]]]},{"type":"Polygon","coordinates":[[[129.6480554260236,-14.550554593206485],[129.65666147887694,-14.55610937503458],[129.65722781290498,-14.541387051207973],[129.6480554260236,-14.550554593206485]]]},{"type":"Polygon","coordinates":[[[139.19259630040668,-35.32562846987771],[139.20323121763474,-35.32872802879019],[139.20101947719505,-35.319567170280486],[139.19259630040668,-35.32562846987771]]]},{"type":"Polygon","coordinates":[[[129.63583303259364,-14.4955565765608],[129.63028148094628,-14.503055375674837],[129.64084060315884,-14.504164825942823],[129.63583303259364,-14.4955565765608]]]},{"type":"Polygon","coordinates":[[[129.6480554260236,-14.550554593206485],[129.6472171373641,-14.535555705284839],[129.63749628154497,-14.543333678179952],[129.6480554260236,-14.550554593206485]]]},{"type":"Polygon","coordinates":[[[129.64166109916147,-14.513890760171071],[129.632506557401,-14.516666480984929],[129.64084060315884,-14.526111318577938],[129.64166109916147,-14.513890760171071]]]},{"type":"Polygon","coordinates":[[[129.59889386656872,-14.513333937283177],[129.60000418361093,-14.541943856479218],[129.6174928027955,-14.526111281622727],[129.59889386656872,-14.513333937283177]]]},{"type":"Polygon","coordinates":[[[129.69278025313525,-14.943056206989551],[129.67709313272238,-14.943896342705795],[129.68583742311486,-14.951388317715931],[129.69278025313525,-14.943056206989551]]]},{"type":"Polygon","coordinates":[[[129.58111543260662,-14.564167092245652],[129.59472458047782,-14.566665960701458],[129.5902699629855,-14.558055822862297],[129.58111543260662,-14.564167092245652]]]},{"type":"Polygon","coordinates":[[[129.64833193906466,-14.90444602253603],[129.66360430145036,-14.903334291963404],[129.65638949179802,-14.89611212963557],[129.64833193906466,-14.90444602253603]]]},{"type":"Polygon","coordinates":[[[129.5680547458159,-14.530833582150493],[129.5791623282908,-14.520279567807144],[129.5691694815884,-14.518056427426927],[129.5680547458159,-14.530833582150493]]]},{"type":"Polygon","coordinates":[[[129.66468786313823,-14.962033498599416],[129.67434632307797,-14.95731192653447],[129.66821501461348,-14.949509984823434],[129.66468786313823,-14.962033498599416]]]},{"type":"Polygon","coordinates":[[[129.64443914160898,-14.933332112432266],[129.65138192694062,-14.940557404594482],[129.65472628116808,-14.9319448361401],[129.64443914160898,-14.933332112432266]]]},{"type":"Polygon","coordinates":[[[129.69332870439882,-15.15722239441484],[129.70181439660766,-15.151984408955215],[129.6853335326737,-15.143673029729147],[129.69332870439882,-15.15722239441484]]]},{"type":"Polygon","coordinates":[[[129.67195176810108,-15.099997557794042],[129.68145858555678,-15.102417054192468],[129.6822210792507,-15.092777741861973],[129.67195176810108,-15.099997557794042]]]},{"type":"Polygon","coordinates":[[[129.68167260740225,-15.161943849843533],[129.6826937465945,-15.175302639843244],[129.69389501512168,-15.168055267134738],[129.68167260740225,-15.161943849843533]]]},{"type":"Polygon","coordinates":[[[129.6826937465945,-15.175302639843244],[129.68171723782913,-15.184512182007355],[129.6936051710845,-15.177777201486728],[129.6826937465945,-15.175302639843244]]]},{"type":"Polygon","coordinates":[[[129.635561032171,-14.974719918961371],[129.63333149715788,-14.96361018474068],[129.62388711924834,-14.964131380997307],[129.635561032171,-14.974719918961371]]]},{"type":"Polygon","coordinates":[[[129.6433243481162,-15.02555731113951],[129.63638151979862,-15.031664067866],[129.64639222622773,-15.034446047142923],[129.6433243481162,-15.02555731113951]]]},{"type":"Polygon","coordinates":[[[129.62916666731638,-15.13944626394086],[129.618331102351,-15.156667175096205],[129.63166829321693,-15.16083339752434],[129.62916666731638,-15.13944626394086]]]},{"type":"Polygon","coordinates":[[[129.54861303294197,-14.839166525986187],[129.55444555758356,-14.83027828340929],[129.54583950779212,-14.826109950881865],[129.54861303294197,-14.839166525986187]]]},{"type":"Polygon","coordinates":[[[138.5175017600673,-34.756388889546685],[138.5141618880556,-34.76777799647004],[138.52528285879157,-34.76471931993366],[138.5175017600673,-34.756388889546685]]]},{"type":"Polygon","coordinates":[[[129.54861303294197,-14.850278378525106],[129.53778186169376,-14.851110268343492],[129.54306144046402,-14.8586141189395],[129.54861303294197,-14.850278378525106]]]},{"type":"Polygon","coordinates":[[[129.5880582608651,-15.104169249196298],[129.59777911558226,-15.10138816074943],[129.5899979190702,-15.091666956128924],[129.5880582608651,-15.104169249196298]]]},{"type":"Polygon","coordinates":[[[129.51805038317843,-14.799722920628266],[129.51722540203406,-14.812776764382349],[129.52833753534287,-14.805279956081275],[129.51805038317843,-14.799722920628266]]]},{"type":"Polygon","coordinates":[[[129.5463879276423,-14.969722972211553],[129.56388992265872,-14.986664769755123],[129.5588823315627,-14.963890164958844],[129.5463879276423,-14.969722972211553]]]},{"type":"Polygon","coordinates":[[[129.51805038317843,-14.799722920628266],[129.50860596955434,-14.799166754938891],[129.50860596955434,-14.808336453478924],[129.51805038317843,-14.799722920628266]]]},{"type":"Polygon","coordinates":[[[129.56443841906932,-15.090276339460694],[129.57695062247464,-15.092497934058866],[129.5711047652749,-15.083611578125977],[129.56443841906932,-15.090276339460694]]]},{"type":"Polygon","coordinates":[[[129.56388992265872,-15.141947021498709],[129.57731623629013,-15.145941404358059],[129.5713945558175,-15.13638584137469],[129.56388992265872,-15.141947021498709]]]},{"type":"Polygon","coordinates":[[[129.5719430644815,-15.17916725615783],[129.58250216855225,-15.186663898721037],[129.58223016924424,-15.177497464405246],[129.5719430644815,-15.17916725615783]]]},{"type":"Polygon","coordinates":[[[129.53277428751613,-15.05694184646662],[129.54333345438081,-15.059443575721684],[129.539445151154,-15.05055594211324],[129.53277428751613,-15.05694184646662]]]},{"type":"Polygon","coordinates":[[[129.52014171208873,-15.029416029446988],[129.5294478578893,-15.02833503612711],[129.52389620398802,-15.01527711144065],[129.52014171208873,-15.029416029446988]]]},{"type":"Polygon","coordinates":[[[129.51306063049321,-15.008609977275706],[129.5141308159582,-15.022323001533476],[129.52389620398802,-15.01527711144065],[129.51306063049321,-15.008609977275706]]]},{"type":"Polygon","coordinates":[[[129.50555594815404,-15.016112646424043],[129.5011147212961,-15.030832888946254],[129.5141308159582,-15.022323001533476],[129.50555594815404,-15.016112646424043]]]},{"type":"Polygon","coordinates":[[[129.50706309851589,-15.059262763198936],[129.51750187019957,-15.0658335309607],[129.5191651517946,-15.051942509104142],[129.50706309851589,-15.059262763198936]]]},{"type":"Polygon","coordinates":[[[129.50944432618724,-15.071667841705628],[129.52194318632982,-15.073889599859667],[129.51750187019957,-15.0658335309607],[129.50944432618724,-15.071667841705628]]]},{"type":"Polygon","coordinates":[[[129.50639426707357,-15.049720542534914],[129.50842315720655,-15.040044362388903],[129.4980602263168,-15.040832407151564],[129.50639426707357,-15.049720542534914]]]},{"type":"Polygon","coordinates":[[[129.44221444847201,-14.928609956277278],[129.43695268236888,-14.936111126580947],[129.44555874910463,-14.939721546316642],[129.44221444847201,-14.928609956277278]]]},{"type":"Polygon","coordinates":[[[129.46000622172247,-15.032499485224514],[129.44778383742735,-15.034166147723926],[129.4547266826003,-15.040276937992594],[129.46000622172247,-15.032499485224514]]]},{"type":"Polygon","coordinates":[[[129.43028186638747,-14.969167231671582],[129.44528227666217,-14.96694447264515],[129.43916440728813,-14.956665720552868],[129.43028186638747,-14.969167231671582]]]},{"type":"Polygon","coordinates":[[[129.44528227666217,-14.989167332359264],[129.44332923530646,-15.00083572177478],[129.4513868248234,-14.996110708135795],[129.44528227666217,-14.989167332359264]]]},{"type":"Polygon","coordinates":[[[129.4247302775171,-14.977778342040638],[129.43556142385623,-14.976942689312795],[129.43028186638747,-14.969167231671582],[129.4247302775171,-14.977778342040638]]]},{"type":"Polygon","coordinates":[[[129.4338848390189,-15.024166253934627],[129.42111397029,-15.03305502930593],[129.43417463892564,-15.033334963555019],[129.4338848390189,-15.024166253934627]]]},{"type":"Polygon","coordinates":[[[129.35610922245266,-14.881386918437805],[129.3524928186279,-14.896943782119296],[129.36193726856933,-14.895556215770085],[129.35610922245266,-14.881386918437805]]]},{"type":"Polygon","coordinates":[[[129.34750308556798,-14.874168302399028],[129.34388681787865,-14.88639018549483],[129.35610922245266,-14.881386918437805],[129.34750308556798,-14.874168302399028]]]},{"type":"Polygon","coordinates":[[[138.85702662584637,-35.55064274907171],[138.87357877027466,-35.55582682967112],[138.86981088279165,-35.54652129361043],[138.85702662584637,-35.55064274907171]]]},{"type":"Polygon","coordinates":[[[138.8469089191885,-35.54697842712926],[138.85702662584637,-35.55064274907171],[138.85949692524648,-35.54168482317414],[138.8469089191885,-35.54697842712926]]]},{"type":"Polygon","coordinates":[[[129.3516679372122,-14.96027579072411],[129.36416676393597,-14.957221448592536],[129.3569474969076,-14.951108271908652],[129.3516679372122,-14.96027579072411]]]},{"type":"Polygon","coordinates":[[[129.33111591015253,-14.918333739906451],[129.32638485007658,-14.93250062056031],[129.33555722771916,-14.930833162502445],[129.33111591015253,-14.918333739906451]]]},{"type":"Polygon","coordinates":[[[138.79665927951018,-35.529942697598926],[138.80738793628345,-35.53320860642504],[138.80737451162167,-35.52255395223059],[138.79665927951018,-35.529942697598926]]]},{"type":"Polygon","coordinates":[[[129.3172169107047,-14.946942273382524],[129.31500070932333,-14.95583425979309],[129.3286143444642,-14.951664069456847],[129.3172169107047,-14.946942273382524]]]},{"type":"Polygon","coordinates":[[[129.31666401577212,-14.93777849984992],[129.30805792624173,-14.930833208840301],[129.3077859132135,-14.94750233879798],[129.31666401577212,-14.93777849984992]]]},{"type":"Polygon","coordinates":[[[129.28971765111294,-14.95833290237629],[129.29861351438743,-14.96416587664543],[129.30277836652203,-14.955834269680333],[129.28971765111294,-14.95833290237629]]]},{"type":"Polygon","coordinates":[[[129.2788865116435,-14.910831986995284],[129.2705524140796,-14.901390873227639],[129.26934849465852,-14.910935408286942],[129.2788865116435,-14.910831986995284]]]},{"type":"Polygon","coordinates":[[[129.2680508919042,-15.000280093791844],[129.2575095725004,-14.990554356372868],[129.2577815653315,-15.000000174976716],[129.2680508919042,-15.000280093791844]]]},{"type":"Polygon","coordinates":[[[129.24499734608548,-14.927502681618126],[129.24667391916688,-14.911112089794816],[129.23666328150767,-14.921388671616796],[129.24499734608548,-14.927502681618126]]]},{"type":"Polygon","coordinates":[[[129.24499734608548,-14.986664781720473],[129.2575095725004,-14.990554356372868],[129.255828453215,-14.98083243784961],[129.24499734608548,-14.986664781720473]]]},{"type":"Polygon","coordinates":[[[129.18278395672962,-15.051666920953252],[129.17778083312132,-15.060834392745987],[129.18861197151156,-15.064722681093667],[129.18278395672962,-15.051666920953252]]]},{"type":"Polygon","coordinates":[[[129.1494432621939,-14.98472207968031],[129.1563860602216,-14.991389969090427],[129.16305688846646,-14.98499777460258],[129.1494432621939,-14.98472207968031]]]},{"type":"Polygon","coordinates":[[[129.14472999169797,-15.075000448210751],[129.13806358689396,-15.081945394849068],[129.1441636738509,-15.089165561486933],[129.14472999169797,-15.075000448210751]]]},{"type":"Polygon","coordinates":[[[129.12306316379397,-15.023335107104188],[129.13278400423798,-15.027219702315378],[129.1294396999059,-15.01416594297341],[129.12306316379397,-15.023335107104188]]]},{"type":"Polygon","coordinates":[[[129.11222757230584,-15.00333383376098],[129.11222757230584,-15.012779087959531],[129.12194840341422,-15.008609960910421],[129.11222757230584,-15.00333383376098]]]},{"type":"Polygon","coordinates":[[[129.09861837339946,-15.015557035874789],[129.09027098255834,-15.0200016268628],[129.1008301021983,-15.024441891569145],[129.09861837339946,-15.015557035874789]]]},{"type":"Polygon","coordinates":[[[129.08500475200037,-14.971385754399535],[129.07556034821465,-14.97194575048144],[129.08325237082988,-14.980319844640091],[129.08500475200037,-14.971385754399535]]]},{"type":"Polygon","coordinates":[[[129.0805501555498,-15.078888457174363],[129.08027811570076,-15.088334653380631],[129.09194760436588,-15.089165570035156],[129.0805501555498,-15.078888457174363]]]},{"type":"Polygon","coordinates":[[[129.07237216029796,-15.063659072779858],[129.0838944102359,-15.061110001360007],[129.07188611294663,-15.053763988876328],[129.07237216029796,-15.063659072779858]]]},{"type":"Polygon","coordinates":[[[129.0402844473414,-14.92000119148009],[129.04972883082567,-14.921388648114187],[129.0477757385046,-14.911943710847979],[129.0402844473414,-14.92000119148009]]]},{"type":"Polygon","coordinates":[[[129.0607294526223,-15.04789040976207],[129.06962528827964,-15.044751175409932],[129.0558645055741,-15.040040077541256],[129.0607294526223,-15.04789040976207]]]},{"type":"Polygon","coordinates":[[[129.0216676770684,-14.89777976055416],[129.03111203064464,-14.896943797899345],[129.02252383918938,-14.882425495055346],[129.0216676770684,-14.89777976055416]]]},{"type":"Polygon","coordinates":[[[129.01666459090865,-14.89000147907879],[129.02252383918938,-14.882425495055346],[129.01138504014065,-14.881111095198683],[129.01666459090865,-14.89000147907879]]]},{"type":"Polygon","coordinates":[[[129.05082577409706,-15.048333954501897],[129.0558645055741,-15.040040077541256],[129.04722724300518,-15.035832693729338],[129.05082577409706,-15.048333954501897]]]},{"type":"Polygon","coordinates":[[[129.0047142126118,-14.902222537903384],[129.0216676770684,-14.89777976055416],[129.01666459090865,-14.89000147907879],[129.0047142126118,-14.902222537903384]]]},{"type":"Polygon","coordinates":[[[129.02528403476245,-14.975555592539198],[129.03611963218302,-14.972777166725184],[129.02558725128404,-14.961917115642544],[129.02528403476245,-14.975555592539198]]]},{"type":"Polygon","coordinates":[[[129.0205528911368,-14.98361076826456],[129.0316917627574,-14.98289144144683],[129.02528403476245,-14.975555592539198],[129.0205528911368,-14.98361076826456]]]},{"type":"Polygon","coordinates":[[[129.02958707702484,-14.998931945786532],[129.01638814171937,-15.006943158937833],[129.02278244355418,-15.013890259624304],[129.02958707702484,-14.998931945786532]]]},{"type":"Polygon","coordinates":[[[128.99833767962497,-15.009445551954796],[128.99249181368438,-14.998888898645692],[128.98861684973642,-15.007498770096259],[128.99833767962497,-15.009445551954796]]]},{"type":"Polygon","coordinates":[[[128.9877785392885,-15.037223695036861],[128.98472406119004,-15.023610698959518],[128.97833415397128,-15.030557280527502],[128.9877785392885,-15.037223695036861]]]},{"type":"Polygon","coordinates":[[[128.93943740868252,-14.881667013613027],[128.94917159016137,-14.880555186765681],[128.94278172379754,-14.873056360907455],[128.93943740868252,-14.881667013613027]]]},{"type":"Polygon","coordinates":[[[128.89332580968167,-14.856670236719985],[128.90527176450308,-14.86722095704641],[128.90944102552086,-14.857497823192357],[128.89332580968167,-14.856670236719985]]]},{"type":"Polygon","coordinates":[[[128.7105562303461,-14.881386875256656],[128.73693628382384,-14.897779763949478],[128.74499387781373,-14.875831821390012],[128.7105562303461,-14.881386875256656]]]},{"type":"Polygon","coordinates":[[[128.69694706552036,-14.818053234814245],[128.7072297049522,-14.826390123493912],[128.70611491006807,-14.81388897390865],[128.69694706552036,-14.818053234814245]]]},{"type":"Polygon","coordinates":[[[128.65098707064962,-14.814561427250508],[128.64332632864006,-14.820001677367204],[128.65232929633498,-14.823730457219872],[128.65098707064962,-14.814561427250508]]]},{"type":"Polygon","coordinates":[[[128.60110312117263,-14.816945299561333],[128.61332552973633,-14.820833647181514],[128.6094505581393,-14.812500846050272],[128.60110312117263,-14.816945299561333]]]},{"type":"Polygon","coordinates":[[[128.54888707539934,-14.835554368740938],[128.5530563121062,-14.843610477944889],[128.562224210251,-14.835834546715832],[128.54888707539934,-14.835554368740938]]]},{"type":"Polygon","coordinates":[[[128.5290663502027,-14.780597707910012],[128.54138237693766,-14.788056569215767],[128.5372176103131,-14.775833393045074],[128.5290663502027,-14.780597707910012]]]},{"type":"Polygon","coordinates":[[[128.52944980310076,-14.99638639695238],[128.53611618875476,-15.004720719320632],[128.5394426773364,-14.995279420789734],[128.52944980310076,-14.99638639695238]]]},{"type":"Polygon","coordinates":[[[128.51832435432877,-14.96805587075333],[128.51228224994563,-14.975004234652683],[128.52777322221803,-14.979996766236834],[128.51832435432877,-14.96805587075333]]]},{"type":"Polygon","coordinates":[[[128.49098111609533,-14.921414520788566],[128.48570159949284,-14.93124251876412],[128.49556068108902,-14.929721573263096],[128.49098111609533,-14.921414520788566]]]},{"type":"Polygon","coordinates":[[[128.4594419598452,-14.860277760326639],[128.46916279621684,-14.859170095806801],[128.46388322229424,-14.851110261610469],[128.4594419598452,-14.860277760326639]]]},{"type":"Polygon","coordinates":[[[128.4786383524794,-14.973057189477034],[128.48750308433816,-14.96778016871963],[128.47743439942025,-14.96395476418359],[128.4786383524794,-14.973057189477034]]]},{"type":"Polygon","coordinates":[[[128.46333475017164,-14.984997751945508],[128.47635083094795,-14.986100457578504],[128.4705495712509,-14.978889665798675],[128.46333475017164,-14.984997751945508]]]},{"type":"Polygon","coordinates":[[[128.45777868641912,-14.976667003756093],[128.4705495712509,-14.978889665798675],[128.46555982107893,-14.969722977323213],[128.45777868641912,-14.976667003756093]]]},{"type":"Polygon","coordinates":[[[128.45249908720186,-14.985553472564472],[128.46333475017164,-14.984997751945508],[128.45777868641912,-14.976667003756093],[128.45249908720186,-14.985553472564472]]]},{"type":"Polygon","coordinates":[[[128.4447179425843,-14.950001122185915],[128.4430547006923,-14.960275833487115],[128.45472869495745,-14.959168655030783],[128.4447179425843,-14.950001122185915]]]},{"type":"Polygon","coordinates":[[[128.4575022591489,-15.0102768065796],[128.46360674027974,-15.003053899762886],[128.44805786368178,-15.007778720892155],[128.4575022591489,-15.0102768065796]]]},{"type":"Polygon","coordinates":[[[128.4430547006923,-14.960275833487115],[128.4394384260964,-14.969167268356482],[128.44944909334689,-14.967780142891417],[128.4430547006923,-14.960275833487115]]]},{"type":"Polygon","coordinates":[[[128.45500064017912,-15.019441752477135],[128.44805786368178,-15.007778720892155],[128.4394384260964,-15.013890267257187],[128.45500064017912,-15.019441752477135]]]},{"type":"Polygon","coordinates":[[[128.44805786368178,-15.007778720892155],[128.44082518161267,-14.99416813159376],[128.43861348623264,-15.004165133218104],[128.44805786368178,-15.007778720892155]]]},{"type":"Polygon","coordinates":[[[128.39250192173517,-14.819445590454453],[128.40750236269182,-14.826666033847905],[128.40750236269182,-14.816945311243284],[128.39250192173517,-14.819445590454453]]]},{"type":"Polygon","coordinates":[[[128.42661851344187,-14.993164532327345],[128.43281662574344,-14.984605832291257],[128.4183334980397,-14.988331748567255],[128.42661851344187,-14.993164532327345]]]},{"type":"Polygon","coordinates":[[[128.4102803114992,-14.964721595252161],[128.41972470914257,-14.959444383922246],[128.4097273808709,-14.954442742479078],[128.4102803114992,-14.964721595252161]]]},{"type":"Polygon","coordinates":[[[128.36770484960346,-15.042735847192919],[128.37110713617943,-15.034166118265478],[128.36222908911918,-15.029721756919985],[128.36770484960346,-15.042735847192919]]]},{"type":"Polygon","coordinates":[[[128.30082724375575,-14.974444219834288],[128.29888757923908,-14.98583344538126],[128.30917465523558,-14.981112433790067],[128.30082724375575,-14.974444219834288]]]},{"type":"Polygon","coordinates":[[[128.29666247766005,-14.966113004439944],[128.3022139937949,-14.954167067327559],[128.29417427215935,-14.945835083676958],[128.29666247766005,-14.966113004439944]]]},{"type":"Polygon","coordinates":[[[128.29666247766005,-14.966113004439944],[128.28846659020007,-14.974935293904329],[128.30082724375575,-14.974444219834288],[128.29666247766005,-14.966113004439944]]]},{"type":"Polygon","coordinates":[[[128.27166916149557,-15.19222372547373],[128.27722073920393,-15.183888155663618],[128.2669380854027,-15.18444332275992],[128.27166916149557,-15.19222372547373]]]},{"type":"Polygon","coordinates":[[[128.2561024660034,-15.185278150593595],[128.24139191109606,-15.186113036370491],[128.24806268181183,-15.192499148959042],[128.2561024660034,-15.185278150593595]]]},{"type":"Polygon","coordinates":[[[128.14611874883573,-15.363613117873408],[128.1555497774156,-15.357503122548627],[128.14721566520257,-15.35333647840708],[128.14611874883573,-15.363613117873408]]]},{"type":"Polygon","coordinates":[[[136.28627013104753,-34.51364749538529],[136.29389968570075,-34.50692335960759],[136.28066953954738,-34.50237410397128],[136.28627013104753,-34.51364749538529]]]},{"type":"Polygon","coordinates":[[[128.12110765968612,-15.27194386462374],[128.12805048142917,-15.278611288814881],[128.13110491661843,-15.267779852064725],[128.12110765968612,-15.27194386462374]]]},{"type":"Polygon","coordinates":[[[128.10916168767577,-15.25444410316386],[128.12277085360176,-15.26166700184064],[128.11833407354627,-15.252499603523578],[128.10916168767577,-15.25444410316386]]]},{"type":"Polygon","coordinates":[[[128.13555956459032,-15.334725421654019],[128.12817530635235,-15.328937102291832],[128.12583875201517,-15.339442804325593],[128.13555956459032,-15.334725421654019]]]},{"type":"Polygon","coordinates":[[[136.27532752330353,-34.530029414447206],[136.2868810131529,-34.52364087619168],[136.27665632132232,-34.520393139711175],[136.27532752330353,-34.530029414447206]]]},{"type":"Polygon","coordinates":[[[136.26251202959747,-34.54226137599297],[136.28700142128355,-34.54593063744931],[136.27911330393314,-34.538819758443104],[136.26251202959747,-34.54226137599297]]]},{"type":"Polygon","coordinates":[[[136.33010752719164,-34.656717635457966],[136.34541118872704,-34.673654432590894],[136.35722338583457,-34.656226167465505],[136.33010752719164,-34.656717635457966]]]},{"type":"Polygon","coordinates":[[[136.8541856906702,-35.368590139602446],[136.85388251072953,-35.37829445153733],[136.86721963919584,-35.37166627923389],[136.8541856906702,-35.368590139602446]]]},{"type":"Polygon","coordinates":[[[127.80583132362997,-14.358055907043132],[127.81582417903934,-14.377222119057112],[127.81555216141352,-14.35916604381329],[127.80583132362997,-14.358055907043132]]]},{"type":"Polygon","coordinates":[[[136.09171956792065,-34.52349763512418],[136.08485255903767,-34.539164982861465],[136.098970030906,-34.53044085593661],[136.09171956792065,-34.52349763512418]]]},{"type":"Polygon","coordinates":[[[135.94555471153137,-34.574999757351634],[135.95944032563798,-34.58611275333565],[135.95631452054369,-34.56971988822601],[135.94555471153137,-34.574999757351634]]]},{"type":"Polygon","coordinates":[[[136.00097686036653,-34.87837085170189],[136.01446566571838,-34.88300192662203],[136.00854396424353,-34.86482746226983],[136.00097686036653,-34.87837085170189]]]},{"type":"Polygon","coordinates":[[[136.05125324620423,-34.970806661345925],[136.06611539785789,-34.96887728215284],[136.0606842278354,-34.95716883944208],[136.05125324620423,-34.970806661345925]]]},{"type":"Polygon","coordinates":[[[136.7083731067059,-36.0579435472603],[136.69689981826326,-36.05899973693864],[136.70468097152698,-36.06663066816308],[136.7083731067059,-36.0579435472603]]]},{"type":"Polygon","coordinates":[[[136.05494538226066,-35.23530622000067],[136.0672168137804,-35.23972404424735],[136.07269260703183,-35.22682688791209],[136.05494538226066,-35.23530622000067]]]},{"type":"Polygon","coordinates":[[[127.15618045376318,-13.898946529622833],[127.17566674348208,-13.90147438002028],[127.16972276860412,-13.89333236051971],[127.15618045376318,-13.898946529622833]]]},{"type":"Polygon","coordinates":[[[126.82750009217368,-13.959724267542823],[126.82082928685077,-13.967219257283183],[126.83217774832907,-13.970867074753821],[126.82750009217368,-13.959724267542823]]]},{"type":"Polygon","coordinates":[[[126.70098203424156,-13.94177350414445],[126.70465631902968,-13.951316014701849],[126.71055574218033,-13.94170423822282],[126.70098203424156,-13.94177350414445]]]},{"type":"Polygon","coordinates":[[[126.68389030633965,-13.94888823347558],[126.70098203424156,-13.94177350414445],[126.69333472134002,-13.931109682871968],[126.68389030633965,-13.94888823347558]]]},{"type":"Polygon","coordinates":[[[126.59694673721023,-13.945278966643546],[126.60611018967367,-13.952501704637507],[126.6005542192801,-13.935831420646291],[126.59694673721023,-13.945278966643546]]]},{"type":"Polygon","coordinates":[[[126.51021724482288,-14.08487768317854],[126.52301039693248,-14.09351461257408],[126.51783782313917,-14.077235215483386],[126.51021724482288,-14.08487768317854]]]},{"type":"Polygon","coordinates":[[[126.30694466469548,-13.868333051474393],[126.30638730040008,-13.888055668504297],[126.31555075061395,-13.893886437990574],[126.30694466469548,-13.868333051474393]]]},{"type":"Polygon","coordinates":[[[126.30611527471368,-13.902223253901527],[126.30333723251083,-13.924998573097998],[126.3158361397277,-13.90500207939783],[126.30611527471368,-13.902223253901527]]]},{"type":"Polygon","coordinates":[[[126.28027926572098,-13.934165183542111],[126.28639269854028,-13.945555940816769],[126.29277813140897,-13.938886878115502],[126.28027926572098,-13.934165183542111]]]},{"type":"Polygon","coordinates":[[[126.2862410558278,-14.171647494240807],[126.29589951005642,-14.167432117817992],[126.29023644741508,-14.159913424458232],[126.2862410558278,-14.171647494240807]]]},{"type":"Polygon","coordinates":[[[126.26581395273112,-14.227217924882954],[126.27696165527342,-14.229245086873624],[126.27166871957115,-14.218071660095973],[126.26581395273112,-14.227217924882954]]]},{"type":"Polygon","coordinates":[[[126.23139408697752,-14.1544440434948],[126.24166785994791,-14.161111119665627],[126.24277375779499,-14.148334546390785],[126.23139408697752,-14.1544440434948]]]},{"type":"Polygon","coordinates":[[[126.17778234292585,-13.930278718329436],[126.16028037982154,-13.96416849146916],[126.19277833778881,-13.93805591975811],[126.17778234292585,-13.930278718329436]]]},{"type":"Polygon","coordinates":[[[126.02817504840476,-14.033996495055503],[126.03926931124644,-14.024678066133754],[126.02904461216745,-14.021532916375042],[126.02817504840476,-14.033996495055503]]]},{"type":"Polygon","coordinates":[[[125.97270385826026,-14.385264758937174],[125.99559238696557,-14.375153081050227],[125.9957752416899,-14.363995518757234],[125.97270385826026,-14.385264758937174]]]},{"type":"Polygon","coordinates":[[[125.98465869186204,-14.437578218634451],[125.99762128650542,-14.447648262567936],[126.00384616637076,-14.440721947187727],[125.98465869186204,-14.437578218634451]]]},{"type":"Polygon","coordinates":[[[125.78183197476834,-14.15498883788324],[125.78707146523898,-14.170398027698312],[125.79154840929176,-14.155831959534282],[125.78183197476834,-14.15498883788324]]]},{"type":"Polygon","coordinates":[[[125.72425163273907,-14.179157086159892],[125.727667340025,-14.192113468158627],[125.74083060649609,-14.184228203291688],[125.72425163273907,-14.179157086159892]]]},{"type":"Polygon","coordinates":[[[125.69638674495432,-14.118052687751627],[125.69694413790208,-14.12722019980784],[125.70555910339789,-14.116387778507237],[125.69638674495432,-14.118052687751627]]]},{"type":"Polygon","coordinates":[[[125.62444360411749,-13.931802187413037],[125.62708336292502,-13.961039832157986],[125.64528099846545,-13.944720693902923],[125.62444360411749,-13.931802187413037]]]},{"type":"Polygon","coordinates":[[[125.67515691201935,-14.163199362336778],[125.66951616888647,-14.17326009706608],[125.68336613477969,-14.170017550004358],[125.67515691201935,-14.163199362336778]]]},{"type":"Polygon","coordinates":[[[125.60243348315628,-14.499498084718814],[125.59363567903753,-14.496057364541084],[125.59130798147577,-14.507765174943483],[125.60243348315628,-14.499498084718814]]]},{"type":"Polygon","coordinates":[[[125.44587884196984,-14.59671462210353],[125.45381158477221,-14.587156273795944],[125.43803982000429,-14.583854972937583],[125.44587884196984,-14.59671462210353]]]},{"type":"Polygon","coordinates":[[[125.43030767633411,-14.540346855958072],[125.43692947903044,-14.547498776460014],[125.43420499045462,-14.531196114589935],[125.43030767633411,-14.540346855958072]]]},{"type":"Polygon","coordinates":[[[125.40442704296312,-14.540057673524693],[125.41421476532346,-14.53919438239977],[125.41222161345718,-14.524997601605694],[125.40442704296312,-14.540057673524693]]]},{"type":"Polygon","coordinates":[[[125.29296289686019,-14.27448635741639],[125.2974264662691,-14.288573782056192],[125.31579797749583,-14.27166444463862],[125.29296289686019,-14.27448635741639]]]},{"type":"Polygon","coordinates":[[[125.42111304753243,-15.140832206792014],[125.43305002401986,-15.139446236940476],[125.4261606955976,-15.130286394753837],[125.42111304753243,-15.140832206792014]]]},{"type":"Polygon","coordinates":[[[125.25236730305477,-14.463335298556157],[125.25821762759438,-14.47250176591443],[125.26970872373485,-14.470403417407644],[125.25236730305477,-14.463335298556157]]]},{"type":"Polygon","coordinates":[[[125.2124181467528,-14.315726256115612],[125.22938506573762,-14.295815886748594],[125.21999422359295,-14.287255777959261],[125.2124181467528,-14.315726256115612]]]},{"type":"Polygon","coordinates":[[[125.23715281272837,-14.423983848692929],[125.24760492419304,-14.420727712233212],[125.23666234120877,-14.410276366037355],[125.23715281272837,-14.423983848692929]]]},{"type":"Polygon","coordinates":[[[125.3285733279033,-15.15958954822685],[125.321077547246,-15.148751977433797],[125.31909770640998,-15.157717398572702],[125.3285733279033,-15.15958954822685]]]},{"type":"Polygon","coordinates":[[[125.17664281607253,-14.858721807860576],[125.18745617903954,-14.874155358293061],[125.18414305788373,-14.85305413850415],[125.17664281607253,-14.858721807860576]]]},{"type":"Polygon","coordinates":[[[125.12721813066172,-14.674443099905611],[125.14037246719671,-14.669447802972273],[125.13419221501108,-14.662243744464753],[125.12721813066172,-14.674443099905611]]]},{"type":"Polygon","coordinates":[[[124.98523590678809,-14.428207347723886],[124.97910913543889,-14.442734189750192],[124.99494781082774,-14.446370067500702],[124.98523590678809,-14.428207347723886]]]},{"type":"Polygon","coordinates":[[[124.9927539758548,-14.494680196669817],[124.97940789164569,-14.52188965987912],[124.99108176365574,-14.528485361956367],[124.9927539758548,-14.494680196669817]]]},{"type":"Polygon","coordinates":[[[125.04443939992785,-15.31111091168083],[125.05166763247647,-15.316942708913059],[125.05278239838061,-15.30305523796841],[125.04443939992785,-15.31111091168083]]]},{"type":"Polygon","coordinates":[[[124.92694204778171,-14.937778463526087],[124.9177786301771,-14.921944486362433],[124.91750212366337,-14.940277310993581],[124.92694204778171,-14.937778463526087]]]},{"type":"Polygon","coordinates":[[[124.950575279841,-15.357141897552854],[124.98311782930858,-15.349776077917388],[124.97254085664015,-15.34318398327528],[124.950575279841,-15.357141897552854]]]},{"type":"Polygon","coordinates":[[[124.8437352532588,-15.024760605164202],[124.8649962853586,-15.022219615391712],[124.85182848980534,-15.017008469906848],[124.8437352532588,-15.024760605164202]]]},{"type":"Polygon","coordinates":[[[124.74472985223248,-14.948407057183832],[124.75326453211625,-14.952504083753414],[124.75777266561126,-14.941384572022125],[124.74472985223248,-14.948407057183832]]]},{"type":"Polygon","coordinates":[[[124.78356858549577,-15.216243188865429],[124.80727321043486,-15.220201708551224],[124.80243063578371,-15.205313881884805],[124.78356858549577,-15.216243188865429]]]},{"type":"Polygon","coordinates":[[[124.73690856093874,-14.908901579958863],[124.74137210304198,-14.92989827174306],[124.74633953881454,-14.907234008958023],[124.73690856093874,-14.908901579958863]]]},{"type":"Polygon","coordinates":[[[124.71778794442685,-14.859101136683268],[124.71583485987061,-14.871388499119703],[124.73058108877288,-14.864885012721084],[124.71778794442685,-14.859101136683268]]]},{"type":"Polygon","coordinates":[[[124.68279289415601,-14.93986374041706],[124.68535693135505,-14.950332778430315],[124.69747230262332,-14.939906775100402],[124.68279289415601,-14.93986374041706]]]},{"type":"Polygon","coordinates":[[[124.66053755733462,-14.946127974283206],[124.67229615418253,-14.943487032188841],[124.66481828333556,-14.937980954257533],[124.66053755733462,-14.946127974283206]]]},{"type":"Polygon","coordinates":[[[124.59677242922074,-15.438668951427537],[124.60845082773804,-15.444853925327651],[124.62043687278133,-15.433523923497123],[124.59677242922074,-15.438668951427537]]]},{"type":"Polygon","coordinates":[[[124.5338366304071,-15.235101412500786],[124.54467225751988,-15.235729583631255],[124.5397181880753,-15.22777866890245],[124.5338366304071,-15.235101412500786]]]},{"type":"Polygon","coordinates":[[[124.51412738631173,-15.232545789715571],[124.52212702212822,-15.237360180128125],[124.52596190139093,-15.229052148916148],[124.51412738631173,-15.232545789715571]]]},{"type":"Polygon","coordinates":[[[124.4101500684563,-15.256603656008993],[124.42334901862066,-15.259133170553701],[124.42687171141122,-15.250555065876197],[124.4101500684563,-15.256603656008993]]]},{"type":"Polygon","coordinates":[[[124.38006012053538,-15.235002498329218],[124.38954904299008,-15.242148628585271],[124.39444512378576,-15.231564848018005],[124.38006012053538,-15.235002498329218]]]},{"type":"Polygon","coordinates":[[[124.39290673062123,-15.34676175322833],[124.4024983090465,-15.338053834741569],[124.39298258422401,-15.336918546328732],[124.39290673062123,-15.34676175322833]]]},{"type":"Polygon","coordinates":[[[124.45854922635492,-16.0157264097064],[124.47083403253373,-16.00611260824711],[124.46247765121271,-16.001024853218],[124.45854922635492,-16.0157264097064]]]},{"type":"Polygon","coordinates":[[[124.20198140167325,-15.331775353249553],[124.2086789817255,-15.33805384235456],[124.21360630082617,-15.328889734556226],[124.20198140167325,-15.331775353249553]]]},{"type":"Polygon","coordinates":[[[124.34948850869192,-16.348509622787144],[124.35730085247218,-16.35388367815636],[124.35931192843785,-16.344483208723275],[124.34948850869192,-16.348509622787144]]]},{"type":"Polygon","coordinates":[[[124.17586449745897,-15.94965501006821],[124.1800025510289,-15.95805396015609],[124.18771228912792,-15.952085981030633],[124.17586449745897,-15.94965501006821]]]},{"type":"Polygon","coordinates":[[[124.10028273912062,-16.103394906445125],[124.09350490679063,-16.113890770977054],[124.10327028758944,-16.11670102252343],[124.10028273912062,-16.103394906445125]]]},{"type":"Polygon","coordinates":[[[123.96228246819862,-16.203614081706874],[123.97528077060014,-16.193906687137964],[123.96429352911757,-16.193298581649657],[123.96228246819862,-16.203614081706874]]]},{"type":"Polygon","coordinates":[[[123.93109100287371,-16.057617911095214],[123.93530487765183,-16.071227049494997],[123.93951430484837,-16.061890183343476],[123.93109100287371,-16.057617911095214]]]},{"type":"Polygon","coordinates":[[[123.88171544001439,-16.196715737423062],[123.88952776442227,-16.19097762655669],[123.88232630719486,-16.184018834628212],[123.88171544001439,-16.196715737423062]]]},{"type":"Polygon","coordinates":[[[123.85748463437345,-16.230224741739566],[123.8615112098145,-16.239622166067488],[123.87408585780875,-16.232301188563103],[123.85748463437345,-16.230224741739566]]]},{"type":"Polygon","coordinates":[[[123.86529696575317,-16.29180719794952],[123.87750158080063,-16.300294328124725],[123.88208102428757,-16.29071152725627],[123.86529696575317,-16.29180719794952]]]},{"type":"Polygon","coordinates":[[[123.85272231382814,-16.27282852975437],[123.85229427207507,-16.288087780224124],[123.86010661633902,-16.281920004419472],[123.85272231382814,-16.27282852975437]]]},{"type":"Polygon","coordinates":[[[123.81768719981875,-16.269592472223277],[123.82409493918334,-16.284299866347467],[123.83087270770343,-16.268312580135778],[123.81768719981875,-16.269592472223277]]]},{"type":"Polygon","coordinates":[[[123.68890390229413,-15.952879108620682],[123.70031915562022,-15.948304441795452],[123.69049134973325,-15.934022362298995],[123.68890390229413,-15.952879108620682]]]},{"type":"Polygon","coordinates":[[[123.68749926147933,-15.962401197282759],[123.69708186554531,-15.961303623530483],[123.68890390229413,-15.952879108620682],[123.68749926147933,-15.962401197282759]]]},{"type":"Polygon","coordinates":[[[123.83312907105646,-16.90722691870913],[123.84527567186535,-16.906190179908865],[123.8353273710012,-16.89581405015139],[123.83312907105646,-16.90722691870913]]]},{"type":"Polygon","coordinates":[[[123.84069610764209,-16.995481574879317],[123.83893029961875,-17.00518704890823],[123.85052400116008,-16.99780135374838],[123.84069610764209,-16.995481574879317]]]},{"type":"Polygon","coordinates":[[[123.59930272313757,-16.08459528098766],[123.62011779123506,-16.103210724290534],[123.63751274194308,-16.09722997509234],[123.59930272313757,-16.08459528098766]]]},{"type":"Polygon","coordinates":[[[123.67407289172421,-16.361084608004305],[123.67632921242931,-16.371827696174382],[123.68670555845041,-16.365478630283018],[123.67407289172421,-16.361084608004305]]]},{"type":"Polygon","coordinates":[[[123.8336774796701,-17.150512133820527],[123.82592756337968,-17.161193701416884],[123.8358758517798,-17.159485181624184],[123.8336774796701,-17.150512133820527]]]},{"type":"Polygon","coordinates":[[[123.80889831900053,-17.121583135709344],[123.8203136316432,-17.129701099031355],[123.82507148567687,-17.121399910890368],[123.80889831900053,-17.121583135709344]]]},{"type":"Polygon","coordinates":[[[123.80169680438479,-17.112791521442563],[123.80987485508568,-17.107911831360678],[123.79992658937621,-17.10040233257475],[123.80169680438479,-17.112791521442563]]]},{"type":"Polygon","coordinates":[[[123.65088109149956,-16.412903622995902],[123.65869351684654,-16.42230077840695],[123.66333092519787,-16.413818963008413],[123.65088109149956,-16.412903622995902]]]},{"type":"Polygon","coordinates":[[[123.62207087077698,-16.343383546799032],[123.61968970658538,-16.353883712055133],[123.62927230987576,-16.351500460552085],[123.62207087077698,-16.343383546799032]]]},{"type":"Polygon","coordinates":[[[123.61047277956831,-16.36669797635567],[123.60608057144668,-16.379395886900983],[123.61590396718864,-16.374390386359153],[123.61047277956831,-16.36669797635567]]]},{"type":"Polygon","coordinates":[[[123.54107573837393,-16.04180947853473],[123.54949901433034,-16.047911894214515],[123.55010991862973,-16.038209658766647],[123.54107573837393,-16.04180947853473]]]},{"type":"Polygon","coordinates":[[[123.51111062377424,-16.01409771196059],[123.52868841192969,-16.034789753252195],[123.53027137729498,-16.023496866620373],[123.51111062377424,-16.01409771196059]]]},{"type":"Polygon","coordinates":[[[123.57470626977336,-16.35937316507138],[123.59112471450294,-16.360412912662575],[123.58447177326718,-16.353699691312155],[123.57470626977336,-16.35937316507138]]]},{"type":"Polygon","coordinates":[[[123.51251079506189,-16.281984195427736],[123.51348733845091,-16.292175229195927],[123.52392602522455,-16.28582791001812],[123.51251079506189,-16.281984195427736]]]},{"type":"Polygon","coordinates":[[[123.4539181836047,-16.138795872589167],[123.47149591258234,-16.143126344686948],[123.46008509408135,-16.131715369890976],[123.4539181836047,-16.138795872589167]]]},{"type":"Polygon","coordinates":[[[123.43170291136705,-16.164306046747917],[123.46392887416323,-16.16558659494059],[123.45410104056768,-16.148377557603514],[123.43170291136705,-16.164306046747917]]]},{"type":"Polygon","coordinates":[[[123.44232007906236,-16.146180256906604],[123.4539181836047,-16.138795872589167],[123.44189641060802,-16.135497662774437],[123.44232007906236,-16.146180256906604]]]},{"type":"Polygon","coordinates":[[[123.49408126597437,-16.40948590905445],[123.48529244773412,-16.41369487820136],[123.49609234052717,-16.418823426883545],[123.49408126597437,-16.40948590905445]]]},{"type":"Polygon","coordinates":[[[123.48529244773412,-16.41369487820136],[123.48291126777305,-16.404173206082035],[123.47192406754313,-16.408082904990128],[123.48529244773412,-16.41369487820136]]]},{"type":"Polygon","coordinates":[[[123.41808927298582,-16.169004214349297],[123.41772367791638,-16.17901694248261],[123.43292023795631,-16.17437894759206],[123.41808927298582,-16.169004214349297]]]},{"type":"Polygon","coordinates":[[[123.40570190032703,-16.28118808713706],[123.42669537039461,-16.289491658272645],[123.44531213604219,-16.268920400138732],[123.40570190032703,-16.28118808713706]]]},{"type":"Polygon","coordinates":[[[123.38830698162258,-16.284120024178552],[123.39947697875705,-16.29278730929754],[123.40570190032703,-16.28118808713706],[123.38830698162258,-16.284120024178552]]]},{"type":"Polygon","coordinates":[[[123.43511857254909,-16.52697811778526],[123.44848696721009,-16.52850426151913],[123.44232007906236,-16.521181283129746],[123.43511857254909,-16.52697811778526]]]},{"type":"Polygon","coordinates":[[[123.39092894944339,-16.37091217902701],[123.39611926955025,-16.378724225125005],[123.40307554330019,-16.37158385961702],[123.39092894944339,-16.37091217902701]]]},{"type":"Polygon","coordinates":[[[123.54071010132115,-17.25231776585988],[123.54528964864015,-17.288392051987223],[123.54931616948153,-17.238890269386253],[123.54071010132115,-17.25231776585988]]]},{"type":"Polygon","coordinates":[[[123.57311883504248,-17.434205213021013],[123.56829853882533,-17.44561899158844],[123.58050756039016,-17.4412245947592],[123.57311883504248,-17.434205213021013]]]},{"type":"Polygon","coordinates":[[[123.34008628865175,-16.33367869181117],[123.33349566519618,-16.35430733729247],[123.35229528704738,-16.35388372283534],[123.34008628865175,-16.33367869181117]]]},{"type":"Polygon","coordinates":[[[123.2960794077867,-16.11822610423823],[123.28967161350805,-16.137510849111422],[123.3065181100888,-16.131895276662277],[123.2960794077867,-16.11822610423823]]]},{"type":"Polygon","coordinates":[[[123.52831828325549,-17.303403868200416],[123.52929483529168,-17.329529037903324],[123.53570699571262,-17.310423999502564],[123.52831828325549,-17.303403868200416]]]},{"type":"Polygon","coordinates":[[[123.53832893995936,-17.392700191027245],[123.55230820171069,-17.40051260879039],[123.54748351489677,-17.39050449418939],[123.53832893995936,-17.392700191027245]]]},{"type":"Polygon","coordinates":[[[123.29931672672242,-16.308104937904453],[123.32287410972505,-16.32141007595326],[123.31671167371807,-16.30218599222303],[123.29931672672242,-16.308104937904453]]]},{"type":"Polygon","coordinates":[[[123.1563088291699,-15.51879764177617],[123.15710255723874,-15.535583519663517],[123.16467413615545,-15.523008173876192],[123.1563088291699,-15.51879764177617]]]},{"type":"Polygon","coordinates":[[[123.48889086646668,-17.295591553643018],[123.49951245477169,-17.304383035050247],[123.49810790349645,-17.29162775989339],[123.48889086646668,-17.295591553643018]]]},{"type":"Polygon","coordinates":[[[123.51428104502267,-17.385010834980466],[123.51312168075181,-17.37359752176831],[123.50372188121806,-17.37512104518058],[123.51428104502267,-17.385010834980466]]]},{"type":"Polygon","coordinates":[[[123.43292023795631,-17.320679138356336],[123.44012618668609,-17.3286138438137],[123.44091990456519,-17.31579641195405],[123.43292023795631,-17.320679138356336]]]},{"type":"Polygon","coordinates":[[[123.12310634610539,-16.385680380711175],[123.13049510278212,-16.39160100212725],[123.14251682293535,-16.389098454485044],[123.12310634610539,-16.385680380711175]]]},{"type":"Polygon","coordinates":[[[122.80792376966566,-16.771605968096928],[122.80810653957079,-16.781493779686166],[122.81768914359863,-16.771486444913688],[122.80792376966566,-16.771605968096928]]]},{"type":"Polygon","coordinates":[[[117.07058568797534,-20.429683619772124],[117.07919180238527,-20.46045610292328],[117.08277243069908,-20.4409905821713],[117.07058568797534,-20.429683619772124]]]},{"type":"Polygon","coordinates":[[[117.07063920120052,-20.619355402743107],[117.07817060137285,-20.6252899565568],[117.08486371316798,-20.613508263775618],[117.07063920120052,-20.619355402743107]]]},{"type":"Polygon","coordinates":[[[116.6751481348937,-20.51494995997747],[116.69249856324063,-20.5199990207063],[116.68270190202469,-20.509048720532792],[116.6751481348937,-20.51494995997747]]]},{"type":"Polygon","coordinates":[[[116.64694436103865,-20.516110969387753],[116.65781561509709,-20.51606500453495],[116.65221497505509,-20.506922894824115],[116.64694436103865,-20.516110969387753]]]},{"type":"Polygon","coordinates":[[[116.55763305757878,-20.587579561018757],[116.56977066151512,-20.591386546731623],[116.57533122027004,-20.579493735418616],[116.55763305757878,-20.587579561018757]]]},{"type":"Polygon","coordinates":[[[116.43724622822194,-20.659031425804635],[116.44542867329429,-20.665389958560407],[116.44899152075618,-20.6538617587033],[116.43724622822194,-20.659031425804635]]]},{"type":"Polygon","coordinates":[[[115.57175253308101,-20.396493402883888],[115.57810226439652,-20.41177717125037],[115.58311431647341,-20.400585080715008],[115.57175253308101,-20.396493402883888]]]},{"type":"Polygon","coordinates":[[[115.54250529174617,-20.46221911893434],[115.54861424206372,-20.469166606702842],[115.55694383679517,-20.456942540215135],[115.54250529174617,-20.46221911893434]]]},{"type":"Polygon","coordinates":[[[115.53805510064294,-20.470557685622797],[115.54722747381615,-20.479442997267704],[115.54861424206372,-20.469166606702842],[115.53805510064294,-20.470557685622797]]]},{"type":"Polygon","coordinates":[[[115.53229390287441,-20.4509388399315],[115.54250529174617,-20.46221911893434],[115.5430537562645,-20.449443110081074],[115.53229390287441,-20.4509388399315]]]},{"type":"Polygon","coordinates":[[[115.51249555863635,-20.363333580620715],[115.5207983625436,-20.36823300863543],[115.52519948149276,-20.35992649591456],[115.51249555863635,-20.363333580620715]]]},{"type":"Polygon","coordinates":[[[115.53360935892367,-20.437706362713257],[115.53500504781316,-20.42527924914012],[115.52381269119876,-20.424560501958815],[115.53360935892367,-20.437706362713257]]]},{"type":"Polygon","coordinates":[[[115.55461174806328,-20.63701224166537],[115.56813174448172,-20.640817931498862],[115.57175253308101,-20.631950360612343],[115.55461174806328,-20.63701224166537]]]},{"type":"Polygon","coordinates":[[[115.52213167234208,-20.414644023522936],[115.53277552060028,-20.414723362209426],[115.52075381335403,-20.40553340288965],[115.52213167234208,-20.414644023522936]]]},{"type":"Polygon","coordinates":[[[115.51305293586826,-20.38166789712703],[115.52096336617605,-20.388644011604796],[115.5235362721146,-20.37686087129261],[115.51305293586826,-20.38166789712703]]]},{"type":"Polygon","coordinates":[[[115.52440583018078,-20.397178812730836],[115.52096336617605,-20.388644011604796],[115.51194703622474,-20.393053618471978],[115.52440583018078,-20.397178812730836]]]},{"type":"Polygon","coordinates":[[[115.5206467326168,-20.489710418437063],[115.53515667021942,-20.49330257782374],[115.53583445212466,-20.479443072868722],[115.5206467326168,-20.489710418437063]]]},{"type":"Polygon","coordinates":[[[115.49810151822005,-21.51396894178119],[115.49515406906023,-21.50347723445281],[115.48551353818311,-21.50497072549824],[115.49810151822005,-21.51396894178119]]]},{"type":"Polygon","coordinates":[[[115.43764509433176,-21.500066934511903],[115.46167071596727,-21.501942176737945],[115.45258305264488,-21.495913898102803],[115.43764509433176,-21.500066934511903]]]},{"type":"Polygon","coordinates":[[[139.44074968461712,-16.690589288512445],[139.4517681738282,-16.70810486256832],[139.4733145403482,-16.672952552423126],[139.46475303582164,-16.669108040321273],[139.44074968461712,-16.690589288512445]]]},{"type":"Polygon","coordinates":[[[139.60063074017953,-17.11202866789083],[139.60446114435044,-17.139092739870346],[139.61572481422988,-17.134507774992382],[139.6146992062876,-17.105567815199166],[139.60063074017953,-17.11202866789083]]]},{"type":"Polygon","coordinates":[[[136.73967154334954,-11.00596022730333],[136.73763817726115,-11.016241804672402],[136.752379937977,-11.019296886384172],[136.75996493607167,-11.008245070423522],[136.73967154334954,-11.00596022730333]]]},{"type":"Polygon","coordinates":[[[136.5885302949364,-11.76943092907545],[136.60934535327422,-11.755553131648554],[136.58857935651923,-11.748607387246047],[136.58604211966065,-11.759665440719079],[136.5885302949364,-11.76943092907545]]]},{"type":"Polygon","coordinates":[[[136.47270066336026,-11.449091090712939],[136.49526823761144,-11.459335017594872],[136.49525480221334,-11.435380895777639],[136.48219408976115,-11.444515236655025],[136.47270066336026,-11.449091090712939]]]},{"type":"Polygon","coordinates":[[[136.13972621438208,-11.685699418628957],[136.1272719577946,-11.721696014420639],[136.15553373454532,-11.698685630234612],[136.15164095438737,-11.69036739885296],[136.13972621438208,-11.685699418628957]]]},{"type":"Polygon","coordinates":[[[136.14239724210384,-12.042050743042555],[136.14765896554658,-12.026433655526093],[136.13858022121084,-12.02888028891511],[136.1297155947949,-12.024724049329938],[136.14239724210384,-12.042050743042555]]]},{"type":"Polygon","coordinates":[[[136.1159369674772,-12.176941018182298],[136.10527077308663,-12.192492698226866],[136.1487425509465,-12.195787691746354],[136.1489431743589,-12.172264035792972],[136.1159369674772,-12.176941018182298]]]},{"type":"Polygon","coordinates":[[[135.97944833688194,-11.733331486594333],[135.95152095356585,-11.735470718183706],[135.93969540296686,-11.756055177213973],[135.95395114958802,-11.764083325759529],[135.97944833688194,-11.733331486594333]]]},{"type":"Polygon","coordinates":[[[136.2414249792832,-13.44532208122744],[136.24862640653018,-13.454672243060806],[136.27152836865793,-13.4640046507689],[136.24888500534198,-13.437992593299432],[136.2414249792832,-13.44532208122744]]]},{"type":"Polygon","coordinates":[[[136.78721444068722,-15.608609979112027],[136.81112866052496,-15.60636817812286],[136.81555203302852,-15.5983326135967],[136.78666597231114,-15.59499978265457],[136.78721444068722,-15.608609979112027]]]},{"type":"Polygon","coordinates":[[[136.14868014790272,-13.528636518392025],[136.12756182993832,-13.54494562984976],[136.1380005658094,-13.560880847876595],[136.14680284518224,-13.5641665501444],[136.14868014790272,-13.528636518392025]]]},{"type":"Polygon","coordinates":[[[135.9633643707604,-13.331412781242172],[135.97549312620737,-13.338367978019264],[135.97218447251026,-13.328180254009395],[135.96267766156583,-13.32224442482597],[135.9633643707604,-13.331412781242172]]]},{"type":"Polygon","coordinates":[[[135.054639708352,-11.917206343642132],[135.04968112194936,-11.947326726939195],[135.1131876452371,-11.939024787601848],[135.1130539144174,-11.924169599370419],[135.054639708352,-11.917206343642132]]]},{"type":"Polygon","coordinates":[[[134.9766678661803,-12.067221167444801],[134.98916671601583,-12.09472183350582],[134.99999782999194,-12.095000901203411],[134.99389778033822,-12.069998819123889],[134.9766678661803,-12.067221167444801]]]},{"type":"Polygon","coordinates":[[[134.8319387550891,-12.010000051086132],[134.83917146621357,-12.03389125059915],[134.84805395284124,-12.038056113647855],[134.86555592253956,-12.023611923941681],[134.8319387550891,-12.010000051086132]]]},{"type":"Polygon","coordinates":[[[132.6499178463328,-11.21217087545599],[132.6590901888713,-11.212170913094988],[132.67973138725532,-11.195159935472155],[132.65734669227317,-11.189853889947097],[132.6499178463328,-11.21217087545599]]]},{"type":"Polygon","coordinates":[[[132.30610774716,-11.56389049531592],[132.29941016158878,-11.592861416147471],[132.3173848243099,-11.598928741031777],[132.3180536717251,-11.571946048587145],[132.30610774716,-11.56389049531592]]]},{"type":"Polygon","coordinates":[[[131.00383176572458,-12.054688573420313],[131.06163063113823,-12.047990317508345],[131.06526029604208,-12.03972199611121],[131.01917995954085,-12.03783365033348],[131.00383176572458,-12.054688573420313]]]},{"type":"Polygon","coordinates":[[[131.01251360869333,-12.121247488023288],[131.0394733819985,-12.12745563418913],[131.04287564190344,-12.104191875120904],[131.02578836134774,-12.101414568774867],[131.01251360869333,-12.121247488023288]]]},{"type":"Polygon","coordinates":[[[130.37031392272232,-12.621346730796557],[130.36999728495007,-12.638055403657233],[130.39166409589507,-12.63833380997008],[130.40083194388976,-12.630001464446098],[130.37031392272232,-12.621346730796557]]]},{"type":"Polygon","coordinates":[[[129.7875049026527,-14.532499720094975],[129.79834053035705,-14.537502373268065],[129.80639815679373,-14.526944358049747],[129.7963874154138,-14.52027955816948],[129.7875049026527,-14.532499720094975]]]},{"type":"Polygon","coordinates":[[[129.84832703967393,-14.791945438656299],[129.85667449929142,-14.779442184258802],[129.84361378912402,-14.772776424884734],[129.84666378439724,-14.78249909408656],[129.84832703967393,-14.791945438656299]]]},{"type":"Polygon","coordinates":[[[129.78971665538526,-14.586668645123368],[129.78054868941226,-14.588610538470785],[129.77111769223245,-14.591941989040304],[129.7863901168138,-14.597780420934496],[129.78971665538526,-14.586668645123368]]]},{"type":"Polygon","coordinates":[[[129.79505861725107,-14.856605637221639],[129.78582827651604,-14.851666264786106],[129.77806052019605,-14.856941832736833],[129.7869430726241,-14.8611095815947],[129.79505861725107,-14.856605637221639]]]},{"type":"Polygon","coordinates":[[[129.70333941932952,-14.562220635261546],[129.7008377987443,-14.55194442624585],[129.6936051710845,-14.558055806438594],[129.69332870439882,-14.567779450198978],[129.70333941932952,-14.562220635261546]]]},{"type":"Polygon","coordinates":[[[129.7124939513327,-14.688056482649726],[129.7244398673276,-14.687776179903146],[129.7177735191937,-14.679722936828467],[129.70666583743042,-14.678057866844338],[129.7124939513327,-14.688056482649726]]]},{"type":"Polygon","coordinates":[[[129.69305223646697,-14.69111040103571],[129.70304954124754,-14.695553055403167],[129.7124939513327,-14.688056482649726],[129.69888471372914,-14.683333346827668],[129.69305223646697,-14.69111040103571]]]},{"type":"Polygon","coordinates":[[[129.67462279656925,-14.782956125963446],[129.68417414392204,-14.802223365259623],[129.7269458728354,-14.811944722043506],[129.7191023472278,-14.797709584704815],[129.67462279656925,-14.782956125963446]]]},{"type":"Polygon","coordinates":[[[129.69888471372914,-14.76999966122971],[129.69583023788184,-14.761388932936942],[129.68695215385412,-14.757779784194248],[129.68082981827516,-14.76472204963564],[129.69888471372914,-14.76999966122971]]]},{"type":"Polygon","coordinates":[[[129.66332785709707,-14.733885708564502],[129.65834259060208,-14.74166522709139],[129.66917378785348,-14.741665245816899],[129.67582676428063,-14.731945042865652],[129.66332785709707,-14.733885708564502]]]},{"type":"Polygon","coordinates":[[[129.55833386472918,-14.553890889482162],[129.574997544151,-14.555556918363935],[129.57943883522657,-14.547498801489057],[129.56889300754258,-14.548331813880418],[129.55833386472918,-14.553890889482162]]]},{"type":"Polygon","coordinates":[[[129.65138192694062,-14.940557404594482],[129.6499951651603,-14.949721089932668],[129.65777626684502,-14.954722816752632],[129.66471912095594,-14.940557378077367],[129.65138192694062,-14.940557404594482]]]},{"type":"Polygon","coordinates":[[[129.5763843386206,-14.801947431178291],[129.60000418361093,-14.856390088601152],[129.63110196016868,-14.884722453025182],[129.63110196016868,-14.839998435577733],[129.5763843386206,-14.801947431178291]]]},{"type":"Polygon","coordinates":[[[129.65527475742718,-15.00583629128997],[129.65916308934717,-15.015557003508437],[129.67111349041053,-15.023886293164775],[129.66860748518607,-15.013890275201694],[129.65527475742718,-15.00583629128997]]]},{"type":"Polygon","coordinates":[[[129.6433243481162,-15.02555731113951],[129.65666147887694,-15.024441894089998],[129.65916308934717,-15.015557003508437],[129.64920147823895,-15.017197932122668],[129.6433243481162,-15.02555731113951]]]},{"type":"Polygon","coordinates":[[[129.54861303294197,-14.850278378525106],[129.55861030713353,-14.858889904186123],[129.56693991107596,-14.851666251819898],[129.55778539303105,-14.848334519509224],[129.54861303294197,-14.850278378525106]]]},{"type":"Polygon","coordinates":[[[129.56443841906932,-15.090276339460694],[129.5519395372117,-15.101943533234236],[129.5630471766343,-15.10222330462579],[129.57249598404314,-15.100832766192521],[129.56443841906932,-15.090276339460694]]]},{"type":"Polygon","coordinates":[[[129.5191651517946,-15.041667847397054],[129.52014171208873,-15.029416029446988],[129.51094254175067,-15.031371189700318],[129.50842315720655,-15.040044362388903],[129.5191651517946,-15.041667847397054]]]},{"type":"Polygon","coordinates":[[[139.0779260378916,-35.60383593788777],[139.09203908809565,-35.59305293227792],[139.0816047894423,-35.5821958963732],[139.07253941690976,-35.587573810987585],[139.0779260378916,-35.60383593788777]]]},{"type":"Polygon","coordinates":[[[129.41389464026412,-14.947502380142947],[129.417221172558,-14.957501474311549],[129.4288951220252,-14.959444381554896],[129.42416402560374,-14.95110828677807],[129.41389464026412,-14.947502380142947]]]},{"type":"Polygon","coordinates":[[[129.38333197176303,-14.956109957444822],[129.3986043823181,-14.959168671252522],[129.39111316908458,-14.950276787749516],[129.38360397332292,-14.94305621505115],[129.38333197176303,-14.956109957444822]]]},{"type":"Polygon","coordinates":[[[129.31944198049703,-14.916110402232237],[129.33111591015253,-14.918333739906451],[129.3397220028975,-14.91027610085458],[129.32804809222267,-14.906945247400923],[129.31944198049703,-14.916110402232237]]]},{"type":"Polygon","coordinates":[[[129.3286143444642,-14.951664069456847],[129.3294392919203,-14.960831537478319],[129.33833522634362,-14.952499790988986],[129.32916285934013,-14.942500429789334],[129.3286143444642,-14.951664069456847]]]},{"type":"Polygon","coordinates":[[[129.26277129994855,-14.887777822066786],[129.26194634847428,-14.897223849554003],[129.2705524140796,-14.901390873227639],[129.27360687790926,-14.890277326611466],[129.26277129994855,-14.887777822066786]]]},{"type":"Polygon","coordinates":[[[129.26333758602985,-14.950556858058006],[129.26110807259076,-14.941113126994363],[129.2511151835647,-14.935275273241169],[129.2541652010034,-14.947778099063463],[129.26333758602985,-14.950556858058006]]]},{"type":"Polygon","coordinates":[[[129.24972399306276,-15.131943627411049],[129.24945196544107,-15.12194406171935],[129.2375015655275,-15.11388981064315],[129.2358383052882,-15.134719999169777],[129.24972399306276,-15.131943627411049]]]},{"type":"Polygon","coordinates":[[[129.1702716761384,-14.976942687888421],[129.15777732265693,-14.977498314902869],[129.16305688846646,-14.98499777460258],[129.18301580540208,-14.98532515486913],[129.1702716761384,-14.976942687888421]]]},{"type":"Polygon","coordinates":[[[129.1458268856811,-15.103334087411078],[129.1458268856811,-15.112499354860438],[129.16360533801702,-15.109722663282916],[129.16360533801702,-15.09999759951085],[129.1458268856811,-15.103334087411078]]]},{"type":"Polygon","coordinates":[[[129.12826692022156,-15.000611792787863],[129.12194840341422,-15.008609960910421],[129.1294396999059,-15.01416594297341],[129.13611050456555,-15.00777872148608],[129.12826692022156,-15.000611792787863]]]},{"type":"Polygon","coordinates":[[[129.1441636738509,-15.089165561486933],[129.1388840429911,-15.09666535832818],[129.1458268856811,-15.103334087411078],[129.15138291481375,-15.096110031758611],[129.1441636738509,-15.089165561486933]]]},{"type":"Polygon","coordinates":[[[129.07610883842912,-14.906109329945858],[129.06710595962798,-14.917036777232365],[129.07610883842912,-14.925279434135053],[129.08444290813722,-14.911112044687428],[129.07610883842912,-14.906109329945858]]]},{"type":"Polygon","coordinates":[[[129.09474341202514,-14.975422110645031],[129.08325237082988,-14.980319844640091],[129.08332810622724,-14.991110002729148],[129.09138574233003,-14.98527773353905],[129.09474341202514,-14.975422110645031]]]},{"type":"Polygon","coordinates":[[[129.05667163243461,-14.907776884839238],[129.06666446671457,-14.907776910152059],[129.06539807891346,-14.89783146237893],[129.05496379018373,-14.898533880029003],[129.05667163243461,-14.907776884839238]]]},{"type":"Polygon","coordinates":[[[129.06962528827964,-15.044751175409932],[129.07188611294663,-15.053763988876328],[129.0836180138203,-15.051387031705659],[129.07777208367187,-15.04027692386036],[129.06962528827964,-15.044751175409932]]]},{"type":"Polygon","coordinates":[[[128.9908285740836,-15.05083582177266],[128.99833767962497,-15.039165879139402],[128.9958361482206,-15.029441854493676],[128.9877785392885,-15.037223695036861],[128.9908285740836,-15.05083582177266]]]},{"type":"Polygon","coordinates":[[[128.93805061654794,-15.00944554131718],[128.9516598128454,-15.005836274941181],[128.9736164146647,-14.984446436818748],[128.94667005070633,-14.969442995663421],[128.93805061654794,-15.00944554131718]]]},{"type":"Polygon","coordinates":[[[128.72999785041443,-14.849166369819072],[128.72389339896193,-14.860277704567004],[128.73527747145621,-14.86777693649818],[128.7333377555131,-14.858333901825734],[128.72999785041443,-14.849166369819072]]]},{"type":"Polygon","coordinates":[[[128.55332833334433,-14.818609276772028],[128.562224210251,-14.835834546715832],[128.57000537349654,-14.823609736600675],[128.56304912944046,-14.81388891198584],[128.55332833334433,-14.818609276772028]]]},{"type":"Polygon","coordinates":[[[128.54360746354814,-14.819445589556704],[128.55332833334433,-14.818609276772028],[128.54972979003082,-14.808888275166588],[128.54028094487356,-14.81027640278456],[128.54360746354814,-14.819445589556704]]]},{"type":"Polygon","coordinates":[[[128.48277192626122,-14.910831954236452],[128.49098111609533,-14.921414520788566],[128.50474636136383,-14.924671927290825],[128.49556068108902,-14.913434555944777],[128.48277192626122,-14.910831954236452]]]},{"type":"Polygon","coordinates":[[[128.49360760409184,-15.013890258806239],[128.50465278775144,-15.021866481267606],[128.49806220977234,-15.005836287847421],[128.48666470742327,-15.007778708792744],[128.49360760409184,-15.013890258806239]]]},{"type":"Polygon","coordinates":[[[128.4419399906565,-14.8494464887226],[128.4499975199938,-14.856109931990655],[128.46388322229424,-14.851110261610469],[128.4558256167708,-14.845834596749471],[128.4419399906565,-14.8494464887226]]]},{"type":"Polygon","coordinates":[[[128.46666121673687,-14.993840817777965],[128.47999396663866,-14.9961107477549],[128.4862054523442,-14.988430780046713],[128.47635083094795,-14.986100457578504],[128.46666121673687,-14.993840817777965]]]},{"type":"Polygon","coordinates":[[[128.39750504169135,-14.857497819897548],[128.40055951215746,-14.869444826814787],[128.4102803114992,-14.877775455369148],[128.4077743410153,-14.858058082799362],[128.39750504169135,-14.857497819897548]]]},{"type":"Polygon","coordinates":[[[128.29583753686956,-14.734998265053862],[128.30610682597836,-14.761664913822191],[128.32694867788675,-14.758336008859747],[128.31027164727442,-14.7377798511608],[128.29583753686956,-14.734998265053862]]]},{"type":"Polygon","coordinates":[[[128.20832764804518,-15.331667832038198],[128.21499848056035,-15.338053849793948],[128.2274928934786,-15.343054988077096],[128.21722355497423,-15.32722121134545],[128.20832764804518,-15.331667832038198]]]},{"type":"Polygon","coordinates":[[[136.45262137212347,-35.13330946114188],[136.4434489867247,-35.160279790296556],[136.48599324765703,-35.17358842940341],[136.48734881292842,-35.15694401624054],[136.45262137212347,-35.13330946114188]]]},{"type":"Polygon","coordinates":[[[135.91360522605217,-34.68267891148078],[135.93249399797452,-34.72833255452749],[135.9486091782224,-34.726943594969384],[135.92795018982542,-34.681388199317986],[135.91360522605217,-34.68267891148078]]]},{"type":"Polygon","coordinates":[[[126.6144398308474,-13.863332909384127],[126.62000482004643,-13.87083527275024],[126.62972118455835,-13.86972273490733],[126.62721961350088,-13.854444870006041],[126.6144398308474,-13.863332909384127]]]},{"type":"Polygon","coordinates":[[[126.36971992884034,-13.976665414363977],[126.37500839357382,-14.001549160297897],[126.39281361486796,-14.010280128212584],[126.40277967249928,-13.986665099242396],[126.36971992884034,-13.976665414363977]]]},{"type":"Polygon","coordinates":[[[125.69694413790208,-14.12722019980784],[125.69582934812294,-14.136945208498247],[125.70138538815863,-14.144724043296398],[125.70634388021867,-14.13583829518616],[125.69694413790208,-14.12722019980784]]]},{"type":"Polygon","coordinates":[[[125.57660635459257,-14.361814076393973],[125.58890451252317,-14.364090553992511],[125.58227390213445,-14.35125205755842],[125.57389072586666,-14.346945017484462],[125.57660635459257,-14.361814076393973]]]},{"type":"Polygon","coordinates":[[[125.42237047234732,-14.56035190894533],[125.43482925592546,-14.562492593215744],[125.43692947903044,-14.547498776460014],[125.42327124967112,-14.549656856968582],[125.42237047234732,-14.56035190894533]]]},{"type":"Polygon","coordinates":[[[125.25613520556426,-14.412008213146546],[125.24760492419304,-14.420727712233212],[125.26738106909512,-14.425128316019116],[125.26541904444723,-14.413748709937948],[125.25613520556426,-14.412008213146546]]]},{"type":"Polygon","coordinates":[[[125.19863068747209,-14.463413060262393],[125.19319056350407,-14.474254698356237],[125.20388789133534,-14.47083084209718],[125.21083073451287,-14.463611618268338],[125.19863068747209,-14.463413060262393]]]},{"type":"Polygon","coordinates":[[[124.9660126870085,-14.396697629715458],[124.9800588788533,-14.420507429583571],[124.98571751375141,-14.400584748182219],[124.96979402091957,-14.388288250003102],[124.9660126870085,-14.396697629715458]]]},{"type":"Polygon","coordinates":[[[125.01885308645852,-14.776290461260798],[125.0165477530439,-14.786707074717766],[125.03176662733296,-14.784085728238821],[125.02800756776335,-14.766270006740827],[125.01885308645852,-14.776290461260798]]]},{"type":"Polygon","coordinates":[[[124.85050416238282,-15.312409769289982],[124.86251701132849,-15.315123521397703],[124.86380124133804,-15.282646061158319],[124.85144953518369,-15.299644585895843],[124.85050416238282,-15.312409769289982]]]},{"type":"Polygon","coordinates":[[[124.76972309514568,-15.017004166717843],[124.77420895567177,-15.03597048589249],[124.78496432172187,-15.024889766451114],[124.77988980445166,-15.017021357562216],[124.76972309514568,-15.017004166717843]]]},{"type":"Polygon","coordinates":[[[124.61166579011017,-15.283334261765239],[124.62755805004849,-15.284968776938838],[124.63924531247562,-15.279080154805913],[124.62222492670489,-15.268029300419306],[124.61166579011017,-15.283334261765239]]]},{"type":"Polygon","coordinates":[[[124.57618028162219,-15.269629534155204],[124.58537494051629,-15.259085905638887],[124.57228745256423,-15.261417510742618],[124.5666868233799,-15.2735483898392],[124.57618028162219,-15.269629534155204]]]},{"type":"Polygon","coordinates":[[[124.47903425474713,-15.924306041502039],[124.47000012181728,-15.933988084163378],[124.47638556674454,-15.941109928734031],[124.49028011888693,-15.93333634546332],[124.47903425474713,-15.924306041502039]]]},{"type":"Polygon","coordinates":[[[123.97448697754868,-16.067503443893393],[123.98748975521237,-16.075498923402073],[123.99749593213812,-16.07220395629534],[123.98632596752935,-16.06610232019966],[123.97448697754868,-16.067503443893393]]]},{"type":"Polygon","coordinates":[[[123.83032428248599,-16.205810737153445],[123.8355101698946,-16.21350096175977],[123.84027252461941,-16.20379824942954],[123.84167264949403,-16.19439908771519],[123.83032428248599,-16.205810737153445]]]},{"type":"Polygon","coordinates":[[[123.84668023511048,-17.18487672569982],[123.85528634975651,-17.180420643481387],[123.85449262782797,-17.171201486834804],[123.84088341027503,-17.167724992790937],[123.84668023511048,-17.18487672569982]]]},{"type":"Polygon","coordinates":[[[123.62628023605967,-16.334290605676127],[123.63348169502689,-16.343323623132413],[123.65789974096852,-16.343687332923285],[123.63592533827342,-16.33288703730297],[123.62628023605967,-16.334290605676127]]]},{"type":"Polygon","coordinates":[[[123.52868841192969,-16.034789753252195],[123.54028208457639,-16.059691888451365],[123.54107573837393,-16.04180947853473],[123.53832893995936,-16.032899786753596],[123.52868841192969,-16.034789753252195]]]},{"type":"Polygon","coordinates":[[[123.50512652069987,-16.161989013237044],[123.52392602522453,-16.161376572216742],[123.52569631917622,-16.151915427697535],[123.51971219307808,-16.143678863306224],[123.50512652069987,-16.161989013237044]]]},{"type":"Polygon","coordinates":[[[123.39532560894574,-16.07360935723677],[123.41827211277776,-16.087281661576245],[123.41949388775231,-16.074097816507255],[123.40948325940302,-16.07531902536124],[123.39532560894574,-16.07360935723677]]]},{"type":"Polygon","coordinates":[[[123.37890715852491,-16.059691925880408],[123.38268845864731,-16.070005846489906],[123.39532560894574,-16.07360935723677],[123.38867260304447,-16.062927111369508],[123.37890715852491,-16.059691925880408]]]},{"type":"Polygon","coordinates":[[[123.36047322792002,-16.050474517142323],[123.35009694218903,-16.05859490065231],[123.36907934637895,-16.063719828556973],[123.37890715852491,-16.059691925880408],[123.36047322792002,-16.050474517142323]]]},{"type":"Polygon","coordinates":[[[123.4066784226915,-16.342591949774835],[123.41308615514241,-16.349793220213634],[123.42730629173889,-16.33862100404304],[123.41729562275717,-16.334226407239875],[123.4066784226915,-16.342591949774835]]]},{"type":"Polygon","coordinates":[[[123.27252194084562,-16.045409220406277],[123.3035261076855,-16.04278653306299],[123.31347879020619,-16.031309795161132],[123.28027187594404,-16.036928262556597],[123.27252194084562,-16.045409220406277]]]},{"type":"Polygon","coordinates":[[[123.34472818460279,-16.42059421517952],[123.34808143481132,-16.45202498838113],[123.35931388445655,-16.425902182111663],[123.3543107920567,-16.41802782164572],[123.34472818460279,-16.42059421517952]]]},{"type":"Polygon","coordinates":[[[123.48211755641596,-17.355531322016596],[123.47888022645708,-17.339783135372706],[123.46752732843716,-17.343324474350712],[123.47467081511168,-17.349427991409364],[123.48211755641596,-17.355531322016596]]]},{"type":"Polygon","coordinates":[[[123.15289320304464,-16.42041029586816],[123.16247575248057,-16.416381096148807],[123.16772418646649,-16.406128086331847],[123.15747265263377,-16.398620874490366],[123.15289320304464,-16.42041029586816]]]},{"type":"Polygon","coordinates":[[[123.11712671118423,-16.399780124920934],[123.12707497546712,-16.41357512413779],[123.13647478386355,-16.400819532174527],[123.13049510278212,-16.39160100212725],[123.11712671118423,-16.399780124920934]]]},{"type":"Polygon","coordinates":[[[123.09228505123828,-16.42468318778357],[123.11230643644427,-16.435730692008683],[123.10968004577872,-16.42608609980234],[123.10211290300698,-16.41839568841117],[123.09228505123828,-16.42468318778357]]]},{"type":"Polygon","coordinates":[[[117.71520223357196,-20.61186804245959],[117.71942054129912,-20.64997297264832],[117.73838957223448,-20.64699365802531],[117.74400359553121,-20.628674433803393],[117.71520223357196,-20.61186804245959]]]},{"type":"Polygon","coordinates":[[[116.83572485255071,-20.35187874994065],[116.84388945268452,-20.371940837001592],[116.90582194029135,-20.405545997101946],[116.91461079846412,-20.401550543165165],[116.83572485255071,-20.35187874994065]]]},{"type":"Polygon","coordinates":[[[116.67273129303015,-20.65341113298081],[116.66808490707788,-20.66380037632558],[116.69079517886155,-20.65316492083221],[116.68164949728268,-20.648483353495294],[116.67273129303015,-20.65341113298081]]]},{"type":"Polygon","coordinates":[[[116.64179858562537,-20.62346199941038],[116.66731354354947,-20.626654554569587],[116.67452386753097,-20.59701324277755],[116.64749727436006,-20.601304146064255],[116.64179858562537,-20.62346199941038]]]},{"type":"Polygon","coordinates":[[[116.56776406118419,-20.484706276376613],[116.59427789660324,-20.496201385046078],[116.61771494680053,-20.47482704463875],[116.60844446793698,-20.45658749696659],[116.56776406118419,-20.484706276376613]]]},{"type":"Polygon","coordinates":[[[115.8820123136354,-20.949403572813445],[115.89281668393727,-20.95100679429449],[115.90166360498718,-20.954721339920038],[115.89051134815415,-20.934540248059886],[115.8820123136354,-20.949403572813445]]]},{"type":"Polygon","coordinates":[[[115.54663889945219,-20.38165115140746],[115.55326060791845,-20.389718200051774],[115.56197369679025,-20.39739199829217],[115.5556417690526,-20.378056394780256],[115.54663889945219,-20.38165115140746]]]},{"type":"Polygon","coordinates":[[[139.85531674820194,-16.660461880927055],[139.8603511413968,-16.671068744875374],[139.87210085528858,-16.663785375879556],[139.87940931122452,-16.650550786510536],[139.87393355049343,-16.643031727397286],[139.85531674820194,-16.660461880927055]]]},{"type":"Polygon","coordinates":[[[139.0914772715431,-16.833400118797794],[139.11470023526803,-16.845798340865958],[139.15013227751322,-16.820608369724628],[139.13179197097193,-16.798924086443282],[139.09515597124002,-16.817944960076368],[139.0914772715431,-16.833400118797794]]]},{"type":"Polygon","coordinates":[[[136.8101209008723,-11.674363335026394],[136.81985512141998,-11.673743258265056],[136.83720546647854,-11.666096748564042],[136.83300940410564,-11.655624501468452],[136.8200513162539,-11.664031174480927],[136.8101209008723,-11.674363335026394]]]},{"type":"Polygon","coordinates":[[[136.80108676387528,-12.094530021079452],[136.80740529590088,-12.133968747155876],[136.82638767479244,-12.136950632396685],[136.8257455853145,-12.127464309995855],[136.82211137119518,-12.077359295038706],[136.80108676387528,-12.094530021079452]]]},{"type":"Polygon","coordinates":[[[135.84709329588895,-11.981801499564659],[135.867110214597,-11.97972081886242],[135.88395668167007,-11.983511334924243],[135.91426069222814,-11.960313613616929],[135.89917113269598,-11.957927428827066],[135.84709329588895,-11.981801499564659]]]},{"type":"Polygon","coordinates":[[[136.21966455166375,-13.586979188121267],[136.24022101010374,-13.60105224063783],[136.24833654372569,-13.596098363814866],[136.23796025176117,-13.577135766130885],[136.23188694468683,-13.58495503517518],[136.21966455166375,-13.586979188121267]]]},{"type":"Polygon","coordinates":[[[135.60198988838144,-14.500046375468662],[135.61448874478586,-14.515293752771028],[135.61968802337353,-14.506141977552476],[135.62724178390653,-14.50053417747014],[135.6197192431211,-14.489452014784352],[135.60198988838144,-14.500046375468662]]]},{"type":"Polygon","coordinates":[[[132.8576985376581,-11.14562167484922],[132.87458963277317,-11.169718176245203],[132.90657033585555,-11.163361722271972],[132.9155732167996,-11.170374361291131],[132.91413738785948,-11.146689170260021],[132.8576985376581,-11.14562167484922]]]},{"type":"Polygon","coordinates":[[[132.34042500370342,-12.083210870313742],[132.38416874912056,-12.136632370905593],[132.41000480106746,-12.138053544875604],[132.41449066166288,-12.105046424348433],[132.39250286851873,-12.075274982955547],[132.34042500370342,-12.083210870313742]]]},{"type":"Polygon","coordinates":[[[132.12347188826197,-11.564794757575738],[132.11514231038603,-11.624262215985196],[132.1427753265765,-11.620864171155445],[132.14108088047928,-11.593656445359725],[132.1378613975375,-11.58508172059956],[132.12347188826197,-11.564794757575738]]]},{"type":"Polygon","coordinates":[[[129.86582904335063,-14.850834407192476],[129.8683305769676,-14.823053697140073],[129.85861422103983,-14.823333853799033],[129.84666378439724,-14.828890294098246],[129.85526986158968,-14.84249839883583],[129.86582904335063,-14.850834407192476]]]},{"type":"Polygon","coordinates":[[[129.71556175740835,-14.650833203066913],[129.70666583743042,-14.654444117003562],[129.6969450231251,-14.660557007815886],[129.70611742677818,-14.663611219549887],[129.71556175740835,-14.660000465535669],[129.71556175740835,-14.650833203066913]]]},{"type":"Polygon","coordinates":[[[139.07870639902052,-35.55565278340195],[139.0816047894423,-35.5821958963732],[139.10597825616372,-35.58737076849692],[139.19139230689436,-35.506943224179444],[139.13184991251208,-35.50400296375359],[139.07870639902052,-35.55565278340195]]]},{"type":"Polygon","coordinates":[[[129.566939911076,-14.997501990956485],[129.55778539303105,-14.999720146334507],[129.5661150292501,-15.00666753649792],[129.5902699629855,-15.044165544611378],[129.5847184057935,-15.001111359646506],[129.566939911076,-14.997501990956485]]]},{"type":"Polygon","coordinates":[[[129.58667149204211,-15.113609994503964],[129.57972866551904,-15.119998330663288],[129.58277866053385,-15.1294427135597],[129.59527753253627,-15.12388978361026],[129.5997143696966,-15.115831306282933],[129.58667149204211,-15.113609994503964]]]},{"type":"Polygon","coordinates":[[[129.54943799049502,-15.076391161998679],[129.54943799049502,-15.066664551805331],[129.55333079293595,-15.05638637210096],[129.54333345438081,-15.059443575721684],[129.53416557958508,-15.073054305435488],[129.54943799049502,-15.076391161998679]]]},{"type":"Polygon","coordinates":[[[129.48138318050343,-15.05611078538872],[129.48499954080552,-15.041112331732652],[129.4761035608634,-15.036668173207472],[129.47389188496788,-15.047222922981733],[129.46583428728593,-15.055279680190424],[129.48138318050343,-15.05611078538872]]]},{"type":"Polygon","coordinates":[[[129.46945060462312,-15.030001753153105],[129.46221791762227,-15.02333510437758],[129.45748682434123,-15.014389901719236],[129.45277354251235,-15.025001784849037],[129.46000622172247,-15.032499485224514],[129.46945060462312,-15.030001753153105]]]},{"type":"Polygon","coordinates":[[[129.4561179079348,-14.97222148599243],[129.44528227666217,-14.96694447264515],[129.43556142385623,-14.976942689312795],[129.44722198267385,-14.979996764313695],[129.4550031130972,-14.98499780718216],[129.4561179079348,-14.97222148599243]]]},{"type":"Polygon","coordinates":[[[129.15722437748522,-15.119722836987858],[129.17416448668993,-15.140552459600356],[129.18583838773884,-15.140276983130478],[129.17222481719062,-15.12999795033281],[129.1680599852338,-15.118612164056909],[129.15722437748522,-15.119722836987858]]]},{"type":"Polygon","coordinates":[[[129.1441636738509,-15.029166207015301],[129.13278400423798,-15.027219702315378],[129.12333517951177,-15.039721372048842],[129.1347192431412,-15.036668194325634],[129.14860492140883,-15.041667872771656],[129.1441636738509,-15.029166207015301]]]},{"type":"Polygon","coordinates":[[[129.09472561383146,-15.047778447848502],[129.0836180138203,-15.051387031705659],[129.0838944102359,-15.061110001360007],[129.09250048257266,-15.06722435383262],[129.0994433116311,-15.055555291293942],[129.09472561383146,-15.047778447848502]]]},{"type":"Polygon","coordinates":[[[129.04638898519272,-15.010832346008907],[129.03999458118642,-15.018055033852804],[129.05528038168433,-15.021112827637529],[129.06443938809153,-15.01611259633072],[129.05555682154608,-15.008889935219488],[129.04638898519272,-15.010832346008907]]]},{"type":"Polygon","coordinates":[[[129.0386033643728,-15.042498943300556],[129.04138139392782,-15.054999818241782],[129.05332730032057,-15.057221719109078],[129.0607294526223,-15.04789040976207],[129.05082577409706,-15.048333954501897],[129.0386033643728,-15.042498943300556]]]},{"type":"Polygon","coordinates":[[[129.03772045799525,-15.079839995335663],[129.04506017053006,-15.085506012049354],[129.05479436299677,-15.083594404332308],[129.0605153623737,-15.075538693035448],[129.05013903384085,-15.074923006203827],[129.03772045799525,-15.079839995335663]]]},{"type":"Polygon","coordinates":[[[128.52777322221803,-14.979996766236834],[128.51750392536744,-14.986944741895526],[128.52000542420157,-14.99833329943868],[128.52944980310076,-14.99638639695238],[128.5347294277061,-14.986109085621997],[128.52777322221803,-14.979996766236834]]]},{"type":"Polygon","coordinates":[[[128.45723024395966,-14.876943714146442],[128.4527756156024,-14.887777859826052],[128.4606325198916,-14.893091292198248],[128.46945265273263,-14.886110109916267],[128.46664340585147,-14.876771301068274],[128.45723024395966,-14.876943714146442]]]},{"type":"Polygon","coordinates":[[[126.30333723251083,-13.924998573097998],[126.29917246163323,-13.966725929990746],[126.30808171166163,-13.963753081687711],[126.31475701429477,-13.954890491421654],[126.31585838531367,-13.933312587562362],[126.30333723251083,-13.924998573097998]]]},{"type":"Polygon","coordinates":[[[126.15664617609978,-13.999156506113513],[126.20361388633276,-13.981944408183962],[126.22333652885581,-13.983610304927472],[126.21360675757522,-13.96638834978779],[126.15856365086096,-13.988828548434972],[126.15664617609978,-13.999156506113513]]]},{"type":"Polygon","coordinates":[[[126.04683641892323,-13.94537848594664],[126.03919793638494,-13.922098756531405],[126.01305424715537,-13.929166446829338],[126.02277956898733,-13.93999915629885],[126.03573767118336,-13.941267182398622],[126.04683641892323,-13.94537848594664]]]},{"type":"Polygon","coordinates":[[[125.99720659245209,-14.238866288508875],[126.02700233386618,-14.243957713172573],[126.03738308410227,-14.23029970569089],[126.02424661780388,-14.226098401311633],[126.01125273521714,-14.226176238280056],[125.99720659245209,-14.238866288508875]]]},{"type":"Polygon","coordinates":[[[124.99055562789619,-15.362224306256932],[125.00583694612472,-15.376112164950612],[125.0364085803091,-15.327599599183479],[125.01944611400737,-15.31805660369744],[125.01305176921026,-15.324722544323565],[124.99055562789619,-15.362224306256932]]]},{"type":"Polygon","coordinates":[[[124.50152597981365,-15.209664187631594],[124.48761807015076,-15.204337089495489],[124.49278167260512,-15.21348942732373],[124.50977981197224,-15.224069807629007],[124.51472492419855,-15.211992039810339],[124.50152597981365,-15.209664187631594]]]},{"type":"Polygon","coordinates":[[[124.4840329420619,-15.38821058253041],[124.47368782677582,-15.390093634121136],[124.46415871881467,-15.390725593310982],[124.47260425861022,-15.399371107269616],[124.48408647523284,-15.397660080996253],[124.4840329420619,-15.38821058253041]]]},{"type":"Polygon","coordinates":[[[124.45221722341094,-15.951790173767021],[124.47000012181728,-15.933988084163378],[124.46947400712256,-15.920060893209355],[124.4669412536941,-15.91111147441343],[124.46132720149063,-15.903482516599961],[124.45221722341094,-15.951790173767021]]]},{"type":"Polygon","coordinates":[[[124.44469475555775,-15.878818259365465],[124.44833335043043,-15.89444659840994],[124.45722039625345,-15.888888466111322],[124.4485072979995,-15.869704049328805],[124.43916102143349,-15.870832111688282],[124.44469475555775,-15.878818259365465]]]},{"type":"Polygon","coordinates":[[[124.22552545313678,-16.35790991249022],[124.22332713083694,-16.379027987708756],[124.23810018104463,-16.400327629887144],[124.2603154278358,-16.385192663288],[124.24530156806844,-16.386476083833045],[124.22552545313678,-16.35790991249022]]]},{"type":"Polygon","coordinates":[[[123.87127669130749,-16.216797850944076],[123.88531392154765,-16.20562660524814],[123.88171544001439,-16.196715737423062],[123.8739030500162,-16.188108541822324],[123.8724984746685,-16.20031693974216],[123.87127669130749,-16.216797850944076]]]},{"type":"Polygon","coordinates":[[[123.59869179455903,-16.325501128644763],[123.60589775046957,-16.341980029009445],[123.62207087077698,-16.343383546799032],[123.62628023605967,-16.334290605676127],[123.61651486978627,-16.33587818308742],[123.59869179455903,-16.325501128644763]]]},{"type":"Polygon","coordinates":[[[123.52032311800616,-16.062987085215052],[123.52972290153899,-16.093018518141395],[123.55188015182591,-16.08880692162238],[123.5567004287343,-16.069885846607708],[123.54028208457639,-16.059691888451365],[123.52032311800616,-16.062987085215052]]]},{"type":"Polygon","coordinates":[[[123.5609143285445,-16.22760025485996],[123.56689397885471,-16.220094710317767],[123.55511303408692,-16.21978646633939],[123.54449585917583,-16.22509558710968],[123.55188015182591,-16.23388528919274],[123.5609143285445,-16.22760025485996]]]},{"type":"Polygon","coordinates":[[[122.78930697583519,-16.76458697637493],[122.78833043981406,-16.775388694306404],[122.7985239760816,-16.768493535304113],[122.80792376966566,-16.771605968096928],[122.79369924821725,-16.754211545766214],[122.78930697583519,-16.76458697637493]]]},{"type":"Polygon","coordinates":[[[115.51887650609291,-20.450002912795895],[115.53229390287441,-20.4509388399315],[115.53360935892367,-20.437706362713257],[115.52471794152198,-20.441667419783236],[115.51361031203105,-20.441943235015053],[115.51887650609291,-20.450002912795895]]]},{"type":"Polygon","coordinates":[[[136.50308054771932,-11.949172125422715],[136.54838502235742,-11.942584696944454],[136.58363423642214,-11.907598820370177],[136.57704364019196,-11.901324529666006],[136.54437185232905,-11.9172193831644],[136.52319552987862,-11.92693559530553],[136.50308054771932,-11.949172125422715]]]},{"type":"Polygon","coordinates":[[[134.9091659732387,-12.030275890683814],[134.93749910773658,-12.050275438760028],[134.94000065591254,-12.061665726658841],[134.95472905242053,-12.063610577234783],[134.98750342643385,-12.03611107761345],[134.94250662715376,-12.016110397532515],[134.9091659732387,-12.030275890683814]]]},{"type":"Polygon","coordinates":[[[130.41360286699944,-12.566666191287206],[130.39277436320046,-12.600555134182956],[130.39166409589507,-12.612778776532258],[130.40888958724523,-12.60972403365522],[130.40075618947705,-12.605276680821625],[130.43278591978944,-12.577220266049373],[130.41360286699944,-12.566666191287206]]]},{"type":"Polygon","coordinates":[[[130.0230569246821,-13.1452790319077],[130.0225084687134,-13.180830894096516],[130.04194566228063,-13.179723738817897],[130.0516219233508,-13.177222979843021],[130.073609758748,-13.178612270234758],[130.05128300828554,-13.150832760664168],[130.0230569246821,-13.1452790319077]]]},{"type":"Polygon","coordinates":[[[129.77610746301616,-14.772500486867813],[129.7647233799951,-14.776665565589104],[129.75389223805485,-14.770275588500672],[129.7536157289927,-14.77972245047865],[129.76083505928523,-14.785555930520582],[129.77360590872536,-14.781942933152859],[129.77610746301616,-14.772500486867813]]]},{"type":"Polygon","coordinates":[[[129.66332785709707,-14.502779035998806],[129.65249673189552,-14.503612204678047],[129.6519482308532,-14.51277705206231],[129.6633278570971,-14.512777070704601],[129.6730487231448,-14.501389003872122],[129.66749714520066,-14.492776291296135],[129.66332785709707,-14.502779035998806]]]},{"type":"Polygon","coordinates":[[[129.48611427166063,-14.98666475755162],[129.47139034709417,-14.991665633995915],[129.48361275200523,-15.01749938343563],[129.49555863524313,-15.006387604744738],[129.50555594815404,-15.016112646424043],[129.51306063049321,-15.008609977275706],[129.48611427166063,-14.98666475755162]]]},{"type":"Polygon","coordinates":[[[129.27360687790926,-14.980556732314456],[129.2763804878528,-14.971114339033173],[129.28833087826234,-14.974164200075364],[129.28054974454446,-14.960275782664217],[129.26333758602985,-14.950556858058006],[129.26360963293362,-14.974999944909639],[129.27360687790926,-14.980556732314456]]]},{"type":"Polygon","coordinates":[[[129.08555769052504,-14.926110968856324],[129.0813884410622,-14.93555528162308],[129.07943536495267,-14.94444348808595],[129.0813884410622,-14.953886988505701],[129.0916577347115,-14.94666654754708],[129.09110929898415,-14.936111079678309],[129.08555769052504,-14.926110968856324]]]},{"type":"Polygon","coordinates":[[[129.0916577347115,-14.955834300125805],[129.0813884410622,-14.953886988505701],[129.08027811570076,-14.963054416562521],[129.08500475200037,-14.971385754399535],[129.09474341202514,-14.975422110645031],[129.09361083311626,-14.965277319991989],[129.0916577347115,-14.955834300125805]]]},{"type":"Polygon","coordinates":[[[128.5013753023359,-14.943702427329473],[128.49556068108902,-14.929721573263096],[128.48722662084054,-14.948889539864185],[128.49763414826964,-14.951982849427946],[128.50582994535986,-14.957221443914678],[128.51342824475543,-14.95150462583734],[128.5013753023359,-14.943702427329473]]]},{"type":"Polygon","coordinates":[[[128.14721566520257,-15.35333647840708],[128.15138051223258,-15.34360976573769],[128.14528043056623,-15.33277732758507],[128.13555956459032,-15.334725421654019],[128.14193608287496,-15.343055037350481],[128.1372228062451,-15.350833879960904],[128.14721566520257,-15.35333647840708]]]},{"type":"Polygon","coordinates":[[[125.93504227652139,-14.37991307504609],[125.94808959991396,-14.387173879310762],[125.9678479141042,-14.334693080212409],[125.9547960640064,-14.325050035609124],[125.95538470926368,-14.335146673290225],[125.9486068379378,-14.346901812768449],[125.93504227652139,-14.37991307504609]]]},{"type":"Polygon","coordinates":[[[124.34148437813197,-15.372650986168283],[124.36385129096504,-15.396869075869798],[124.37519965430504,-15.391387670481942],[124.35692625849443,-15.3634669177591],[124.34983188005258,-15.35063173907352],[124.34752650635625,-15.363234719620083],[124.34148437813197,-15.372650986168283]]]},{"type":"Polygon","coordinates":[[[124.39735252236918,-15.678506477740784],[124.39194357045749,-15.663333820690218],[124.3844433967527,-15.66888956140313],[124.38194181469773,-15.657503116422422],[124.37444164037551,-15.679721512525683],[124.3838904402576,-15.678055712135897],[124.39735252236918,-15.678506477740784]]]},{"type":"Polygon","coordinates":[[[123.87731877977293,-16.24407886577797],[123.89972125461772,-16.269712346837196],[123.90972747569093,-16.278380250482265],[123.94110172407844,-16.278624189105415],[123.88287476456769,-16.236509734805907],[123.87408585780875,-16.232301188563103],[123.87731877977293,-16.24407886577797]]]},{"type":"Polygon","coordinates":[[[123.85748463437345,-16.259704217273033],[123.86328152581802,-16.267700483491378],[123.86932354136361,-16.278196125907613],[123.88208102428757,-16.29071152725627],[123.88708420681158,-16.278808250139566],[123.87091097908738,-16.259400308084178],[123.85748463437345,-16.259704217273033]]]},{"type":"Polygon","coordinates":[[[123.42889367664353,-16.08752584339877],[123.43231380080303,-16.10729772186885],[123.44427313817259,-16.104187525066983],[123.45110891619512,-16.09680155598654],[123.44091990456519,-16.09332271231261],[123.44171361586675,-16.074706260114596],[123.42889367664353,-16.08752584339877]]]},{"type":"Polygon","coordinates":[[[123.3895242593537,-16.130006249729636],[123.40032871053495,-16.134825204747166],[123.40728938589442,-16.12738037534404],[123.41387992573945,-16.13751089522549],[123.41729562275717,-16.127196151243673],[123.39251633667178,-16.110292275082085],[123.3895242593537,-16.130006249729636]]]},{"type":"Polygon","coordinates":[[[123.3065181100888,-16.131895276662277],[123.32269126012469,-16.148925823204543],[123.32189759464639,-16.16131658381959],[123.33428940677682,-16.16528251182783],[123.35748118246008,-16.164794275256583],[123.31610073595479,-16.132996088663926],[123.3065181100888,-16.131895276662277]]]},{"type":"Polygon","coordinates":[[[123.34832665426977,-16.546692793431752],[123.35327183748615,-16.5551773779182],[123.34832665426977,-16.565187402203943],[123.3911117553457,-16.604307953639445],[123.37970086897033,-16.56841857392314],[123.35528732210037,-16.53082120552009],[123.34832665426977,-16.546692793431752]]]},{"type":"Polygon","coordinates":[[[136.38041512918053,-11.907912972485882],[136.43218977708813,-11.884804789301565],[136.42723120685332,-11.866926866976488],[136.42027506189797,-11.874249224445196],[136.41836657308997,-11.862104875468932],[136.40412865333624,-11.859394893858836],[136.40916295441107,-11.868118208936716],[136.38041512918053,-11.907912972485882]]]},{"type":"Polygon","coordinates":[[[135.94973731961196,-11.68447238003522],[135.96994154518057,-11.708929214571096],[135.99180451294006,-11.714849843346752],[136.02772699337424,-11.687502894671177],[136.0328995554649,-11.67463404999186],[136.05491860660277,-11.65442355735415],[136.0229022550415,-11.639295242265023],[135.94973731961196,-11.68447238003522]]]},{"type":"Polygon","coordinates":[[[136.78500273256995,-15.580276172177014],[136.79347059363437,-15.57455051639979],[136.82752923667132,-15.584872033435845],[136.83999682565354,-15.577501403880397],[136.83081113090762,-15.57049564628373],[136.83667035041583,-15.557776379491427],[136.78473076195837,-15.570280908097725],[136.78500273256995,-15.580276172177014]]]},{"type":"Polygon","coordinates":[[[133.39653186005938,-11.525837456806775],[133.41917515659557,-11.521944490297342],[133.44471688238215,-11.509443792746888],[133.49249170189051,-11.513332594935079],[133.46221890238678,-11.466113178659786],[133.40583797271765,-11.490833762777122],[133.3919390057873,-11.496667294114177],[133.39653186005938,-11.525837456806775]]]},{"type":"Polygon","coordinates":[[[130.4847254698727,-12.582777832787265],[130.49083004108743,-12.611664808197085],[130.50389069734348,-12.648889268316077],[130.51277327677764,-12.652778916528593],[130.50666874462124,-12.596664691057146],[130.51777635317376,-12.578887083858477],[130.51832482425303,-12.561160499224423],[130.4847254698727,-12.582777832787265]]]},{"type":"Polygon","coordinates":[[[129.11416725046277,-15.095834523406106],[129.11889835840978,-15.10361386188877],[129.11610250078752,-15.115000468237419],[129.1252749156275,-15.116666457637082],[129.13611050456555,-15.115831339880382],[129.1311029800923,-15.1033340613518],[129.12584124322723,-15.094999254547009],[129.11416725046277,-15.095834523406106]]]},{"type":"Polygon","coordinates":[[[129.0402844473414,-14.941664593980038],[129.03055018893207,-14.952779856619372],[129.04243371013703,-14.958931756116879],[129.04834204045014,-14.95166405512237],[129.05888330803035,-14.957777181464282],[129.05444207067575,-14.944167737759702],[129.04527415362463,-14.931113288966397],[129.0402844473414,-14.941664593980038]]]},{"type":"Polygon","coordinates":[[[129.04638898519275,-14.973057143033706],[129.04749926492008,-14.991941287890855],[129.04916254118956,-15.000835758986462],[129.05833490804176,-14.997222012933932],[129.06333798875525,-14.9858334161497],[129.05417007836505,-14.983890762690553],[129.05555682154608,-14.97027867523202],[129.04638898519275,-14.973057143033706]]]},{"type":"Polygon","coordinates":[[[128.97917242882158,-14.923331854296164],[128.98861684973642,-14.922776044471922],[128.99945245498392,-14.924167801356134],[128.99749933730143,-14.914722949350226],[129.00681892180702,-14.911564461882135],[129.0047142126118,-14.902222537903384],[128.9877785392885,-14.912499512023192],[128.97917242882158,-14.923331854296164]]]},{"type":"Polygon","coordinates":[[[124.18645484314355,-15.924224595029253],[124.18810473358053,-15.933525004789624],[124.19631835144105,-15.9558159475678],[124.23555844164852,-15.969286256363517],[124.22015228446118,-15.947292573915538],[124.22301499489708,-15.922380769423308],[124.21255399598617,-15.928066537358312],[124.18645484314355,-15.924224595029253]]]},{"type":"Polygon","coordinates":[[[124.10388120469813,-16.25250383813092],[124.11370907398683,-16.256896000924527],[124.12152145211338,-16.251587712905607],[124.14068659411458,-16.247191213882477],[124.11987153214793,-16.240722429685526],[124.11791842278078,-16.229796644299928],[124.10730134712284,-16.235229655179026],[124.10388120469813,-16.25250383813092]]]},{"type":"Polygon","coordinates":[[[123.0749971517429,-12.268333157866943],[123.08529770936181,-12.276359085805634],[123.10056120651606,-12.273609739718953],[123.12151447272483,-12.274690295547856],[123.12222351994126,-12.258611871952517],[123.09639192603903,-12.25527842330752],[123.08444150257108,-12.262498717776404],[123.0749971517429,-12.268333157866943]]]},{"type":"Polygon","coordinates":[[[123.02555907082846,-12.275278544038482],[123.03694317508656,-12.27944393065246],[123.0749971517429,-12.268333157866943],[123.04956244044591,-12.258681644439172],[123.03392884968558,-12.261221954322755],[123.02555907082846,-12.26611093714549],[123.01638668900571,-12.268328750226065],[123.02555907082846,-12.275278544038482]]]},{"type":"Polygon","coordinates":[[[123.37811344153722,-16.506410592871948],[123.38391025810978,-16.51880007171572],[123.39587408611844,-16.528320366322387],[123.39673021430664,-16.510497741057918],[123.38751325655352,-16.507996742078795],[123.39446946825123,-16.497804133515363],[123.38488683062589,-16.498719076830564],[123.37811344153722,-16.506410592871948]]]},{"type":"Polygon","coordinates":[[[115.54250529174617,-20.46221911893434],[115.52944014326386,-20.465837065651225],[115.51806051748866,-20.45944509127293],[115.51555443316241,-20.481978647396307],[115.5206467326168,-20.489710418437063],[115.52682707886105,-20.47507355163248],[115.53805510064294,-20.470557685622797],[115.54250529174617,-20.46221911893434]]]},{"type":"Polygon","coordinates":[[[135.68830915728915,-14.901546007980462],[135.7119424031749,-14.907259838919332],[135.73617762540374,-14.89703426789293],[135.76135365668594,-14.90086513557456],[135.76035931585486,-14.850881821017062],[135.7238615631005,-14.836468215533497],[135.7092891945903,-14.85750205863933],[135.7196789321743,-14.871091137664004],[135.68830915728915,-14.901546007980462]]]},{"type":"Polygon","coordinates":[[[129.64778347962994,-14.96666442294642],[129.635561032171,-14.974719918961371],[129.6433243481162,-14.981668105755812],[129.63915956431376,-14.99305691089047],[129.65055699291315,-14.994168138458598],[129.6594395524361,-14.997502000122159],[129.66638237610317,-14.982223768895038],[129.65167181282402,-14.975831274627533],[129.64778347962994,-14.96666442294642]]]},{"type":"Polygon","coordinates":[[[129.6102734519841,-14.941113176236508],[129.62444894903265,-14.953887055025966],[129.64166109916147,-14.924443539932806],[129.6319447223537,-14.920001240214141],[129.63833462389965,-14.911667901519872],[129.64833193906466,-14.90444602253603],[129.63806263453287,-14.901110737495062],[129.62110909464664,-14.918053657667036],[129.6102734519841,-14.941113176236508]]]},{"type":"Polygon","coordinates":[[[129.647506964123,-15.044165494120179],[129.65554674943826,-15.051111405308925],[129.6655574071783,-15.063611764544827],[129.6652853807341,-15.053888824248144],[129.66360430145036,-15.04444114266395],[129.6594395524361,-15.03305502157177],[129.65666147887694,-15.024441894089998],[129.64639222622773,-15.034446047142923],[129.647506964123,-15.044165494120179]]]},{"type":"Polygon","coordinates":[[[139.02330203231756,-35.5947172788468],[139.0411072002751,-35.605833593161265],[139.0613871899814,-35.616944765553285],[139.0779260378916,-35.60383593788777],[139.06585523252753,-35.59935471300712],[139.07253941690976,-35.587573810987585],[139.0619490956076,-35.56749996846367],[139.03527917650428,-35.59249816343923],[139.02330203231756,-35.5947172788468]],[[139.05303978344836,-35.59342641263133],[139.05537633305048,-35.6025923644851],[139.06585523252753,-35.59935471300712],[139.05303978344836,-35.59342641263133]]]},{"type":"Polygon","coordinates":[[[129.48889228624552,-15.081389946358454],[129.49694989422818,-15.076111308261348],[129.50944432618724,-15.071667841705628],[129.50706309851589,-15.059262763198936],[129.50639426707357,-15.049720542534914],[129.48138318050343,-15.05611078538872],[129.4894407363768,-15.061110015712984],[129.4886158484882,-15.07083254078627],[129.48889228624552,-15.081389946358454]]]},{"type":"Polygon","coordinates":[[[129.4561179079348,-14.932224864966113],[129.4555516253059,-14.941944691943435],[129.46583428728593,-14.972777179882893],[129.46972704867494,-14.982223734571765],[129.47139034709417,-14.991665633995915],[129.47944793538593,-14.977778350972663],[129.48639072055326,-14.963890176787078],[129.46999906842203,-14.937778496511584],[129.4561179079348,-14.932224864966113]]]},{"type":"Polygon","coordinates":[[[129.11361884997964,-15.065553641406789],[129.1227733565692,-15.061389902533522],[129.12167193409363,-15.049444960662257],[129.13139282870927,-15.04611190329132],[129.12333517951177,-15.039721372048842],[129.11416725046277,-15.04305447409111],[129.1033316513046,-15.044165532648796],[129.11361884997964,-15.055279674110917],[129.11361884997964,-15.065553641406789]]]},{"type":"Polygon","coordinates":[[[128.8552718965778,-14.86138969084201],[128.85166892531103,-14.870276599411268],[128.86583105318786,-14.871668657160845],[128.86357028792705,-14.888243265713848],[128.87138259392918,-14.87972341971244],[128.87971670259807,-14.868608727099108],[128.87416061693358,-14.858333896995978],[128.8655545919464,-14.862462838254734],[128.8552718965778,-14.86138969084201]]]},{"type":"Polygon","coordinates":[[[128.40138444326746,-15.001387068639893],[128.40138444326746,-15.011387941338937],[128.41221561274162,-15.008889925762011],[128.41888643729212,-15.002239847682432],[128.4183334980397,-14.988331748567255],[128.4160593093023,-14.978829424228927],[128.4061110560993,-14.976386971204185],[128.40500078441897,-14.986109128189495],[128.40138444326746,-15.001387068639893]]]},{"type":"Polygon","coordinates":[[[136.10403557026794,-34.932251705966166],[136.0848257668376,-34.95912401880424],[136.15667531515254,-35.016417598863626],[136.15383931288844,-35.04355800710997],[136.18003653359375,-35.054764982686386],[136.19444386401537,-35.0486104801107],[136.18666275046624,-35.006388719559006],[136.12936325868083,-34.95714691811391],[136.10403557026794,-34.932251705966166]]]},{"type":"Polygon","coordinates":[[[135.39218021415533,-34.53299390835626],[135.3923630413767,-34.598046532006734],[135.40356436566603,-34.59965789261055],[135.40307826624078,-34.58807307333951],[135.41589373037218,-34.59081890172078],[135.40811261483773,-34.55255616550896],[135.41928267455947,-34.548619104836035],[135.41357498818394,-34.5391649577208],[135.39218021415533,-34.53299390835626]]]},{"type":"Polygon","coordinates":[[[125.52898313683612,-14.423901869533468],[125.5191553263487,-14.430133429453834],[125.50533209281426,-14.434978595008237],[125.51671612797702,-14.438934190514145],[125.52370354439762,-14.48475910778086],[125.56377305702264,-14.487232942199126],[125.54505819266959,-14.477121573576975],[125.53275110447088,-14.432404910884097],[125.52898313683612,-14.423901869533468]]]},{"type":"Polygon","coordinates":[[[116.59619086128924,-20.60642962343535],[116.60697745321524,-20.612222781250352],[116.64749727436006,-20.601304146064255],[116.64981156084528,-20.57970245334264],[116.66514642514379,-20.567758566985916],[116.67060884399329,-20.553291962579127],[116.66088795994732,-20.552218955219416],[116.64528111474532,-20.561112088544483],[116.59619086128924,-20.60642962343535]]]},{"type":"Polygon","coordinates":[[[136.51648015382474,-11.7985856112329],[136.58242577862163,-11.78752039452319],[136.5885302949364,-11.76943092907545],[136.5795140094241,-11.76644501066108],[136.5689370406681,-11.762088289738802],[136.56571756273343,-11.77727099893722],[136.55653178629112,-11.773364093139334],[136.54774289041396,-11.780981405445601],[136.5382985498384,-11.764829813334492],[136.51648015382474,-11.7985856112329]]]},{"type":"Polygon","coordinates":[[[136.45852519810546,-11.890979063674006],[136.4655750755608,-11.897349599922425],[136.4826222227081,-11.890385652981795],[136.48553396264103,-11.835523148222316],[136.497132122406,-11.822800938274076],[136.49943749848043,-11.798105493746442],[136.47825673216704,-11.809301163817867],[136.4708412208471,-11.826589324713826],[136.46929840408268,-11.835819934748786],[136.45852519810546,-11.890979063674006]]]},{"type":"Polygon","coordinates":[[[129.7963874154138,-14.820277615770298],[129.7936094219236,-14.811664502893649],[129.7944477516398,-14.79000100998857],[129.78388859116026,-14.79055715782315],[129.77166622779365,-14.7977785649807],[129.75889528711267,-14.803891801180106],[129.76499983878716,-14.817501401399875],[129.75222899791393,-14.818609315090793],[129.76612798520594,-14.826618599533612],[129.7963874154138,-14.820277615770298]]]},{"type":"Polygon","coordinates":[[[129.39166161100172,-14.936942670594252],[129.39111316908458,-14.950276787749516],[129.41389464026412,-14.947502380142947],[129.40666198259206,-14.941113195765194],[129.41805949711116,-14.939441539328925],[129.41638283673666,-14.921664399088499],[129.40666198259206,-14.920001254761914],[129.39639272101178,-14.917777869236385],[129.4041604314542,-14.931944809907833],[129.39166161100172,-14.936942670594252]]]},{"type":"Polygon","coordinates":[[[125.44885310484088,-14.48714657785382],[125.4688967809355,-14.509621453008359],[125.48362072750541,-14.507661517347692],[125.49463026671502,-14.504384983601556],[125.50164883049891,-14.513575616531204],[125.49927662148129,-14.495660191504676],[125.488280498317,-14.493756288881853],[125.48471764506897,-14.485432634844106],[125.47324436702263,-14.496031470438417],[125.44885310484088,-14.48714657785382]]]},{"type":"Polygon","coordinates":[[[124.27553428422287,-15.280310348757508],[124.23117962163444,-15.306526155279474],[124.22694350273377,-15.314719224652466],[124.21778002494406,-15.317222256162834],[124.23456406433311,-15.321664873733376],[124.24263062659585,-15.315833151802744],[124.25666784480106,-15.303334850732188],[124.27431697960789,-15.311192579673703],[124.28509463467182,-15.300371398225792],[124.27553428422287,-15.280310348757508]]]},{"type":"Polygon","coordinates":[[[133.4061144985913,-11.58722211575197],[133.35166882641505,-11.631944804841698],[133.36222801987824,-11.655554643147308],[133.37722841208708,-11.680276016551206],[133.40110692804942,-11.662498288083414],[133.38776975871318,-11.642500884230685],[133.41139401633464,-11.626109738384757],[133.41749412913697,-11.63583189090842],[133.47999733083648,-11.616107720454004],[133.46417197506258,-11.591944148838113],[133.4061144985913,-11.58722211575197]]]},{"type":"Polygon","coordinates":[[[129.2655492703067,-14.86694516155939],[129.2924956198931,-14.889445615758945],[129.3066711622141,-14.896387891313438],[129.30861081779554,-14.906945286747455],[129.31611547077603,-14.8955561954977],[129.32055674222707,-14.886946157147218],[129.30221647448494,-14.887497749114067],[129.2983415396535,-14.877223863329975],[129.30639470850593,-14.866665010761842],[129.30471806315185,-14.857497764774525],[129.2655492703067,-14.86694516155939]]]},{"type":"Polygon","coordinates":[[[128.62249790470028,-14.788332499996825],[128.61999630055533,-14.80444358146136],[128.6094505581393,-14.812500846050272],[128.62472744873904,-14.812500815275527],[128.62693914933251,-14.82277778518357],[128.63667337779114,-14.810832516750164],[128.64444115566613,-14.804999719932843],[128.65098707064962,-14.814561427250508],[128.68417173013572,-14.81000046435189],[128.6794450402048,-14.802223337893215],[128.62249790470028,-14.788332499996825]]]},{"type":"Polygon","coordinates":[[[124.05828688706552,-16.104307483947277],[124.0670758068242,-16.108214506866062],[124.06689295904827,-16.120912007845472],[124.07428168732109,-16.114991780265445],[124.08410512062224,-16.11602846833921],[124.08587538507784,-16.106201054118326],[124.10028273912062,-16.103394906445125],[124.07531623462172,-16.08148038880278],[124.06512266427042,-16.08801430838485],[124.07629274402223,-16.09368681786785],[124.05828688706552,-16.104307483947277]]]},{"type":"Polygon","coordinates":[[[124.07031305216118,-16.142702278820966],[124.07251145158955,-16.152283777938692],[124.0808722749274,-16.158506956529],[124.07067873357619,-16.17541535338178],[124.08587538507784,-16.16699135192742],[124.0993061482506,-16.156309803046035],[124.09552037894089,-16.147580897589844],[124.087890856933,-16.136902665447494],[124.0797129078798,-16.14141727039457],[124.06786947406192,-16.13378860007376],[124.07031305216118,-16.142702278820966]]]},{"type":"Polygon","coordinates":[[[123.80590627662579,-16.242798825703172],[123.80889831900053,-16.26361249486596],[123.81768719981875,-16.269592472223277],[123.8270869912687,-16.24749937864056],[123.83691479613786,-16.248231467577867],[123.83752570394793,-16.232421099918156],[123.83251813424528,-16.223875327687974],[123.82311838240254,-16.226684009834834],[123.81872617770314,-16.23919832058995],[123.80908108480278,-16.23272504718392],[123.80590627662579,-16.242798825703172]]]},{"type":"Polygon","coordinates":[[[116.46538762867708,-20.61353331559265],[116.55532764301488,-20.616709384922295],[116.56040211641572,-20.609000742930963],[116.55393192716545,-20.59624521387938],[116.55763305757878,-20.587579561018757],[116.55336123641962,-20.573607474618342],[116.53960482985653,-20.583993772443673],[116.51953891612472,-20.600803254224694],[116.50788728370522,-20.583935391132133],[116.47630350416284,-20.596771196582395],[116.46538762867708,-20.61353331559265]]]},{"type":"Polygon","coordinates":[[[125.99008985430751,-14.295777015227394],[125.99069185409222,-14.31666384423501],[125.9678479141042,-14.334693080212409],[125.99107975907471,-14.330273380805261],[126.01104766624636,-14.345234264844617],[126.02134818823244,-14.347087575703686],[126.02362229739278,-14.32818665332654],[126.0457171795798,-14.332489712609418],[126.02143286148856,-14.301061543604588],[126.01065081059699,-14.305792870364321],[126.00084077878789,-14.284650119116934],[125.99008985430751,-14.295777015227394]]]},{"type":"Polygon","coordinates":[[[123.43969814599228,-16.223207433114993],[123.460874370392,-16.235289596947396],[123.47430517952876,-16.23822219606221],[123.48168944716208,-16.283079959798872],[123.50390472829208,-16.27581623903702],[123.49151734942502,-16.257692210236858],[123.50750765871146,-16.255491932830626],[123.51751836932141,-16.249511455443425],[123.49871879608357,-16.24450698163071],[123.47412236121231,-16.212708792730545],[123.44873227280645,-16.217101891599828],[123.43969814599228,-16.223207433114993]]]},{"type":"Polygon","coordinates":[[[123.16388038352919,-16.42712541426745],[123.17547404088205,-16.42968738777511],[123.19110320973985,-16.432189417759457],[123.19512980659826,-16.42132558890464],[123.20452961399864,-16.4274889210962],[123.2279042165519,-16.398924521091303],[123.21209667020865,-16.39782516177134],[123.18408017395802,-16.389526184643927],[123.16870070407641,-16.388307001105915],[123.1781004754218,-16.40411335429124],[123.16247575248057,-16.416381096148807],[123.16388038352919,-16.42712541426745]]]},{"type":"Polygon","coordinates":[[[116.79884362291122,-20.452325930615388],[116.80556349452416,-20.477245734274216],[116.78696458477299,-20.5122562410026],[116.80305305131003,-20.510046872353097],[116.82428729923396,-20.470578565482207],[116.81451293374477,-20.466626603109074],[116.83494005179445,-20.42394622559136],[116.8320238328475,-20.414372382584098],[116.82072443002339,-20.416833786477817],[116.81851269808934,-20.434342680658965],[116.81802223783092,-20.44366881536496],[116.79884362291122,-20.452325930615388]]]},{"type":"Polygon","coordinates":[[[136.4969493063222,-15.638889423150708],[136.53491404566049,-15.65332540011747],[136.56138775701191,-15.645557894684858],[136.5922224061342,-15.63807782444624],[136.59971817616542,-15.59888662943714],[136.61277886208808,-15.528331395978359],[136.57556325713603,-15.514165945613955],[136.55360220202581,-15.534445025606221],[136.5166629685411,-15.542221001406734],[136.5180497822447,-15.581109432399014],[136.50610378813445,-15.597224499442898],[136.50721859539127,-15.631112802145292],[136.4969493063222,-15.638889423150708]]]},{"type":"Polygon","coordinates":[[[129.673338585558,-14.677221042842813],[129.66305589951884,-14.680831483998046],[129.65916308934717,-14.691666793991475],[129.654159924094,-14.683609400128965],[129.64500543069298,-14.690834326508067],[129.654159924094,-14.700280300423756],[129.6594395524361,-14.708608786172285],[129.6708370011198,-14.712223065166404],[129.671661899142,-14.701108405788581],[129.68472267212465,-14.695553035260943],[129.6791665608001,-14.687776164780002],[129.68278292721888,-14.677221028058707],[129.673338585558,-14.677221042842813]]]},{"type":"Polygon","coordinates":[[[129.27999676449372,-14.900554921839948],[129.2788865116435,-14.910831986995284],[129.28666761351553,-14.918609525850062],[129.2933339528666,-14.924999357916281],[129.3034516799998,-14.922047910230603],[129.31277564042125,-14.923056089509776],[129.32638485007658,-14.93250062056031],[129.31944198049703,-14.916110402232237],[129.318327198961,-14.906665160924767],[129.30861081779554,-14.906945286747455],[129.29916197470612,-14.913891289133646],[129.2927721347733,-14.90722106533798],[129.27999676449372,-14.900554921839948]]]},{"type":"Polygon","coordinates":[[[126.50638691053227,-13.86805602078581],[126.51083258781613,-13.901946177116091],[126.5427775783179,-13.904166690126171],[126.55027779580706,-13.896111370279836],[126.55945016082666,-13.900556732832865],[126.56361500880513,-13.891111724485148],[126.571663706901,-13.901110833332718],[126.59444522473133,-13.8994399704546],[126.61389131576563,-13.9111094171197],[126.61055590502995,-13.891111739164849],[126.6005542192801,-13.89250126477409],[126.58972301246578,-13.890834745795201],[126.50638691053227,-13.86805602078581]]]},{"type":"Polygon","coordinates":[[[124.95384826629694,-15.098929938878271],[124.9727548712878,-15.08539402749051],[124.97905111623874,-15.048626733088051],[124.96084020026828,-15.04392003209772],[124.95028104803903,-15.040832417160303],[124.94000281720884,-15.063056254109874],[124.9402614159887,-15.074328798762759],[124.94975482646295,-15.07326958687191],[124.94949171444824,-15.063934654656144],[124.95982346156799,-15.063693587439685],[124.96170966238142,-15.073101711754594],[124.96360927732219,-15.082642893575198],[124.95384826629694,-15.098929938878271]],[[124.9674396634177,-15.053458202489193],[124.96084020026828,-15.04392003209772],[124.95812906615879,-15.052816645455076],[124.9674396634177,-15.053458202489193]]]},{"type":"Polygon","coordinates":[[[123.70147852680144,-16.11041222720456],[123.76208668257456,-16.14977813475763],[123.77868785670387,-16.153200387112495],[123.78912221241418,-16.160584246931478],[123.78808767584205,-16.150818942890137],[123.79388447749632,-16.137086804098395],[123.78570646794016,-16.131406959735394],[123.79290794371325,-16.11969110632356],[123.77948163092299,-16.111877350322864],[123.77392558063728,-16.124998670102933],[123.73608559540017,-16.113890842334513],[123.7266858185737,-16.11090062575132],[123.70147852680144,-16.11041222720456]]]},{"type":"Polygon","coordinates":[[[116.81540028834193,-20.516378206665784],[116.82910757480464,-20.525035374636946],[116.83333475643953,-20.515831115945794],[116.84271224979038,-20.52242537741486],[116.84717582565246,-20.514177349535377],[116.86093215731412,-20.517150848904407],[116.88120320725487,-20.49493159503326],[116.88440040492273,-20.482116449915825],[116.86126658597695,-20.489200841079928],[116.8727041662172,-20.454774235237593],[116.87632055266113,-20.431881571146732],[116.84715353496611,-20.459035718503067],[116.81540028834193,-20.516378206665784]]]},{"type":"Polygon","coordinates":[[[128.35000670185048,-14.971945768237642],[128.35972749540397,-14.980556728325974],[128.368529786486,-14.986427813621862],[128.37916474775218,-14.978609734571341],[128.39054885751844,-14.991109937509231],[128.39332687252994,-14.98166807891562],[128.4061110560993,-14.976386971204185],[128.39305041756708,-14.946666514644932],[128.39952054375485,-14.94016533986186],[128.39527993546247,-14.930833195390315],[128.40695382551954,-14.928334226757624],[128.40083151890332,-14.908332785585523],[128.38749882691127,-14.921664370436611],[128.3619392462373,-14.885834315616016],[128.35000670185048,-14.971945768237642]],[[128.370558700461,-14.952779802125383],[128.3647172503896,-14.96111158815448],[128.3733679195234,-14.965044689480987],[128.370558700461,-14.952779802125383]]]},{"type":"Polygon","coordinates":[[[125.15607298822714,-15.042231984518983],[125.1491614041178,-15.051404217375191],[125.16998982454568,-15.081110092177688],[125.17084596404959,-15.090702564177503],[125.17085938703883,-15.119933760409962],[125.20004414722088,-15.123407644512307],[125.21587402371607,-15.09623916263138],[125.22834609740625,-15.096191788056336],[125.2610223780983,-15.087215225635134],[125.2301698374243,-15.084830020575971],[125.21839337334285,-15.066888480509736],[125.17646002425755,-15.067060711344643],[125.16822852367761,-15.026009523841207],[125.15704951048687,-15.031590814400372],[125.15607298822714,-15.042231984518983]]]},{"type":"Polygon","coordinates":[[[115.31593385510055,-20.827426280485582],[115.31555045009608,-20.872780937111305],[115.32610955562134,-20.878609698491033],[115.33110825906795,-20.870001881363052],[115.36666954222878,-20.872222667020377],[115.37964552848422,-20.89212461482295],[115.4188901192861,-20.85527658297144],[115.4537602184667,-20.805519157656477],[115.47338919915985,-20.75101251183705],[115.47301467188791,-20.737680972581845],[115.47607359854722,-20.728977509857543],[115.46175992273858,-20.687859696111115],[115.45903092443527,-20.673888445834834],[115.4293377677191,-20.67131851080178],[115.31593385510055,-20.827426280485582]]]},{"type":"Polygon","coordinates":[[[128.12249884548498,-15.105555493118413],[128.11999733563803,-15.143333025695544],[128.1694487455397,-15.175001361491463],[128.15916603807017,-15.186663837739607],[128.18916242007464,-15.207220077671542],[128.18833752683474,-15.197499486708333],[128.19694358502306,-15.181387853708348],[128.20027006277613,-15.129722481062707],[128.17999449223257,-15.113610037736487],[128.15943805982803,-15.088890051420066],[128.14388914915074,-15.056110790999934],[128.13499331616453,-15.047498547568987],[128.12750199089044,-15.041943448158607],[128.1230607632131,-15.087499378813918],[128.12527242218195,-15.096389883901649],[128.12249884548498,-15.105555493118413]]]},{"type":"Polygon","coordinates":[[[139.42347511613937,-17.078822757664163],[139.39521781528097,-17.091072689591698],[139.41334402845237,-17.124728059283484],[139.42849610965402,-17.12703354483618],[139.44168165184323,-17.100883946203783],[139.4733145403482,-17.096864901871964],[139.48599174976317,-17.121348806411206],[139.51789657314782,-17.1209183228504],[139.52763527566378,-17.10235009656479],[139.56841819635451,-17.093459463336256],[139.55351143978254,-17.040256300111054],[139.55712775984333,-17.031776339477428],[139.491712794323,-16.97980938144936],[139.48829707019524,-17.018601531626164],[139.47644035378576,-17.021513689006305],[139.4618055390844,-17.025410767360942],[139.42347511613937,-17.078822757664163]]]},{"type":"Polygon","coordinates":[[[136.83888203761921,-15.613411370459414],[136.851394285648,-15.627780426637603],[136.83721884630089,-15.628055291120363],[136.84433113096003,-15.645970152269637],[136.88227803405067,-15.63214764395699],[136.87199538280973,-15.615000372403959],[136.86340263848703,-15.610061587187143],[136.87194633897448,-15.605831305283683],[136.90167067189242,-15.585834149955637],[136.87437654417604,-15.53062993428134],[136.87472430713643,-15.512954247851148],[136.8608386564864,-15.517500102927693],[136.85360602700086,-15.538058098536398],[136.83667035041583,-15.557776379491427],[136.8555591186156,-15.582625659661486],[136.83103848560845,-15.602846490401213],[136.83888203761921,-15.613411370459414]]]},{"type":"Polygon","coordinates":[[[136.1319585090873,-13.372329855502365],[136.13291719742992,-13.40596591604387],[136.13890128316308,-13.423437103431825],[136.13229293649425,-13.443838844053289],[136.12388754799926,-13.479446591656641],[136.12762420586964,-13.501161654702653],[136.15028537502914,-13.511146921182387],[136.1425621953602,-13.519948275845858],[136.14868014790272,-13.528636518392025],[136.1677873844541,-13.515005707108132],[136.14245519070943,-13.470192820536854],[136.1633461171118,-13.48593789282797],[136.17825284922233,-13.464399239720263],[136.20041012364575,-13.468224050818435],[136.204940601906,-13.460292514618464],[136.17582712289456,-13.435000017504242],[136.17143041445868,-13.421081972067906],[136.1319585090873,-13.372329855502365]]]},{"type":"Polygon","coordinates":[[[124.88784910706926,-14.964695723538027],[124.88311801219183,-14.993806329580321],[124.89316442486991,-14.995012400538796],[124.90054422553733,-14.989119978616786],[124.90389295222452,-15.009721151895043],[124.91666384734542,-15.012223522752928],[124.92388762913113,-15.036112603618394],[124.94055122402813,-15.03805483424618],[124.95028104803903,-15.040832417160303],[124.95909662341717,-15.029441848490338],[124.94611172901304,-15.024166233070781],[124.95888711591263,-15.006667499076999],[124.93805859011154,-15.005836290375836],[124.93806304882021,-14.955920414231969],[124.93222168694274,-14.94666654226734],[124.92694204778171,-14.937778463526087],[124.92222432057969,-14.948333828393084],[124.90837883898281,-14.974099607709757],[124.88784910706926,-14.964695723538027]],[[124.92040060090952,-14.981207154916017],[124.90837883898281,-14.974099607709757],[124.9127443202769,-14.990416516829468],[124.92040060090952,-14.981207154916017]]]},{"type":"Polygon","coordinates":[[[136.73800831000378,-15.716519217448432],[136.73153813102036,-15.756876550523137],[136.78614874707904,-15.736456399826471],[136.8019429090872,-15.734846867068788],[136.8074320397251,-15.7464607404076],[136.81115540632715,-15.738070183165268],[136.82499641736084,-15.730833832600041],[136.7822247582506,-15.692776565454679],[136.8005828343059,-15.684448225922747],[136.81527561166246,-15.699722411229773],[136.82665964886127,-15.687925592690195],[136.82665964886127,-15.667777574000546],[136.78514097070783,-15.64701352301158],[136.77528189680848,-15.644166647157283],[136.7469487639207,-15.646944800835453],[136.73805287071752,-15.654166954996056],[136.73638961727548,-15.693334639741774],[136.72278045616136,-15.695554051358846],[136.7386013248637,-15.70319086735266],[136.74777373320546,-15.716390462458737],[136.73800831000378,-15.716519217448432]]]},{"type":"Polygon","coordinates":[[[129.67527823529952,-14.66138959906063],[129.6730487231448,-14.652498466528458],[129.6837461169311,-14.65735604177431],[129.69138899545968,-14.640276324109733],[129.70056136466522,-14.641945916567222],[129.70750418024087,-14.634167113278945],[129.72416786595682,-14.63083205768491],[129.71333221440693,-14.624442205890537],[129.72416786595682,-14.618056417650227],[129.75193911540916,-14.585831444508832],[129.7238913798084,-14.580001246569894],[129.67805625428412,-14.613612192633969],[129.6102734519841,-14.613331733543252],[129.5836169589942,-14.621111278575068],[129.5819403506921,-14.63027977221955],[129.58223016924424,-14.640276338824632],[129.6008290857102,-14.67499955325804],[129.6275034296439,-14.682776846706822],[129.65499827560583,-14.665276351350368],[129.66250741395504,-14.659167865492705],[129.67527823529952,-14.66138959906063]]]},{"type":"Polygon","coordinates":[[[128.23750352885352,-15.299167166299743],[128.24499486969188,-15.286388252632749],[128.23138563937005,-15.289721786628728],[128.21360726832785,-15.261391669805555],[128.13389636264006,-15.190554108599526],[128.12249884548498,-15.188053829068254],[128.11833407354627,-15.20249970486357],[128.1130544940302,-15.215554756725627],[128.11305449403022,-15.229168331312847],[128.11361632887497,-15.238612155961185],[128.11833407354627,-15.252499603523578],[128.12916526949925,-15.254723730565095],[128.13110491661843,-15.267779852064725],[128.14472748468486,-15.279721093234018],[128.13806114386188,-15.286943107425573],[128.14971721602035,-15.294719793470662],[128.16139118415202,-15.285278480869184],[128.16888245887907,-15.290835788304365],[128.1788931129019,-15.273608556085444],[128.20554967095333,-15.30166607494256],[128.2263959145092,-15.299442381846433],[128.23750352885352,-15.299167166299743]]]},{"type":"Polygon","coordinates":[[[136.1213235484608,-12.052015394673685],[136.13379114706453,-12.073949424900295],[136.17138585131462,-12.07443343229046],[136.19642815775416,-12.075724123902763],[136.20931945949368,-12.057148035866176],[136.2999863273881,-12.016673069413464],[136.3204045702299,-11.98366404982457],[136.30680874839481,-11.98174914738779],[136.30247453727614,-11.972335853542543],[136.28598026445187,-11.97292908626938],[136.27501089754642,-11.984955126152459],[136.24850601975348,-12.015709154101598],[136.20918121372202,-12.03138799703079],[136.20168988617533,-12.015142154646202],[136.2078568770409,-12.00786286507561],[136.20451254686503,-11.998071078853004],[136.18985102976322,-12.001320533001932],[136.18467841660657,-12.029211758290996],[136.17094437935975,-12.018234386510999],[136.15213146267166,-12.040873274098358],[136.14239724210384,-12.042050743042555],[136.14584410157892,-12.059507206837592],[136.1213235484608,-12.052015394673685]]]},{"type":"Polygon","coordinates":[[[124.34249662336327,-15.308668026693196],[124.3324903904875,-15.328459688148989],[124.32068717555092,-15.325049397767183],[124.31556807636322,-15.338836529731964],[124.30942344684217,-15.347273428116415],[124.32015203812574,-15.354110463267016],[124.351602076403,-15.319862863629357],[124.37207830911635,-15.331599032903016],[124.38045696963914,-15.320318769974076],[124.39298258422401,-15.336918546328732],[124.39713394593575,-15.324623693946561],[124.40875440268177,-15.305386429018338],[124.42055317358704,-15.305278910591312],[124.42973894715122,-15.314925668765934],[124.43771182998195,-15.327500705157068],[124.46056916533068,-15.305386417095182],[124.4467771981632,-15.280013596672639],[124.45188279422887,-15.261361580772684],[124.44518971346659,-15.254697893572182],[124.43356482944247,-15.258281395735757],[124.42334901862066,-15.259133170553701],[124.39356223566836,-15.285261292730837],[124.36549223353552,-15.297442370149785],[124.34249662336327,-15.308668026693196]]]},{"type":"Polygon","coordinates":[[[132.47215130341908,-11.036523821485922],[132.47999487026073,-11.07027885537793],[132.51194874122143,-11.086632014993913],[132.500016226012,-11.150622280569843],[132.4723073666309,-11.15150602591871],[132.54518244520582,-11.271476174339103],[132.57335059105816,-11.330952833780358],[132.59269860666208,-11.34408656146406],[132.60971007366024,-11.289637093162018],[132.61973413853082,-11.231726403841847],[132.60278514444863,-11.20456879730459],[132.63250949540958,-11.188887171633183],[132.60221879975663,-11.171669272342205],[132.5853099182324,-11.175584484062385],[132.59034865427563,-11.140249128874373],[132.60722189545467,-11.140109163728187],[132.61250150078723,-11.124507160463198],[132.58166680580123,-10.997499206547419],[132.59594928498421,-10.970017800421447],[132.5641648116807,-10.984446077431137],[132.55004731656626,-11.04078665134288],[132.5406341511154,-11.044686167689365],[132.5310961774316,-11.045180659329143],[132.49586479858573,-11.056997015173364],[132.47215130341908,-11.036523821485922]]]},{"type":"Polygon","coordinates":[[[136.11084017375845,-13.804443885036047],[136.11361822967567,-13.823124095600555],[136.1691741556916,-13.839720167934717],[136.1697226030763,-13.829852740433177],[136.14924644387924,-13.778105469649221],[136.19026122606314,-13.77208560720819],[136.20216258068209,-13.809129220802216],[136.20573432004483,-13.836195819391271],[136.2006241691793,-13.85574800217828],[136.24691859297008,-13.851946792471912],[136.25972064835568,-13.787853911958543],[136.2813874420809,-13.791110493413093],[136.2762906424503,-13.756680075887466],[136.2570630583365,-13.760097351811117],[136.26887517964843,-13.737752015141739],[136.29742234189075,-13.738332469906675],[136.29301233449667,-13.707680555786611],[136.25416459184672,-13.687336133608243],[136.24554516817128,-13.672635632089495],[136.19943361211702,-13.665993433653087],[136.18888786273286,-13.673055875442554],[136.18429496849052,-13.702347692548742],[136.1771381161369,-13.723899370809537],[136.17108266256145,-13.749156689890448],[136.12666110418772,-13.731947708253633],[136.12046738200868,-13.722326881135196],[136.11240976746487,-13.772250200338917],[136.11084017375845,-13.804443885036047]]]},{"type":"Polygon","coordinates":[[[135.55917361526448,-12.052778581712024],[135.56492580480406,-12.07007292314883],[135.6480568065528,-12.017776461240098],[135.73558010500906,-11.996130114078941],[135.7504556568427,-11.97268049565891],[135.79798964524875,-11.964928904465113],[135.8847370286578,-11.8587228500226],[135.90579291759485,-11.837561335064375],[135.93576247287308,-11.795595604353098],[135.93083074207573,-11.777668251443982],[135.92500268828968,-11.769169006308204],[135.91583029257876,-11.769723393939731],[135.8995813366704,-11.757430319012924],[135.87417786386905,-11.75552253580176],[135.86866638655968,-11.786546982405188],[135.88577151732073,-11.805691529971044],[135.85813844231066,-11.846276593145758],[135.83798330508924,-11.84029770152897],[135.81554960005107,-11.878447053752456],[135.76731999271436,-11.91348031505258],[135.72444123254056,-11.939666074853442],[135.70486579995048,-11.93718370702145],[135.66552758658509,-11.936708201840359],[135.65408108814853,-11.968004264582238],[135.61987087188788,-11.972916059874208],[135.61563028047368,-11.961818625031729],[135.5851879510253,-11.957971085744505],[135.5720693273235,-11.991567744540749],[135.5574969225288,-12.04083401628729],[135.55917361526448,-12.052778581712024]]]},{"type":"Polygon","coordinates":[[[136.93916281225543,-15.68999911272833],[136.93972908736984,-15.72055828755361],[136.9438938666482,-15.73222443612485],[136.96026770345821,-15.711655836084669],[136.9663544128338,-15.727799287645253],[136.9805611049306,-15.71472067502644],[136.9700019712526,-15.74972244667845],[136.98277278734807,-15.750555026135727],[136.97833150565987,-15.760833318216424],[137.0080559201327,-15.800555451374683],[137.03639351129652,-15.800834308698377],[137.0483394490693,-15.838056230049842],[137.07472394327613,-15.841389367735204],[137.103881984109,-15.781109425415579],[137.07805038965017,-15.751112933662903],[137.08638000774948,-15.746924260255149],[137.08277706712624,-15.72027929823101],[137.09222586496318,-15.71833484515536],[137.08111381148578,-15.670555368149861],[137.07861227061898,-15.654725126900598],[137.06165873931965,-15.63944331264565],[137.03138595695032,-15.632224960278709],[137.0269491106439,-15.613888039468016],[137.0191635629311,-15.603056965781944],[137.0108339387242,-15.586388240998582],[136.99749678381818,-15.585975880843387],[136.9947187519836,-15.629446618285506],[136.98083309353072,-15.644166670327275],[136.98052989564766,-15.653681801103824],[136.97111668702286,-15.64555788129737],[136.95416320078473,-15.648610863259794],[136.9377760019575,-15.661109779111014],[136.94746565365222,-15.67675915480566],[136.93916281225543,-15.68999911272833]],[[136.99050931786064,-15.673771056941781],[136.99130305537182,-15.659534041721766],[136.98052989564766,-15.653681801103824],[136.9681692656967,-15.654944154199423],[136.99050931786064,-15.673771056941781]]]},{"type":"Polygon","coordinates":[[[125.0894450609505,-14.638610962632912],[125.10270643366648,-14.633990286962739],[125.11409949947755,-14.63529321081337],[125.13527575194091,-14.633619201028063],[125.13785755140111,-14.653231789655283],[125.1536115777675,-14.646389594730936],[125.16040725676987,-14.630404873047954],[125.17416355776099,-14.627742863773323],[125.1821809911068,-14.633192108259104],[125.1887046778693,-14.612222797435697],[125.19917908319042,-14.610613303365914],[125.21026447103046,-14.610941264004948],[125.21342595454436,-14.601771879506192],[125.20381208154711,-14.580860056966094],[125.2034464492956,-14.571831879107465],[125.19304781468533,-14.566445848305552],[125.18305051006,-14.561530113905867],[125.19515253813292,-14.556225902558483],[125.2116690958894,-14.530833555493338],[125.21183847773536,-14.518203229994564],[125.20875726726925,-14.48928800316937],[125.19319056350407,-14.474254698356237],[125.18385316713106,-14.473304816235364],[125.18589991178288,-14.462540856549449],[125.16652515911073,-14.440035350403223],[125.15011560217907,-14.459816258157906],[125.15161833079156,-14.468874934639892],[125.1198427951982,-14.502930136939497],[125.13804034400471,-14.527449392094965],[125.14337791285077,-14.535029105456815],[125.14382831753805,-14.54439981230278],[125.13249772305552,-14.552363063400735],[125.10479782258163,-14.549756165239952],[125.09709244702728,-14.614565751407],[125.09722175742857,-14.624998756710383],[125.08865140447404,-14.62894656002226],[125.0894450609505,-14.638610962632912]],[[125.13438391226676,-14.569932970205457],[125.14675794470125,-14.56391248219961],[125.13757219942879,-14.56100787717669],[125.13438391226676,-14.569932970205457]]]},{"type":"Polygon","coordinates":[[[124.45749685682998,-15.369851975732034],[124.47637220342608,-15.366270354143373],[124.4840329420619,-15.38821058253041],[124.4933391046493,-15.380832913812352],[124.50412563057465,-15.384053137940398],[124.50260065126629,-15.394384175962044],[124.51604485302245,-15.39330079022477],[124.5339035722437,-15.379117467097547],[124.54612145863685,-15.367138882180393],[124.5473343474653,-15.379074491696882],[124.5588923702643,-15.391503758503097],[124.55297061157289,-15.401413127247169],[124.5310140387247,-15.419188555218732],[124.52388835199328,-15.411945319143895],[124.51390893058304,-15.439283554530201],[124.55243553027447,-15.447424217192024],[124.63657429648116,-15.411429440467957],[124.65479422771739,-15.397875027341769],[124.62126174979407,-15.389091929284193],[124.62601521585603,-15.376692538504273],[124.63581625967245,-15.37154605332871],[124.62281800937471,-15.367641953472422],[124.59728967057454,-15.343811836928518],[124.58749298236458,-15.339881448338886],[124.58683748795772,-15.320847726649456],[124.5763854026523,-15.313558011442494],[124.5682207399145,-15.31842216980516],[124.55988226248897,-15.309265802468303],[124.5666868233799,-15.2735483898392],[124.56282973424855,-15.263280162591483],[124.5554276168354,-15.254831267477138],[124.5228137725429,-15.279923264590158],[124.49967989857514,-15.28173847999728],[124.49844478739924,-15.291644409940897],[124.5067921668253,-15.304306849691445],[124.50463843230614,-15.323075423494508],[124.49102039408714,-15.321858396741645],[124.48636063229564,-15.342861486283207],[124.4766709323129,-15.343889280273629],[124.45749685682998,-15.369851975732034]],[[124.5283341236663,-15.305218675248945],[124.52055298743916,-15.29972194075432],[124.51514407751664,-15.311493623580317],[124.5283341236663,-15.305218675248945]],[[124.52917686246543,-15.369998191036391],[124.52415598041205,-15.377771720718377],[124.5339035722437,-15.379117467097547],[124.52917686246543,-15.369998191036391]]]},{"type":"Polygon","coordinates":[[[136.49525480221334,-11.435380895777639],[136.52505502927653,-11.435699913719658],[136.52644178386996,-11.445787065827806],[136.59169181334198,-11.375978441772334],[136.62497010484407,-11.32222145558669],[136.6322339673665,-11.280541441923498],[136.64765799947298,-11.27389883338371],[136.6795048522416,-11.2421224422053],[136.6715676862438,-11.220818187454213],[136.7095949041572,-11.201773739219213],[136.76524449768374,-11.026645591640396],[136.752379937977,-11.019296886384172],[136.74188324810075,-11.030777243300674],[136.74236932418296,-11.039850046659854],[136.721117193079,-11.044616135416064],[136.71966357939525,-11.05648933759851],[136.73625143950892,-11.064335996205784],[136.72294544318638,-11.068825951328767],[136.7358411873155,-11.073429632999686],[136.71926666390152,-11.094490957433118],[136.6992052157733,-11.092775691164665],[136.714383946127,-11.102817911674768],[136.7199534137654,-11.118967966638719],[136.70933624536394,-11.122590748004011],[136.70413253253537,-11.14139539312038],[136.68869061886812,-11.191314962288518],[136.66839726897524,-11.192968460920383],[136.65248272502552,-11.188174168678161],[136.6315918568252,-11.213194413081881],[136.62205385952302,-11.211383621515177],[136.61906624489427,-11.239240279735203],[136.58625615609736,-11.278853503333686],[136.58733973888263,-11.288268338242203],[136.574448457996,-11.334774099400379],[136.56511108490116,-11.335744708585104],[136.5673985941644,-11.345293269097688],[136.55427550229896,-11.344370763383361],[136.5539990511588,-11.358037281295573],[136.51698401602468,-11.383978161274715],[136.4997094604914,-11.39868310135467],[136.49700723471906,-11.414012273783786],[136.49525480221334,-11.435380895777639]]]},{"type":"Polygon","coordinates":[[[136.16139299500813,-11.681075128515463],[136.15164095438737,-11.69036739885296],[136.1650851355502,-11.694236179225719],[136.2067554802392,-11.668053176545005],[136.21690438056248,-11.66410541020247],[136.230714172552,-11.655925855587391],[136.2294924309886,-11.66733259984157],[136.2665876650645,-11.656502302319385],[136.27261193196173,-11.630783066763327],[136.2616871372793,-11.62486058099853],[136.2877639398763,-11.62236229542688],[136.29531768230305,-11.64057051683197],[136.31442043449854,-11.622580649493393],[136.33732683560666,-11.61831780196125],[136.35284453106902,-11.59542119148298],[136.37790018889484,-11.583482902373017],[136.3702706776429,-11.569141487015324],[136.41950806556628,-11.543064639985706],[136.43025003247632,-11.546647115364001],[136.4365864716092,-11.534628114248235],[136.4632741381188,-11.512926233165496],[136.47160373131987,-11.475246545007597],[136.45272839602828,-11.48161352043763],[136.43721073719027,-11.495588029896956],[136.42927348002596,-11.490921145251919],[136.40977382730514,-11.518824823467575],[136.39189286008954,-11.524242727986477],[136.38288991016483,-11.546149033452897],[136.3670824161548,-11.532587738716694],[136.36608807645274,-11.551094545577845],[136.34265101920707,-11.570041347223361],[136.3391283339744,-11.581932181495155],[136.2960043575004,-11.578323920058994],[136.2991480064438,-11.60105592026911],[136.27915789242866,-11.597421743043252],[136.26706033038676,-11.573723988429304],[136.24464444978221,-11.60824121934998],[136.22844005340266,-11.626402326893047],[136.23193156316165,-11.644675810424546],[136.21015777447866,-11.641500772258322],[136.2082983186059,-11.655851619800881],[136.1689467560484,-11.641133894159937],[136.1706411933562,-11.681328341630417],[136.16139299500813,-11.681075128515463]]]},{"type":"Polygon","coordinates":[[[130.02824286200496,-11.76454171768654],[130.0238952143492,-11.798611809875592],[130.05471658628588,-11.820832541161025],[130.1541589955644,-11.817223027284017],[130.32548657706863,-11.774568914152072],[130.51187247258176,-11.831804791424753],[130.57194553615201,-11.812500515831598],[130.60473777394267,-11.827916112953098],[130.63607628466477,-11.77508835042133],[130.64182854799157,-11.747581463987524],[130.5893092927545,-11.722494983729383],[130.58917098563944,-11.713378458460173],[130.56326361557603,-11.705191613438329],[130.54089235490363,-11.691978691404259],[130.4722311114686,-11.674446286101638],[130.45562539843291,-11.567079538699746],[130.4198455474473,-11.546083498867356],[130.39971716197132,-11.534999477111405],[130.37832688311056,-11.517500960155852],[130.3691723379008,-11.518610718104659],[130.3786791889989,-11.508508784111996],[130.38596976706845,-11.473323763791006],[130.40006949538545,-11.439908758293768],[130.3558351680384,-11.349446599570637],[130.3491688377783,-11.33999871842725],[130.33410596938748,-11.321316340022815],[130.2853992227719,-11.343334592104359],[130.24708660286896,-11.352769224973168],[130.25451545322954,-11.372800335760836],[130.24249376027288,-11.372778495214806],[130.23855638751505,-11.383571599687492],[130.20922887790573,-11.418400634538846],[130.17735074799882,-11.439143959969842],[130.1508324987542,-11.48972383297851],[130.19027770263833,-11.489688878627758],[130.20461812524545,-11.514429296545309],[130.17428732983188,-11.558434023061697],[130.2008368197604,-11.587222149884436],[130.19049172575146,-11.640452608663312],[130.19958379717698,-11.65126603074637],[130.14727859465296,-11.70861921449493],[130.07881354001807,-11.669511675277487],[130.06472720542092,-11.764646441546736],[130.02824286200496,-11.76454171768654]],[[130.38360642655363,-11.539722393339416],[130.39611872918437,-11.549722748726984],[130.39971716197132,-11.534999477111405],[130.38360642655363,-11.539722393339416]],[[130.38610801075984,-11.548613070521167],[130.3788932324702,-11.554720629822471],[130.39027282896777,-11.558608752763812],[130.38610801075984,-11.548613070521167]],[[130.29223505837564,-11.714526728197047],[130.30084106957446,-11.710832918948823],[130.2933364452056,-11.703611003793638],[130.29223505837564,-11.714526728197047]],[[130.26583717676877,-11.554834197210356],[130.26777688894788,-11.545825754970684],[130.25852871792048,-11.546280150535944],[130.26583717676877,-11.554834197210356]],[[130.22915654779115,-11.512179095576071],[130.23652750955563,-11.502456988251962],[130.22048809007623,-11.501364584968382],[130.22915654779115,-11.512179095576071]],[[130.26541357004515,-11.707173949048741],[130.26730418593385,-11.69610504298138],[130.2576770309523,-11.702034687429713],[130.26541357004515,-11.707173949048741]],[[130.21388413630066,-11.518335450772854],[130.21502567738634,-11.509081135983632],[130.20461812524545,-11.514429296545309],[130.21388413630066,-11.518335450772854]],[[130.22003326575776,-11.707558219503698],[130.2247331572333,-11.697545985870885],[130.21566778949187,-11.695279766418892],[130.22003326575776,-11.707558219503698]],[[130.4497215392442,-11.686782399915948],[130.4455567365866,-11.697222915902474],[130.45619170250143,-11.693808265036694],[130.46360723217018,-11.685555370315175],[130.4497215392442,-11.686782399915948]],[[130.21672012055643,-11.675834975025126],[130.24999843193208,-11.697013317404751],[130.2541677083767,-11.674166804588596],[130.21353186217408,-11.635019552492194],[130.19958379717698,-11.65126603074637],[130.21672012055643,-11.675834975025126]]]},{"type":"Polygon","coordinates":[[[136.82333316685964,-35.242779583159184],[136.85841294823672,-35.289647049981674],[136.89279263081974,-35.29695524621787],[136.9439072747321,-35.27470835907504],[136.98194789876095,-35.247222456961964],[137.00138953164299,-35.22361044264852],[137.09790231283958,-35.233885794409055],[137.15911689133506,-35.23962569273106],[137.19068731194577,-35.22156325620755],[137.23112688004304,-35.169593522260385],[137.31197935525444,-35.16512090136882],[137.34118640457893,-35.165394276153954],[137.3696132254681,-35.12294114927513],[137.44515925506056,-35.098016103209986],[137.51737888359654,-35.115456769363],[137.59480229464194,-35.13836369029375],[137.64711194025514,-35.167964134613136],[137.6798239717304,-35.167384584896794],[137.71380673038644,-35.13555575966658],[137.753724639543,-35.117185695075705],[137.73435872734203,-35.06198848364],[137.7244862836437,-35.0552979286718],[137.7649972472324,-35.04040372717863],[137.76852437560137,-34.97213669910568],[137.7994838898497,-34.9093454781827],[137.83209334010343,-34.813999688126465],[137.85992254350455,-34.76812598919918],[137.8872078499175,-34.64538664830696],[137.50399710725068,-34.57937244595673],[137.49415591728464,-34.670390595680495],[137.45556685985662,-34.87987436549972],[137.43044868242592,-34.928471623185324],[137.37028653281948,-34.95203029594262],[137.3409411657776,-34.92948793941272],[137.30218713436398,-34.92030034480078],[137.27042938863718,-34.89392363070445],[137.07788097242428,-34.91821256532895],[137.01690719634595,-34.89367494552373],[136.9964577941582,-34.933779740444955],[136.97227604702974,-34.95209605941518],[136.96113722044075,-35.00719954007981],[136.9238903629266,-35.02805547166448],[136.96082954577784,-35.07916684779582],[136.91808906386936,-35.14801170223496],[136.90509077419821,-35.15258736619615],[136.89686377831714,-35.1595178354457],[136.87367200047484,-35.19186201928724],[136.83622889687572,-35.194329011784916],[136.84249838733237,-35.23388944366631],[136.8300173931313,-35.23223586066341],[136.8342268072283,-35.24084940620783],[136.82333316685964,-35.242779583159184]]]},{"type":"Polygon","coordinates":[[[139.15167067111176,-16.631517545002225],[139.169511504414,-16.671747906891735],[139.1392520215168,-16.712999137486285],[139.14826832431837,-16.749066408152785],[139.16009386305154,-16.74981363246883],[139.16191319731797,-16.740624555823313],[139.18565343013765,-16.732583765212617],[139.17980756338514,-16.67269199415677],[139.19541889872497,-16.672820118686264],[139.1994008943278,-16.70849347304666],[139.21115059827216,-16.70892909473092],[139.23471247307955,-16.730333285697142],[139.2813858713407,-16.732972368591394],[139.28999193711738,-16.738890898441483],[139.35499676242304,-16.683609987182372],[139.3577747224883,-16.693058021653453],[139.3652794273366,-16.685280108311634],[139.387846949304,-16.63954971430731],[139.41601507076172,-16.662807174875883],[139.42881716770705,-16.670628788717096],[139.45156747207264,-16.66660902991256],[139.44618090128694,-16.639408742061857],[139.44921752081842,-16.62838567105349],[139.47141942039508,-16.618827572039965],[139.46821774729574,-16.608440039841543],[139.46925228073866,-16.59227009420573],[139.46055705897083,-16.574166943967327],[139.46317897566496,-16.565166054568035],[139.4775551319063,-16.5656918024691],[139.49012977827923,-16.559400311841046],[139.5087911477866,-16.578265509048876],[139.51080218299842,-16.542926985576937],[139.48093956814986,-16.536386891202927],[139.47888392120845,-16.52749965692349],[139.5292048576911,-16.50821904503539],[139.55680669565436,-16.483997988863916],[139.5876012536746,-16.530906647669614],[139.59158323130546,-16.55024912109764],[139.6793962968592,-16.519437053835336],[139.69706774695453,-16.53457867411758],[139.71035583333784,-16.52868372168136],[139.70129498682144,-16.485627060642848],[139.73197803036658,-16.50155372326967],[139.72202981064873,-16.45194801740564],[139.70114337156585,-16.47393670115959],[139.68644617211677,-16.46768501418406],[139.66938566385022,-16.45066073598378],[139.61815054186604,-16.42197147046783],[139.5873426203147,-16.400481616567117],[139.55027861617947,-16.389723028752513],[139.46055705897083,-16.44722239664876],[139.36195291162298,-16.453598764124965],[139.29580660005672,-16.472239065385406],[139.24198971892105,-16.512789286499164],[139.2135942067239,-16.55230508560535],[139.1855642353284,-16.588958112358988],[139.15167067111176,-16.631517545002225]]]},{"type":"Polygon","coordinates":[[[136.54527255683305,-35.900554382684994],[136.5933372358433,-35.95971902241013],[136.64999452183326,-35.96472136470988],[136.70529188926847,-36.04472349931303],[136.7083731067059,-36.0579435472603],[136.7433324888507,-36.04431249108612],[136.77448822220848,-36.04385820996376],[136.8036819111662,-36.0333222311229],[136.82129094534747,-36.032373900696015],[136.86138719331896,-36.01722357849598],[136.91253747230078,-36.0423294381735],[137.0016615575452,-36.02083377710191],[137.08917143443858,-36.02500285273865],[137.10716388159014,-36.020238739771344],[137.1377399385418,-36.02805016225656],[137.1777782364417,-36.00944352106448],[137.19555667963343,-35.97777804886175],[137.37176695830965,-35.99848815573909],[137.4458326438905,-36.06166722478323],[137.45889333576426,-36.07805595474277],[137.557787271489,-36.02388845335923],[137.6052722016023,-36.00749930271749],[137.6133253755511,-35.971942867768945],[137.60471928527468,-35.9233321862028],[137.6763904358551,-35.881112055492906],[137.73083605451814,-35.87138910525714],[137.7500012935594,-35.85360939110521],[137.8922287262019,-35.8677792193173],[137.95062070410145,-35.86993653814813],[138.0361194700605,-35.90333201178008],[138.12809739973164,-35.837954871820095],[138.12499830957478,-35.8119414738495],[138.06889386678435,-35.784443717298615],[138.05917301289546,-35.75166758687903],[137.96814050005895,-35.719902566166354],[137.89419520196574,-35.72608569101434],[137.87548930617447,-35.77083052551098],[137.8290120590734,-35.80027873663168],[137.78247246829,-35.78611850019772],[137.77586402931868,-35.79694418159264],[137.7646493940504,-35.79753009304058],[137.7918410532628,-35.764784752783875],[137.79870805709513,-35.747864178716725],[137.769104074195,-35.72249460737167],[137.6506480306601,-35.73689425124734],[137.58130008128168,-35.729108319806485],[137.58196900073412,-35.71728149639602],[137.58666885212403,-35.708610200039324],[137.6427598891829,-35.651841595965834],[137.6258241950416,-35.639358225601256],[137.5758376707157,-35.63499848575054],[137.57302850459274,-35.61523742128116],[137.62397814083036,-35.59334297001348],[137.6321874009513,-35.57114157175502],[137.6124246224412,-35.568569966720695],[137.5572833572714,-35.576741446644746],[137.50723440302252,-35.59367292664569],[137.49261300802655,-35.576146655027486],[137.43261585671155,-35.59353880359683],[137.30952235965856,-35.58174257935513],[137.16375880710405,-35.63230574085681],[137.12770253623427,-35.64224646223152],[137.03874343717587,-35.67026787864391],[136.94139232098817,-35.67555655495244],[136.92721688195752,-35.68000093397121],[136.7791613371239,-35.706390634477664],[136.73611318834986,-35.72249828163338],[136.62361004260515,-35.74638758845825],[136.58078042274667,-35.759122070280505],[136.55952388203755,-35.853052798556206],[136.5325017326305,-35.87722450672936],[136.54694922180965,-35.889446636185404],[136.54527255683305,-35.900554382684994]],[[137.7505497154155,-35.83544967827679],[137.77416959388646,-35.81972285288766],[137.7646493940504,-35.79753009304058],[137.74447646141226,-35.80883518394291],[137.7505497154155,-35.83544967827679]],[[137.78624040877173,-35.823833799682326],[137.80557060138128,-35.826653917364396],[137.80548142479574,-35.81309861858315],[137.7795115774657,-35.81101931751001],[137.77416959388646,-35.81972285288766],[137.78624040877173,-35.823833799682326]]]},{"type":"Polygon","coordinates":[[[135.11132821540096,-34.58948276098045],[135.145003345342,-34.59067941783358],[135.170197251431,-34.557403746581954],[135.20552228347591,-34.556687698567394],[135.22888350339505,-34.54389583203606],[135.29420488278947,-34.593289374736834],[135.34521696175867,-34.63894087887163],[135.33671350652622,-34.67036858834062],[135.32055813259433,-34.68166688850031],[135.40789857473666,-34.70110985425733],[135.48916566486034,-34.76333093635898],[135.6198886809095,-34.90529011449753],[135.61929118107966,-34.918556272895266],[135.61505056953627,-34.92768557529821],[135.6277010707805,-34.9460581083582],[135.67638996187426,-34.94355069479201],[135.68670831651167,-34.94799893797094],[135.68885763330758,-34.91255237075884],[135.70796040654133,-34.89006133222071],[135.72709441957963,-34.85988073605124],[135.83529446526856,-34.87558698674455],[135.85678289422614,-34.89561338917065],[135.8551642141404,-34.90628112235691],[135.8570549137881,-34.92775872064584],[135.8845051635703,-34.929385562507484],[135.9284049794729,-34.957684105478315],[135.94299514605532,-34.99163168571725],[135.94666949607978,-35.0058335506657],[135.9982612957871,-34.9840001382339],[135.97135948729272,-34.89099032370399],[135.96069333327418,-34.849591213449514],[136.00381286801743,-34.8067579870531],[136.01600850961654,-34.79441481606865],[136.00372368604846,-34.77502313046221],[136.013533672886,-34.757407324774874],[135.9991932117765,-34.72137284069947],[135.97997894836251,-34.73456975212038],[135.9895035605174,-34.754883155806155],[135.9866319201338,-34.76370465841985],[135.9664321690443,-34.785823683123006],[135.95065145370387,-34.76449590260573],[135.90330473628154,-34.795923501508014],[135.82179236195813,-34.81639023593442],[135.78665015271667,-34.81044475563635],[135.85942272310382,-34.75289017080003],[135.8654781401433,-34.769224903558495],[135.8936150853708,-34.74569802161746],[135.88040275797462,-34.73543453709472],[135.87768717811218,-34.72039793848661],[135.86598205595146,-34.721222568068285],[135.8545667242287,-34.665325813821106],[135.87393263974286,-34.622730908571846],[135.9124770616642,-34.61968884853669],[135.9244542514776,-34.637565132850426],[135.93249399797452,-34.61364854687019],[135.90210073029016,-34.59252950970303],[135.95368809206326,-34.51280973297567],[135.98127651563976,-34.50628393213299],[135.99424807806213,-34.518787658627865],[136.0183851759981,-34.50437312795913],[136.03564637920198,-34.480749009315396],[136.07513618896135,-34.485652282138716],[136.08508444323593,-34.514404401608054],[136.09171956792065,-34.52349763512418],[136.11230275637746,-34.50443928206545],[136.11737274780313,-34.427011181441735],[136.10862846368542,-34.419456074595956],[136.1177963941651,-34.40125706232632],[136.11056373180267,-34.36230721334802],[136.12676807406046,-34.34656979222606],[135.31385611933345,-34.19928672561456],[135.3591784177345,-34.34223645344864],[135.3494709912715,-34.36818914717597],[135.36279479767722,-34.39704055338297],[135.36930949138218,-34.43065981089619],[135.38949586474467,-34.462714046768696],[135.38699433218517,-34.506960047598994],[135.38171476289253,-34.52917350650255],[135.39218021415533,-34.53299390835626],[135.40474156107317,-34.50714745274806],[135.41357498818394,-34.5391649577208],[135.43609791945386,-34.53242448514225],[135.43810900656464,-34.606323156584125],[135.44992115347412,-34.60376870332992],[135.45922728969023,-34.58717737146473],[135.50657851886587,-34.59990379236889],[135.50915585348505,-34.62026131786381],[135.46859585857305,-34.61500268440298],[135.45729203553984,-34.61056577873627],[135.43092541001974,-34.63379720985576],[135.39770509763284,-34.636596590192774],[135.3987886380306,-34.62706803968531],[135.35607939859014,-34.610778682108965],[135.34661712718395,-34.57566057979851],[135.29899397773377,-34.552523104312286],[135.32670723281876,-34.51854878201791],[135.22015258469654,-34.49706392417454],[135.2061153110528,-34.42840516346428],[135.1383370014198,-34.50555268401516],[135.11132821540096,-34.58948276098045]],[[135.3850992230433,-34.631104174439315],[135.3893576046896,-34.64244447527855],[135.39770509763284,-34.636596590192774],[135.3850992230433,-34.631104174439315]]]},{"type":"Polygon","coordinates":[[[130.37333718691795,-11.174442705105836],[130.36787477966502,-11.261579710870674],[130.39116017869063,-11.281503507271827],[130.40611156826043,-11.310057389349527],[130.38908223308027,-11.354168219289074],[130.3997662398869,-11.367270296717187],[130.40855511517395,-11.364406832012495],[130.42082209689855,-11.422002227289436],[130.42169164765028,-11.439436736308613],[130.43896616822127,-11.508399514155062],[130.48320048965377,-11.550504793481009],[130.4911019963508,-11.557499124131484],[130.49278308980166,-11.566389261699673],[130.47917391599,-11.627778177483115],[130.5238808889841,-11.677345832976322],[130.55937085337618,-11.677424500150645],[130.57168690815408,-11.700218294951611],[130.5832047828034,-11.692096573578468],[130.58917098563944,-11.713378458460173],[130.63726689298073,-11.738762620029766],[130.64182854799157,-11.747581463987524],[130.66590771251617,-11.759726555376309],[130.67545911863724,-11.763380464549497],[130.6928406839431,-11.798838762645095],[130.77250697413004,-11.830831477054769],[130.87777745367575,-11.868057081519124],[130.95750616552783,-11.93972279693525],[130.98944225128093,-11.922498611287704],[131.03114370593113,-11.881959746929043],[131.05729636472952,-11.869261527739772],[131.0802785610093,-11.832778053171664],[131.1906279401475,-11.782544179873902],[131.2702318347443,-11.735514419388199],[131.28719868773595,-11.733654554804454],[131.3711546762435,-11.61035525948728],[131.3829668458909,-11.58551417042573],[131.42836047595932,-11.615561722746087],[131.4745656357346,-11.601693673333413],[131.46397532880167,-11.575501912563904],[131.46223627865805,-11.517011585157976],[131.51035884045427,-11.466506476913873],[131.5287927750287,-11.475880208462295],[131.54180892682353,-11.45028852063021],[131.52268829137947,-11.393944715504107],[131.49159049685784,-11.385875333625384],[131.48457189029727,-11.39820659952628],[131.4660041769987,-11.376581699034283],[131.4549723670212,-11.34341770130425],[131.45805363163754,-11.324626172152868],[131.43119642149384,-11.304753468799923],[131.44073449481527,-11.273833259325908],[131.3984978603684,-11.260914936675785],[131.3912651888728,-11.295890118979862],[131.3711546762435,-11.279435067795896],[131.37623801911903,-11.270920775358464],[131.34097102297127,-11.250235290496644],[131.31561209183994,-11.276229687947586],[131.29621943433787,-11.266320246186712],[131.31132691657356,-11.223276286466225],[131.27545345412122,-11.189814551268753],[131.26928650597722,-11.198606838072894],[131.25041113790138,-11.19340147356586],[131.2408730747637,-11.222305302984447],[131.20423715617477,-11.23721530581139],[131.2007277987927,-11.288570113887053],[131.19040055621642,-11.297206274294469],[131.20065201787745,-11.311517773924603],[131.1880327627938,-11.334594821203876],[131.1688853697031,-11.30241415265575],[131.1583084129294,-11.258352196783278],[131.11810512019036,-11.258151044653797],[131.09037846444275,-11.300608212876284],[131.09250099086034,-11.310835669121992],[131.06500172846629,-11.311666435794404],[131.04194817866008,-11.323056555056983],[131.0397498347774,-11.359956441570782],[131.02973913863303,-11.368100870631373],[130.90055894272297,-11.309445263827302],[130.8652785516345,-11.348891370978375],[130.85556219003493,-11.355278637679417],[130.76689299163553,-11.373609091490561],[130.70259268852146,-11.392047622978149],[130.6974959285753,-11.42416576156259],[130.73429689376275,-11.428501482337943],[130.77250697413004,-11.46805349509254],[130.76916709148736,-11.48722438677323],[130.80470166987826,-11.506922657433858],[130.81138584135996,-11.516666396404451],[130.75633383655895,-11.491589732552779],[130.73849295729536,-11.476898359770187],[130.71736129744542,-11.478047678261685],[130.72012141968568,-11.487447186662727],[130.69886936190048,-11.470981424304135],[130.70001093725745,-11.440791603122824],[130.68274081814855,-11.433178106205501],[130.65643209007845,-11.374728202748896],[130.6587820149112,-11.36500136769138],[130.65999043092324,-11.355523480383631],[130.6550007318549,-11.339229263662453],[130.61639385662815,-11.387776877564512],[130.56750426475057,-11.396112863133451],[130.55960269827483,-11.352904776463562],[130.60438550925232,-11.320656164458864],[130.59057567136682,-11.287734851112619],[130.55575452754042,-11.26641204897968],[130.53309783985742,-11.284367735542089],[130.50741785225662,-11.275910424567163],[130.5001227859716,-11.269836233700682],[130.4020849886068,-11.1636067708802],[130.37333718691795,-11.174442705105836]],[[131.21189784545598,-11.345092141218634],[131.2130572494171,-11.332220781497382],[131.20277453513603,-11.340833806678496],[131.21189784545598,-11.345092141218634]],[[130.81056095264438,-11.5352747264043],[130.82231069530113,-11.534112604080319],[130.80995005934702,-11.526064649394701],[130.81056095264438,-11.5352747264043]],[[130.75192376680775,-11.499983807227784],[130.75633383655895,-11.491589732552779],[130.740981127792,-11.492205880339894],[130.75192376680775,-11.499983807227784]],[[130.49972594117892,-11.553335728533607],[130.4911019963508,-11.557499124131484],[130.50277593207076,-11.561942039057035],[130.49972594117892,-11.553335728533607]],[[131.22083833968324,-11.313424192323954],[131.21517975777536,-11.30536999474313],[131.20065201787745,-11.311517773924603],[131.20889243986554,-11.323887309498685],[131.22083833968324,-11.313424192323954]],[[131.10861173136445,-11.32250129118313],[131.1150194196967,-11.312470979771877],[131.10903980903694,-11.303900811827038],[131.10546804215144,-11.312986933538651],[131.10861173136445,-11.32250129118313]]]},{"type":"Polygon","coordinates":[[[136.32392722899098,-14.216424765876825],[136.32568411695863,-14.24118291022354],[136.429442921745,-14.196388895287427],[136.49670401078177,-14.23750482791951],[136.52925104127735,-14.24445038560832],[136.6127298502456,-14.263859688988802],[136.65458739173977,-14.292354717595195],[136.67529100250866,-14.298650424457046],[136.7191908505974,-14.267213238751056],[136.7936266547582,-14.267131124148715],[136.8120248742873,-14.283785845411899],[136.81930659279985,-14.278142190549632],[136.8291166463514,-14.278561400617974],[136.84259205599483,-14.292964006379002],[136.8632956184042,-14.284714891139451],[136.88649188284467,-14.307348364893759],[136.89564641825137,-14.30503676371485],[136.9106736037321,-14.285000140790414],[136.93150209093315,-14.29476585851257],[136.94664074593786,-14.27455545426685],[136.946413315277,-14.250414648715385],[136.95665137217108,-14.24710407840915],[136.93664342762133,-14.193207207306104],[136.95551874670164,-14.189964947583642],[136.96576130914934,-14.164081372459759],[136.91717497320423,-14.164626191374278],[136.88564909978106,-14.20771469319301],[136.85177782663874,-14.205471216164227],[136.81661775836594,-14.166541491977474],[136.80213910800506,-14.153639800018784],[136.77555839383413,-14.14532943935568],[136.77751148811117,-14.177081937416704],[136.78535504857413,-14.193367153207188],[136.7152267416049,-14.179952586315535],[136.70497080559014,-14.163311795102361],[136.71665810318973,-14.142778290538217],[136.69900455341718,-14.11998137150096],[136.7194807559818,-14.10033051740982],[136.71885647694586,-14.083247113362978],[136.72244155961758,-14.074575200081624],[136.72839445038926,-14.067191890294692],[136.75277682045083,-14.08668548111727],[136.7596304381086,-14.04750185327153],[136.78111442373515,-14.047631646580545],[136.80734286907366,-14.036946854986606],[136.8058936280306,-14.023302377984745],[136.76693897321792,-14.0144464287403],[136.76771481184954,-13.963649194661135],[136.80522032913737,-13.908945282687354],[136.85804725324772,-13.912607018310956],[136.90637054078536,-13.813918363037054],[136.92471534474993,-13.80482927558324],[136.91111948382715,-13.774168743125651],[136.9068164569963,-13.765745055792804],[136.83839606280407,-13.751300671333947],[136.83367826997812,-13.789425891750106],[136.812805250821,-13.808917016233798],[136.8445897461325,-13.811805304983478],[136.82507224267252,-13.852037714797788],[136.7597196717912,-13.837888779306867],[136.72758292920284,-13.84313625724011],[136.72282507709576,-13.816871503156017],[136.71464705548613,-13.788460203964181],[136.7242742833887,-13.77748617426005],[136.6900015980399,-13.763488632476093],[136.68358050875614,-13.730791118580566],[136.71887425016936,-13.719264297795021],[136.72982581931467,-13.65701560839339],[136.69027806742184,-13.663987313332616],[136.678893967181,-13.670911176285129],[136.68025398879027,-13.661344246185333],[136.66396939502252,-13.659130094460687],[136.66462488775275,-13.671634740419423],[136.67002931030174,-13.682111144789081],[136.67951826379468,-13.683748823441745],[136.67765880839386,-13.695546065066273],[136.63537764550247,-13.711778672906792],[136.6293043407952,-13.71931190733893],[136.62445285430883,-13.690555166590892],[136.61693032541208,-13.68508322596901],[136.60258536328175,-13.684628359195157],[136.59312316894722,-13.683540895417933],[136.5779131679272,-13.694653591628356],[136.59220909159177,-13.706333258337807],[136.58358959261074,-13.724492802510802],[136.61759918418832,-13.744833957898491],[136.61529383776553,-13.756528496746775],[136.63499413560774,-13.779283457556206],[136.61776860824784,-13.78939560912695],[136.59416217441012,-13.786112994680753],[136.5944520169598,-13.80666534165459],[136.57829219382415,-13.797775092632932],[136.55667005547133,-13.81583230497822],[136.5394445030749,-13.807847476210533],[136.54110774383318,-13.794955984617138],[136.53209146299133,-13.784839799588164],[136.53889602943303,-13.738449420820674],[136.52601819407118,-13.701255977017164],[136.51646230573868,-13.701325246894156],[136.5056757458237,-13.721096669241378],[136.47166617976802,-13.719719124131057],[136.47308416969196,-13.750586039761254],[136.51359509048768,-13.79302889042013],[136.52340510849544,-13.788382208257092],[136.51652473734347,-13.829441385861372],[136.4688257724411,-13.83364991960544],[136.4489738221079,-13.823738936903338],[136.44035440431603,-13.819205393369682],[136.41064335398147,-13.829237841761175],[136.4177377812383,-13.854042202523335],[136.4232804858846,-13.862298233627369],[136.43301467741512,-13.907555825037754],[136.41279715493204,-13.984601183983008],[136.4303303190132,-14.097203728542341],[136.44294953985715,-14.121646225195748],[136.3899397551978,-14.182027700976507],[136.32392722899098,-14.216424765876825]],[[136.72857730632228,-13.925556886149723],[136.71142760043563,-13.95978921348797],[136.7186111923557,-13.973363833585104],[136.7516620447397,-13.954721718233001],[136.72857730632228,-13.925556886149723]]]},{"type":"Polygon","coordinates":[[[120.5292963487224,-19.802793544614914],[120.19048941952623,-19.91339215289596],[119.90444253726828,-19.948332597509438],[119.81213467411395,-19.971585678741576],[119.76499754489056,-19.95583116130251],[119.76361069881764,-19.975554413053587],[119.74852563788698,-19.96595716675738],[119.74063300951697,-19.977121808674166],[119.74527939333463,-20.01666531985957],[119.71778013910938,-20.022497401393434],[119.70444290077887,-20.026112917341017],[119.70555765604558,-19.99416903306809],[119.69593053535114,-19.997299150139337],[119.67305978212073,-20.00926195124535],[119.64638538661028,-20.04638877387236],[119.57472325475862,-20.074720200694845],[119.52194085272231,-20.049999592125452],[119.51388770690829,-20.04499801436289],[119.48500168091314,-20.016388866522032],[119.4755572519519,-20.013053746230582],[119.44083420893256,-20.012777213608576],[119.40650808530594,-19.998296481159727],[119.38173779862568,-19.99597087400409],[119.37890623400786,-19.98705783094824],[119.30139373561097,-19.98249852419204],[119.23980012492531,-19.96364361323723],[119.18189421880518,-19.952570247041873],[119.16222515924507,-19.986944747568188],[119.16833414065532,-19.997776848925135],[119.15411406756847,-19.992090605718637],[119.10620101589777,-19.959305755409158],[119.08999662107074,-19.979443458705504],[119.0605532135074,-20.02027686034223],[118.99218627501541,-20.040800612434115],[118.95299517877291,-20.135060510271146],[118.88361164487297,-20.19094126825995],[118.85861384420737,-20.2336106433779],[118.85082827268941,-20.22750199404808],[118.8361132179536,-20.25333666321023],[118.83920342430909,-20.265275634028292],[118.82850604467335,-20.26905287652679],[118.8367598387405,-20.277740735526123],[118.82481386241133,-20.27872785856675],[118.81986876696097,-20.28668729256218],[118.77249974328639,-20.281111919526744],[118.75920265498279,-20.292705858480172],[118.75020417523267,-20.28892911817209],[118.7391679791406,-20.29611017152963],[118.73027646281494,-20.30444522896958],[118.71953009635907,-20.30633964245367],[118.67389118071799,-20.33540993639909],[118.63926623003013,-20.30360877196285],[118.59773414725751,-20.30840971603353],[118.59282468935207,-20.298816133288366],[118.577476437136,-20.308681579923167],[118.5679251031051,-20.31502535422655],[118.56759060839185,-20.3055157712506],[118.56640455373012,-20.294742584950747],[118.5467443430532,-20.299765477972862],[118.55218449765762,-20.307970634297163],[118.53968113563843,-20.315476985953822],[118.52770843852012,-20.316672944533863],[118.52275884181184,-20.308070945596974],[118.49639218764962,-20.312223577362673],[118.51111613786559,-20.328117857205804],[118.50194376894838,-20.332499834795208],[118.48775493462938,-20.32662503525011],[118.48376403309867,-20.33891796804944],[118.41222222460179,-20.346665270432872],[118.40667058651267,-20.35416559718528],[118.37645573174652,-20.35308699992517],[118.36706489167373,-20.361887173214313],[118.35166762726764,-20.352777650181984],[118.34612941502748,-20.327766596494428],[118.29947830212038,-20.35280271411697],[118.28498177331423,-20.36512700790543],[118.26771610079099,-20.354976656718858],[118.25274693022389,-20.371685835084598],[118.20694748862248,-20.376112628298404],[118.19401606872601,-20.371924144072356],[118.19388673892374,-20.34972150116454],[118.18766629847181,-20.335610665935903],[118.10651961017751,-20.389918846518132],[118.09833718129886,-20.395833032097848],[118.04166197008492,-20.437777439221662],[117.97276888836278,-20.4757461370214],[117.95008092650535,-20.482705473043172],[117.93956195311414,-20.480616872828215],[117.93210631674974,-20.527223592070975],[117.94119399989403,-20.530919349014304],[117.94833303577512,-20.537780154069036],[117.95444637811082,-20.544719973239545],[117.93681517570009,-20.54482847841973],[117.91266014173638,-20.5531417332439],[117.90619448403311,-20.56124985297595],[117.8762828465921,-20.557112353636807],[117.87828054293233,-20.576696730883413],[117.85416571217436,-20.60583279074292],[117.77575684532809,-20.661710084875015],[117.78257924697228,-20.6686984968033],[117.69308516189692,-20.685840697969173],[117.67999323710791,-20.66723823191394],[117.6725688487133,-20.676349885520143],[117.66056933155272,-20.676813027618394],[117.65232897686529,-20.69483441872439],[117.64364707030762,-20.690053926923152],[117.63267318828876,-20.67498987392171],[117.63782348616068,-20.66303680304087],[117.62062027071596,-20.677413789645627],[117.59039202159218,-20.68119757954424],[117.58708337942147,-20.690287604088223],[117.58888932165331,-20.701387541624527],[117.55546389975339,-20.70278489524165],[117.55333689069808,-20.713888152027128],[117.43527777693154,-20.7374974638583],[117.39337107108167,-20.730975137367462],[117.38916618308721,-20.760861364385832],[117.37333640249977,-20.7344448624361],[117.3640079502971,-20.73146728079507],[117.36192107375275,-20.75091666235947],[117.35138871744627,-20.748885863018845],[117.33198709011506,-20.73483273054828],[117.32135665149983,-20.729515544173022],[117.28334724280546,-20.72111188466997],[117.28565262827655,-20.7314547109429],[117.27664969774517,-20.727793093231085],[117.22327421238442,-20.695180689865502],[117.20666410960897,-20.69666986577118],[117.18971955054447,-20.687221461138563],[117.1953290992496,-20.67991680570353],[117.19399135710782,-20.667601244562185],[117.17435340778256,-20.664150866936357],[117.18221933187236,-20.64722313552082],[117.18554582688287,-20.635952351795403],[117.19794659045823,-20.624764100082167],[117.19192675900693,-20.616133478824874],[117.18041782044638,-20.611350493851948],[117.17974001728346,-20.600298185818218],[117.171388127373,-20.593356708984317],[117.12398340288746,-20.653540538535886],[117.1004928522076,-20.63778005143528],[117.10820710909557,-20.632029672580945],[117.08601416541867,-20.632288382646756],[117.06765608726116,-20.639282367942346],[117.0682001154716,-20.629972257528248],[117.07063920120052,-20.619355402743107],[117.05021653252814,-20.62743919944456],[117.0376909515661,-20.631925294164752],[117.0470951976092,-20.641631667275785],[117.0577479527371,-20.638426910112003],[117.055139364761,-20.654103810820935],[117.03936753802317,-20.660925665573515],[117.0274439058531,-20.650540400575302],[116.98526972442919,-20.662043804904833],[116.97250330574069,-20.671669019358816],[116.93011511749852,-20.710584759974726],[116.87058166785428,-20.721954362261034],[116.80612086744233,-20.68526083580207],[116.8010330787854,-20.67681296709033],[116.79769764251124,-20.667993387710077],[116.80666493395888,-20.621734238693044],[116.84058523281851,-20.55868219817865],[116.867486990653,-20.52588313031607],[116.86093215731412,-20.517150848904407],[116.85259365281377,-20.522128862636247],[116.84271224979038,-20.52242537741486],[116.82910757480464,-20.525035374636946],[116.80747195147782,-20.531123917406255],[116.81020987352281,-20.549939250515983],[116.7854216920693,-20.575953656037033],[116.79698867257984,-20.575586239156596],[116.76694317937798,-20.591390730454794],[116.74820162202731,-20.625252414076428],[116.76171717957571,-20.633406789432957],[116.7276139128156,-20.641523206878528],[116.70217922074755,-20.66180605368452],[116.64215970597081,-20.706397099558288],[116.67665977222256,-20.705137439765334],[116.68611309856642,-20.70750241557023],[116.73514539878953,-20.693712299157895],[116.7504802447262,-20.72083244900752],[116.70354371258244,-20.76774512055871],[116.69429106940602,-20.7712432318372],[116.68405302055268,-20.76024425544418],[116.68469066363218,-20.76944206174054],[116.67257522467067,-20.770134193027065],[116.66185554242584,-20.77463285056367],[116.6488261140258,-20.760811312828668],[116.63965821149914,-20.75637065141966],[116.64018433283242,-20.766319259422907],[116.6161186072634,-20.7529598565438],[116.62972330290877,-20.740833643564912],[116.62003367699432,-20.725958101447794],[116.63111009758892,-20.72139131034774],[116.63194393371222,-20.71194448592198],[116.64567353689876,-20.680951403949898],[116.6051803832681,-20.694233771909705],[116.59384984167284,-20.700549155937438],[116.58616676238341,-20.689824542930896],[116.57732443560799,-20.696778276181266],[116.5849762268307,-20.73216375108327],[116.58637193341596,-20.74109634397909],[116.57550067439651,-20.744057056527165],[116.52582626914888,-20.75692941149608],[116.50630872329069,-20.78515545176004],[116.46099093764795,-20.822779156682767],[116.4383833162672,-20.826917804802857],[116.40082427397371,-20.83045199741702],[116.34313245065066,-20.84368368392192],[116.3078386013892,-20.875593276416993],[116.25379883064858,-20.86592690494081],[116.20257712043461,-20.839974761243752],[116.19488514867058,-20.889645841930648],[116.20477094565138,-20.890399932221424],[116.19133566912541,-20.91874668823345],[116.18042876195739,-20.977156237543323],[116.15931486887267,-20.97319254159756],[116.13809848439976,-20.99659468683032],[116.10578782985415,-20.997955983682605],[116.0963880184278,-21.000000067939578],[116.09729775395733,-21.016709065358636],[116.08882984636965,-21.005852975771212],[115.93930732688642,-21.069991611845378],[115.93262310267463,-21.076690620729202],[115.92527893969918,-21.08305644008626],[115.88172695620763,-21.119598722863753],[115.87370947850758,-21.157354622151136],[115.85138725866432,-21.18555507130783],[115.85639029277868,-21.193891131530673],[115.83614156209562,-21.201033476355914],[115.83438019690401,-21.21547111264773],[115.84213457609434,-21.2272761908904],[115.82888662020602,-21.228331992494706],[115.81824268795371,-21.25286592036996],[115.80499915338636,-21.252346395226873],[115.78651619378589,-21.249690798241726],[115.79472540102108,-21.25888761611281],[115.78453639203308,-21.270078362333603],[115.78245392836094,-21.26116484987116],[115.75618094625429,-21.253194210125805],[115.73409950565171,-21.282548050652206],[115.699621732626,-21.282776547100188],[115.68121458267039,-21.316419862106464],[115.66314626530661,-21.30844802313865],[115.64890387920579,-21.324457661011518],[115.61873811682801,-21.343418640915363],[115.62129316200352,-21.35253482285259],[115.60953452380639,-21.354470082960415],[115.61479173037618,-21.369673275668028],[115.60279234371667,-21.3623438685856],[115.58736388082741,-21.38563059610557],[115.5504825917997,-21.42365459988955],[115.5529930716588,-21.43501960092973],[115.52249728099265,-21.442220806318247],[115.50873648758751,-21.452733609950215],[115.5033321165776,-21.47277750225115],[115.49515406906023,-21.50347723445281],[115.50499535127,-21.506667524428753],[115.49810151822005,-21.51396894178119],[115.5135791358634,-21.51089081053762],[118.17859077675833,-21.5441462312554],[119.90742124383814,-21.371259559576842],[120.5292963487224,-19.802793544614914]],[[119.16278258002964,-20.00722139617111],[119.16833414065532,-19.997776848925135],[119.15333373946977,-20.001665342032116],[119.16278258002964,-20.00722139617111]],[[118.76149017671297,-20.302458759334158],[118.75920265498279,-20.292705858480172],[118.74999913277242,-20.297975511497345],[118.76149017671297,-20.302458759334158]],[[118.61151281881571,-20.33541000146279],[118.60661223509102,-20.325742795860126],[118.60028030760726,-20.332499856797032],[118.61151281881571,-20.33541000146279]],[[117.643370609238,-20.70344810529284],[117.65342590332739,-20.70736478179253],[117.65232897686529,-20.69483441872439],[117.643370609238,-20.70344810529284]],[[117.34083401140514,-20.75888917198673],[117.35111219620043,-20.76444295411082],[117.35138871744627,-20.748885863018845],[117.34083401140514,-20.75888917198673]],[[115.76140703398167,-21.270535413612606],[115.76891170278269,-21.264032192721146],[115.75618094625429,-21.253194210125805],[115.76140703398167,-21.270535413612606]],[[118.5683219362009,-20.32532041470268],[118.57639295243185,-20.330643380547748],[118.5833223394773,-20.33772215911802],[118.59123278118722,-20.32906696905567],[118.5679251031051,-20.31502535422655],[118.5683219362009,-20.32532041470268]]]},{"type":"Polygon","coordinates":[[[138.8313912190305,-35.48777865118429],[138.84332381768306,-35.48867184950569],[138.84195041958046,-35.477499301610656],[138.8313912190305,-35.48777865118429]]]},{"type":"Polygon","coordinates":[[[123.59149032787116,-17.553404510330765],[123.59387152007957,-17.541198142812362],[123.5855106936231,-17.546202394044943],[123.59149032787116,-17.553404510330765]]]},{"type":"Polygon","coordinates":[[[123.58331241213945,-17.55902059642658],[123.5855106936231,-17.546202394044943],[123.57311883504248,-17.547911511110648],[123.58331241213945,-17.55902059642658]]]},{"type":"Polygon","coordinates":[[[129.3049945242412,-15.030832907519112],[129.29444870295453,-15.034166134727633],[129.30139156510234,-15.040276882783957],[129.3049945242412,-15.030832907519112]]]},{"type":"Polygon","coordinates":[[[124.67547550291636,-16.37170365178889],[124.68731888988754,-16.37609743115102],[124.68627990875154,-16.363707341535203],[124.67547550291636,-16.37170365178889]]]},{"type":"Polygon","coordinates":[[[124.58691334310411,-16.341676232601756],[124.6074831911506,-16.34887754343162],[124.5977177184101,-16.335510164275597],[124.58691334310411,-16.341676232601756]]]},{"type":"Polygon","coordinates":[[[123.59472766537553,-16.31219624673666],[123.61889602874784,-16.320130496381484],[123.61767416505553,-16.290711502912664],[123.69787556602873,-16.337709628803395],[123.69970828552405,-16.34741424572451],[123.70727542332943,-16.354307312189366],[123.69647097434132,-16.35839765739143],[123.70788624406681,-16.37530595380743],[123.67632921242931,-16.371827696174382],[123.66668867905234,-16.374022495247807],[123.66711228325877,-16.383729543271905],[123.65191561071617,-16.369812602428524],[123.65472491182408,-16.36028880443702],[123.62970043638595,-16.361084575328302],[123.67450098502697,-16.40698354629283],[123.68872107153275,-16.410521053059345],[123.69311326228768,-16.420897843799604],[123.65393118778887,-16.4301749085991],[123.62310988987775,-16.427429066303585],[123.61090082065083,-16.414610264045628],[123.54791158461651,-16.39648625371509],[123.53851180597132,-16.394715269692554],[123.54089296274812,-16.40917793476134],[123.55029276194898,-16.40741134957585],[123.56732204638205,-16.426881628247425],[123.50469842926448,-16.408082930907305],[123.51971219307808,-16.425598451017038],[123.64691249822465,-16.474180426710927],[123.66070451090621,-16.48571685186071],[123.63329892715416,-16.493896235001046],[123.6146865900219,-16.493101030240553],[123.60467588927477,-16.490783639741316],[123.5831295471194,-16.49499509525206],[123.59930272313757,-16.509702533232407],[123.60809157883327,-16.504884275845654],[123.63867212042408,-16.519714951357752],[123.64868279641023,-16.525208267580354],[123.64007672307332,-16.529175400192983],[123.59491050796949,-16.524900463334124],[123.58612162197731,-16.521424929919633],[123.54309128842218,-16.502806445841333],[123.53350867002779,-16.500121424410917],[123.47247253406596,-16.471191468015103],[123.46569908533573,-16.47747725883564],[123.47271777813393,-16.483886807067943],[123.48388777249491,-16.498778912873984],[123.48468155462817,-16.488098473268693],[123.50091707083077,-16.50170762989199],[123.48071291994661,-16.51312271656885],[123.44970878470242,-16.50231905972536],[123.43109201803779,-16.498902921615805],[123.42010485496344,-16.501707662736123],[123.43469050948191,-16.514524952692128],[123.44232007906236,-16.521181283129746],[123.45147908803692,-16.519103615631618],[123.46392887416323,-16.516418888210172],[123.46069152637848,-16.52649073592459],[123.50012342384113,-16.560913341570128],[123.50732481855407,-16.59350508900266],[123.51611374171505,-16.59021028313687],[123.52728377835994,-16.609619428273923],[123.50207649821118,-16.623108939152047],[123.49352839256763,-16.616575792414658],[123.47430517952876,-16.61419579712574],[123.46447730106209,-16.617494446420327],[123.50787333797314,-16.646910928721084],[123.5117170737285,-16.6630847763959],[123.54772873670898,-16.665404422805175],[123.55792222607592,-16.665528286176784],[123.63452067370721,-16.695129574014555],[123.67950407943424,-16.755492547772285],[123.70227227533857,-16.756410518488867],[123.7130722168193,-16.76110718830061],[123.72308289007516,-16.795897494970486],[123.75732432487159,-16.844483834151703],[123.77832220518295,-16.898011343920306],[123.80810454036649,-16.91168099041333],[123.82427776023778,-16.903626042518006],[123.8353273710012,-16.89581405015139],[123.84588652449997,-16.895506860489423],[123.84527567186535,-16.906190179908865],[123.85528634975651,-16.896910600970408],[123.95288266991277,-16.8438095423429],[123.94451742841115,-16.860410559262593],[123.89929317540037,-16.89080922863298],[123.89727771187877,-16.90008487918642],[123.88671855723459,-16.88952495498168],[123.88031081327871,-16.896116982524575],[123.89050430100305,-16.906919783079793],[123.87750158080063,-16.91149754475851],[123.86791898150604,-16.913208249325088],[123.8739030500162,-16.920409547904356],[123.86407517227725,-16.927183926888556],[123.85510350476171,-16.934998947519894],[123.8297134123652,-16.96051053313127],[123.85388174685842,-16.9780864192805],[123.86907830905074,-17.019897715892736],[123.85369889908614,-17.009216624404843],[123.83893029961875,-17.00518704890823],[123.83050709125251,-16.9938952634075],[123.84069610764209,-16.995481574879317],[123.81652782477975,-16.97821012487564],[123.80151402404658,-16.985596529619947],[123.82171823266725,-16.998594565870278],[123.79608285533885,-16.999084936355242],[123.82067920310932,-17.07391234154235],[123.81811523114987,-17.08398453066981],[123.83227731908839,-17.11089932113448],[123.82507148567687,-17.121399910890368],[123.84832563624514,-17.16119370639594],[123.85449262782797,-17.171201486834804],[123.86291586709748,-17.166076243761687],[123.86328152581801,-17.175414951670465],[123.85528634975651,-17.180420643481387],[123.87072816500852,-17.18139625272412],[123.9188865068367,-17.20690826662777],[123.92108038223053,-17.22967405615093],[123.91387892361706,-17.236509560846883],[123.91192582504378,-17.216491945665513],[123.86352677352035,-17.203125765200326],[123.86370960185272,-17.193605295584796],[123.85308801287309,-17.191709629842375],[123.84668023511048,-17.18487672569982],[123.83410560753018,-17.177915643745813],[123.84088341027503,-17.167724992790937],[123.83087270770343,-17.169190623635057],[123.82592756337968,-17.161193701416884],[123.82232464024113,-17.14752095611519],[123.81292930773937,-17.150026396670057],[123.8038951677854,-17.153626782950585],[123.79272514608442,-17.135619910429376],[123.78027531313901,-17.12512016230445],[123.73248268821807,-17.064513158505406],[123.70428335919654,-17.043701030666238],[123.68811012583801,-17.064820064431895],[123.67352448232309,-17.06079172178122],[123.68408363735713,-17.053101261692856],[123.68109151532047,-17.040712512184367],[123.67108087718124,-17.01751850275917],[123.6592998748311,-17.019590743702192],[123.64227504847636,-16.99658181242996],[123.61309914348865,-16.99761803869818],[123.60449306557823,-17.002074181824216],[123.58270146564371,-17.052917967138217],[123.60449306557825,-17.137021865646876],[123.67352448232309,-17.208130728273442],[123.64269867731252,-17.192808685420392],[123.64050480048046,-17.20172008919403],[123.62371630633467,-17.19952209668703],[123.59966839026833,-17.34417571460692],[123.59087943419794,-17.35168374399838],[123.58428891048803,-17.34179639369132],[123.56469560678786,-17.37481890899273],[123.5728780353381,-17.417480962571826],[123.56591738650832,-17.423705438233085],[123.57311883504248,-17.434205213021013],[123.58050756039016,-17.423828810300037],[123.58050756039016,-17.4412245947592],[123.57208439139595,-17.454407565272398],[123.58227338223122,-17.46539473780888],[123.58209060061515,-17.475585935919216],[123.60247762648346,-17.520018909875425],[123.59747445165448,-17.531797216761152],[123.58447177326718,-17.524717561967144],[123.5748891510684,-17.525329852000436],[123.57372975797286,-17.51379345919495],[123.56732204638205,-17.50530977593741],[123.55548314376105,-17.490110309410007],[123.53588986677227,-17.451476627942586],[123.52630720566464,-17.44897539683149],[123.52587912403638,-17.439697351466254],[123.5219105814211,-17.429380798831318],[123.52087600681199,-17.4194933844629],[123.51593091808648,-17.40509096254382],[123.51208718152742,-17.41339222062126],[123.50408748953286,-17.405882388339027],[123.49072362417235,-17.39507882992729],[123.48248316207956,-17.390321508850686],[123.45428381165432,-17.351317730963327],[123.45312448796527,-17.34082169858568],[123.45031519725279,-17.32562138595738],[123.44012618668609,-17.3286138438137],[123.44311377875971,-17.34167299704379],[123.43170291136705,-17.333313177514615],[123.43292023795631,-17.320679138356336],[123.42230314115669,-17.319091306810577],[123.4165018804048,-17.311705388894833],[123.39331010604302,-17.301087868055095],[123.37030114728874,-17.215269495044698],[123.30847118364309,-17.1232281059273],[123.28991689530957,-17.116209304707084],[123.28069993929691,-17.045410605315247],[123.27947812017058,-17.034423929779635],[123.21331847735348,-16.951600431696612],[123.15307602822921,-16.914185267261047],[123.16388038352919,-16.859621061667376],[123.17510838785512,-16.86218154198599],[123.14751999822997,-16.800904811823067],[123.12109532403942,-16.78698808033266],[123.11572209872953,-16.795594363509604],[123.10748172017092,-16.790770467776426],[123.1123064364443,-16.738280283169974],[123.13733088209804,-16.728210891530125],[123.1511229297627,-16.70770340090248],[123.13372795992235,-16.692199529974868],[123.11627060888435,-16.713071752698394],[123.08752279926301,-16.700195037266543],[123.08648821338267,-16.68841522154939],[123.05029373246545,-16.684814515207947],[123.03948929951527,-16.663025026159477],[123.04449245881321,-16.65441704206457],[123.03387533605758,-16.641113388048424],[123.04430960414437,-16.637695511047205],[123.04211575126897,-16.61419578888856],[123.02007885274801,-16.607482910736447],[123.00592121950724,-16.633974215265237],[122.98870909608883,-16.623108906659475],[122.99591050629886,-16.600889376315926],[122.98248414845233,-16.60259863554167],[122.97827036839226,-16.59301791083435],[122.95867700536483,-16.587218784578972],[122.97570634694974,-16.562986308123932],[122.99188394038376,-16.560913391919104],[122.98950279516141,-16.533082541598485],[122.99792604826787,-16.528623943386993],[122.97790467298645,-16.507509289679277],[122.99688709028426,-16.485413290718117],[122.98528896795912,-16.467223152794606],[123.01507575189399,-16.4522088739335],[123.0452861420801,-16.46618835940102],[123.08392423777964,-16.441709698942468],[123.07012785146665,-16.432493019035704],[123.04248138246989,-16.438904159696705],[123.01690843012258,-16.40710334627872],[123.03387533605758,-16.390073785124766],[123.02429266758993,-16.37939585354006],[123.0316769575413,-16.356874489824385],[122.94708338308003,-16.402222599488248],[122.92730728677049,-16.385072868702277],[122.8942875903588,-16.44262492246463],[122.90008444076287,-16.49529867225142],[122.86169604408356,-16.5115964558374],[122.86810375940267,-16.52081363574583],[122.85607760052176,-16.519774763006954],[122.83672950202258,-16.551698097958305],[122.80932832596318,-16.559690941351963],[122.79931771464196,-16.57012813423391],[122.79748502068821,-16.561097156343845],[122.77648709393873,-16.587705951687212],[122.75067338716565,-16.664917400972115],[122.7435298869186,-16.678099805911483],[122.7531124701849,-16.707579509894046],[122.76287795038526,-16.70977902183916],[122.77368230568146,-16.696107693469234],[122.77472124637855,-16.730773125793824],[122.8024881297932,-16.744202893339015],[122.81811722931927,-16.751098898489648],[122.82647809566453,-16.75970246363545],[122.82891716477697,-16.749207339991013],[122.83972162697316,-16.737306637319644],[122.83587787573293,-16.769227940994142],[122.86529454023106,-16.79797216120535],[122.86090236488104,-16.80609126449894],[122.80810653957079,-16.781493779686166],[122.78833043981406,-16.775388694306404],[122.76891995634534,-16.773804786323275],[122.78930697583519,-16.76458697637493],[122.78509319143622,-16.74889988711845],[122.76367162309487,-16.75598352871285],[122.7576920102606,-16.74688872595829],[122.71429599245218,-16.785583622690755],[122.683287420931,-16.784422346593583],[122.62609942010722,-16.798706337104353],[122.60632336058534,-16.764710727334624],[122.57470831510676,-16.767088917614824],[122.57428024547046,-16.776609712710044],[122.57348648698877,-16.785886730866796],[122.55389324636101,-16.81170449432732],[122.57128819550708,-16.827027828042432],[122.55590877333397,-16.835205505525444],[122.54632608345861,-16.82739063045616],[122.53607017245547,-16.85162376871485],[122.56787253642013,-16.915712527091067],[122.59069860943124,-16.953306593242175],[122.51532203281786,-16.950380556811655],[122.51428305808103,-16.92620701929771],[122.47851655032862,-16.911497541526607],[122.4750964608042,-16.975890072515817],[122.44549690125272,-16.976013765763803],[122.45672491902334,-16.960877389833556],[122.46252626625252,-16.950380549539382],[122.36431899343079,-16.997984718837724],[122.36810477841254,-17.00763036487619],[122.33288681993686,-17.050291954933336],[122.26727111634861,-17.09722717883955],[122.2548837780911,-17.13091984784725],[122.27148500327162,-17.134094468373522],[122.28472848913488,-17.1301869261803],[122.29827970270867,-17.138304475223414],[122.30108446906641,-17.148927110033757],[122.2874752964167,-17.14160250811682],[122.25811662689038,-17.154419225193074],[122.25048703994216,-17.1610701282037],[122.23168753328228,-17.182618844336957],[122.22491409794752,-17.18951580289905],[122.21008317416405,-17.22167967288051],[122.21173306091744,-17.234984919604578],[122.19873026004821,-17.241087779275347],[122.1744995332641,-17.25970600975637],[122.14972031658493,-17.40191682811465],[122.15130771503766,-17.57727069619982],[122.18072445175311,-17.63238380322883],[122.20068340021028,-17.72711237728569],[122.2003177141166,-17.758119806354966],[122.21612524638353,-17.7626933581409],[122.20428633303835,-17.78772061073307],[122.20672548305821,-17.942014678901934],[122.17651504286744,-17.974426738173197],[122.20831290529897,-18.008910747171512],[122.21850637837153,-18.00042928853881],[122.20867856411188,-17.995607322980103],[122.24889963784523,-17.952696319634022],[122.36468463492498,-17.985780774961942],[122.37671084491332,-18.075624611630868],[122.35668951566662,-18.1326896625065],[122.29791409137177,-18.174802660584337],[122.21069403784843,-18.20867978074635],[122.20910665089228,-18.227113039507355],[122.1744995332641,-18.259705307430163],[122.11968824007394,-18.311278880614374],[122.06030198804683,-18.331178560214177],[121.99389702092613,-18.40417504912513],[121.87511996310718,-18.47168058261118],[121.83550972849382,-18.44439901157324],[121.79510582146266,-18.478087978561593],[121.79828071636358,-18.499511842028703],[121.78991544850838,-18.504273292856585],[121.75390822389984,-18.568602996534754],[121.74169915228435,-18.570006395184446],[121.72808997179798,-18.57971115208782],[121.7886981322013,-18.60882635949069],[121.7744735398211,-18.667481220957153],[121.7489006229419,-18.678709647480737],[121.7277243591137,-18.701172632006305],[121.69470021131134,-18.69940296210779],[121.68371744341087,-18.711609078654885],[121.67547709872728,-18.71758925825277],[121.6281124614027,-18.708800422577717],[121.62530323111629,-18.69952539224062],[121.61786099815176,-18.720849621315242],[121.62927189166146,-18.74402061198226],[121.651487139069,-18.77252079138344],[121.65472440264087,-18.811889596197297],[121.60052401583174,-18.872499316573688],[121.58569302638834,-18.94470272337367],[121.57672136502127,-18.948608129708266],[121.56030291302126,-18.939696441827476],[121.55072031279099,-19.004273600870604],[121.54651093704989,-19.012574771103722],[121.54107532146169,-19.022216119677797],[121.52008184003152,-19.041383359123067],[121.50292772644843,-19.108579728959505],[121.27831829105332,-19.39941391893824],[121.09991414907384,-19.54657189547355],[120.87249550064026,-19.670470038543577],[120.71228001967235,-19.7354135703705],[120.72610814141285,-19.74031713486076],[124.24993458951036,-18.63487753589953],[129.02744780153455,-19.181476854827224],[131.28817664381026,-19.411038415170044],[134.81932309029352,-19.80755837982496],[136.86851671738097,-20.025387611570537],[139.00259398366802,-20.181528719994592],[139.06208286880005,-21.90663901816055],[139.35951378423724,-22.97739413251558],[139.30002937692237,-23.98866660990152],[137.99132338552656,-24.583528649368727],[138.22926991929762,-26.249152337066135],[139.35951378423724,-24.76199141161982],[139.95438017623914,-25.05942130528483],[139.00259398366802,-27.081964244786334],[139.53797151950022,-27.67683008827835],[140.48975766291485,-27.974260758442878],[142.44909558359834,-26.26663007841251],[143.28562295088122,-25.475829125028906],[141.91743255638247,-28.866559496451686],[141.73897488134685,-30.770130563128046],[142.69076101986255,-32.55472418473822],[140.25565752276083,-33.77590760913932],[138.53111089036432,-34.745276674321815],[138.54333332468602,-34.77027979024092],[138.53666699880566,-34.78194533742588],[138.52128753832034,-34.77507078849182],[138.5141618880556,-34.76777799647004],[138.4811110526528,-34.77833049190979],[138.47860499668897,-34.83499991247315],[138.51183868754708,-35.04063734179164],[138.46922307400928,-35.116397838279404],[138.46050995743366,-35.26045865122971],[138.4439711554387,-35.28935589037418],[138.44056889877604,-35.350840130813374],[138.33462511382768,-35.40004400034078],[138.2750693030759,-35.47947829442773],[138.17971593263616,-35.52083374490374],[138.1208334836915,-35.56583507188389],[138.09500191401813,-35.61722025719041],[138.17167613001595,-35.661758114046876],[138.21965160846287,-35.66225441445709],[138.23408574843478,-35.65893581628051],[138.30493191059364,-35.63846674924749],[138.52835075380233,-35.6388037778463],[138.59872427978692,-35.5936512077144],[138.60835146545855,-35.58390037720647],[138.6131896117007,-35.56222589869575],[138.6261432489492,-35.56313632888409],[138.6475692290455,-35.538647900799546],[138.69343560883001,-35.53900347867921],[138.70400813399044,-35.517324139787526],[138.78449933091684,-35.526066975124664],[138.7861625685563,-35.51547308719561],[138.80737451162167,-35.52255395223059],[138.82670474323763,-35.53116560011447],[138.8180094597082,-35.53680095821705],[138.83929276066252,-35.5358720691532],[138.8469089191885,-35.54697842712926],[138.8507393030633,-35.53474353843069],[138.85949692524648,-35.54168482317414],[138.86981088279165,-35.54652129361043],[138.88433861472174,-35.55233696198912],[138.885283935971,-35.538023767161064],[138.90361082502167,-35.543887234753015],[138.89889313879914,-35.553889692107745],[138.91665820508615,-35.56084746278636],[138.92472913421597,-35.56749997657355],[138.91764810963826,-35.57556635126251],[139.04313613000673,-35.64191302974071],[139.0533742417888,-35.63189625512643],[138.99083082743078,-35.59083011778331],[138.99253871532952,-35.57764092170546],[139.00111356450364,-35.57166747147703],[139.01614516746966,-35.564750543815734],[139.0063619445541,-35.5508604226693],[139.01249766512842,-35.542221866577165],[138.97590625414793,-35.52775081781586],[138.9497224256255,-35.52805567925912],[138.94456325700307,-35.51918966492082],[138.9373796398758,-35.510377069814965],[138.98313892661164,-35.500753998640526],[138.9804366850339,-35.518028209617206],[139.04490637035673,-35.50334595974626],[138.96588217591346,-35.47672944498903],[138.9638845423387,-35.465232029197274],[138.97459525977467,-35.45472453842958],[138.96194482503665,-35.453333419994166],[138.9869380725002,-35.402501063665355],[139.1538868393241,-35.37416780597516],[139.1649944409291,-35.36999728504523],[139.15322685772296,-35.346846623950455],[139.1646421911692,-35.340150436656124],[139.1845074225296,-35.33194754621946],[139.18063248001044,-35.32346741779003],[139.16966313186455,-35.32531197602006],[139.16953829395987,-35.31612159184625],[139.20961223205524,-35.311416872079505],[139.27570948497265,-35.34133986248043],[139.3169382759099,-35.40333335119232],[139.37361347983236,-35.34388596279345],[140.77410118332952,-35.088851110840146],[141.4284564150912,-35.89191752759058],[144.16483733221602,-36.81396029299838],[145.027388001299,-36.457040035820384],[147.30367809559795,-34.03784210459122],[147.37710683115048,-33.958607984976645],[148.39313889463043,-33.90627409782659],[149.62450713124076,-33.70995419874896],[150.19557973074754,-33.82416651257928],[151.5483015663324,-32.16211357112542],[152.6190609770996,-29.604191656931253],[152.2323989665847,-27.55190649921592],[151.13189731280434,-24.81552941745337],[149.6124968458361,-23.192641741372196],[148.61315623170773,-21.74341491445592],[147.90943872466733,-19.907497372422732],[146.55143288929546,-19.759172080456935],[145.86733987085526,-19.342766822890194],[145.36170459029734,-18.331496031600594],[145.33196242878324,-17.409456511558336],[143.19044788301176,-14.018725198091477],[143.20136827471487,-12.357202077241418],[143.17111322025744,-12.344722412186984],[143.13082976673587,-12.346111966574819],[143.10186790428207,-12.34368135262705],[143.0797284567636,-12.33972163659041],[143.09472435838643,-12.254542025635134],[143.09249930144628,-12.224443097189308],[143.08868234426058,-12.174225490628322],[143.0822299944855,-12.166392581772362],[143.1077717416111,-12.132224947744783],[142.12969907486982,-10.973760619321641],[142.14428930402119,-11.063710191528758],[142.15554852069667,-11.076387847177514],[142.15637346901204,-11.085656152337194],[142.14939945281964,-11.114124361629475],[142.15416172613453,-11.123610239205647],[142.16360611691192,-11.126944224940415],[142.16012359414157,-11.136180274488996],[142.15664545796483,-11.150740393334573],[142.1477807419085,-11.143289824002933],[142.1273357808574,-11.222593915576564],[142.1174945603106,-11.224168491802569],[142.12889201030308,-11.364424335123987],[142.12293907867834,-11.371279044836637],[142.1146986601365,-11.383812036739839],[142.10278395815143,-11.452220197973341],[142.10722524966997,-11.466663785453282],[142.08560309817832,-11.473009121246635],[142.06916682430005,-11.518055872118904],[142.06889477711252,-11.530276491063999],[142.0619029528928,-11.54336169302177],[142.05612392776314,-11.536096081446203],[142.0399953553668,-11.621947345112186],[142.0272067038241,-11.639736328808404],[142.02250681712613,-11.658891102504171],[142.02583325024688,-11.66888724855393],[142.01083285261072,-11.677852391425056],[142.00166493993288,-11.75166774931683],[141.96014627145038,-11.828247819069091],[141.94333099710818,-11.978181047529436],[141.95056368633826,-11.970556108354572],[141.95257469732573,-11.979860397649569],[141.99249260487602,-12.00249816928475],[142.02806284311797,-12.060558115536788],[142.01188521744453,-12.074655835603117],[141.95857215815965,-12.042918603556522],[141.9310595641906,-12.074163109366502],[141.91610819617574,-12.068054019014818],[141.90277098364808,-12.016943476444965],[141.8878776330079,-11.978617230999756],[141.90866150168512,-11.957037508679651],[141.8838956360006,-11.952779834833986],[141.82493740036668,-12.028854155700857],[141.8161619001704,-12.037724614511825],[141.73306207553765,-12.229441656992172],[141.723617716907,-12.23333321158958],[141.59222581958568,-12.561665420054128],[141.6302797898359,-12.57805585759019],[141.6944418225985,-12.552777758471958],[141.693603490676,-12.53277711738032],[141.66250570525258,-12.528611472736314],[141.65861291919308,-12.462499523509095],[141.7019509272514,-12.475831222356032],[141.7380518135487,-12.469444146953853],[141.74537811865304,-12.477873140973909],[141.69194020820822,-12.50888758580124],[141.76861452165554,-12.552777750282784],[141.79535129745076,-12.588200370785112],[141.813432897827,-12.586215922599532],[141.82108916046116,-12.602213145871318],[141.87804977071463,-12.581389513625426],[141.89486500199936,-12.592691520080464],[141.92944536862373,-12.560834061376971],[141.9522848691106,-12.592900401737621],[141.92194959943706,-12.600002449577925],[141.89021417709526,-12.61117742404402],[141.8535291267353,-12.637302645927015],[141.8412799993863,-12.63332139277513],[141.8255616581538,-12.653057406189658],[141.8411105789572,-12.668054207219654],[141.85781883347434,-12.662646384709054],[141.8533329116755,-12.686665177583377],[141.8294366659858,-12.687221991008713],[141.81279078621333,-12.669542114567106],[141.73861812661016,-12.85472425737034],[141.64181548615255,-12.918248290475614],[141.63501091769712,-12.907382457484227],[141.5866698200162,-12.990554945245103],[141.58859167932732,-13.018613212879497],[141.61805740441227,-13.041946352505763],[141.6282955030704,-13.139716563363642],[141.6383374194919,-13.163055601812125],[141.6702734679331,-13.214167959055455],[141.69610500644987,-13.268333672784852],[141.65444812758182,-13.3383332447303],[141.66777195447528,-13.345275273533737],[141.6374990688138,-13.377496589529558],[141.63139460619368,-13.365280175764845],[141.57110749908793,-13.484168719490668],[141.51306339839115,-13.613057243816398],[141.46804875049617,-13.90611017436562],[141.5091706219129,-13.992502059566037],[141.59111101720626,-14.093609719347574],[141.60243271583767,-14.171872286609211],[141.59027277972538,-14.169827305648036],[141.5963906548697,-14.263609061563093],[141.5269490764997,-14.476668225134649],[141.60278496883532,-14.886110102910695],[141.66444543089267,-15.024441861024869],[141.64555218729194,-15.07289500363237],[141.64500377965038,-15.081945359915737],[141.63194306251765,-15.11583131713003],[141.63945212964936,-15.129442711965968],[141.59832588563052,-15.199444513597689],[141.6143474686237,-15.213743309752193],[141.5815730471153,-15.208334592421302],[141.5574938636791,-15.317501796766992],[141.44999833523892,-15.607497662568708],[141.40277201203062,-15.908611412811867],[141.3786170558504,-15.923890136809993],[141.42863480187376,-16.088048533002294],[141.3468949982631,-16.238693187679626],[141.2975149001697,-16.395827498133887],[141.2868978326921,-16.423087824118365],[141.30287033245898,-16.481975496908248],[141.273850468459,-16.552164055872346],[141.2500611507542,-16.559152442530525],[141.19528112902455,-16.700276244176507],[141.1119672447755,-16.792734168333592],[141.09588776184307,-16.79972238072062],[141.10317835372516,-16.80568151023628],[141.08251933257557,-16.80612112063094],[141.0499411755732,-16.892003887015775],[140.98083405571091,-16.965001723743462],[140.98388854732812,-16.974998730410203],[140.94860811005148,-17.026945686409157],[140.94610652652204,-17.04583265018715],[140.94221373517053,-17.058332018805466],[140.9499948642754,-17.069999295048707],[140.93624744404988,-17.186751073214268],[140.90415978389694,-17.275554776796614],[140.87611205637097,-17.39055558187033],[140.81777805369094,-17.467219498861034],[140.77305778972578,-17.47555618557589],[140.76222215359564,-17.481668018876363],[140.73083454367946,-17.515277527564912],[140.7002718291879,-17.518054354306766],[140.59861772898228,-17.60166922759315],[140.5449970449079,-17.612498731791504],[140.46360950692497,-17.64555709015817],[140.45194893526192,-17.649164675757326],[140.45334023083316,-17.63999894203008],[140.33639585602256,-17.686388238608405],[140.21249525450185,-17.704999257289124],[140.01832369810893,-17.71611136176803],[139.94832026099692,-17.67211322149105],[139.94137746762064,-17.640789297473663],[139.84277335005592,-17.59694281461274],[139.82330489362528,-17.56974217018495],[139.7940844011634,-17.57561707915967],[139.77555687941947,-17.568330805077473],[139.75971809908293,-17.57509842376479],[139.74194413679976,-17.570197000659945],[139.72195397641582,-17.549480300547],[139.64788831275388,-17.536546646354136],[139.59692525638206,-17.49209642874785],[139.5528559857239,-17.462157769863985],[139.4545595281902,-17.393661912880287],[139.40638784568108,-17.37000140091005],[139.33848464382496,-17.377427534567726],[139.21888709042602,-17.29876333322403],[139.1542034417793,-17.147623244969992],[139.14645351328627,-17.054465486257392],[139.156294744493,-17.0316398853206],[139.07731510674762,-16.986240496476835],[139.03491355362587,-16.928079799914524],[139.03378096174328,-16.910831961574715],[138.96282767433635,-16.887297666729076],[138.95138562267732,-16.889443883108704],[138.93271095440653,-16.885450112939097],[138.92135808082443,-16.89232820128542],[138.91143657059843,-16.89180764094598],[138.90749916283724,-16.88333378765432],[138.9002843680581,-16.892503149530633],[138.88139559138386,-16.88750245755911],[138.87083644578422,-16.884165812660722],[138.86048690280788,-16.872730251361446],[138.8494728945902,-16.870541176920476],[138.6592565923985,-16.783927154850833],[138.60874834102268,-16.772357459791778],[138.4861007774249,-16.780161754583123],[138.46777385477765,-16.77500015607127],[138.4068447246511,-16.763387202225946],[138.3597253523872,-16.73749877251238],[138.34694114736368,-16.74138465542687],[138.32978693883035,-16.738587674825332],[138.31872391830757,-16.74677765934309],[138.1586154244529,-16.679428241227978],[138.0555567294626,-16.59139830779529],[137.84757975931896,-16.403997858192845],[137.71928249165833,-16.229796585318287],[137.63584831767903,-16.207844702688487],[137.54956025246594,-16.174438890127043],[137.54081593086366,-16.180276034856547],[137.53476044846607,-16.172267613488575],[137.5286693285116,-16.164956990021192],[137.50062604534907,-16.168605950093294],[137.47784450642155,-16.15952630881896],[137.4690109906322,-16.15486217330415],[137.45396598622258,-16.1497653211],[137.4140793701083,-16.144261404499257],[137.37648019008657,-16.12187587118412],[137.36663894588128,-16.124608829576715],[137.36102495376957,-16.115767114967692],[137.30484028241133,-16.083099912294106],[137.30133097953265,-16.074642008514555],[137.24311741366193,-16.009168681354975],[137.22215074536294,-16.00501969572396],[137.20549150715874,-16.000930503796948],[137.02305633638056,-15.908332666102032],[137.00361465428114,-15.875001062935695],[136.99444676321707,-15.87722277738168],[136.9883288093544,-15.87027879068979],[136.97111668702286,-15.853885058025778],[136.96082954577784,-15.874722262336434],[136.91357200560634,-15.898370641900218],[136.928055173738,-15.929447295688815],[136.91111948382715,-15.933336312392678],[136.84388517446354,-15.90750072812841],[136.7963868673996,-15.904721881098888],[136.7779083477177,-15.907758041179969],[136.77221852969717,-15.889999269332328],[136.71665810318973,-15.9336107711105],[136.69582966893032,-15.909164620658512],[136.71008096215124,-15.869468128144012],[136.7083285358345,-15.849719900814186],[136.69944598217492,-15.837498569504103],[136.68916328086758,-15.829999747780027],[136.65695075478357,-15.79027059142863],[136.64804145942583,-15.775741315025142],[136.64262365784367,-15.766382097385833],[136.66000523962018,-15.77222251884247],[136.66972164079596,-15.773333964384951],[136.6858368317577,-15.770003931734122],[136.72278045616136,-15.695554051358846],[136.67999091280385,-15.68249915752961],[136.6727760960708,-15.665557813782446],[136.65839996919848,-15.677222861311204],[136.64889315315008,-15.676385649675884],[136.61811643720552,-15.70694690916641],[136.6140765159887,-15.721429605937193],[136.60388297238342,-15.712497177137882],[136.58082499049277,-15.72277743613593],[136.5597244984952,-15.725554507959131],[136.56605642597916,-15.739671070355282],[136.54444762082025,-15.736387717099998],[136.54527255683305,-15.726387198965819],[136.43902557406108,-15.649087473132663],[136.4269413876087,-15.640555464547788],[136.42027506189797,-15.633053753385301],[136.39715459166894,-15.629730033420572],[136.379929065348,-15.620750622093293],[136.37146129417488,-15.616039633215367],[136.33839260682063,-15.61083461808504],[136.32390052460357,-15.606101887198635],[136.30000417038332,-15.58583415477874],[136.29611140687018,-15.574722377453313],[136.27555936599248,-15.545554691775248],[136.2663869956082,-15.541941745985705],[136.23944068096657,-15.416110740844333],[136.2036117824431,-15.403055325996352],[136.21166940558012,-15.392496831616],[136.17166234768382,-15.39360600077345],[136.16137520258948,-15.390003309589078],[136.15194861506936,-15.38422939987528],[135.98472790512744,-15.288332423278352],[135.9737094757734,-15.294904747799153],[135.968140015578,-15.287429154964222],[135.97816411273794,-15.28124809059426],[135.9693306415863,-15.277647743998891],[135.96150041671586,-15.272709556882484],[135.953032596432,-15.268407888791238],[135.94332957543352,-15.268610074887802],[135.92502053907702,-15.253639622395944],[135.9168871445952,-15.24802540579157],[135.9081249793047,-15.242221775127181],[135.89392277492337,-15.229929880953966],[135.88381842026956,-15.226397492296027],[135.88725194508135,-15.207852600704127],[135.88194116425782,-15.197774892573632],[135.67803983249422,-15.074742107240345],[135.62741117652118,-15.044867415904426],[135.580826990548,-15.04527652761847],[135.45899986642277,-14.953189097811672],[135.43083176660517,-14.910276132786372],[135.4188857953716,-14.874168302795745],[135.40777375435167,-14.863057672252861],[135.3977808779053,-14.815833158636465],[135.37814296946115,-14.72361309785485],[135.35508940779758,-14.726912292562009],[135.3464030818703,-14.721262729295924],[135.37583764631088,-14.712499049472664],[135.41444453893925,-14.73749951630902],[135.46909974333462,-14.673330116134583],[135.50222640888757,-14.66610891274304],[135.53939747817324,-14.648809897019744],[135.52482509517446,-14.638153670070173],[135.51861359592178,-14.628057784459514],[135.55451826667888,-14.536863602122217],[135.56724453658,-14.531304045672146],[135.59619304139392,-14.4713316937915],[135.61555443677832,-14.432564671636925],[135.65719800102866,-14.420261266737004],[135.67127980568083,-14.419790544600971],[135.67053073194643,-14.409827216617847],[135.66055123644495,-14.411109911838164],[135.6661072661798,-14.399997370813189],[135.65888797489825,-14.393333022605901],[135.6674940657761,-14.389165064343398],[135.6888888264469,-14.361390733787044],[135.6950691547875,-14.354198242685868],[135.6897271497432,-14.34611127223283],[135.7033407463228,-14.319446306281758],[135.7144483793808,-14.303057822121016],[135.71916167454356,-14.313509776315549],[135.72555600687824,-14.297501107964221],[135.7280129816937,-14.28439949154007],[135.77694712759882,-14.246386599626693],[135.8845987650076,-14.180579393938029],[135.8999960407867,-14.084073164704645],[135.91944662642615,-13.97722363881027],[135.94166638027704,-13.955556933487104],[135.94888121041137,-13.943054490963718],[135.99055592780522,-13.882497494777315],[136.00935548371746,-13.84053851137564],[136.02139060138438,-13.752227552356524],[136.03749239820056,-13.73130226334723],[136.0432892585838,-13.702369311943736],[136.08068771463857,-13.658181146556677],[136.04686097100577,-13.645593460902242],[136.02786079654388,-13.65253953834736],[136.02343734378326,-13.689749303165069],[136.01307887854702,-13.68774775725413],[136.00141831303344,-13.712697032566123],[135.9872294560279,-13.717501177909439],[135.94221479568427,-13.745002871515297],[135.8936150853708,-13.730834474705595],[135.8786146583149,-13.703058177451474],[135.90416083192235,-13.679164958453937],[135.91833631825966,-13.68194213969446],[135.9091639619605,-13.663887632640018],[135.8738879877757,-13.661387526329843],[135.8558509817029,-13.6196966083158],[135.84250041519033,-13.600558184504484],[135.84277242605046,-13.59138708530767],[135.8430488573128,-13.566945130551623],[135.86007817393016,-13.565276246337257],[135.86583043855663,-13.555002792673111],[135.85888757172822,-13.48611137165592],[135.8669273562943,-13.432233010429343],[135.89472982578513,-13.42583131744451],[135.93050968036684,-13.466667253355073],[135.93527197699362,-13.437498179960123],[135.96083159818335,-13.44583383101832],[135.96694941899898,-13.415278576544129],[135.92443640090065,-13.41611134255614],[135.92027159264862,-13.377496551987504],[135.8794395754713,-13.356664093695517],[135.89889466763856,-13.307221959340994],[135.93278379270794,-13.261111718615581],[135.9520426900656,-13.262596071659386],[135.96471988037314,-13.284165776013058],[135.98341244513222,-13.223527063269335],[136.01806861967663,-13.220132449317362],[136.03915570125213,-13.300222441335402],[136.0493447174743,-13.307551762707389],[136.06121929822828,-13.258972025955542],[136.05416947626745,-13.23194386680673],[136.0857711473133,-13.229022551297938],[136.08553925982926,-13.200714747306558],[136.10329980958707,-13.16805310279523],[136.12470799815384,-13.137037332990253],[136.14721756305042,-13.131943630457913],[136.13961921597476,-13.200905741692244],[136.1609025391612,-13.270781491485515],[136.1707303912555,-13.272678103541185],[136.1630562502863,-13.240000110921088],[136.18055825830214,-13.23638874184071],[136.20582796139075,-13.240277865117404],[136.22694177615722,-13.204721691240119],[136.23722896404183,-13.20750003956093],[136.23896799045636,-13.169442529333905],[136.2181841379019,-13.154150117135549],[136.2183402224111,-13.138057753873055],[136.24194224814522,-13.145830554607825],[136.25597947408792,-13.13555221944991],[136.2572191209954,-13.155834851964334],[136.27625943232732,-13.158092727729716],[136.30471743491128,-13.163611400575997],[136.31500460228648,-13.160276768639436],[136.30833375576444,-13.140832526489874],[136.31899996686266,-13.117613013897541],[136.29643241013926,-13.100210953847755],[136.33662231081544,-13.046251346342782],[136.36843801349784,-13.063140219492622],[136.3693521401229,-13.10789369344327],[136.36274815317566,-13.125581813971294],[136.3644872456841,-13.142508685864692],[136.36941453246578,-13.198366089495243],[136.3849946633159,-13.23583308034754],[136.3537586606439,-13.250139480260783],[136.32868954867078,-13.255456354322899],[136.33432138731285,-13.285550127778086],[136.31927642181554,-13.295323119023344],[136.34225418119627,-13.32599769174321],[136.41064335398147,-13.23601542218573],[136.43777253163077,-13.226674140265333],[136.44860817973625,-13.220562232855208],[136.45352209664918,-13.252982413871772],[136.47563031325535,-13.230216265704287],[136.47782863699493,-13.188862775678787],[136.47987542483605,-13.179120289149894],[136.50638026621965,-13.141097406536536],[136.5307760367981,-13.151175776227273],[136.5642103881793,-13.062710213304745],[136.530851858004,-13.043870801584228],[136.53729076480468,-13.02485184393684],[136.50830214364248,-13.003624310929126],[136.49902280334288,-12.9943089814464],[136.51374675392597,-12.977893311159686],[136.5332776099909,-12.990455007106249],[136.55294669858543,-12.96426640920108],[136.56465180178873,-12.979370681047872],[136.55441369169353,-12.982290625200234],[136.5634478487893,-13.008998653887833],[136.58357179393596,-13.014160059995714],[136.59686439637076,-12.989881474789529],[136.5967082855777,-12.97663324534313],[136.61744757148702,-12.96704746778745],[136.62806915668688,-12.98320744450771],[136.63047705418177,-13.015928293889687],[136.66627470775498,-13.00470178039328],[136.63830726068147,-12.967651478245868],[136.63534642861447,-12.952224934469134],[136.54478648597245,-12.912041773931643],[136.54263280984455,-12.880372291929392],[136.50892643387854,-12.86181031254844],[136.47728018445858,-12.832917018650937],[136.48762533313055,-12.802120263914443],[136.46809441671698,-12.790270973228825],[136.47981296602273,-12.768319022677181],[136.51611452641464,-12.80536840427146],[136.53126652564146,-12.798206812090605],[136.52911277498387,-12.745343071051922],[136.55123881390978,-12.742977098056574],[136.5854045024823,-12.774763922471307],[136.59318562342074,-12.781017272533003],[136.584945178987,-12.785939871931486],[136.59111208851883,-12.822525796923136],[136.61112904400443,-12.825738856732595],[136.619721736836,-12.766849131078194],[136.6042932463926,-12.725461957644917],[136.62532232704328,-12.69555254057404],[136.662765397068,-12.710098807745638],[136.69471932883562,-12.709642122072058],[136.6954639756292,-12.698101666229018],[136.68052598281315,-12.670868986992556],[136.71713080809042,-12.594776001521797],[136.75386040380948,-12.57425212865499],[136.7670905228671,-12.567741239312118],[136.7382223345881,-12.551045399359847],[136.74107165615362,-12.542057262584668],[136.7283186970376,-12.530143678326255],[136.739105223319,-12.513131961160067],[136.72456407067116,-12.496998570169955],[136.7287423124301,-12.483615778518242],[136.75755249693142,-12.468225018799524],[136.76475399256418,-12.46153727082026],[136.7940681042977,-12.454052600870188],[136.79171813357945,-12.49607132633676],[136.78228715391523,-12.496650345841566],[136.76425013179633,-12.539637161911399],[136.77298101327702,-12.54577880181661],[136.79626647285164,-12.511952301599699],[136.91769221055742,-12.381867737147994],[136.96092321147003,-12.367072086929824],[136.97587458977375,-12.348342225196728],[136.96852152720257,-12.34166449722884],[136.93976034564412,-12.357197675989578],[136.92666837115948,-12.341803828585622],[136.93655425078092,-12.321333996431068],[136.92648109240497,-12.280119275089044],[136.90052913486204,-12.275173952913752],[136.90127379926034,-12.247522013743312],[136.88036955752605,-12.233320139154262],[136.84498661727784,-12.21047969320697],[136.80970620328992,-12.203676400571256],[136.77751148811117,-12.16145825177705],[136.7352926895812,-12.171610187803255],[136.70973315591297,-12.186883245766566],[136.7087253646636,-12.203859462861898],[136.72824287003883,-12.222569122723925],[136.74623087458443,-12.218524849258714],[136.76511960111745,-12.235939210315655],[136.7515238249036,-12.2544461401677],[136.72847027761736,-12.275339509534],[136.71668929715102,-12.27516960798561],[136.69772474164606,-12.28484231099263],[136.67727534208456,-12.27963566976446],[136.66816541910754,-12.283038483097258],[136.6456736578546,-12.261614111950927],[136.64137061908042,-12.231973597430796],[136.6328448708525,-12.22768538601954],[136.5981753196553,-12.189188892736869],[136.58178813424743,-12.130036469624685],[136.5864390071984,-12.09894238971611],[136.58143585210678,-12.08703918458288],[136.5548864052369,-12.063924525037123],[136.52612515639834,-11.991886099826855],[136.4827559553771,-12.006532621073768],[136.48696982053409,-12.020528470955004],[136.47740061891844,-12.01610172596598],[136.47183114385052,-11.997504061104388],[136.47013669246127,-11.988143664228971],[136.4825152074737,-11.951331547909929],[136.44679328402248,-11.946371359711183],[136.43545382335756,-11.967550589292713],[136.41631984032466,-11.956701605189425],[136.38159236696268,-11.99782681101981],[136.38391110672413,-12.007204333267982],[136.37855571925178,-12.018439409402466],[136.36972224797165,-12.010763265150468],[136.3570405017441,-12.02767221042341],[136.34558063485628,-12.034453850872861],[136.33218550789172,-12.056079683764692],[136.32255383753537,-12.049547186597813],[136.27085950356977,-12.063510281993159],[136.22959940791526,-12.131117611333286],[136.21177641644306,-12.134164937914447],[136.21766690164455,-12.151920474294604],[136.17658965815147,-12.157827153666114],[136.16805933873877,-12.18239381784751],[136.20131090190253,-12.1916122357826],[136.2233121183469,-12.193996388985605],[136.2375187609616,-12.21282001991855],[136.32455599347873,-12.201627990374329],[136.3584451685836,-12.23063573180821],[136.368714453908,-12.25540045732945],[136.36210608619052,-12.263984564241417],[136.34376579839306,-12.264455134302862],[136.35037418956117,-12.271413725958453],[136.3368051189155,-12.302552878206452],[136.32759259891208,-12.304095151027711],[136.32902400908048,-12.337526153996361],[136.3007220638211,-12.361701540244331],[136.30746428145576,-12.393735887237472],[136.22479254162826,-12.464267287397723],[136.16000177876023,-12.459247034842056],[136.147110548152,-12.437070775992364],[136.1136003818926,-12.444294693351567],[136.0817713347244,-12.456168711079988],[136.06772066133158,-12.430769756192475],[136.03579795069908,-12.47694144203412],[136.02517636859216,-12.481752354227515],[136.02442726267398,-12.467746072675894],[136.0168467637277,-12.47312749375318],[135.9969502629833,-12.438982306500321],[136.01616009221803,-12.397198225279686],[135.97468602619514,-12.397886360156397],[135.98922715714733,-12.360830412525043],[136.02276403019994,-12.317256368240333],[136.00900322269285,-12.29135157942226],[136.02450753904836,-12.295368599473177],[136.04118457494462,-12.268010667383097],[136.0480783480398,-12.277618295656188],[136.06215126482311,-12.239660730190183],[136.0322886542274,-12.239503834703983],[136.02131483816993,-12.24683348655747],[136.00984157326076,-12.24317303750001],[135.99194272181344,-12.27110868760281],[135.95971677604052,-12.274446306067036],[135.9494474953211,-12.244166627265582],[135.9283291446149,-12.222220493218193],[135.96471988037314,-12.183609863903051],[136.0209981899371,-12.101453755353923],[136.0282754432848,-12.122769037443232],[136.03305119107543,-12.14103974852593],[136.03706436222308,-12.132800381868813],[136.04693677427454,-12.10165431248752],[136.02968012010538,-12.096064739135977],[136.0340589072477,-12.088050761437104],[136.04655332153087,-12.063824256480839],[136.03402770671326,-12.067116494847685],[135.99804719675433,-12.095218915707404],[135.99742292835268,-12.10429214521748],[135.99609411384077,-12.119364117907573],[135.96278463243667,-12.137499933632059],[135.95138721684336,-12.15166769006813],[135.93556186105047,-12.143332778743634],[135.92750425776867,-12.162500048614907],[135.9155583022301,-12.14361172562928],[135.89472982578513,-12.183888838116195],[135.88166914839567,-12.163611595615412],[135.88444716122214,-12.15472341458094],[135.86833196948686,-12.164723092505257],[135.8318476433604,-12.191307199355986],[135.81661980850407,-12.192906746000732],[135.7774956134555,-12.226665648407291],[135.7777721013313,-12.256228352903761],[135.76750275961405,-12.263888692908926],[135.75111561500177,-12.260834199226366],[135.71615621485702,-12.306173301886874],[135.7142031797299,-12.269810285041567],[135.65611441455866,-12.211111609350707],[135.6594542955889,-12.150516816830734],[135.75805838225807,-12.072780825414752],[135.81889395433444,-12.009720915415341],[135.8291632038862,-12.004443439236848],[135.8379342682447,-11.982913743231531],[135.7868954361989,-11.9906081182548],[135.64778035068244,-12.046385530848813],[135.5809652388664,-12.10095675179668],[135.57833880615252,-12.112776453674941],[135.57222087528726,-12.103891032307297],[135.54028483740814,-12.074721223677003],[135.53105000807224,-12.063414357325103],[135.51867604572647,-12.064439108105997],[135.4936069547911,-12.096112693568607],[135.48138453256246,-12.10305822856383],[135.418332840867,-12.114446283600298],[135.41194296406175,-12.094721862282572],[135.42027258976844,-12.087776056045385],[135.3969425654747,-12.081667296354004],[135.38221864647016,-12.093610020513015],[135.36193861230672,-12.08750134489424],[135.3372040042341,-12.111978611098245],[135.30619985153314,-12.131588462598161],[135.31083732618677,-12.154187255975906],[135.27461161389851,-12.170825580085522],[135.26916699369662,-12.17833144790135],[135.2597182174045,-12.181665892194388],[135.2388897008742,-12.182223808954248],[135.2241657618898,-12.19055313765454],[135.32689009041076,-12.241665318547446],[135.34666623014894,-12.231389620408809],[135.34118594147793,-12.246863962562154],[135.28503250118743,-12.254167258097924],[135.26832426392144,-12.240554111156806],[135.2700053017088,-12.231664149765463],[135.17425509297513,-12.22402035832342],[135.15945530693034,-12.228373978808646],[135.169341108858,-12.231908215529268],[135.2259048298219,-12.289486855320874],[135.21695094259746,-12.301664132640271],[135.199449011905,-12.296945762696028],[135.16833338173743,-12.264720963112511],[135.143616600288,-12.236945876999773],[135.0557544400293,-12.260664238478855],[134.9877799101632,-12.178331478963306],[134.92750623367678,-12.144444390214524],[134.9091659732387,-12.153053876483193],[134.89639063681653,-12.137499943737353],[134.92527666141987,-12.103611976535671],[134.91528384062045,-12.073055505129828],[134.84805395284124,-12.038056113647855],[134.85360558548217,-12.059441774704831],[134.8483259931782,-12.068886882284515],[134.8385917914485,-12.052516879409724],[134.83027556060298,-12.056668384016461],[134.83111384209639,-12.046943742437557],[134.80111749173966,-12.01722253944452],[134.79632392898552,-12.027227384308434],[134.76611352466932,-12.001665078785871],[134.76893613784486,-11.956352626968654],[134.74851789356046,-11.948962710106874],[134.68307617837675,-11.97386699484187],[134.62083599261777,-12.039722002412493],[134.5819392545769,-12.069998820837586],[134.576387692028,-12.055277295208672],[134.47471574990496,-12.071943575896514],[134.45778008854856,-12.067221126537142],[134.35526979123506,-12.042499938416157],[134.27621438159943,-11.985064220334847],[134.24853676094136,-11.992758511851607],[134.25305379612703,-12.031387938315591],[134.21472341148353,-12.053053257921883],[134.19082706250913,-12.099164776684054],[134.17443987987906,-12.089167005323663],[134.18638579319003,-12.0222250203215],[134.18110626287665,-12.002218977085084],[134.15366941361887,-11.98811749832614],[134.15333493280147,-11.964719561055912],[134.171661861449,-11.963332332710005],[134.1361540236614,-11.911482007695357],[134.126785483522,-11.896263123598114],[134.07720916161645,-11.933850652318176],[134.077606067679,-11.907380654775572],[134.0525949468589,-11.862017588821855],[134.0072191513299,-11.861668477052413],[133.97084180253017,-11.90194416838796],[133.91545081807942,-11.91502479077993],[133.88833500732656,-11.908885999879956],[133.8697985633976,-11.900408261927764],[133.84832798801128,-11.879721227767256],[133.82385200687563,-11.858810069549596],[133.82888626742465,-11.850278476643426],[133.83389389960936,-11.833890925321528],[133.8688978448669,-11.805831177681972],[133.89555430130918,-11.809999580473287],[133.92832872432953,-11.769723437137667],[133.92195218383534,-11.74361299128901],[133.86390810098382,-11.754295806961181],[133.83917344240552,-11.723608346717867],[133.80999757303616,-11.731109164187016],[133.8005531790914,-11.727502847316257],[133.78111150671748,-11.739998128637728],[133.76425161723085,-11.768841612495914],[133.6908280587462,-11.782500507005961],[133.67889552723724,-11.779444861344702],[133.67820878343892,-11.789733477503145],[133.64860484958638,-11.825834282564943],[133.6011064918377,-11.836387288640248],[133.60073638163948,-11.809292441421595],[133.5608363377935,-11.812775491057957],[133.53833124526423,-11.837220918563844],[133.52583244187753,-11.816668721493341],[133.53944605396902,-11.773333526656257],[133.5325032367711,-11.760276602476111],[133.45494159713837,-11.797446386403145],[133.4451137417747,-11.778462695951273],[133.40416142355514,-11.776109859035554],[133.4061144985913,-11.758054587182425],[133.4153269562314,-11.75663141126775],[133.4019451875569,-11.732497574431452],[133.3698709346455,-11.759377314544398],[133.36741839722168,-11.775904705881668],[133.31250011874275,-11.760556045364883],[133.31666489781796,-11.726110126777698],[133.34527450850106,-11.719443100198253],[133.35028209300776,-11.70250190105884],[133.3099985493707,-11.701388519228495],[133.25138814904776,-11.730000209247205],[133.16055177437616,-11.712221409390839],[133.07166852758382,-11.556389471863875],[133.0683286823815,-11.514167158263751],[133.02499510550928,-11.470557511041477],[132.99972540337706,-11.428055700976362],[132.9638831529883,-11.411944812561737],[132.9180123769671,-11.332570530225524],[132.86886414805323,-11.33261861580928],[132.88194266018385,-11.353333213612972],[132.90330627260047,-11.391081529325994],[132.89451733409996,-11.427828392540222],[132.85470652985086,-11.402993030237916],[132.84558314485062,-11.394521732614528],[132.8245406546695,-11.4119492498918],[132.79788417157008,-11.445079012637905],[132.78053382809418,-11.461035068923167],[132.7216201994117,-11.523941210180412],[132.65318189137034,-11.502098684338582],[132.61923028790562,-11.408946357801678],[132.55604484898976,-11.36388663342661],[132.53611711359972,-11.340597713731384],[132.5148917676406,-11.339163651954419],[132.5023483153094,-11.323397593452164],[132.51435665704477,-11.318561796406401],[132.5043014273846,-11.29608253154361],[132.4920790491181,-11.301351569464268],[132.50445746953287,-11.279115875839164],[132.43048099818648,-11.210688087453494],[132.4183656475563,-11.231297774369715],[132.4133758517737,-11.270063647276462],[132.40548772488484,-11.258636505275147],[132.39889714974453,-11.297599825620908],[132.38685758296543,-11.290507244610351],[132.37426955791085,-11.287901035878736],[132.3791656468117,-11.204520663314051],[132.33917199366974,-11.134723377658544],[132.30506880740745,-11.174390231717581],[132.2839817240463,-11.170282491995128],[132.26561020801125,-11.18013837919208],[132.270934331908,-11.204962457496874],[132.28289813595867,-11.267260446525803],[132.25970631543828,-11.249321255063846],[132.2436981717417,-11.20957711612269],[132.22894302799642,-11.183322995450524],[132.19640939991785,-11.165785341844547],[132.18470870546685,-11.129424980144796],[132.13749579022345,-11.1231902201329],[132.14166057935952,-11.153885918749667],[132.1628725097531,-11.162731776274267],[132.16082576645866,-11.184679030110553],[132.19775602073904,-11.215630719604434],[132.18445009041213,-11.24805731653219],[132.19223119365694,-11.280261590602692],[132.18964942006124,-11.301351560532138],[132.2363897115427,-11.340759467404851],[132.22142047044593,-11.370457204354445],[132.18699626016326,-11.356830625308133],[132.2067545329205,-11.41029260349407],[132.19119227761547,-11.408570477390215],[132.18278687853055,-11.401922094915749],[132.17859087555556,-11.419773059063704],[132.14871040112132,-11.376983887608661],[132.14848297046632,-11.320524974399662],[132.13864176359567,-11.30720210811796],[132.1246178614491,-11.327577458838098],[132.12493891052858,-11.34072016335979],[132.1028574383463,-11.322221413208725],[132.11555694950903,-11.28256612235102],[132.10806126739428,-11.27359707302155],[132.1000348641521,-11.260245859404453],[132.1133274248643,-11.221880997657124],[132.08319281952137,-11.230055630400622],[132.07255341285634,-11.18422407848001],[132.0486125031453,-11.192775985593352],[132.039582811737,-11.194866880583307],[132.0038921505995,-11.129442517665957],[131.9789122937637,-11.130895065477253],[131.97416783323973,-11.143333531974514],[131.98748712213234,-11.169928184047349],[131.98559645068548,-11.180619602188578],[131.9723039207392,-11.17266225871508],[131.9656999548516,-11.183471736253724],[131.98148967258285,-11.229762565088551],[131.96113384047578,-11.234586771785596],[131.95973366327595,-11.252505080433298],[131.9452505218911,-11.25248760220314],[131.92645094278686,-11.252596875885876],[131.91725185994892,-11.222576461933958],[131.9025100411839,-11.205802266692261],[131.88290337321223,-11.186879348369152],[131.88125797584811,-11.23533467911415],[131.85385235221975,-11.21234146606471],[131.83723329437723,-11.226412300218348],[131.81971795772847,-11.209778339033441],[131.83611848325785,-11.246417260709125],[131.8559882212321,-11.27716112609576],[131.82027974420174,-11.272447013451796],[131.79068023404912,-11.271686052538032],[131.80660818249652,-11.290109327981938],[131.78059377811172,-11.292225733211664],[131.77049391117868,-11.308439573819383],[131.7589582377088,-11.300901218563556],[131.7703556706827,-11.32529953069859],[131.84810011729695,-11.303787145890388],[131.87323163699088,-11.299410134619885],[131.92839069847045,-11.325872294543425],[131.94448806770498,-11.32310898955132],[131.9216306967249,-11.363082234033849],[131.9697711046207,-11.346106470079082],[131.9702170486467,-11.372310741270736],[131.98441929358836,-11.378487690011802],[131.93945367718317,-11.39339831284993],[131.9724733356216,-11.410292646961036],[131.99191506307346,-11.40429120999927],[131.98913699146027,-11.427592376062028],[132.04716332322388,-11.425350189418031],[132.0566701133765,-11.449204664149535],[132.05069043848908,-11.456752238729962],[132.0322431309078,-11.466829848731678],[132.0771775361026,-11.529363392760995],[132.1156327563861,-11.541076756699958],[132.11753679369593,-11.519934676396248],[132.1502844479203,-11.511112965334329],[132.18804859114962,-11.492218966331372],[132.24900899987648,-11.456804638150931],[132.30806080536166,-11.462778736260773],[132.36138720765265,-11.445280094598612],[132.46750043608037,-11.46833316373783],[132.48885956085465,-11.48606199754968],[132.49948111275097,-11.480490412386208],[132.50610292208407,-11.515276958446687],[132.53138602403186,-11.521944524593197],[132.53138602403186,-11.531110984540303],[132.52972273317212,-11.550614007646226],[132.5630500475944,-11.559443179593217],[132.54804968144182,-11.573610416452897],[132.54133427710357,-11.59159907095843],[132.5729358745753,-11.623987062224957],[132.58032018991966,-11.629966279821339],[132.6046133538634,-11.641671092500319],[132.61939973287875,-11.634482311365542],[132.62922756599895,-11.640103228388114],[132.62013099963715,-11.65527947489517],[132.56976100796925,-11.65090797538974],[132.5504620657526,-11.636727218310284],[132.50207635341206,-11.642548942203],[132.50700364613417,-11.683909139490254],[132.55031042533446,-11.72180956193236],[132.62912059990094,-11.722673991035295],[132.64579762553467,-11.674599112957507],[132.65694981724576,-11.670000826043006],[132.63929625631542,-11.733156801527338],[132.58166680580123,-11.783888629590246],[132.6113912096942,-11.808611541901335],[132.640901530094,-11.835195829375905],[132.64586005217194,-11.855375663020974],[132.65777477039353,-11.88916830273549],[132.63860954691293,-11.924998537398437],[132.6230606701201,-12.035278059131402],[132.63036914644994,-12.08769324000327],[132.6808327532844,-12.110552987275684],[132.72250310048628,-12.138053560826116],[132.74166826990967,-12.136388229312402],[132.7188867713939,-12.148053868273276],[132.5783536987684,-12.106441604267127],[132.56102119798618,-12.085962216132353],[132.48306269394288,-12.136388278514326],[132.437499599143,-12.151942264775988],[132.41629217380114,-12.233520604345681],[132.44471890796916,-12.310277248147786],[132.37167436344956,-12.384167358659472],[132.39361759627494,-12.33833207480815],[132.42777880007114,-12.310830526893435],[132.39222635894998,-12.25833302149998],[132.37974537120527,-12.224460527715275],[132.37414472908304,-12.216524492393951],[132.34527647491151,-12.199997949412822],[132.2789607594055,-12.224974719868161],[132.25193856493598,-12.171387905946334],[132.23111013352818,-12.180536973027186],[132.15661642369224,-12.235529533369254],[132.05833333550783,-12.305833473731802],[131.91870106413035,-12.257043221677453],[131.892548459346,-12.216014569332158],[131.7361588687152,-12.275548645870842],[131.57035610270324,-12.28113448123645],[131.42555119925277,-12.2749996846091],[131.33318987542302,-12.210837033873634],[131.3158707334805,-12.164971586458345],[131.31333792269166,-12.085046582456046],[131.29571559742553,-12.043045092475356],[131.26721300850667,-12.085373566618417],[131.2403424491826,-12.18536203790267],[131.2296897082529,-12.212488800705744],[131.2508257994557,-12.221370692478496],[131.221422514336,-12.226578464417765],[131.16255341865033,-12.170982556748855],[131.1280355209003,-12.183017068749946],[131.11706612522016,-12.171087136725378],[131.1044915098718,-12.154165421335426],[131.0524270607825,-12.159923857345248],[131.0455644918708,-12.14294909930718],[131.02720633667914,-12.148053892119991],[131.01925575362299,-12.153228252362661],[131.01032866918197,-12.1561793730372],[131.0013123551219,-12.15320205942419],[131.00070149744425,-12.164840768433681],[131.00453179596994,-12.205445903898406],[131.0297836834223,-12.233642646814534],[131.0122683449387,-12.322026647459369],[131.02337595224822,-12.321447237302545],[131.03520149980315,-12.32129915758258],[131.03276241177963,-12.348211526098035],[131.03964276140704,-12.358086269134489],[131.00804113033993,-12.361649268354933],[130.97025921540362,-12.342797013424303],[130.94583224967798,-12.346943972288813],[130.88916150491414,-12.336389240532963],[130.8469383101473,-12.377499269139081],[130.8372174478966,-12.380556746009434],[130.84472656481933,-12.399166768481145],[130.83666898029588,-12.411944287465294],[130.82804951478514,-12.403613304721809],[130.81854274594704,-12.404893627574536],[130.83111739009144,-12.444442761098552],[130.8175037500752,-12.4569437471897],[130.84638978118463,-12.472779198566396],[130.85696233668676,-12.452528630462103],[130.88667334626612,-12.461110608245459],[130.89328171794415,-12.47058483395135],[130.89726367846137,-12.489828333697103],[130.9315051280669,-12.482157225013568],[130.94166743923117,-12.50916620081303],[130.94082462388172,-12.528885651095163],[130.92916856146684,-12.530674722519446],[130.92027265606706,-12.509719045809652],[130.90916502904037,-12.517776793169796],[130.8945748290442,-12.528341565711468],[130.8994441693252,-12.514168023679494],[130.87083462486342,-12.514168063599048],[130.8583357497557,-12.507224643327032],[130.87805392124824,-12.552259741385694],[130.8911145653308,-12.5761105127232],[130.93055534586875,-12.587221207934284],[130.94389254131548,-12.613331434283706],[130.94444098273237,-12.6241664031596],[130.89778095206188,-12.606386355858337],[130.8813937198265,-12.614445445807602],[130.88694977083716,-12.631389490807743],[130.87527583966843,-12.631942084969912],[130.86917134675932,-12.613888451821087],[130.85806373972562,-12.617778621614205],[130.8677042982838,-12.59257397643465],[130.84165872287443,-12.558057259793856],[130.8185739425594,-12.557617663326866],[130.81826622275818,-12.569212273473278],[130.81027110736798,-12.552777715795331],[130.8097226138486,-12.540555574341855],[130.78666910349122,-12.549443655777756],[130.78582632112688,-12.586111414382733],[130.78064032630397,-12.60497642214605],[130.77194065447247,-12.600002480614014],[130.7778935330478,-12.559645902738916],[130.76805231151255,-12.565277844169549],[130.77888348172723,-12.476223091051818],[130.75805503816272,-12.478056031036935],[130.767227419172,-12.440279922295199],[130.7377794578068,-12.428331185463401],[130.6719498035569,-12.407767889559441],[130.66999672012557,-12.39860929917533],[130.66000382665345,-12.401109152866646],[130.655272773174,-12.392777754466374],[130.61992094836668,-12.384102055209013],[130.57777355107464,-12.410276397478299],[130.5966622766671,-12.427429769465915],[130.62339909042862,-12.449445784654383],[130.58166632385192,-12.458332729674883],[130.60504097563623,-12.501695904977034],[130.58610318106335,-12.506667423655276],[130.56645190646765,-12.584079090668878],[130.57972663837222,-12.595276467170294],[130.58824352870272,-12.590398097167071],[130.6052683758682,-12.599724003803125],[130.58734280446842,-12.630580154674576],[130.55117952012355,-12.618657561937395],[130.5533287540156,-12.639164862857019],[130.58987554222213,-12.676716018088257],[130.61222907408154,-12.677220656264716],[130.62445142579475,-12.674445109795496],[130.62499990019765,-12.68860972403841],[130.63082794378712,-12.681388313908064],[130.66879269357835,-12.69354279655126],[130.6763910656803,-12.708611152907178],[130.70554911088652,-12.719446444467653],[130.69277823176458,-12.745556202480193],[130.68254011557792,-12.738105845197863],[130.68695022575884,-12.728611042492949],[130.62693962485324,-12.711943127309127],[130.6291646964845,-12.722499917830854],[130.61222907408154,-12.723056611315249],[130.60352929176184,-12.73199929668755],[130.60249479183125,-12.718332916186883],[130.58180457127222,-12.726966947266467],[130.56555115519467,-12.706945170178143],[130.548887537273,-12.707501984385393],[130.52306927996014,-12.65499788455653],[130.52583392006008,-12.680557423998328],[130.51832482425303,-12.687500434950417],[130.50416717261155,-12.66555698697096],[130.49236841214758,-12.66306404992023],[130.46194394771456,-12.640000286065437],[130.42222671352326,-12.643611635772457],[130.41638084295496,-12.661945938610522],[130.40083194388976,-12.65888743981056],[130.40415843080785,-12.703056368112462],[130.39694360985663,-12.693612408576863],[130.3647176888502,-12.671386674864904],[130.35833676424116,-12.664721665946972],[130.34742532189892,-12.716336438198441],[130.35221887409824,-12.833056199315184],[130.3294373302235,-12.89694214162772],[130.26818707112702,-12.938540088996682],[130.25833248172015,-12.945276133015415],[130.20416333559902,-12.940556596900356],[130.19282384094637,-12.90721728804519],[130.13987642199078,-12.936601816771793],[130.13365159072188,-12.985458226437984],[130.12861720523227,-13.045834321001033],[130.12832740360778,-13.098525829555735],[130.1199933453417,-13.168335370643419],[130.17334199330404,-13.18972239260601],[130.22471529326305,-13.258334000778573],[130.2576279127845,-13.30036567922882],[130.2483351932068,-13.334163604856116],[130.1911159944636,-13.393056864578867],[130.12554933096916,-13.466112205343041],[130.100828146115,-13.461944746501336],[130.0216656980953,-13.526668254408447],[129.94528131547398,-13.531389462807628],[129.90055650314667,-13.496110286451774],[129.89944622020082,-13.440000667528043],[129.89027384283074,-13.441388500933003],[129.86860703652331,-13.501668924821184],[129.82666025848275,-13.516388754606577],[129.83193985554013,-13.553333853769752],[129.83749590960153,-13.561665446714832],[129.78500334413886,-13.704721683156308],[129.7844370905192,-13.714724414690917],[129.79110787810123,-13.72722179774435],[129.7844370905192,-13.769166557289108],[129.79417574751636,-13.776944804624687],[129.79611102023947,-13.788330283230701],[129.7341607236908,-13.835000833214991],[129.7186117886848,-13.852778055899908],[129.71749700417135,-13.898054866073888],[129.74012698359368,-13.90513624808566],[129.74583459547372,-13.977777483857231],[129.70250109823797,-14.01861274142064],[129.63166829321693,-14.046666985320893],[129.60110557440956,-14.021108955676144],[129.59666434445154,-14.035830709556903],[129.6102734519841,-14.066110531806206],[129.5894449985329,-14.08722180573707],[129.58305515127734,-14.096390642803737],[129.56582513508786,-14.086387079876339],[129.5513910876872,-14.159999958352548],[129.54194670737212,-14.157777574150197],[129.53611860644858,-14.134164886613185],[129.51973140711235,-14.136387474336217],[129.5386068058331,-14.06999899371036],[129.5291579497077,-14.053609815660495],[129.50750900844963,-14.066945294264837],[129.48611427166063,-14.046390186682855],[129.47583156782943,-14.048332477884266],[129.49555863524313,-14.078333772345458],[129.50582796888688,-14.132776801267962],[129.48693919277716,-14.145830969137798],[129.46388117993726,-14.194443556770587],[129.44888525081987,-14.198610854793365],[129.4225007296694,-14.233052992924588],[129.41305633879,-14.230831336826784],[129.4080488260964,-14.294446099954511],[129.37138163826282,-14.343333397852764],[129.36138872410467,-14.423888912854274],[129.40305909729557,-14.43027588267387],[129.43305992533328,-14.476668194883738],[129.4575046781997,-14.50388851534613],[129.4741683092698,-14.492500038622097],[129.49139383012584,-14.495556577715181],[129.5338891068617,-14.549721612400777],[129.5472262464637,-14.550554633467826],[129.55833386472918,-14.553890889482162],[129.56582513508786,-14.539720973005933],[129.55610879357243,-14.539444707999198],[129.54611150949907,-14.535836313431753],[129.5580618378873,-14.530553022017385],[129.55944861806938,-14.502498469920603],[129.5691694815884,-14.518056427426927],[129.58250216855228,-14.502222136519622],[129.58972145942073,-14.496389792832092],[129.6086102558377,-14.498613095833552],[129.61111626275058,-14.480553965362626],[129.62083261686743,-14.480834626104938],[129.63028148094628,-14.475834957536469],[129.63888749982505,-14.471387868380555],[129.6519482308532,-14.47722520181391],[129.65666147887694,-14.468611552938707],[129.68082981827516,-14.467221319823237],[129.68444616540847,-14.485000880113263],[129.7244398673276,-14.493333243978547],[129.7163866834853,-14.505278637191253],[129.70165828048525,-14.502779092578047],[129.70722769754434,-14.510001320868323],[129.6936051710845,-14.50777807396289],[129.69444345641708,-14.516942723752726],[129.7166587194218,-14.533056507179376],[129.72639292438328,-14.540001549827394],[129.73445053319412,-14.530552962068258],[129.75083775377558,-14.543609935956397],[129.75999673936764,-14.545552244705888],[129.76666304569213,-14.534722683950779],[129.7778018818335,-14.541089278167577],[129.777494202135,-14.531390354594595],[129.77667379394612,-14.51972269309266],[129.7863901168138,-14.519165835886572],[129.78416504174012,-14.498889384964452],[129.79417574751636,-14.49472336110337],[129.80694661075867,-14.500832105622031],[129.81805421498225,-14.49388583066651],[129.82000734214824,-14.503331649153566],[129.81916897142204,-14.524721358328126],[129.8383341848365,-14.519722696670337],[129.83805774450065,-14.53194290338897],[129.83694294153722,-14.553053591452374],[129.81916897142204,-14.573886153111804],[129.80639815679373,-14.56583298302084],[129.79277108067947,-14.559721785269465],[129.79583894497088,-14.569445310844076],[129.79527263482882,-14.578611672399227],[129.78971665538526,-14.586668645123368],[129.7966594882343,-14.599722215837946],[129.7863901168138,-14.597780420934496],[129.78999307954962,-14.607778457534447],[129.78027222244467,-14.605280079181707],[129.7672293856417,-14.618332564471764],[129.7536157289927,-14.615834333927813],[129.7466729524208,-14.606108526839675],[129.73584175698875,-14.619445768143109],[129.74777431046587,-14.623057143342413],[129.74000658832506,-14.628057826898262],[129.72416786595682,-14.63083205768491],[129.71694853312724,-14.641665499456058],[129.71556175740835,-14.650833203066913],[129.72721786186278,-14.645833113143015],[129.72860909279194,-14.658611388679939],[129.73584175698872,-14.666945829514942],[129.72416786595682,-14.666665390630037],[129.7269458728354,-14.675275632226231],[129.7244398673276,-14.687776179903146],[129.72193832160764,-14.712499044619465],[129.71888829867387,-14.727498817984475],[129.70666583743042,-14.718890735730024],[129.7038878548386,-14.729443830787226],[129.7163866834853,-14.737499483631206],[129.72138981167785,-14.746667489554135],[129.71194543549026,-14.745554922945422],[129.71221749115045,-14.75749953463457],[129.72361937600073,-14.764722046787552],[129.7208413754975,-14.775833426691037],[129.72193832160764,-14.784999722565486],[129.730272346203,-14.777777940325688],[129.7388918002379,-14.768055025727946],[129.75389223805485,-14.770275588500672],[129.7602865836486,-14.763609509669985],[129.76083505928523,-14.747504034393382],[129.76804984216713,-14.755554818016861],[129.7702794348593,-14.764446048713676],[129.77610746301616,-14.772500486867813],[129.78805336949233,-14.76444604620178],[129.79777424345625,-14.758887954351032],[129.7966594882343,-14.745278905064136],[129.8161145340982,-14.743610115240086],[129.82361028068775,-14.770555864977107],[129.80499353597577,-14.786107773187402],[129.80360223738265,-14.795002130580176],[129.7963874154138,-14.820277615770298],[129.83583267200171,-14.807500133602092],[129.84832703967393,-14.791945438656299],[129.8383341848365,-14.7902812386249],[129.84666378439724,-14.78249909408656],[129.83667097016593,-14.781110768079175],[129.84361378912402,-14.772776424884734],[129.84832703967393,-14.762501379283501],[129.85499789373037,-14.770275588043818],[129.85667449929142,-14.779442184258802],[129.86917337054558,-14.768055022713337],[129.8788897624122,-14.772224489652801],[129.8897253559842,-14.770831864169157],[129.8990181330814,-14.771944249725824],[129.9030624865999,-14.7811108244108],[129.87883178096953,-14.808612317163917],[129.8986034551146,-14.829998090906335],[129.8788897624122,-14.829166152991293],[129.86582904335063,-14.850834407192476],[129.8677821270768,-14.859721756760687],[129.85278168311527,-14.860277764977683],[129.8541729563537,-14.870000772663037],[129.85139493071424,-14.891113284411778],[129.83972099974807,-14.883334780088893],[129.82666025848275,-14.870556779539454],[129.82527353838682,-14.861389722685349],[129.8161145340982,-14.870556762830336],[129.8088818706939,-14.877499637735747],[129.81889252252464,-14.885278409060332],[129.8094481329174,-14.886666058348121],[129.7988889782903,-14.883054684308062],[129.79028293856254,-14.875831800134181],[129.7808385933093,-14.876111945661957],[129.7569422457584,-14.855834095332545],[129.75610395104061,-14.865001384585632],[129.7361316371726,-14.850834366145644],[129.71945012536665,-14.851110281374746],[129.70222459297207,-14.849722414311106],[129.647506964123,-14.832222401877496],[129.6455539148998,-14.895276119648274],[129.65638949179802,-14.89611212963557],[129.66805897045143,-14.893056819456355],[129.68278292721888,-14.90139086796344],[129.673338585558,-14.903890110242232],[129.6861094372284,-14.910000337116308],[129.69305223646697,-14.916386111562854],[129.68777266396464,-14.924999336000138],[129.68028141270963,-14.918609491333433],[129.67919781124945,-14.934659126267054],[129.69278025313525,-14.943056206989551],[129.70277311714167,-14.941388868256068],[129.69805978810263,-14.950832537239686],[129.69055066838138,-14.960275815137962],[129.6805578594748,-14.965557340227734],[129.68360790088414,-14.978889721250905],[129.6852711167156,-14.987776102057623],[129.67832830288515,-15.004445057228175],[129.69082714758838,-15.00805440548435],[129.6936051710845,-15.018610554674641],[129.6805578594748,-15.019721717826277],[129.6794430913022,-15.030832896838879],[129.68388433266682,-15.039996977267078],[129.68167260740225,-15.050555932942771],[129.6741634499793,-15.060003417243767],[129.6655574071783,-15.063611764544827],[129.6638942084335,-15.092222380003246],[129.67388705314312,-15.088334648629962],[129.6822210792507,-15.092777741861973],[129.69332870439882,-15.092777755412236],[129.69749351583798,-15.100832753810629],[129.68145858555678,-15.102417054192468],[129.6861094372284,-15.122219585924741],[129.70221121619164,-15.135512046180816],[129.70181439660766,-15.151984408955215],[129.7318731859024,-15.171140982909463],[129.73499900473558,-15.185833325094276],[129.74528614246077,-15.18305761549378],[129.75277746726132,-15.170831139952153],[129.80775372931907,-15.194754057925616],[129.8337725622897,-15.260961498541162],[129.84249900953142,-15.265000916486606],[129.8497182579302,-15.270834054053852],[129.8699358767737,-15.372797202997372],[129.8762366035144,-15.408656729623441],[129.91615446974689,-15.40997649349143],[129.92944258524824,-15.43777492801775],[129.92195127765225,-15.448610426601915],[129.90182291929776,-15.423009963528628],[129.86807192958966,-15.433425090985095],[129.84138420949455,-15.38817187210277],[129.84249900953142,-15.318056624270923],[129.8161145340982,-15.322499156859083],[129.8371436217114,-15.2945132947454],[129.82139410371238,-15.277221882169055],[129.8124981919557,-15.27222345707791],[129.81027312725888,-15.233612787971477],[129.78971665538526,-15.234447455135202],[129.78663536044567,-15.191195311981602],[129.75500698851357,-15.181112463437444],[129.74014483447223,-15.205387007464436],[129.70803928165464,-15.188948915838415],[129.71583379700863,-15.176666872533433],[129.69389501512168,-15.168055267134738],[129.6936051710845,-15.177777201486728],[129.69278025313525,-15.186943563010765],[129.68171723782913,-15.184512182007355],[129.68064704320258,-15.196927147938077],[129.671661899142,-15.17972238578033],[129.66139263306107,-15.144723309370612],[129.65028497882773,-15.156111976480682],[129.63999788400938,-15.17638714242062],[129.60806175771737,-15.15972301688255],[129.618331102351,-15.156667175096205],[129.6094530105379,-15.150275687208651],[129.58471840579347,-15.159722960594738],[129.58223016924424,-15.177497464405246],[129.6102734519841,-15.210554838739416],[129.60278221379718,-15.229719090048246],[129.58860670037788,-15.224723845575133],[129.581663933798,-15.20861427468714],[129.5713945558175,-15.208334574975652],[129.56944153841235,-15.193054303400995],[129.55888233156267,-15.191113496219726],[129.55000428459408,-15.175001371998475],[129.5405599292949,-15.173611324951805],[129.54750273851238,-15.161388635303044],[129.56166039829694,-15.150835187144056],[129.56388992265872,-15.141947021498709],[129.56138389066192,-15.131112845556714],[129.5691694815884,-15.126110975082748],[129.5480512225064,-15.119722845813573],[129.5386068058331,-15.119998334417481],[129.5519395372117,-15.101943533234236],[129.53277428751613,-15.106390667513468],[129.50750900844963,-15.086668454114399],[129.49638358879272,-15.089720979447565],[129.48889228624552,-15.081389946358454],[129.47917145559538,-15.073334205255046],[129.46583428728593,-15.055279680190424],[129.42416402560374,-15.070552719180544],[129.41389464026412,-15.080554672644244],[129.41860793945784,-15.043054519365269],[129.4105548067975,-15.027779527374832],[129.4338848390189,-15.024166253934627],[129.44221444847201,-15.020001633015982],[129.4397441146789,-15.011323369241989],[129.43110681684976,-15.015001465295155],[129.41776962227664,-14.992221250570564],[129.4158343748235,-14.982499408048728],[129.4247302775171,-14.977778342040638],[129.4108268479258,-14.973608548081097],[129.40083399353296,-14.976942682448298],[129.40194872974774,-14.986109121820348],[129.374997899877,-14.988611700415518],[129.3816687739296,-14.978889709094172],[129.38638205464022,-14.970834385987008],[129.37277282494745,-14.966113004330131],[129.36332850704858,-14.966664410610392],[129.3516679372122,-14.96027579072411],[129.3416616656449,-14.961111573284086],[129.33471890443823,-14.968891544220133],[129.3294392919203,-14.960831537478319],[129.32055674222707,-14.963610157960453],[129.31889353895932,-14.975279910132366],[129.31277564042125,-14.982223730725329],[129.29943846025148,-14.973608551885407],[129.28833087826234,-14.974164200075364],[129.29444870295453,-14.981943802820092],[129.29749875898392,-14.991109945733074],[129.28611912336527,-14.991389923730146],[129.2761084169186,-14.989443067320048],[129.27806153370867,-14.998613256553767],[129.27915849133763,-15.01472153989315],[129.2616743736307,-15.014721486998102],[129.24806073821847,-15.015001478490126],[129.25277843704367,-15.024721802280018],[129.2577815653315,-15.035832693696172],[129.25444164661351,-15.052777863899534],[129.24485910271406,-15.05721307379244],[129.25721522928467,-15.104444730110412],[129.3066711622141,-15.098055976944265],[129.30360325769132,-15.108612028928423],[129.29194718059316,-15.111664228360532],[129.2899940990035,-15.134444522404936],[129.27861001491442,-15.134719993478052],[129.26222283917835,-15.128056624095903],[129.24972399306276,-15.131943627411049],[129.24638412276235,-15.141387482601653],[129.2313836753701,-15.163889166094126],[129.2358383052882,-15.184443346615586],[129.20916846514294,-15.239722162484677],[129.21221844925594,-15.25416873293769],[129.19999605302212,-15.24222172759511],[129.21417156408583,-15.171110882017775],[129.20527566697436,-15.161943839739598],[129.17817767274187,-15.179834328043821],[129.16389519684571,-15.178612070304213],[129.15083443886232,-15.183333030758781],[129.16444363913848,-15.16750006084533],[129.15360804791624,-15.128891746487588],[129.13083091824103,-15.143612816436711],[129.12056159703567,-15.12500037489776],[129.11084079203016,-15.139166473369832],[129.09971534901393,-15.131388366652777],[129.1016684383807,-15.118612202133196],[129.07638534692032,-15.1175015911947],[129.07943536495267,-15.108887487709033],[129.07556034821465,-15.099442202143996],[129.06500124943676,-15.106110806004757],[129.06333798875525,-15.119722816835221],[129.0624997041854,-15.129167224305132],[129.0430624832564,-15.128056645302426],[129.03889315731914,-15.096665388265126],[129.0302737202728,-15.090276378724214],[129.0161116117804,-15.085277838670402],[129.0161116117804,-15.066664613299139],[129.01056007592672,-15.059167989715833],[129.04138139392782,-15.054999818241782],[129.02861050855998,-15.046667408631492],[129.01888966501892,-15.024441908428216],[129.01222328007964,-15.017499441710253],[129.01638814171937,-15.006943158937833],[129.00555246041384,-15.001111388590552],[128.99833767962497,-15.009445551954796],[129.0005493864407,-15.021388406751665],[129.00999375717365,-15.036943749057333],[129.00833049503586,-15.045832047163978],[128.9908285740836,-15.05083582177266],[128.99860967100665,-15.058057078710318],[128.97667086512038,-15.06083445446883],[128.97833415397128,-15.030557280527502],[128.95222609002644,-15.021664048526937],[128.9402757140308,-15.068330930261459],[128.92443702286198,-15.065278123015776],[128.92860623684007,-15.032223923544315],[128.88444333164716,-14.987224718140402],[128.85972654206452,-14.968891575969423],[128.85583375853838,-14.96055579956182],[128.84333933060427,-14.973057157531228],[128.85083058257356,-14.981388122489367],[128.83138892334287,-14.976386998220189],[128.8238842470344,-14.969167292939336],[128.81750325500568,-14.960555865503101],[128.76555026702908,-14.914722942207387],[128.75388976284464,-14.913891299166451],[128.68028335931945,-14.888613877755898],[128.6786201454409,-14.879417427042279],[128.66082835272053,-14.88277889835499],[128.63806014849186,-14.878331388155317],[128.6222214474783,-14.90055489996579],[128.58999547011453,-14.890557415204844],[128.5530563121062,-14.843610477944889],[128.5422206999262,-14.846390566111046],[128.5394426773364,-14.83444226493537],[128.54360746354814,-14.819445589556704],[128.53083659510483,-14.813608733356382],[128.54028094487356,-14.81027640278456],[128.53805590616534,-14.799722867378778],[128.54138237693766,-14.788056569215767],[128.53027473225012,-14.789725092802787],[128.5191671392541,-14.785555971173208],[128.5086080214376,-14.781391020832599],[128.43388236463113,-14.810556588017418],[128.41610836676412,-14.795553936853526],[128.38528262349826,-14.811388616235291],[128.37944118009736,-14.823053703831242],[128.39250192173517,-14.819445590454453],[128.3972151917912,-14.811388581390066],[128.40750236269182,-14.816945311243284],[128.42805434486866,-14.842222545616485],[128.4419399906565,-14.8494464887226],[128.44277829223344,-14.839166519273364],[128.4558256167708,-14.845834596749471],[128.46110519148698,-14.838334618030467],[128.4741659121031,-14.849166363454536],[128.46916279621684,-14.859170095806801],[128.46664340585147,-14.876771301068274],[128.47749239566275,-14.875275905432323],[128.48222345031013,-14.865001376645683],[128.48333828426595,-14.854722109233126],[128.49238579892372,-14.864346280524765],[128.51005722823425,-14.871668658950652],[128.49827623948326,-14.871853977379578],[128.50000192391153,-14.886243715497155],[128.49324190698204,-14.892475041485907],[128.48333828426595,-14.898611435159191],[128.48277192626122,-14.910831954236452],[128.4972238866461,-14.903610062918707],[128.50582994535986,-14.90916870551284],[128.51110953687703,-14.917497834177084],[128.50474636136383,-14.924671927290825],[128.51889064798337,-14.927222638595333],[128.5086080214376,-14.933332108968015],[128.5013753023359,-14.943702427329473],[128.5120102997454,-14.941763674328],[128.51342824475543,-14.95150462583734],[128.5272960577563,-14.945451585755324],[128.51897987246036,-14.958724956161669],[128.51832435432877,-14.96805587075333],[128.5291599693435,-14.97055439918451],[128.53777941397044,-14.975555621840538],[128.5347294277061,-14.986109085621997],[128.5394426773364,-14.995279420789734],[128.54666192679576,-15.001942661044023],[128.55749312253954,-14.993612516603795],[128.55555782351053,-15.008054384018443],[128.5472238101585,-15.012779137715611],[128.53611618875476,-15.004720719320632],[128.52944980310076,-15.011112348641138],[128.52027742160865,-15.007498792864084],[128.51361111783768,-15.017219501714353],[128.52291725328246,-15.025406575644718],[128.50582994535986,-15.030832857729186],[128.50465278775144,-15.021866481267606],[128.49528417111,-15.02277953034113],[128.4855500097745,-15.023055131921954],[128.48666470742327,-15.007778708792744],[128.47610560574083,-15.015557064680491],[128.4750042068626,-15.026388473284381],[128.46417302170354,-15.023055154837529],[128.4575022591489,-15.0102768065796],[128.45500064017912,-15.019441752477135],[128.44888276624576,-15.02666409900102],[128.43916192229457,-15.025001719827818],[128.4394384260964,-15.013890267257187],[128.43861348623264,-15.004165133218104],[128.42165997595353,-15.013334692639505],[128.4294455930088,-15.029166250800957],[128.4438930684268,-15.035001572883228],[128.45388589038336,-15.040276947156265],[128.44416947223633,-15.04500092043778],[128.44416947223633,-15.054164452052387],[128.43472068783305,-15.04472529166617],[128.42165997595353,-15.04138794654],[128.41610836676412,-15.026664079710272],[128.40388599709334,-15.020832860819597],[128.39250192173517,-15.01416590969352],[128.40138444326746,-15.011387941338937],[128.39166362759295,-15.004165149920507],[128.39054885751844,-14.991109937509231],[128.37992720337758,-14.99321625838953],[128.3694438981413,-14.995835040261127],[128.36250109189652,-15.00515142069735],[128.36027602031436,-15.018054970894138],[128.36222908911918,-15.029721756919985],[128.3686055545019,-15.022499588930152],[128.37110713617943,-15.034166118265478],[128.38027954795263,-15.0363882542407],[128.37472343679795,-15.049444961698907],[128.37361312300982,-15.061665506211346],[128.3686055545019,-15.076942312058222],[128.35888477041266,-15.05249798546106],[128.3483255766007,-15.054999849684414],[128.34805359633742,-15.04416554134156],[128.33888124841138,-15.037774869647901],[128.332228206308,-15.030832892740026],[128.32750157269777,-15.039165863579013],[128.31916754657703,-15.006667533575582],[128.3200058686128,-14.994443841217752],[128.31083794899888,-15.002222645178481],[128.30528192124686,-14.992776916768971],[128.29888757923908,-14.98583344538126],[128.28846659020007,-14.974935293904329],[128.27722073920393,-14.979165376047227],[128.22805917046136,-15.006387556111834],[128.19389357861246,-15.097776113386605],[128.22250312112683,-15.134720006634808],[128.22111633199378,-15.145833775714499],[128.2322240139829,-15.148054740685932],[128.24221679783486,-15.163613686118232],[128.26249679012375,-15.165834462723259],[128.26028512618058,-15.177222003665285],[128.2669380854027,-15.18444332275992],[128.27082645169892,-15.17249663429569],[128.28389156649172,-15.176946588478728],[128.2888947133987,-15.187223279031741],[128.29083442630423,-15.196944345144956],[128.28860487380996,-15.21499966427731],[128.2761059869369,-15.210834570716399],[128.2722176856097,-15.202499715507821],[128.2811135773279,-15.194444226157325],[128.27166916149557,-15.19222372547373],[128.26249679012375,-15.20249970371939],[128.25324863320753,-15.200855961021812],[128.24221679783486,-15.199724226504161],[128.2322240139829,-15.21638951700784],[128.25305240661464,-15.228609052045277],[128.24444636436692,-15.23277809273385],[128.24249331415234,-15.2433317118135],[128.24360806183378,-15.252779173121697],[128.27888402290876,-15.280555521865288],[128.3013935450501,-15.323613042278788],[128.2916727014536,-15.323333490106199],[128.29110639830995,-15.33250213079014],[128.3013935450501,-15.33305257689373],[128.2952711885368,-15.343889229108116],[128.29083442630426,-15.365556617632537],[128.29360799018565,-15.374443922216184],[128.29360799018565,-15.388335195125414],[128.2916727014536,-15.397221536535225],[128.29638602388914,-15.41166592208216],[128.28889471339866,-15.420001023887412],[128.28054726530866,-15.395278399562152],[128.28694159022203,-15.380832948238618],[128.26722793829384,-15.310276507524627],[128.26055714176354,-15.300835930063203],[128.2527447852634,-15.294969268664925],[128.23750352885352,-15.299167166299743],[128.22582962351044,-15.30916692213171],[128.2405535704203,-15.30805298206857],[128.2572172290675,-15.333052572053866],[128.24667142964947,-15.334166408807935],[128.234725549566,-15.34944497671729],[128.22444282248773,-15.369998139528112],[128.21278227192178,-15.382780504879824],[128.2227796380799,-15.384164913424577],[128.23555043769116,-15.385553635253315],[128.23555043769116,-15.402775873012834],[128.22887963156077,-15.409168300019523],[128.2202780603765,-15.398610131970358],[128.2100087473012,-15.391667103019541],[128.18110487774243,-15.402500736241432],[128.16917225125212,-15.380832955534032],[128.15722639041013,-15.372221063113367],[128.15943805982803,-15.391387657711569],[128.16027636354102,-15.401946156843984],[128.17166049786795,-15.41222473641686],[128.15805126130445,-15.423891237483812],[128.12472398975513,-15.427222521155763],[128.11471772456613,-15.43999708909576],[128.1052688995044,-15.44416627662383],[128.0675048098061,-15.493055463939319],[128.03166251957865,-15.494168448785185],[128.07638731898987,-15.436945323569729],[128.0861036931749,-15.36722062627669],[128.0574941308675,-15.324997773393834],[128.05138962570595,-15.335275836750302],[128.03473042226216,-15.33555535595078],[128.03111405673823,-15.343889234801411],[128.00555451983465,-15.353056971427204],[127.99720705394905,-15.345411525650546],[127.99438445238982,-15.35640234452075],[127.98619755254654,-15.350937117183445],[127.96832990672522,-15.350833919698973],[128.0274977413096,-15.310276537320206],[128.01445037291876,-15.29666819029323],[128.02360495252933,-15.293055230247369],[128.04249367412723,-15.295833766970507],[128.0472247634312,-15.303610092472779],[128.052994874227,-15.295059596337955],[128.05528235849093,-15.30944646249444],[128.07472403525676,-15.285278531145233],[128.08471692372186,-15.284444064316368],[128.08416848557357,-15.269719884619652],[128.07777409734027,-15.262221954741989],[128.0935816089461,-15.236955781958201],[128.08416848557357,-15.234998170014824],[128.0838919652021,-15.225833866519524],[128.093336349232,-15.199169085887108],[128.09249802223889,-15.189998974749356],[128.10560776592249,-15.193846105611279],[128.11335775315322,-15.169733657104993],[128.1040962037278,-15.16800355166809],[128.09527605502103,-15.162499007153151],[128.08972003696698,-15.171390614197875],[128.07665935089094,-15.171110873675786],[128.0733328366951,-15.155556774541227],[128.08305368281285,-15.144168018336043],[128.07834042090116,-15.133333969539475],[128.08583169914425,-15.084167001600218],[128.1000071778915,-15.059168011803271],[128.1141648513329,-14.95444276349133],[128.12028717648803,-14.933056391834873],[128.13250508874154,-14.899723226337622],[128.12666368361306,-14.891113291560167],[128.11833407354627,-14.902502579493406],[128.11972088082683,-14.91166791671014],[128.11778114920438,-14.923056142331227],[128.106111666266,-14.925555169385119],[128.10722197610588,-14.907221055612116],[128.10221886411674,-14.89555617770269],[128.10667355872226,-14.882778866269154],[128.11582805458667,-14.878887376451694],[128.1063836595789,-14.873332209332984],[128.135831600806,-14.857226250107765],[128.14666716893865,-14.856670289470314],[128.14173993469439,-14.848261221281751],[128.16111917026623,-14.844722508496723],[128.1911154891706,-14.83972251450343],[128.17916956733208,-14.769167535761293],[128.18749916908308,-14.74361009667983],[128.22166486680246,-14.753334070865135],[128.21556035302376,-14.714724534323887],[128.1549968350056,-14.702221184728018],[128.1411111763721,-14.68527871526105],[128.1313947905091,-14.687776110687851],[128.1372228062451,-14.676944977885537],[128.08416848557357,-14.647498364197926],[128.06638997539864,-14.64222208405071],[128.06333996675542,-14.618613044222544],[127.98909596136704,-14.558819775416582],[127.99191409543302,-14.579151122298516],[127.98138618076631,-14.58117074238558],[127.96945362141591,-14.58995258101315],[127.96194451580531,-14.596667105324647],[127.9331297731758,-14.552035051976521],[127.94472342643768,-14.522515537247328],[127.92833625933163,-14.502779036723938],[127.89416615395677,-14.4958328707069],[127.88166727060214,-14.472778091177265],[127.86194464804828,-14.482777470749927],[127.85082813895409,-14.479962495242273],[127.87388614255015,-14.447393456347724],[127.8636168427278,-14.430897790561318],[127.84095566472025,-14.454716842405972],[127.82159429677459,-14.454125282283144],[127.8258348644827,-14.398887407395552],[127.79840251892428,-14.386517374466319],[127.78341097977095,-14.362487979723882],[127.77528206285454,-14.35311391693095],[127.77138483344636,-14.324998170097793],[127.701376938505,-14.252177969463796],[127.69222240905503,-14.234444754149655],[127.6780557794961,-14.211946601930547],[127.67268257361178,-14.219575873808719],[127.66139219105857,-14.184997712205726],[127.64207531748636,-14.179835833392001],[127.6425033671752,-14.167777980126475],[127.56694836998675,-14.121667830028075],[127.56749687128739,-14.112500004406051],[127.55947939941981,-14.10677427325876],[127.54583012818513,-14.105277957207573],[127.53415619106804,-14.113633074893318],[127.5318596920082,-14.086495213766792],[127.51000125659974,-14.08416399810997],[127.51750143703661,-14.077222171366172],[127.50805709001955,-14.07361065672399],[127.49611558187978,-14.057083258308463],[127.47805618393201,-14.080556906656852],[127.47389138052996,-14.062779924267142],[127.46639120075703,-14.057221652287838],[127.45861005525522,-14.062779961692302],[127.45277314530826,-14.04972528442119],[127.45722327809052,-14.015554029302574],[127.46722509995611,-14.000554037198008],[127.42695493062534,-13.965708976279565],[127.4251043549602,-13.94197688982806],[127.41359545568955,-13.959438697769343],[127.37833289892423,-13.93237348936731],[127.37195639430615,-13.924738849134242],[127.35609535177426,-13.90705810652305],[127.32131878226967,-13.914792775117753],[127.3399980093452,-13.949442135063599],[127.31923645683864,-13.96086668479119],[127.28076773764577,-13.929568936760019],[127.26249879744157,-13.902223246575522],[127.23545880840497,-13.907581860512378],[127.22206814809768,-13.944235965501699],[127.20098994660475,-13.951026065571659],[127.19056012734704,-13.950679854377066],[127.18976638386668,-13.909962395032478],[127.16718107533065,-13.916286068369347],[127.17790969792095,-13.927037043712595],[127.1556542833003,-13.943413680905417],[127.14479191042611,-13.97904102890044],[127.1269466284973,-13.966388390807913],[127.11467071072303,-13.960901329217904],[127.11494274067338,-13.946430108142044],[127.10433895159872,-13.925132710047098],[127.10420074844326,-13.886064450094628],[127.0640955602735,-13.899188909191825],[127.07640272603247,-13.869060333649413],[127.06868844831632,-13.861700763291214],[127.07975149666521,-13.838633412938771],[127.04393600947262,-13.84808487629331],[127.05048195490713,-13.807609277713603],[127.02981398463076,-13.82802115617522],[127.02413760414223,-13.819551823467943],[127.01471544748804,-13.824089656608374],[127.02228702053633,-13.806964077991749],[127.03186070847038,-13.807617961847647],[127.01855474564928,-13.79864986434175],[127.01161192696941,-13.788707055748132],[127.00360783713293,-13.794406044363635],[126.99614781976705,-13.773428214134219],[126.99185816292176,-13.784185830935808],[126.97791899118387,-13.754033708646793],[126.96493406202138,-13.738375788958324],[126.91463545680442,-13.745630913841683],[126.94123839553343,-13.766650273956586],[126.91354293964265,-13.76635573675202],[126.8694780681298,-13.752435450501919],[126.84913570618035,-13.767906272678006],[126.86819385463787,-13.800061543029242],[126.84279040693423,-13.807431756894776],[126.84188077045543,-13.816776233842475],[126.83081773346545,-13.799611240644776],[126.81319983024986,-13.76998074864658],[126.78343976251507,-13.784419721059491],[126.77369659438668,-13.784527992396201],[126.76314635145214,-13.785974404832377],[126.74401240652638,-13.787845259277534],[126.78739053181245,-13.87444138457677],[126.81226337565798,-13.926595636663828],[126.84085065127742,-13.930663933778495],[126.87255938310864,-13.960494533594549],[126.82864169038099,-13.950541353458224],[126.81590200079783,-13.959031905168548],[126.82750009217368,-13.959724267542823],[126.84077485351483,-13.967357659913585],[126.83217774832907,-13.970867074753821],[126.81384192612406,-13.984224751276614],[126.8025068320354,-13.98767758536442],[126.79037362430988,-13.969023655665668],[126.75973515808236,-13.974705300104059],[126.74888618448156,-13.98194445945005],[126.7249987933069,-13.997776289244264],[126.70749679471729,-13.973891728827393],[126.69560434594067,-14.011556448683873],[126.72538668185251,-14.028632169652713],[126.73999921160706,-14.014165194495249],[126.74962635436111,-14.02162377879869],[126.75093737919545,-14.0510576162253],[126.73631154184594,-14.06873168860926],[126.72704102514949,-14.093873579985159],[126.71099717847909,-14.09956073760339],[126.71206735858657,-14.121797580165778],[126.69571139501015,-14.138666172866973],[126.6909044850312,-14.102618274081157],[126.64946159422058,-14.073779347605178],[126.65385385505436,-14.099119558741911],[126.65419716321412,-14.10997020626704],[126.64315642199372,-14.187172233606576],[126.60622618181888,-14.181772606003143],[126.59648748881025,-14.219748760960126],[126.58944656378969,-14.20277806359464],[126.5777592278307,-14.197154082535276],[126.57555203735181,-14.212499864012118],[126.56629937771703,-14.217012641437746],[126.5686092083553,-14.205920743500924],[126.5658133184568,-14.162788649899351],[126.57164582204439,-14.146981176131348],[126.5228632667439,-14.155784352982124],[126.4972234275237,-14.111427578069145],[126.5028062568183,-14.090335824434678],[126.4669639700076,-14.104071365403405],[126.45512505535964,-14.080115728874324],[126.49005769808538,-14.047311517709336],[126.49583221391151,-14.006667476785191],[126.51361064221648,-14.000000241349706],[126.55527650867938,-13.956946060230722],[126.56472084820027,-13.945278913304868],[126.54305403385185,-13.944166768132936],[126.53611125435413,-13.934165215025628],[126.5041751514054,-13.96634941484086],[126.4986102430724,-13.958053857021344],[126.48083620370197,-13.997776340316623],[126.44750888312451,-14.001739542236667],[126.43723957096226,-13.984151217624046],[126.41453384683213,-14.011668892989157],[126.3919128697696,-14.029917068660202],[126.38488978206196,-14.047558123524132],[126.33550077858482,-14.05565149411337],[126.34399535625428,-14.095633820374355],[126.31314727057793,-14.10446927125192],[126.30166513135367,-14.143651735536123],[126.30501384614281,-14.152615095957767],[126.32260056708509,-14.147634067568811],[126.35589672353366,-14.191508283278704],[126.310766127496,-14.206396256674845],[126.30395706524186,-14.234509576078466],[126.28501036442914,-14.22056141233412],[126.27696165527342,-14.229245086873624],[126.27249815150003,-14.237500515146055],[126.26581395273112,-14.227217924882954],[126.25217349545154,-14.236065518295831],[126.24929740357955,-14.227364889860596],[126.23583092256888,-14.224879487907675],[126.23139408697752,-14.23805371376575],[126.22431750270728,-14.226362044229761],[126.23051569664041,-14.20878236357586],[126.24115952237523,-14.209819869140782],[126.23634376565289,-14.175564454984787],[126.19815149448046,-14.1794553564049],[126.19461995667544,-14.1557714190292],[126.20842531396644,-14.139042397477109],[126.18117572462745,-14.132967072636271],[126.21996992496132,-14.108629531734497],[126.20661938679221,-14.090504492100516],[126.21279971081111,-14.074955795675093],[126.17036237898176,-14.105546122384608],[126.17279261391376,-14.08026711670658],[126.18431049988837,-14.073610623320286],[126.15046591413874,-14.068939338561615],[126.2197558847889,-14.038763690265304],[126.22107133233284,-14.018422351434051],[126.19379498576326,-14.006940035273056],[126.14666673402905,-14.012776457299827],[126.15664617609978,-13.999156506113513],[126.12025545482847,-14.009561949302052],[126.16028037982154,-13.96416849146916],[126.13694586523563,-13.959166030090131],[126.15944650691847,-13.93166804737312],[126.16028037982154,-13.922501297143194],[126.14805801756337,-13.918056266931012],[126.13194280830956,-13.928889474859263],[126.13222373939465,-13.944798554264846],[126.10583473742028,-13.921388925236027],[126.09583299493279,-13.921665978295698],[126.09833456719943,-13.903612668552526],[126.08941631446245,-13.89945732448559],[126.05636552639197,-13.943950318044243],[126.04683641892323,-13.94537848594664],[126.08087719771201,-13.975795715860542],[126.0874632885305,-13.986595856321367],[126.09132483629068,-14.026629171586396],[126.10245472095404,-14.04414938664954],[126.0717850508127,-14.039520739980128],[126.06016464630834,-13.986799244164375],[126.04479410830808,-13.984004083057076],[126.03542999794138,-13.988019442578059],[126.02299357239288,-13.998957502929365],[126.05460417937067,-14.016202915025719],[126.056204968071,-14.025318383007898],[126.04342072600207,-14.0333433107131],[126.02817504840476,-14.033996495055503],[126.00551392191109,-14.05236829334486],[126.01332182612826,-14.031669125896327],[125.99327810013301,-14.007788073501702],[125.98494854275918,-13.999303645931803],[125.97805918608282,-13.991943910901455],[125.97873702751049,-14.042124887655945],[126.02758196981769,-14.094401242851992],[126.06871723605335,-14.077814726550445],[126.11566265087681,-14.08620114157996],[126.15804192078704,-14.146328234451833],[126.14348741599608,-14.161452684328413],[126.15798391373171,-14.175949196474287],[126.1461271874298,-14.183795890625346],[126.14798665967272,-14.207943782776765],[126.13345446914946,-14.212352874175583],[126.1255885532696,-14.233580271914775],[126.09908367970222,-14.240037586929514],[126.08930932106463,-14.240327156181017],[126.05690055245537,-14.248132688663949],[126.07973563597587,-14.320107370943528],[126.0894252720426,-14.32534380065453],[126.07295783849962,-14.326298627978037],[126.0842348449299,-14.347269006241696],[126.06054814076947,-14.361109947545163],[126.03365531301331,-14.371822719572485],[125.9908211559666,-14.400468162443463],[125.98175132006294,-14.394693620638085],[125.9844446666,-14.41888795627546],[126.01777638747441,-14.411667080023728],[126.02137940112968,-14.428133981843827],[126.02410832308661,-14.439733074154612],[126.03003892106189,-14.465312859385675],[126.04552539609453,-14.485385104501406],[126.05257974694786,-14.500024763685584],[126.04630132377568,-14.532940008924248],[126.02000593883857,-14.519554359502992],[126.00571452179454,-14.526499805589298],[126.00126433825866,-14.555418813874669],[125.971932432985,-14.535175878833963],[125.96345564144968,-14.5181946045404],[125.95464443624915,-14.531247910906119],[125.91755813433296,-14.543985418902494],[125.90222327537333,-14.578611646772297],[125.93402116467894,-14.61374161861045],[125.9307392561449,-14.633416399515742],[125.92472832944452,-14.642817464093133],[125.9155560084905,-14.648098049007137],[125.90921962544635,-14.654974692222062],[125.8686283915,-14.606341539151446],[125.85002062789174,-14.610268159713323],[125.84174445498675,-14.587471326911862],[125.83230011607333,-14.574749267599005],[125.8504040688912,-14.567736247312336],[125.83051201929958,-14.547800973065755],[125.84787576992102,-14.539414525071708],[125.82140206823509,-14.491843788777937],[125.85756539684294,-14.478554998497383],[125.85273620536657,-14.45746306626289],[125.81266220873997,-14.47809299904143],[125.80637492343678,-14.470109789489182],[125.80965234804167,-14.446503935115674],[125.79513347927013,-14.45967377774815],[125.77787675378617,-14.465420830237253],[125.777092014554,-14.474820326412207],[125.74202565983796,-14.485091537563116],[125.75122917792658,-14.452696047463425],[125.7409509873756,-14.428298071599228],[125.75505062101698,-14.417030958470619],[125.72366301611122,-14.41714317342989],[125.72650348457599,-14.43045729097176],[125.72338212179388,-14.43951281316055],[125.71882492965138,-14.454233244312707],[125.70833712536803,-14.497779883109951],[125.66450411174876,-14.618543970815647],[125.65652680101789,-14.607774121920396],[125.68885976779532,-14.50124649278065],[125.67066217630048,-14.44916822288624],[125.66288553069265,-14.424722312424418],[125.66410284678598,-14.408613674753708],[125.65570634224217,-14.380224051922848],[125.67803753925587,-14.38544182244639],[125.68250109790995,-14.372220112217844],[125.66953843213767,-14.368073337203802],[125.6766194998683,-14.351757472171633],[125.6655743086072,-14.336269969529255],[125.70722232771705,-14.343609934594445],[125.72605761878958,-14.342789115983557],[125.72146466462443,-14.33496953972481],[125.72984335756186,-14.322120685013246],[125.71251531128424,-14.323948248849595],[125.73179644025053,-14.282722852739257],[125.72416689021057,-14.277498331588918],[125.71658202799752,-14.284403795238495],[125.7059469921394,-14.30425467279681],[125.69990491545633,-14.295401064619226],[125.68615751568004,-14.288772541874168],[125.6763519471716,-14.288418160328378],[125.66770131789562,-14.27636179062602],[125.6565178775939,-14.255821297677576],[125.65019934394901,-14.24420835592293],[125.64269471982892,-14.25528108959724],[125.63730811666123,-14.24635205479418],[125.62733305971628,-14.246049560725405],[125.62472451174534,-14.234552745447902],[125.60472097018547,-14.242501187969594],[125.60690149545938,-14.251620441282443],[125.59592316545002,-14.248301236489743],[125.58609973493918,-14.255462579955129],[125.59359553393938,-14.284563678323323],[125.5883159872423,-14.326847276876919],[125.60431523409298,-14.343666106353334],[125.59500009971741,-14.345834746608006],[125.59301138294148,-14.355079470339735],[125.58890451252317,-14.364090553992511],[125.61859321074634,-14.394045726623274],[125.61116882871018,-14.43202058456876],[125.59717621443906,-14.474129521204134],[125.59999879990838,-14.489167070354455],[125.60243348315628,-14.499498084718814],[125.61055793609626,-14.51339004391994],[125.59687743404587,-14.536949887659977],[125.58195277901433,-14.527721355587326],[125.57643246693262,-14.558163762929926],[125.5331791671136,-14.557089045747205],[125.56057589470579,-14.517473685568586],[125.53836952846515,-14.512224469854253],[125.53300526954804,-14.52139753998611],[125.52666443533282,-14.509733666960887],[125.51791568675505,-14.505153432228392],[125.50164883049891,-14.513575616531204],[125.48885119887005,-14.519800393917983],[125.49442511705469,-14.546596752805893],[125.48867737338298,-14.553903847416436],[125.4710683461412,-14.532180293961567],[125.46254700882352,-14.536721169856325],[125.47025235465038,-14.568841071734466],[125.45381158477221,-14.587156273795944],[125.45794520434104,-14.59571347073701],[125.44587884196984,-14.59671462210353],[125.44228486587576,-14.608076176896743],[125.42005174049474,-14.602423518180897],[125.41745215329097,-14.568228241773646],[125.40442704296312,-14.540057673524693],[125.39888888109544,-14.547779370287671],[125.39160719084371,-14.556817176668455],[125.39748426552605,-14.56891446744939],[125.38666652058058,-14.566942176330455],[125.3711086748396,-14.580277462656698],[125.36194522260071,-14.591389585498847],[125.36795607605428,-14.567926132586],[125.36238665453949,-14.520741430937337],[125.36583801127941,-14.509168115767759],[125.34443878259454,-14.509781184419731],[125.33705002611923,-14.515829015193562],[125.346253679127,-14.56313130563941],[125.32764580238073,-14.559402432630323],[125.3249971432057,-14.580834178558986],[125.29972295123208,-14.557775257217338],[125.29333307613926,-14.571667847850751],[125.28806236744082,-14.5796862633828],[125.27837279085578,-14.576393493985279],[125.26533432455794,-14.563657838667375],[125.25958213534896,-14.593603300918643],[125.25139517009437,-14.613361927250297],[125.25669704899893,-14.624890865062008],[125.24086725848314,-14.619096264320182],[125.205444157065,-14.654047164752798],[125.22582227145286,-14.659961687886343],[125.20991664430701,-14.671557206414471],[125.21021986074145,-14.689467002063392],[125.2141973774791,-14.712796672424867],[125.20278210143675,-14.699421974715694],[125.18166377148765,-14.711390687617438],[125.18655986525874,-14.733376826835018],[125.18174849305329,-14.741941254175643],[125.15480218318538,-14.737603014682751],[125.1462629951521,-14.761716608227648],[125.13558343693514,-14.753377198909217],[125.14022979563337,-14.769318437487113],[125.14981241827849,-14.774544211152477],[125.15738841255516,-14.76929681418206],[125.16388534919678,-14.7861078005886],[125.18144081075684,-14.779631962678955],[125.19258853421327,-14.77964484557775],[125.19583925604702,-14.79197988678534],[125.18638598631163,-14.817221242597856],[125.18077192497769,-14.824618474271611],[125.18623433471885,-14.832472385049432],[125.1994466963025,-14.85055420684909],[125.20869487880795,-14.848317283615758],[125.2083961011583,-14.859329530768676],[125.2105854631546,-14.87055674089838],[125.21758182696679,-14.864367859843115],[125.22366408108364,-14.85723055970666],[125.23670241060272,-14.858092605768856],[125.23982826653435,-14.86787173029026],[125.26019298034296,-14.858368424856625],[125.27182675034021,-14.865535810950876],[125.28722402588983,-14.854446303989505],[125.30249647293809,-14.870242137326956],[125.30883731151299,-14.88325290897569],[125.30312526001244,-14.898964804265612],[125.2960754002661,-14.909164414407252],[125.30304493434342,-14.926636646059634],[125.29057281725336,-14.933461442314366],[125.2805933966242,-14.929273516320093],[125.27258933387384,-14.924482277475157],[125.26091092066433,-14.900261863253382],[125.25155575427316,-14.921246440504156],[125.24222727462708,-14.91277963925405],[125.2312846514668,-14.92994561582858],[125.22199186829914,-14.936326532096317],[125.2133501534689,-14.940001630485343],[125.20803040524287,-14.94744200948746],[125.19549589779962,-14.949044683044452],[125.18972132873256,-14.956665691785606],[125.19583036598819,-14.966113050072389],[125.20583208685035,-14.95722145310323],[125.22098408075492,-14.970743939607209],[125.24658378606266,-14.944990635441654],[125.25168055042646,-14.960547185754319],[125.22944752246822,-14.99369008513802],[125.23735793642817,-14.9989793472997],[125.27219241593059,-14.960034592883963],[125.30361123282785,-14.964165901438454],[125.2739850253289,-14.986544109690128],[125.28427212790486,-14.985639625338402],[125.29253483049393,-14.997441704914023],[125.32516654405514,-15.000439492588493],[125.33927959942872,-14.987832059144477],[125.3400109164387,-15.003277842005762],[125.35639364073167,-15.013610359724819],[125.36000101892677,-15.030277356539676],[125.3635237033041,-15.005616641324162],[125.36725597495011,-14.99531389466239],[125.39218241716088,-15.031664021568625],[125.41417018175468,-15.010001144720215],[125.43033000553139,-15.019153253135542],[125.40599667415185,-15.048631053094415],[125.37031495011337,-15.060115338857637],[125.3696059977955,-15.07252900758422],[125.39373864554899,-15.071138292603589],[125.40132358018201,-15.089449721727561],[125.38096774550321,-15.103011137045728],[125.37750305056709,-15.113334494734664],[125.41083479340453,-15.132778703224442],[125.4261606955976,-15.130286394753837],[125.43655936201347,-15.13111284646384],[125.44533484748271,-15.13527959952423],[125.45493532336455,-15.140827926376703],[125.46437968282328,-15.140888178240036],[125.47330680566719,-15.148429231555088],[125.40834215544358,-15.163101535617674],[125.37885855260951,-15.143117814632232],[125.36499970886427,-15.155556755635024],[125.33754057092756,-15.146044650771321],[125.3416072328566,-15.165227642932475],[125.3285733279033,-15.15958954822685],[125.32664700721894,-15.168851413446145],[125.31909770640998,-15.157717398572702],[125.30866787705148,-15.152294257512038],[125.29743098960995,-15.144632856805629],[125.28265350299439,-15.143750555373586],[125.28972562123892,-15.099536918100103],[125.26517385093902,-15.110045580116761],[125.25669704899893,-15.104690163799953],[125.22220591677177,-15.103273756376732],[125.20979178522644,-15.119520466486051],[125.20004414722088,-15.123407644512307],[125.1564342138545,-15.152457852593123],[125.12195642005275,-15.073639913221744],[125.12963944365977,-15.049358795575651],[125.10482007201199,-15.034364189799007],[125.09583946927307,-15.068528960603603],[125.07485043854824,-15.071388009077582],[125.08368842465859,-15.040866840345299],[125.05913659228554,-15.035053280446432],[125.09101026619113,-14.989460258784415],[125.07041362518737,-14.977580194540021],[125.0478461137578,-14.987991462083667],[125.01915186999307,-14.989946993138933],[125.0165253961529,-15.033296221487266],[125.02638891533985,-15.033335004470377],[125.02154638631718,-15.041077872555984],[125.04440369116925,-15.082259706734302],[125.0278559648602,-15.114673310345234],[125.01120571623157,-15.09374216046002],[124.97507359484585,-15.134982586279499],[124.96193707680483,-15.119249284976073],[124.95411136476953,-15.124358953599405],[124.94797569217569,-15.114320340941928],[124.9447561471996,-15.124625869049703],[124.91611537016428,-15.112154931180193],[124.86646327096807,-15.137087442723086],[124.83415267622063,-15.15974018482935],[124.8459781691947,-15.176042839514826],[124.85944469964113,-15.173611315268325],[124.85742915857061,-15.183333025777753],[124.89254012561871,-15.174725950413466],[124.86638749318753,-15.203889576952061],[124.87583183219935,-15.206109920689624],[124.87305382766303,-15.241946447603873],[124.88403212908389,-15.260699099175508],[124.90944458412534,-15.239442451100329],[124.91916544064374,-15.220834182682605],[124.9302729904838,-15.226797646733646],[124.91956226907814,-15.239042373763812],[124.92132357254619,-15.248197480350612],[124.91139316994332,-15.255833634589255],[124.90166342812404,-15.258333058883887],[124.89299044305308,-15.263508186461543],[124.89342299805894,-15.277032594901991],[124.8772186537149,-15.30861208857683],[124.8949213098372,-15.305253092936727],[124.88833513991835,-15.324997835420737],[124.89749862039442,-15.332222630127793],[124.9122225781773,-15.352222750317683],[125.02500218253375,-15.301945619175875],[125.03055376661185,-15.289162628178456],[125.0394452356892,-15.291945498728406],[125.05278239838061,-15.30305523796841],[125.08528027506495,-15.31277529032671],[125.10200635370714,-15.296109015444213],[125.09417174206945,-15.338888094356417],[125.11388987410064,-15.330833583131302],[125.08611418937174,-15.381666996999684],[125.07157744628519,-15.459931076855591],[125.04361002858549,-15.490833907650359],[125.05193958328944,-15.499165831549977],[125.04277611185687,-15.501387348848827],[125.02805219140399,-15.514165923221308],[125.01555782456748,-15.471388519139708],[125.00351822700853,-15.477164348048696],[124.9892134540002,-15.479308682902046],[124.98060736237197,-15.470761071635396],[125.00000001384555,-15.453613222680968],[124.99881830447121,-15.438187529053561],[124.97944800040582,-15.41972158455658],[124.96700260819718,-15.418612598721664],[124.95053069933067,-15.385575080283177],[124.9408812422515,-15.385545014491456],[124.92722298280835,-15.371666414383025],[124.91750212366337,-15.372779999560274],[124.86750226173997,-15.346942364502938],[124.8624634592241,-15.359820713457903],[124.85128894212839,-15.346701523962178],[124.8611123520737,-15.337219617743022],[124.84750317014125,-15.33111308734887],[124.84027947078744,-15.32083485171982],[124.84066740264707,-15.311269979909184],[124.84166619695044,-15.299167103527193],[124.82659890324906,-15.312014081735205],[124.83110705562699,-15.325832132860995],[124.81833621803462,-15.31750181405747],[124.81140232257897,-15.310070067739867],[124.82749964300167,-15.288246436830672],[124.85443262042834,-15.252331808694292],[124.80714387757463,-15.23223604111734],[124.79111343186169,-15.284723642167481],[124.79576873073418,-15.297485385670216],[124.77944394728156,-15.30388969304086],[124.74444443768624,-15.281110447065133],[124.73279728328122,-15.272223472230458],[124.72366953515274,-15.274808708036648],[124.7010350706033,-15.259098813616037],[124.70249769309898,-15.278611288600327],[124.6855531039001,-15.26971988150988],[124.67610872584663,-15.28139003725725],[124.6772235211017,-15.291945538500327],[124.69278130867544,-15.30388967478157],[124.70749630391028,-15.319445762906833],[124.6856913103548,-15.329117673723331],[124.6572199989398,-15.333891173501826],[124.6619421239909,-15.348056043056406],[124.67361605884365,-15.361390155472982],[124.6977086046068,-15.348498950543968],[124.72499826902535,-15.359446607948138],[124.70672041459515,-15.384371324602956],[124.67368297758328,-15.405209081404855],[124.67444549313485,-15.417499232442704],[124.67055715052592,-15.460554204415406],[124.68972240345356,-15.468887333601593],[124.6756583650782,-15.488470494401602],[124.67305868195821,-15.476390763238541],[124.66713701648409,-15.484315037188285],[124.64805649021689,-15.473889686488604],[124.64583592618267,-15.465002296373461],[124.64638436166013,-15.435002551937174],[124.63666353147333,-15.432849097214872],[124.63305606835173,-15.44138969358049],[124.63159801296976,-15.452697796667776],[124.61792191636796,-15.465762974856775],[124.62104778408619,-15.483949817101083],[124.6238792828773,-15.495384495621687],[124.61792191636796,-15.504029948774743],[124.59570220959895,-15.51249882172454],[124.58043872498509,-15.520288544543961],[124.58536598641336,-15.511549240292695],[124.55232854742329,-15.495547756980693],[124.52521718750867,-15.481388635554278],[124.50841531700748,-15.47098886792394],[124.5075056700789,-15.480554961936427],[124.46639270499315,-15.486665633567355],[124.45639100931328,-15.502775217103421],[124.46416320206981,-15.50986068996526],[124.46014552169916,-15.518264896980558],[124.46577292966099,-15.52864939203281],[124.45833511585796,-15.539999969666214],[124.45429077442478,-15.531046669129237],[124.43687345926787,-15.547913227562674],[124.42555179708752,-15.540554146234742],[124.42222530876798,-15.553334595834885],[124.43166527915247,-15.573055712124168],[124.41105081938926,-15.600832236679754],[124.43109899403744,-15.593397714124388],[124.43305203613149,-15.608682988145196],[124.4412523098377,-15.649031654658963],[124.4547188453777,-15.654201274062094],[124.4436111687666,-15.659169103812719],[124.44116761345234,-15.668906755215138],[124.42333124654728,-15.661667930001746],[124.41833698286624,-15.646111859776386],[124.41222359315789,-15.68138721298936],[124.3949980989872,-15.68750057647907],[124.39687981417477,-15.717708191683858],[124.39194357045749,-15.725554468432803],[124.41222359315789,-15.876386383866086],[124.42610923205699,-15.85222069744626],[124.43916102143349,-15.870832111688282],[124.44871686375357,-15.84428494243066],[124.45303328281226,-15.861267122469924],[124.45916896798629,-15.846944568995548],[124.48472413482277,-15.882571055753793],[124.4866638093222,-15.892774057933083],[124.47750038174273,-15.894721075404158],[124.47903425474713,-15.924306041502039],[124.48850991071201,-15.923053943017916],[124.49028011888693,-15.93333634546332],[124.49910914695847,-15.939600686890563],[124.4880506300221,-15.94388828806781],[124.49638910512239,-15.991667519498579],[124.51999555934745,-15.972222801728044],[124.53138856944089,-15.966945504271289],[124.58495130907197,-15.946666616959863],[124.59154629477138,-15.90651012452211],[124.54353961929627,-15.942237634951386],[124.60194495778528,-15.817777259312525],[124.6281510962957,-15.804215267923858],[124.65334945201874,-15.792750669709877],[124.67138652975527,-15.773612890468856],[124.68472369177864,-15.78666621885099],[124.7005535419826,-15.7841646198976],[124.71277592813635,-15.799169582930157],[124.73694423039277,-15.817777222083906],[124.71333330182243,-15.81194243575988],[124.70749630391028,-15.826391886362817],[124.70102621279555,-15.843259697361072],[124.6752169468049,-15.86486585117811],[124.6586825187842,-15.856046949775251],[124.60840615353328,-15.903186594194946],[124.61944690869952,-15.916943447065304],[124.61456869680109,-15.925318034865873],[124.5938784730179,-15.955095704311558],[124.58833134914249,-15.992220451822305],[124.58000172203722,-15.999241714238087],[124.59509128912856,-16.0266126770781],[124.5805056311003,-16.02252395735838],[124.59808334797414,-16.116212698407644],[124.60687226894713,-16.122192827360724],[124.55829031764708,-16.12670788555456],[124.52667085297591,-16.163697886604965],[124.53009101779301,-16.181398043921135],[124.52587711759887,-16.19311446852779],[124.51672260545442,-16.182798405563343],[124.50732279262108,-16.181517903536438],[124.51672260545442,-16.172914273401236],[124.46228148368067,-16.10247812736547],[124.47851707459974,-16.08508369496098],[124.46667370446217,-16.072816701341683],[124.45690823501144,-16.07897810489676],[124.44873023127366,-16.066710764633484],[124.4368913132287,-16.180725702854538],[124.41668711775243,-16.17340255846406],[124.40692169557752,-16.171081314320986],[124.39032047328301,-16.184387122087813],[124.39587208397332,-16.20501860964906],[124.37811149535581,-16.227296223201186],[124.40869193619857,-16.233705512380627],[124.3978875328934,-16.2744765284968],[124.38848780738253,-16.275024387914183],[124.40033118616591,-16.292787320249406],[124.40307798276737,-16.30169815650553],[124.40033118616591,-16.32013045749343],[124.40087963808902,-16.33660989382485],[124.41107316453152,-16.342527769310035],[124.40228423173608,-16.351684432609463],[124.39489549576646,-16.3447870435935],[124.36328050648544,-16.36309978141724],[124.35827734708575,-16.37170363461891],[124.33911220612968,-16.421873057716283],[124.39312523284329,-16.418883326715946],[124.40307798276737,-16.462279829095063],[124.37689415439273,-16.442201516875286],[124.3472901890413,-16.45971828918371],[124.31951886709496,-16.46270745018414],[124.31011905618452,-16.4641101181149],[124.32726878067436,-16.441102434407288],[124.32610945444264,-16.414122654757385],[124.30767995090004,-16.413694882322684],[124.29168514155432,-16.422728554314226],[124.2404768215025,-16.413878857890946],[124.21526951960087,-16.403625721615786],[124.20770246091233,-16.390685527182583],[124.20391665632036,-16.376221456734747],[124.19787456347328,-16.368713072892206],[124.1859152535032,-16.360412869200243],[124.18969664042591,-16.351624506928403],[124.18926856526606,-16.337097685320902],[124.16607674586483,-16.30572541460072],[124.08251763830101,-16.27191255206731],[124.06030237656196,-16.278808251553485],[124.05328378660613,-16.27191247426936],[124.04150286088664,-16.270628337032463],[124.02032660897089,-16.258180239896966],[124.01147527806809,-16.261900229162606],[123.93609415994898,-16.22747605103511],[123.91949295747432,-16.21740588070843],[123.92468328284016,-16.235597863864957],[123.94708137780724,-16.253111746957178],[123.95111237463476,-16.26251232333706],[123.97607447171704,-16.283080002230708],[123.9461048461964,-16.28912353690072],[123.93652223809896,-16.30072234910225],[123.98687882167614,-16.370604120968036],[123.99408033236686,-16.38409319484993],[123.98052908932131,-16.37768459834842],[123.90472441595911,-16.332887050466177],[123.89032144061196,-16.30291790891163],[123.87768438146624,-16.30981248729017],[123.88629041762178,-16.314515815864983],[123.88867159442778,-16.325197279648904],[123.89611831304734,-16.34570267567127],[123.89691201761097,-16.3549790697227],[123.89911033244793,-16.418091973825565],[123.86688447268381,-16.41247584627353],[123.87091097908738,-16.43487533495927],[123.85168337658357,-16.416808810016448],[123.84649745827315,-16.38610816375006],[123.84588652449997,-16.376405452087827],[123.84790208814162,-16.36761353902109],[123.85528634975651,-16.373718710680333],[123.87469677549511,-16.378908159208954],[123.87188754243509,-16.361084634857608],[123.8859247648974,-16.352475991228257],[123.88647328600739,-16.342895724704114],[123.87731877977293,-16.34539890026318],[123.87310931771292,-16.33227515871801],[123.86511414056201,-16.337281686616777],[123.86352677352036,-16.32610872038851],[123.85168337658357,-16.31750290412482],[123.83392280586465,-16.32421726503407],[123.82287754281904,-16.320618313827786],[123.80328429401057,-16.3153075165076],[123.78832843523666,-16.30242994660818],[123.78448473291881,-16.284180022883092],[123.77710045842262,-16.267576324109097],[123.76330402296658,-16.268312557492465],[123.76489140071703,-16.277284461269915],[123.75109946627775,-16.271484437931473],[123.7609272959877,-16.258728162655437],[123.77050987493396,-16.255616054821097],[123.78948782148225,-16.25610409232799],[123.79791109026381,-16.262512341056592],[123.78607217566507,-16.223083245970205],[123.7886941326502,-16.21270878025309],[123.79687656629666,-16.22021458056622],[123.81671066075347,-16.217589999243124],[123.82067920310932,-16.208923731054465],[123.80871546763267,-16.198792592264315],[123.81012007385854,-16.1898214191189],[123.78948782148225,-16.181213885017723],[123.77929880690166,-16.16967661635602],[123.77490214325303,-16.17779643132389],[123.76892242244239,-16.169188394615347],[123.76947095456735,-16.15741052351935],[123.76147578993985,-16.16320958855797],[123.73272794033728,-16.1467885353506],[123.72607495001951,-16.14038075659928],[123.71869065509294,-16.148621697867586],[123.7130722168193,-16.156129976760713],[123.70312393743248,-16.14562776901081],[123.70312393743248,-16.15472513613402],[123.66748238069678,-16.150510589686593],[123.63049410864178,-16.168211922264245],[123.6315285957991,-16.158691172707115],[123.62152241433606,-16.159727617980163],[123.5942996363974,-16.16461007300295],[123.58612162197731,-16.14428709686544],[123.57269079371164,-16.159483470322094],[123.58392326927972,-16.161376517034885],[123.58630439580548,-16.17089716523254],[123.57647655611866,-16.170897207560095],[123.56689397885471,-16.16961661890679],[123.56469560678786,-16.178404587928462],[123.56652835588706,-16.209107786101065],[123.56689397885471,-16.220094710317767],[123.58111399416569,-16.23217710279459],[123.57208439139595,-16.24231076159491],[123.56427196965771,-16.250791449102742],[123.56371907721308,-16.262084275453578],[123.5609143285445,-16.271300369393455],[123.55188015182591,-16.264404378756907],[123.54229756602378,-16.259096300479257],[123.53387433480246,-16.2633042399092],[123.52410891895235,-16.26507641873146],[123.52392602522455,-16.275392504481253],[123.55090366113781,-16.273680328612034],[123.584288910488,-16.311096393880916],[123.59472766537553,-16.31219624673666]],[[142.08222749202534,-11.527502138954258],[142.06889477711252,-11.530276491063999],[142.07472283997356,-11.537267040267809],[142.08222749202534,-11.527502138954258]],[[142.03917043050936,-11.631669663166784],[142.03639243486396,-11.643330713573361],[142.04638524270928,-11.64416486623489],[142.03917043050936,-11.631669663166784]],[[142.07139637419607,-11.754444278165371],[142.0730596273363,-11.745555795062362],[142.0611092187053,-11.746110244904166],[142.07139637419607,-11.754444278165371]],[[136.72889832004543,-12.553430561378253],[136.73425369565857,-12.570252422234876],[136.7382223345881,-12.551045399359847],[136.72889832004543,-12.553430561378253]],[[136.47013669246127,-11.988143664228971],[136.45959542874022,-11.986464388515426],[136.46079935585794,-11.995414802832599],[136.47013669246127,-11.988143664228971]],[[136.0385447936788,-12.495736112999726],[136.0518328840433,-12.491334716389375],[136.0359050110832,-12.486058134549307],[136.0385447936788,-12.495736112999726]],[[136.93666127782168,-15.937208178987989],[136.94667193439142,-15.931947071737621],[136.93807924079096,-15.927684964356585],[136.93666127782168,-15.937208178987989]],[[136.0205076982882,-12.491682999909882],[136.02517636859216,-12.481752354227515],[136.01554918452393,-12.482231255018384],[136.0205076982882,-12.491682999909882]],[[135.9643854475876,-12.405198485168645],[135.97135948729272,-12.411678652677418],[135.97468602619514,-12.397886360156397],[135.9643854475876,-12.405198485168645]],[[135.88746598661058,-12.22007635238563],[135.8980563616347,-12.215278084983238],[135.8894190871756,-12.21127292136636],[135.88746598661058,-12.22007635238563]],[[136.6461775785967,-15.79131751763073],[136.64804145942583,-15.775741315025142],[136.63944874540903,-15.784443523296568],[136.6461775785967,-15.79131751763073]],[[136.63000443190992,-15.764721312122735],[136.63833398804564,-15.775277835543474],[136.64262365784367,-15.766382097385833],[136.63000443190992,-15.764721312122735]],[[135.2761098623312,-12.256943002115607],[135.26972884589276,-12.250001476000111],[135.26722729253132,-12.26555755863865],[135.2761098623312,-12.256943002115607]],[[134.8648068202945,-12.100411721114357],[134.8543680735865,-12.112357942615361],[134.86669746304614,-12.11578478472961],[134.8648068202945,-12.100411721114357]],[[135.42443738393249,-14.928334211875379],[135.4133297681714,-14.926666815436201],[135.41777106243376,-14.93499953472815],[135.42443738393249,-14.928334211875379]],[[134.58749532743795,-12.143611755275433],[134.59583828421432,-12.139444232574814],[134.5872188854186,-12.130276279447566],[134.58749532743795,-12.143611755275433]],[[132.72610605419558,-11.676669022254442],[132.7202779610236,-11.665555208227827],[132.7138836372372,-11.672223570588725],[132.72610605419558,-11.676669022254442]],[[132.69050457405464,-11.66857281295279],[132.69667150273494,-11.661664175888639],[132.66528385288842,-11.664721132387472],[132.69050457405464,-11.66857281295279]],[[132.67893767876524,-11.618767633811908],[132.66648786235476,-11.617496671368329],[132.6684587796068,-11.626948303153705],[132.67893767876524,-11.618767633811908]],[[132.65694981724573,-11.654165881090846],[132.65667784112495,-11.64418669898822],[132.6490036887163,-11.649204685653693],[132.65694981724573,-11.654165881090846]],[[132.6390064130318,-11.63142068080842],[132.62893774114445,-11.628669109003535],[132.62922756599895,-11.640103228388114],[132.6390064130318,-11.63142068080842]],[[132.59626590299987,-11.539565128463897],[132.58770891446125,-11.536305825377593],[132.59027285482563,-11.546668980890505],[132.59626590299987,-11.539565128463897]],[[132.5981119808257,-11.551749884657848],[132.59027285482563,-11.546668980890505],[132.59056274601087,-11.558608815544787],[132.5981119808257,-11.551749884657848]],[[132.5308241407503,-11.439344953178868],[132.53102036652658,-11.454186844932153],[132.5403443559143,-11.453885335678555],[132.5308241407503,-11.439344953178868]],[[132.5394436085704,-11.472497786794161],[132.53805684027483,-11.463333713828977],[132.52610641739744,-11.469312071009387],[132.5394436085704,-11.472497786794161]],[[131.27749570123834,-12.268054285173243],[131.28778285964032,-12.26472096701223],[131.2747177152116,-12.258054115954515],[131.27749570123834,-12.268054285173243]],[[130.94250569603932,-12.537778555984552],[130.9552007854432,-12.529721439111249],[130.94082462388172,-12.528885651095163],[130.94250569603932,-12.537778555984552]],[[130.77360389348962,-12.615555024545658],[130.78222782290166,-12.619723672882257],[130.78064032630397,-12.60497642214605],[130.77360389348962,-12.615555024545658]],[[130.69166344515972,-12.754724200225791],[130.69277823176458,-12.745556202480193],[130.68306187889232,-12.749722683882485],[130.69166344515972,-12.754724200225791]],[[130.51222032872636,-12.700459410439189],[130.52197234414734,-12.70502251711587],[130.52305593026728,-12.695835336359691],[130.51222032872636,-12.700459410439189]],[[130.51611313320342,-12.741389601993697],[130.52439810242885,-12.735509312898717],[130.51799035531005,-12.729002497109665],[130.51611313320342,-12.741389601993697]],[[130.50111267332522,-12.716110230833024],[130.51277327677764,-12.721390728988235],[130.50666874462124,-12.708054417648881],[130.50111267332522,-12.716110230833024]],[[130.40722630672565,-12.721943160524132],[130.41777211430693,-12.718611330336737],[130.40527320630548,-12.712778312237393],[130.40722630672565,-12.721943160524132]],[[129.99694888348395,-14.712499076675929],[129.98889126450268,-14.707776374699682],[129.98444999799293,-14.722776455355088],[129.99694888348395,-14.712499076675929]],[[129.90028450296194,-14.704442468292838],[129.90194777910818,-14.713887853510938],[129.90916254487675,-14.708056743306798],[129.90028450296194,-14.704442468292838]],[[129.8972166516081,-14.733885706577638],[129.89166056990263,-14.744722658285244],[129.90110944093365,-14.74639148217493],[129.8972166516081,-14.733885706577638]],[[129.86054948578592,-14.74805601873361],[129.8733381213533,-14.751945594722638],[129.87194689489326,-14.74055267735062],[129.86054948578592,-14.74805601873361]],[[129.8269501001136,-14.936666921307454],[129.82611182502464,-14.946390795280452],[129.8369429415372,-14.944167774630817],[129.8269501001136,-14.936666921307454]],[[129.7338886868727,-14.496109193983017],[129.7244398673276,-14.493333243978547],[129.7269458728354,-14.503888549408936],[129.7338886868727,-14.496109193983017]],[[138.87500124954732,-35.44907254677737],[138.85806109324983,-35.42999954132148],[138.8636305596582,-35.45151723332479],[138.87500124954732,-35.44907254677737]],[[138.88612226311412,-35.46541000838867],[138.86878971582996,-35.469324932485094],[138.88952455646626,-35.47593056471807],[138.88612226311412,-35.46541000838867]],[[138.88952455646626,-35.47593056471807],[138.88708543671257,-35.486072206390304],[138.90676787454242,-35.499000583033606],[138.88952455646626,-35.47593056471807]],[[129.34195157702703,-14.976387003498958],[129.33471890443823,-14.968891544220133],[129.33250268811634,-14.979996734210498],[129.34195157702703,-14.976387003498958]],[[129.33999846806623,-14.989167343032946],[129.3305496013406,-14.99055431161863],[129.3411087487634,-15.000280102336328],[129.33999846806623,-14.989167343032946]],[[129.34388681787865,-15.150555416046544],[129.35360762574558,-15.15333160485608],[129.35222084002953,-15.143612810856693],[129.34388681787865,-15.150555416046544]],[[128.53971916255017,-14.943611943170056],[128.53163032843258,-14.95359840446123],[128.5414135507873,-14.952973689211408],[128.53971916255017,-14.943611943170056]],[[128.51889064798337,-14.927222638595333],[128.52027742160865,-14.936386840197384],[128.53249987343997,-14.93055742937816],[128.51889064798337,-14.927222638595333]],[[128.54110589870544,-15.076391199318277],[128.55194153409187,-15.074165176308426],[128.53805590616534,-15.06222520622088],[128.54110589870544,-15.076391199318277]],[[128.47722038241713,-14.827778138479868],[128.46945265273263,-14.833334485226722],[128.4783306482594,-14.837222505043895],[128.47722038241713,-14.827778138479868]],[[128.51388755106564,-15.071387980251261],[128.52446009221396,-15.067189900723168],[128.515550775963,-15.058332681359778],[128.51388755106564,-15.071387980251261]],[[128.3880606175234,-15.04305446782265],[128.39694317024475,-15.039721368176208],[128.38027954795263,-15.0363882542407],[128.3880606175234,-15.04305446782265]],[[128.38139424914442,-15.073614063842506],[128.38444431868336,-15.061945320539309],[128.37361312300982,-15.061665506211346],[128.38139424914442,-15.073614063842506]],[[128.33749445551803,-15.066664578573194],[128.3483255766007,-15.054999849684414],[128.33944754872073,-15.048609565699392],[128.33749445551803,-15.066664578573194]],[[128.3019419865135,-15.44055586920982],[128.30555833824903,-15.423057278434188],[128.29360799018565,-15.428056389142363],[128.3019419865135,-15.44055586920982]],[[128.29055794845334,-15.44666771289862],[128.2913828738951,-15.455835219348934],[128.3019419865135,-15.44055586920982],[128.29055794845334,-15.44666771289862]],[[128.0983260802765,-14.931669085441174],[128.10722197610588,-14.936386852292323],[128.106111666266,-14.925555169385119],[128.0983260802765,-14.931669085441174]],[[127.76555677693776,-14.345834726432214],[127.76555677693776,-14.354997376078641],[127.77528206285454,-14.35311391693095],[127.76555677693776,-14.345834726432214]],[[127.85098869150315,-15.597542332038516],[127.86009860543386,-15.600991118982305],[127.85830602508797,-15.588355415002702],[127.85098869150315,-15.597542332038516]],[[126.91912127634146,-13.988179552502842],[126.92413327932506,-13.980421311077048],[126.91171473980938,-13.981650212003006],[126.91912127634146,-13.988179552502842]],[[126.88053217995406,-13.980650670250212],[126.88146867013249,-13.969729005913564],[126.8705527711142,-13.976665437148933],[126.88053217995406,-13.980650670250212]],[[126.60028217705666,-14.23638967695451],[126.59648748881025,-14.219748760960126],[126.58528174739,-14.22277878953798],[126.60028217705666,-14.23638967695451]],[[126.11304514089379,-14.027888118779616],[126.12195437930993,-14.024461820681163],[126.11173863300246,-14.013918619298167],[126.11304514089379,-14.027888118779616]],[[126.10548247956902,-13.980442985463085],[126.10036344867981,-13.97252438693999],[126.0960693556573,-13.982641070094244],[126.10548247956902,-13.980442985463085]],[[125.92919191632583,-14.651614084642155],[125.93401218927393,-14.64217893411379],[125.92472832944452,-14.642817464093133],[125.92919191632583,-14.651614084642155]],[[125.90142064565387,-14.660311058199404],[125.91108799038798,-14.664141827797291],[125.90921962544635,-14.654974692222062],[125.90142064565387,-14.660311058199404]],[[125.66450411174876,-14.618543970815647],[125.6527231641623,-14.617435129559087],[125.65171993407131,-14.626797923216545],[125.66450411174876,-14.618543970815647]],[[125.49104512868391,-15.153607047352944],[125.48243904866119,-15.145872508334124],[125.47330680566719,-15.148429231555088],[125.49104512868391,-15.153607047352944]],[[125.45111834473516,-15.01809376408575],[125.45584050647672,-14.999323895781217],[125.43899402549363,-15.022478004909399],[125.45111834473516,-15.01809376408575]],[[125.32193815434694,-14.8806198128887],[125.30883731151299,-14.88325290897569],[125.31611010157255,-14.889708458643135],[125.32193815434694,-14.8806198128887]],[[125.30734354585958,-14.907927755407579],[125.31386717024414,-14.898701902388904],[125.30312526001244,-14.898964804265612],[125.30734354585958,-14.907927755407579]],[[125.1377773172393,-15.32694593236001],[125.1230533785836,-15.328330688583202],[125.14444807108278,-15.334725392448318],[125.1377773172393,-15.32694593236001]],[[125.10557369450527,-15.285050500951831],[125.09527763003982,-15.275277596687872],[125.09589295758217,-15.288981952479649],[125.10557369450527,-15.285050500951831]],[[125.02315613939524,-15.156443339105557],[125.00880224812322,-15.166247678860959],[125.01803707843055,-15.167543080176943],[125.02315613939524,-15.156443339105557]],[[124.98507539854971,-15.170000545400065],[124.97499782991524,-15.176111716113837],[124.9838848197957,-15.185256645898],[124.98507539854971,-15.170000545400065]],[[124.96235624439124,-15.214788891928851],[124.94804256495055,-15.201824086218084],[124.93965941969097,-15.225106775366683],[124.96235624439124,-15.214788891928851]],[[124.96780977518276,-15.475604352200591],[124.98027741502526,-15.48209768252881],[124.98060736237197,-15.470761071635396],[124.96780977518276,-15.475604352200591]],[[124.91444324180684,-15.264445963535973],[124.92388762913113,-15.261124942317862],[124.91139316994332,-15.255833634589255],[124.91444324180684,-15.264445963535973]],[[124.76166550695713,-15.792776400630778],[124.75194466559599,-15.776389280107965],[124.75408949109355,-15.798478762457739],[124.76166550695713,-15.792776400630778]],[[124.68194565164127,-15.76694426293169],[124.67250130148159,-15.763609856024004],[124.67138652975527,-15.773612890468856],[124.68194565164127,-15.76694426293169]],[[124.62499854971954,-15.51111100295461],[124.63042521885993,-15.502848272886867],[124.61792191636796,-15.504029948774743],[124.62499854971954,-15.51111100295461]],[[124.61707910596597,-15.517641873638258],[124.62809756694595,-15.525422830845457],[124.62499854971954,-15.51111100295461],[124.61707910596597,-15.517641873638258]],[[124.67704960689967,-15.887117222720756],[124.6855531039001,-15.88249816720436],[124.6772235211017,-15.874443497495529],[124.67704960689967,-15.887117222720756]],[[124.6265279771776,-16.105896830391153],[124.61547832634083,-16.103574839315165],[124.6168829472375,-16.11437920415853],[124.6265279771776,-16.105896830391153]],[[124.49833773853831,-15.505276045044853],[124.4916669670211,-15.492501163695142],[124.48388578910163,-15.498890803816552],[124.49833773853831,-15.505276045044853]],[[124.5080586120826,-15.942777818743203],[124.50549458890869,-15.93275317025623],[124.49910914695847,-15.939600686890563],[124.5080586120826,-15.942777818743203]],[[124.44576047686081,-15.829699519088718],[124.44871686375357,-15.84428494243066],[124.45333200637673,-15.836185887988217],[124.44576047686081,-15.829699519088718]],[[124.44592097695937,-16.1882926285419],[124.45007247224729,-16.17968927516574],[124.4368913132287,-16.180725702854538],[124.44592097695937,-16.1882926285419]],[[124.47052183501656,-16.501220251427156],[124.46331594738035,-16.492186043797982],[124.45227077595477,-16.49737655991356],[124.47052183501656,-16.501220251427156]],[[124.2474954506731,-16.45312407056276],[124.25012189973582,-16.461792318620514],[124.25970446953384,-16.457823893945374],[124.2474954506731,-16.45312407056276]],[[124.00927693467231,-16.380615140426052],[124.00628485127967,-16.370176255245624],[124.00048804840114,-16.37732098416291],[124.00927693467231,-16.380615140426052]],[[123.95092954965237,-16.821227331467597],[123.94152977888251,-16.818785848090645],[123.95111237463476,-16.830322833402132],[123.95092954965237,-16.821227331467597]],[[123.77533020124865,-16.215209351402407],[123.77691762972327,-16.226380032641703],[123.78607217566507,-16.223083245970205],[123.77533020124865,-16.215209351402407]],[[123.86688447268378,-17.02960188470006],[123.88470298901638,-17.031678258969272],[123.86907830905074,-17.019897715892736],[123.86688447268378,-17.02960188470006]],[[123.70092558590892,-16.17547531185086],[123.71148481084187,-16.170777241923375],[123.70312393743248,-16.15472513613402],[123.70092558590892,-16.17547531185086]],[[123.85748463437345,-17.090578300613902],[123.86907830905074,-17.081725477676542],[123.85992378087819,-17.07953032576792],[123.85748463437345,-17.090578300613902]],[[123.60809157883327,-16.21551337907518],[123.61767416505556,-16.2161856138302],[123.6029057038109,-16.205810740230945],[123.60809157883327,-16.21551337907518]],[[123.60308844518707,-16.256776112974503],[123.60650419216371,-16.246215067573136],[123.59692602309077,-16.247315325239995],[123.60308844518707,-16.256776112974503]],[[123.58508262292165,-16.218994371855636],[123.59527610669618,-16.217714139571925],[123.58410613276561,-16.208983666954126],[123.58508262292165,-16.218994371855636]],[[123.69427707346112,-17.09167367139399],[123.70452859996847,-17.09118779163782],[123.68872107153275,-17.083127820946903],[123.69427707346112,-17.09167367139399]],[[123.68749926147933,-17.268797330087402],[123.69671623556712,-17.26562498087821],[123.68591184870422,-17.254578956673246],[123.68749926147933,-17.268797330087402]],[[123.51727306953609,-16.651977670995763],[123.51568561420886,-16.641724335063873],[123.50787333797314,-16.646910928721084],[123.51727306953609,-16.651977670995763]],[[122.38311853435653,-17.024596359522793],[122.3944714684261,-17.019407363355363],[122.3815311283165,-17.013915522194324],[122.38311853435653,-17.024596359522793]],[[142.0430587793029,-11.656113644433349],[142.03416289351986,-11.652222466835696],[142.02250681712613,-11.658891102504171],[142.03443932909454,-11.665280112716484],[142.0430587793029,-11.656113644433349]],[[136.68078464011094,-12.583369711716085],[136.67130907663207,-12.593104905972899],[136.6807266447543,-12.593635816048122],[136.6951295392453,-12.587242918217683],[136.68078464011094,-12.583369711716085]],[[135.9499513492919,-12.398147688694864],[135.94789124423664,-12.407105941682698],[135.9643854475876,-12.405198485168645],[135.96110355421834,-12.396100731500395],[135.9499513492919,-12.398147688694864]],[[134.79833942814915,-12.049167772506507],[134.81250154501336,-12.042220870097019],[134.80305275538674,-12.037776954904583],[134.79632392898552,-12.027227384308434],[134.79833942814915,-12.049167772506507]],[[134.60638405629976,-12.095000869848917],[134.6086136552527,-12.082779171580176],[134.59861633174197,-12.075274987225457],[134.5888821071027,-12.077503167319183],[134.60638405629976,-12.095000869848917]],[[134.17138536874452,-12.120554308113494],[134.1841741259986,-12.131666921838248],[134.18638579319003,-12.108612795885321],[134.1708369409523,-12.111111009633614],[134.17138536874452,-12.120554308113494]],[[132.59664941482632,-11.597303816166919],[132.6055587093713,-11.593887968209092],[132.59138322349233,-11.588886440927507],[132.58361993874774,-11.594722259134333],[132.59664941482632,-11.597303816166919]],[[131.2747177152116,-12.258054115954515],[131.2808400242704,-12.249443696166603],[131.27305439638226,-12.235002274697994],[131.25790239026787,-12.234849781060303],[131.2747177152116,-12.258054115954515]],[[130.94277776663014,-12.635000905428676],[130.9550001088882,-12.6416667267502],[130.95295786695857,-12.628130421742322],[130.94444098273237,-12.6241664031596],[130.94277776663014,-12.635000905428676]],[[130.7169510040108,-12.718332913495649],[130.72582905944347,-12.726110038241572],[130.72635081871152,-12.711347240328909],[130.7124918917589,-12.710277175671825],[130.7169510040108,-12.718332913495649]],[[130.0017245884176,-14.73150089007286],[129.9958341063013,-14.724445488053826],[129.98444999799293,-14.722776455355088],[129.99083098032494,-14.732221088788158],[130.0017245884176,-14.73150089007286]],[[129.91333184145137,-14.71611326658681],[129.90194777910818,-14.713887853510938],[129.8988932672323,-14.722776464530845],[129.90611255333627,-14.728887492189836],[129.91333184145137,-14.71611326658681]],[[129.80667010636918,-14.601387870629905],[129.81721589589566,-14.597499981778862],[129.821946977529,-14.58583145401524],[129.81222618985566,-14.586944824275724],[129.80667010636918,-14.601387870629905]],[[129.55055274641302,-14.172499187810562],[129.56222665936033,-14.177496963385162],[129.55917217941283,-14.165555712299778],[129.5513910876872,-14.159999958352548],[129.55055274641302,-14.172499187810562]],[[129.53833035293903,-15.163333983056251],[129.5311110555803,-15.170555705564805],[129.52444473929341,-15.179722392492462],[129.5405599292949,-15.173611324951805],[129.53833035293903,-15.163333983056251]],[[128.5241702365186,-14.864445416679175],[128.51005722823425,-14.871668658950652],[128.51693761980727,-14.888053636560613],[128.5233319243517,-14.88055517448343],[128.5241702365186,-14.864445416679175]],[[128.515550775963,-15.058332681359778],[128.52610998491727,-15.058057089646487],[128.52278346459255,-15.048054069956823],[128.51167140268848,-15.04944491803387],[128.515550775963,-15.058332681359778]],[[128.09194956634488,-14.8619456993973],[128.08665663406916,-14.870565388775997],[128.0902729483717,-14.878887313400034],[128.09722917769804,-14.871108409543531],[128.09194956634488,-14.8619456993973]],[[125.43885136784178,-14.617551609586501],[125.434441317101,-14.635396724018753],[125.44956212258487,-14.632721769381398],[125.44228486587576,-14.608076176896743],[125.43885136784178,-14.617551609586501]],[[124.90853940851603,-15.33691854704306],[124.90609573964656,-15.327930730516803],[124.897779568698,-15.32277872145691],[124.89749862039442,-15.332222630127793],[124.90853940851603,-15.33691854704306]],[[124.75944482937086,-15.3286102069167],[124.77286673700985,-15.331280844691472],[124.77471729738735,-15.320555262095851],[124.77944394728156,-15.30388969304086],[124.75944482937086,-15.3286102069167]],[[124.7472224885625,-15.336110111938176],[124.74096635138484,-15.345131953580758],[124.75360792172548,-15.347776515768963],[124.75694327380302,-15.337499133960888],[124.7472224885625,-15.336110111938176]],[[124.53113000733268,-16.211424241191615],[124.54492199035687,-16.213316858731325],[124.54712028462781,-16.203614110301356],[124.54107822295126,-16.196715733771484],[124.53113000733268,-16.211424241191615]],[[123.99011168865042,-16.30108609843819],[124.00067085945518,-16.307676917711774],[124.00109889097574,-16.297730666832393],[123.99828969556881,-16.289123537915415],[123.99011168865042,-16.30108609843819]],[[123.92889268616426,-17.07830699946819],[123.92688161514462,-17.068908016165484],[123.91528354932312,-17.07092427054326],[123.91949295747432,-17.07909980971338],[123.92889268616426,-17.07830699946819]],[[123.59887907012184,-16.19738805751749],[123.60247762648346,-16.185911683207408],[123.59588705735695,-16.177612297463035],[123.58489984673277,-16.18231016721548],[123.59887907012184,-16.19738805751749]],[[123.59087943419794,-16.25830011557551],[123.584288910488,-16.25030347976488],[123.57208439139595,-16.24231076159491],[123.58172495091134,-16.26220843807298],[123.59087943419794,-16.25830011557551]],[[123.64507985756065,-17.225402207209747],[123.64849997269269,-17.237182483219538],[123.65393118778887,-17.229005323689975],[123.65429681375728,-17.21850659439852],[123.64507985756065,-17.225402207209747]],[[123.59570421665214,-17.576599028256854],[123.59191845497261,-17.562804229649636],[123.5855106936231,-17.575013406439854],[123.58508262292165,-17.586915689596605],[123.59570421665214,-17.576599028256854]],[[121.8002917811258,-18.51562660328883],[121.80871501824532,-18.507689890485782],[121.81469913519066,-18.495300028827874],[121.79828071636358,-18.499511842028703],[121.8002917811258,-18.51562660328883]],[[136.48024100497096,-12.985236632733981],[136.46796960229776,-12.97850166180532],[136.45115878422925,-12.984250309861089],[136.47796690700036,-12.995234464211727],[136.49902280334288,-12.9943089814464],[136.48024100497096,-12.985236632733981]],[[135.94694594573693,-13.934165219695114],[135.93665877665478,-13.931386704706577],[135.93444704359436,-13.940276097944443],[135.93388521732652,-13.949442146210858],[135.94888121041137,-13.943054490963718],[135.94694594573693,-13.934165219695114]],[[134.8444510339932,-12.078056924998425],[134.84056268454094,-12.086668568970852],[134.85000709696155,-12.095554601396804],[134.85464450185643,-12.085242747881761],[134.8483259931782,-12.068886882284515],[134.8444510339932,-12.078056924998425]],[[128.52610998491727,-15.036112645103676],[128.531389556453,-15.043610030272538],[128.53666461772625,-15.05249797477429],[128.5355542907687,-15.034721656531243],[128.52291725328246,-15.025406575644718],[128.52610998491727,-15.036112645103676]],[[128.4783306482594,-14.814720936420064],[128.47778221568097,-14.802223333166186],[128.4711158734884,-14.808888266018593],[128.46638474632732,-14.824721927950407],[128.47722038241713,-14.827778138479868],[128.4783306482594,-14.814720936420064]],[[124.78277484045748,-15.705277131000381],[124.7883309014407,-15.696944968148625],[124.78166899590626,-15.688333436086593],[124.77671944835546,-15.697949444944372],[124.77361143326438,-15.707500655603697],[124.78277484045748,-15.705277131000381]],[[123.68988041557331,-17.23400967277171],[123.68792737884506,-17.22387743598315],[123.6821304799134,-17.213987439475055],[123.68591184870422,-17.254578956673246],[123.69451790430143,-17.250426985978304],[123.68988041557331,-17.23400967277171]],[[141.74000491768615,-12.238553880745336],[141.77638228254148,-12.239168322862366],[141.80471979604332,-12.253056123075648],[141.806944951665,-12.240000686476133],[141.77528533874508,-12.224443058727845],[141.73306207553765,-12.229441656992172],[141.74000491768615,-12.238553880745336]],[[141.7369370671813,-13.322222709725738],[141.72920050424628,-13.316885542494617],[141.73916657844998,-13.313331695992357],[141.73861812661016,-13.301389792371936],[141.7291737092321,-13.301112005010229],[141.6944418225985,-13.335556446457106],[141.7369370671813,-13.322222709725738]],[[135.37554779435112,-12.19750059579758],[135.38499663178206,-12.188334598948128],[135.3761140868511,-12.179164005501173],[135.375275804244,-12.188334622921932],[135.36305337735092,-12.19527774042735],[135.36666969888162,-12.205001329726342],[135.37554779435112,-12.19750059579758]],[[134.8419495060372,-12.113334523348495],[134.8601069217103,-12.129452310442083],[134.86880664849912,-12.126295972722298],[134.85836787862382,-12.120567410328375],[134.8543680735865,-12.112357942615361],[134.84582446088044,-12.10383429576998],[134.8419495060372,-12.113334523348495]],[[129.8763881933025,-14.762221109410802],[129.88999732512528,-14.7544423006006],[129.89166056990263,-14.744722658285244],[129.8811014110006,-14.746943465228407],[129.8733381213533,-14.751945594722638],[129.86917337054558,-14.768055022713337],[129.8763881933025,-14.762221109410802]],[[125.23497228369818,-14.662105682400838],[125.26081278771647,-14.683717235315411],[125.26124537631763,-14.657679571907197],[125.24073791957478,-14.639719777314019],[125.2326803694512,-14.648365515104064],[125.22582227145286,-14.659961687886343],[125.23497228369818,-14.662105682400838]],[[124.83252063195903,-16.432920748914214],[124.84192037850771,-16.432493036740812],[124.90087860758055,-16.423096348943897],[124.88732746463663,-16.409605674189145],[124.87487763738682,-16.415405863281073],[124.8010884375774,-16.414306534172386],[124.83252063195903,-16.432920748914214]],[[129.91917321978252,-14.748888303019594],[129.91250691314062,-14.741665231501404],[129.90638899749985,-14.75444225237097],[129.8977829538035,-14.762777318352553],[129.90889058334173,-14.768335283439107],[129.9174966167643,-14.758055767980261],[129.9286042358595,-14.74861227187263],[129.91917321978252,-14.748888303019594]],[[138.84195041958046,-35.477499301610656],[138.8014974261099,-35.46701883420407],[138.8073567143607,-35.47725240888984],[138.8313912190305,-35.48777865118429],[138.81475879002662,-35.495853139897186],[138.8249210565531,-35.5022387329607],[138.88708543671257,-35.486072206390304],[138.84195041958046,-35.477499301610656]],[[127.98304051442919,-14.598932565197227],[127.98972911843128,-14.605297275546002],[127.99909771800756,-14.605983412070199],[128.00750755668324,-14.61166616130959],[127.99747463594505,-14.587501447344634],[127.99153062660817,-14.594725244630576],[127.98138618076631,-14.58117074238558],[127.9789514769246,-14.590582629917531],[127.98304051442919,-14.598932565197227]],[[124.77361143326438,-15.707500655603697],[124.76747126815256,-15.699250205500919],[124.75638592947664,-15.692776570964538],[124.75360792172548,-15.683611085171101],[124.74194286725276,-15.684164912602146],[124.74103321790557,-15.719373585835458],[124.7488857517255,-15.73249913879308],[124.76611124191832,-15.713608922135592],[124.77361143326438,-15.707500655603697]],[[141.6616673721571,-13.3947226291766],[141.70423847466478,-13.37324522713753],[141.69946278543625,-13.360703175493054],[141.70805541038757,-13.364959091097303],[141.7016610481354,-13.35111076869198],[141.6833342149361,-13.346390315291087],[141.66777195447528,-13.345275273533737],[141.67443828255196,-13.359167343695837],[141.65554952348785,-13.378333813182628],[141.6616673721571,-13.3947226291766]],[[138.95587148381176,-35.57689378783326],[138.98457478286315,-35.571195992085464],[138.99449179362705,-35.56163461772645],[139.00555478376333,-35.56139154451142],[139.0063619445541,-35.5508604226693],[138.99920505691588,-35.54243595318533],[138.9819795871154,-35.54586825429423],[138.9606338457361,-35.558329966232755],[138.93582341985135,-35.56674187636097],[138.95587148381176,-35.57689378783326]],[[125.28888729659278,-14.653003190396714],[125.30368703494754,-14.65178662904559],[125.29875087310724,-14.637640223931058],[125.28320192884195,-14.62542158421008],[125.27679426778604,-14.642355782145607],[125.26638665506259,-14.63916750738831],[125.26972213072834,-14.648335262807763],[125.25803928957711,-14.646933224774285],[125.26124537631763,-14.657679571907197],[125.28888729659278,-14.653003190396714]],[[124.39568922847212,-16.500121450552932],[124.41430595613069,-16.506714115410713],[124.40033118616591,-16.527281575442803],[124.40527187116989,-16.53930646745498],[124.41729801323106,-16.53900293568801],[124.42572130440473,-16.526610437557167],[124.43029635566307,-16.497804101391328],[124.45227077595477,-16.49737655991356],[124.44647396820649,-16.483519071694108],[124.40808106583681,-16.478028826845037],[124.39568922847212,-16.500121450552932]],[[123.57311883504248,-17.547911511110648],[123.57250799359146,-17.556886419606272],[123.57611088472541,-17.565614326796446],[123.58331241213945,-17.55902059642658],[123.59191845497261,-17.562804229649636],[123.59149032787116,-17.553404510330765],[123.60192914156679,-17.54748631727888],[123.59387152007957,-17.541198142812362],[123.59747445165448,-17.531797216761152],[123.58349519139524,-17.53680596964663],[123.57311883504248,-17.547911511110648]],[[129.91444218348073,-14.78583620856417],[129.94000170349184,-14.780278685737807],[129.9636081652052,-14.801111125831104],[129.98750449544093,-14.752221548580932],[129.9805617120941,-14.745278974342162],[129.95222408430024,-14.772776451744251],[129.94500928118424,-14.762221134061358],[129.93833845414764,-14.770555855732706],[129.92944258524824,-14.774720957989864],[129.90889058334173,-14.768335283439107],[129.9030624865999,-14.7811108244108],[129.91444218348073,-14.78583620856417]],[[129.30250633062437,-15.126110954608995],[129.3086108177955,-15.138886673646379],[129.32804809222267,-15.133889257959794],[129.33749242859167,-15.13194364741455],[129.33888365617145,-15.141387504902811],[129.35222084002953,-15.143612810856693],[129.3516679372122,-15.128332150216577],[129.3486179023751,-15.119722806100565],[129.35972549650512,-15.115000480621223],[129.35387959832033,-15.088610194698717],[129.31443892665777,-15.107221466524186],[129.30360325769132,-15.108612028928423],[129.30694761470514,-15.11722172314727],[129.30250633062437,-15.126110954608995]],[[125.00581912558584,-15.2347916224586],[125.01515203289783,-15.222008883599713],[125.01632477220757,-15.207930071877938],[125.02828404907302,-15.210266602638379],[125.05111020196891,-15.183888198466633],[125.05465072595962,-15.163841820365942],[125.04442604065288,-15.167874467237969],[125.01803707843055,-15.167543080176943],[124.99472040119211,-15.197774911713125],[124.9838848197957,-15.185256645898],[124.97277269880962,-15.187223272328454],[124.96639171945401,-15.199999646872017],[124.97265681985049,-15.215559046999855],[125.00581912558584,-15.2347916224586]],[[129.27389670752734,-15.056386355342251],[129.27471722394108,-15.069166244983027],[129.28443805521778,-15.066388978100619],[129.29638841918037,-15.076942288520913],[129.3116608988327,-15.05583084545773],[129.33027760664032,-15.057501616565807],[129.35278267988372,-15.031943985759467],[129.3422235210737,-15.02888631599159],[129.34388681787865,-15.018890509488287],[129.3411087487634,-15.000280102336328],[129.3113843879104,-15.011943599870412],[129.30861081779554,-15.022219606489536],[129.29889000234658,-15.011387961597048],[129.27915849133763,-15.01472153989315],[129.26500083373628,-15.024166264894868],[129.2680508919042,-15.033334937436454],[129.27389670752734,-15.056386355342251]],[[127.96400460874563,-15.51955809424703],[127.89335013588345,-15.570615929799619],[127.90417685850603,-15.572712086031864],[127.90166635012122,-15.58138008915047],[127.89082183429115,-15.58058541959471],[127.86717075893144,-15.580718583272983],[127.8764100493937,-15.591108529286249],[127.86009860543386,-15.600991118982305],[127.85140784281323,-15.606754711920699],[127.84205709379863,-15.611328489343308],[127.84676141158482,-15.619780110007229],[127.88349994799957,-15.604663140094349],[127.89354635331111,-15.606969431760774],[127.90103318687822,-15.597336169535696],[127.95504623642763,-15.569907168156396],[127.98882842730961,-15.526024268191394],[127.96400460874563,-15.51955809424703]],[[123.54290843122891,-16.633606763065973],[123.5640847110204,-16.622497965973473],[123.55230820171069,-16.6016243808803],[123.56231889171544,-16.60162437122666],[123.57269079371164,-16.57861171043304],[123.57672178835008,-16.589782934514744],[123.5942996363974,-16.57519691915607],[123.58850277857088,-16.567687730265398],[123.6152975005017,-16.569516994634043],[123.6162740098494,-16.56042615343984],[123.59613232466893,-16.54150360934659],[123.57269079371164,-16.54950108676738],[123.53967111702464,-16.547791333224133],[123.53448525418543,-16.57250872072515],[123.52288711380513,-16.56829892451193],[123.51348733845091,-16.580504980681248],[123.53930547456359,-16.592590588238586],[123.53228690023262,-16.599180049583534],[123.52728377835994,-16.609619428273923],[123.52649000935025,-16.624510386384706],[123.52630720566464,-16.634828745683475],[123.54290843122891,-16.633606763065973]],[[124.40252505809276,-16.36200020836373],[124.42767438094776,-16.37329091448294],[124.42590409775178,-16.387695305972567],[124.45068330567713,-16.388307039604936],[124.45147704439356,-16.40991366024362],[124.53692680488949,-16.408874273482773],[124.71527303200848,-16.397521445049634],[124.73248071165197,-16.394407255292617],[124.74609434833458,-16.390073786651794],[124.8010884375774,-16.414306534172386],[124.79889009915031,-16.395814618816253],[124.71710121538621,-16.367921609437676],[124.71887150097275,-16.378724197564065],[124.68731888988754,-16.37609743115102],[124.69592497686739,-16.363403598835703],[124.68627990875154,-16.363707341535203],[124.67749101581947,-16.34918135629063],[124.64471220085062,-16.348693629868567],[124.6253062273647,-16.336973615652365],[124.6168829472375,-16.342283867904044],[124.6074831911506,-16.34887754343162],[124.60949868038506,-16.335878161209152],[124.5977177184101,-16.335510164275597],[124.58947734334895,-16.32922403385726],[124.48108104037331,-16.35681031155788],[124.47210488744062,-16.347414204205982],[124.45770191760238,-16.353211963357897],[124.40228423173608,-16.351684432609463],[124.40252505809276,-16.36200020836373]]]}]},"id":"00000000000000000002","properties":{"Id":0,"nomi":"Savannalar va siyrak o'rmonlar"}},{"type":"Feature","geometry":{"type":"GeometryCollection","geometries":[{"type":"Point","coordinates":[120.4859449609658,-34.084000203389124]},{"type":"Point","coordinates":[120.86666747698702,-34.07611138296522]},{"type":"Point","coordinates":[121.35361471082265,-33.86555314031735]},{"type":"Point","coordinates":[119.78277599491581,-34.03749867551023]},{"type":"Point","coordinates":[121.97166390756395,-33.876108570093145]},{"type":"Point","coordinates":[121.8913867723594,-33.904443813779565]},{"type":"Point","coordinates":[121.77614574486826,-33.917299834432995]},{"type":"Point","coordinates":[121.6622246049967,-34.17555434685429]},{"type":"Point","coordinates":[121.86422632082063,-34.05752391070343]},{"type":"Point","coordinates":[121.87229729068497,-34.04116786747289]},{"type":"Point","coordinates":[121.8854740091489,-34.045428064593615]},{"type":"Point","coordinates":[121.9364414923866,-34.13388675419244]},{"type":"Point","coordinates":[121.92715316471536,-34.13928634980482]},{"type":"Point","coordinates":[122.16622792608261,-34.07973455670515]},{"type":"Point","coordinates":[122.09255018222252,-34.043355242116576]},{"type":"Point","coordinates":[122.08438108524139,-34.01919475383844]},{"type":"Point","coordinates":[122.02343855877547,-33.99417333844745]},{"type":"Point","coordinates":[122.02493239979003,-33.87815950974862]},{"type":"Point","coordinates":[122.31243289420748,-33.9520982328036]},{"type":"Point","coordinates":[122.30083479422584,-33.958889093631186]},{"type":"Point","coordinates":[122.43974912786554,-33.980289919019135]},{"type":"Point","coordinates":[122.41332897404708,-33.95194660075137]},{"type":"Point","coordinates":[122.47277767331481,-33.948613921389565]},{"type":"Point","coordinates":[122.61002438269044,-33.9200010422358]},{"type":"Point","coordinates":[122.70666649774485,-33.91638954394676]},{"type":"Point","coordinates":[123.00027597296018,-34.00027685455676]},{"type":"Point","coordinates":[122.9403323258218,-33.960213146717095]},{"type":"Point","coordinates":[122.89886263488344,-33.96319776543245]},{"type":"Point","coordinates":[122.87333876478434,-33.91777718570566]},{"type":"Point","coordinates":[122.86190117437906,-33.9639004987093]},{"type":"Point","coordinates":[122.84459536655619,-33.96314599486993]},{"type":"Point","coordinates":[122.82089969932669,-33.978544579230075]},{"type":"Point","coordinates":[122.81121013399513,-33.96678144388092]},{"type":"Point","coordinates":[122.83229270424742,-33.91784379816836]},{"type":"Point","coordinates":[122.81316318630871,-33.92376409888604]},{"type":"Point","coordinates":[122.71833149999739,-33.94555846121184]},{"type":"Point","coordinates":[122.75170343224795,-34.04390950540465]},{"type":"Point","coordinates":[122.87139014527475,-34.00110861928597]},{"type":"Point","coordinates":[122.87450254988704,-33.991411597322255]},{"type":"Point","coordinates":[122.84833655146124,-34.12749748268104]},{"type":"Point","coordinates":[122.83083458624364,-34.08833214557222]},{"type":"Point","coordinates":[122.83240425057059,-34.0974494477998]},{"type":"Point","coordinates":[123.0272223280478,-34.11249879498408]},{"type":"Point","coordinates":[122.49170658388849,-34.19705541182711]},{"type":"Point","coordinates":[122.63222625967988,-34.003888486776134]},{"type":"Point","coordinates":[122.68284592481257,-34.020277660936344]},{"type":"Point","coordinates":[122.5873855696992,-34.00257994651249]},{"type":"Point","coordinates":[122.58295320683723,-34.02024802714101]},{"type":"Point","coordinates":[122.57451658568813,-34.001012520481275]},{"type":"Point","coordinates":[122.54176447739964,-34.005211877584735]},{"type":"Point","coordinates":[122.2139580949102,-34.152553358160446]},{"type":"Point","coordinates":[122.31775702432121,-34.14763801126658]},{"type":"Point","coordinates":[122.21917078630193,-34.36527765173844]},{"type":"Point","coordinates":[122.21499708630854,-34.373610587931886]},{"type":"Point","coordinates":[121.99355362708775,-34.46889401659696]},{"type":"Point","coordinates":[122.05633336061935,-34.22053099742937]},{"type":"Point","coordinates":[122.06578221874813,-34.22736295918663]},{"type":"Point","coordinates":[122.1505585920221,-34.224730583620754]},{"type":"Point","coordinates":[122.14733020814599,-34.20512472805202]},{"type":"Point","coordinates":[122.15360867786674,-34.215556889339325]},{"type":"Point","coordinates":[122.11094841744803,-34.197652907779656]},{"type":"Point","coordinates":[122.12479389190125,-34.13964437182551]},{"type":"Point","coordinates":[121.9438837069578,-34.17722187829184]},{"type":"Point","coordinates":[121.99179681844946,-34.45547835998083]},{"type":"Point","coordinates":[123.5308287375428,-34.35889124827774]},{"type":"Point","coordinates":[123.34166920442885,-34.16416532041696]},{"type":"Point","coordinates":[123.12972372878215,-34.07333389264949]},{"type":"Point","coordinates":[123.25861400205004,-34.05305374158683]},{"type":"Point","coordinates":[123.22416745437445,-34.056109044069]},{"type":"Point","coordinates":[123.234169238865,-34.041112460471524]},{"type":"Point","coordinates":[123.14998588512803,-33.98556250312196]},{"type":"Point","coordinates":[123.13865083934536,-33.97947268465457]},{"type":"Point","coordinates":[123.14583439795972,-34.00222502232168]},{"type":"Point","coordinates":[123.11805867414384,-33.954165933984235]},{"type":"Point","coordinates":[123.51361213014451,-34.013610010237855]},{"type":"Point","coordinates":[123.55303955592677,-33.99178129901018]},{"type":"Point","coordinates":[123.87499997648598,-34.09916642108592]},{"type":"Point","coordinates":[123.88555919585825,-34.101385529237156]},{"type":"Point","coordinates":[123.90611113678395,-34.092224404959666]},{"type":"Point","coordinates":[123.9694437261226,-33.63778103720586]},{"type":"Point","coordinates":[124.09027647347907,-33.746665071173695]},{"type":"Point","coordinates":[124.08166599147751,-33.730557100816476]},{"type":"Point","coordinates":[124.04111487957393,-33.769164470697454]},{"type":"Point","coordinates":[123.98293257234913,-33.82502222638989]},{"type":"Point","coordinates":[124.16507794976575,-33.717969674464115]},{"type":"Point","coordinates":[124.17583326742378,-33.81472346258209]},{"type":"Point","coordinates":[115.04638574552546,-30.520834410268634]},{"type":"Point","coordinates":[115.00638757533335,-30.28305449023151]},{"type":"Point","coordinates":[114.98222370399205,-30.33527821845354]},{"type":"Point","coordinates":[114.96832915439441,-30.288610778723246]},{"type":"Point","coordinates":[114.970830675466,-30.269445385123298]},{"type":"Point","coordinates":[114.94515068676189,-30.16489998799516]},{"type":"Point","coordinates":[114.94750065219489,-30.116388869838133]},{"type":"Point","coordinates":[115.10260160318262,-30.67877400540167]},{"type":"Point","coordinates":[115.3169460781739,-31.005555496658772]},{"type":"Point","coordinates":[113.81383668818316,-28.466241587048735]},{"type":"Point","coordinates":[113.77531449902607,-28.472630990985852]},{"type":"Point","coordinates":[113.78555257942111,-28.473610878270772]},{"type":"Point","coordinates":[113.76706513182388,-28.498078863050566]},{"type":"Point","coordinates":[113.85424952558597,-28.67266566030833]},{"type":"Point","coordinates":[113.85845885212329,-28.688372418015923]},{"type":"Point","coordinates":[113.86934800186835,-28.686447828468626]},{"type":"Point","coordinates":[113.88339420335551,-28.62936708291509]},{"type":"Point","coordinates":[114.03624769849044,-28.80069574906468]},{"type":"Point","coordinates":[114.00508305550174,-28.871249344729513]},{"type":"Point","coordinates":[113.9994511838957,-28.862724622010692]},{"type":"Point","coordinates":[113.98680069038198,-28.870979907504086]},{"type":"Point","coordinates":[113.85949783471139,-28.883412311996757]},{"type":"Point","coordinates":[113.89749828016977,-28.896155504758088]},{"type":"Point","coordinates":[113.91484871657897,-28.909982231339683]},{"type":"Point","coordinates":[113.61863056549161,-26.40438020317078]},{"type":"Point","coordinates":[113.61694506291893,-26.448887795945065]},{"type":"Point","coordinates":[113.6522209575145,-26.51305532026783]},{"type":"Point","coordinates":[113.64777969604091,-26.555833711151703]},{"type":"LineString","coordinates":[[113.71577660619137,-28.463532820724176],[113.72032926692067,-28.44644770610683]]},{"type":"LineString","coordinates":[[122.34563535399674,-34.21075583389278],[122.34997410934587,-34.20222973993798]]},{"type":"LineString","coordinates":[[115.66322204236268,-31.618444147301638],[115.66689192139548,-31.62716585660386]]},{"type":"LineString","coordinates":[[122.97264736332575,-33.90992473077113],[122.97777532564184,-33.901941948450926],[122.98111080057284,-33.892777738599946]]},{"type":"LineString","coordinates":[[122.65990387069071,-33.986309395798486],[122.65800435308014,-33.99522697375406],[122.64847519710112,-33.99953011500005]]},{"type":"LineString","coordinates":[[124.09437436495604,-33.72484958397268],[124.10277538480577,-33.718333191394876]]},{"type":"LineString","coordinates":[[113.8095692557104,-28.74843138923443],[113.81719882772512,-28.742281584593094]]},{"type":"LineString","coordinates":[[122.59222365389773,-33.90972113473321],[122.60250186810303,-33.913055394153126]]},{"type":"LineString","coordinates":[[122.07225676459149,-34.21984151751778],[122.0817012029987,-34.21137900897762]]},{"type":"LineString","coordinates":[[113.97786021149132,-28.862591902252603],[113.96861209673645,-28.867387343281532]]},{"type":"LineString","coordinates":[[122.71523239468326,-33.995833251578894],[122.71888890847876,-33.98444223459839]]},{"type":"LineString","coordinates":[[113.87616601309352,-28.672215755362657],[113.87901090069643,-28.656146673758208]]},{"type":"LineString","coordinates":[[122.02309968135064,-34.162434928082014],[122.01249142704813,-34.16807255531726]]},{"type":"LineString","coordinates":[[124.12999815243677,-33.85472230642869],[124.11944796574964,-33.85222272266799]]},{"type":"LineString","coordinates":[[122.56972306221965,-34.0127783577088],[122.58059877383103,-34.010032028241646]]},{"type":"LineString","coordinates":[[124.15666803472531,-33.76750011150211],[124.16611689098985,-33.76222138295195]]},{"type":"LineString","coordinates":[[113.83164181464934,-28.686823409073725],[113.8271425921626,-28.667489626013356]]},{"type":"LineString","coordinates":[[123.74055366895628,-33.818609715168584],[123.74346987996321,-33.80835465303663]]},{"type":"LineString","coordinates":[[123.13503449353566,-34.165165197058876],[123.14859907266664,-34.16605072334937]]},{"type":"LineString","coordinates":[[122.34510023945637,-34.11485790104034],[122.34456520868493,-34.1011935278245]]},{"type":"LineString","coordinates":[[115.0000021575814,-30.319724896780304],[115.00555367454855,-30.31055574136062]]},{"type":"LineString","coordinates":[[123.1541685110003,-34.02139006291132],[123.16471874326693,-34.023888440075275]]},{"type":"LineString","coordinates":[[113.57917196408951,-26.571942799684038],[113.59166637243617,-26.574722460300446]]},{"type":"LineString","coordinates":[[122.23166519855829,-34.03055526161693],[122.24277285794923,-34.02999724483702]]},{"type":"LineString","coordinates":[[114.94361230972622,-30.142220710548976],[114.94472709738125,-30.12999985315423]]},{"type":"LineString","coordinates":[[124.09193975914614,-33.73416534700391],[124.10221796832451,-33.73110962829617]]},{"type":"LineString","coordinates":[[123.17944269944904,-34.07916583448226],[123.17972359581839,-34.09305523131955]]},{"type":"LineString","coordinates":[[123.28805743303465,-34.0233340896196],[123.2955532368763,-34.01666670423191]]},{"type":"LineString","coordinates":[[122.13882222912994,-34.020521606688746],[122.14995665616549,-34.01444160477939]]},{"type":"LineString","coordinates":[[121.98555852735292,-33.91999728830943],[121.99848093909019,-33.91994925098153]]},{"type":"LineString","coordinates":[[122.51167443810758,-33.96273918136344],[122.52123925977666,-33.95706937403425]]},{"type":"LineString","coordinates":[[122.53554405712913,-34.08798870269356],[122.54722690142475,-34.088612745273245]]},{"type":"LineString","coordinates":[[123.23638984205498,-34.07166809119096],[123.23361187281199,-34.0605531852453]]},{"type":"LineString","coordinates":[[121.89209573385575,-33.91527943184288],[121.91110938312345,-33.91860969303781]]},{"type":"LineString","coordinates":[[113.83437529781939,-28.724189828207045],[113.84126458700526,-28.70409247679935]]},{"type":"LineString","coordinates":[[113.78392951241801,-28.708496244471856],[113.78588258487403,-28.72638346918384]]},{"type":"LineString","coordinates":[[122.12077181825003,-34.10159972551394],[122.12416962847156,-34.09305521685428]]},{"type":"LineString","coordinates":[[121.98121537359557,-34.06609414488269],[122.02349207477108,-34.06615328460141]]},{"type":"LineString","coordinates":[[123.06666750598605,-34.12305313867771],[123.07138971959624,-34.114724924270185]]},{"type":"LineString","coordinates":[[122.0969467980705,-34.06416598268315],[122.10844244202985,-34.06653739612858]]},{"type":"LineString","coordinates":[[121.87245336943975,-33.925651083816085],[121.88103267211241,-33.91990484164768]]},{"type":"LineString","coordinates":[[121.99194396494428,-33.98610977295534],[122.00527222146296,-33.986627368327106]]},{"type":"LineString","coordinates":[[121.7905664747713,-33.92589164168709],[121.80222259165461,-33.92694611277604]]},{"type":"LineString","coordinates":[[121.96561295972222,-34.121764847327064],[121.97672947978475,-34.121764886544575],[121.98062230347088,-34.11298977041992]]},{"type":"LineString","coordinates":[[123.10888627838736,-34.09805504665705],[123.10888627838736,-34.088889739227206]]},{"type":"LineString","coordinates":[[122.97194730176957,-34.07083331542125],[122.96861195029098,-34.08583567307921]]},{"type":"LineString","coordinates":[[121.97475407678313,-33.97497621828841],[121.98527315390417,-33.97138927702914]]},{"type":"LineString","coordinates":[[123.59583351179718,-34.240553467346224],[123.60861330149181,-34.22555643888021]]},{"type":"LineString","coordinates":[[122.01421268528817,-34.14617295307381],[122.02327801063097,-34.151623471388476]]},{"type":"LineString","coordinates":[[123.63895304263009,-33.88473782921442],[123.64944532623596,-33.88722172761602]]},{"type":"LineString","coordinates":[[122.79861317404294,-34.010834144277645],[122.81416203744303,-34.00860897563149],[122.83784430828693,-33.99465764123233],[122.85272875774982,-33.98227182598528]]},{"type":"LineString","coordinates":[[122.04081122883207,-34.13976248706303],[122.05527653848169,-34.14749778877904]]},{"type":"LineString","coordinates":[[123.23694727794881,-34.03083242163092],[123.25638447814914,-34.02333404293721]]},{"type":"LineString","coordinates":[[123.5313861799797,-34.0149997518563],[123.52860807934522,-34.023888423744715]]},{"type":"LineString","coordinates":[[121.99149358846246,-34.11542266625732],[122.00492886335708,-34.11586937716851]]},{"type":"LineString","coordinates":[[121.97590452666645,-34.04530244651821],[121.95388994736697,-34.05777885912292]]},{"type":"LineString","coordinates":[[113.73680127470159,-28.43217922453553],[113.74557671310158,-28.427469715058134]]},{"type":"LineString","coordinates":[[113.86716305620664,-26.37940352937577],[113.86305174530143,-26.370279066111337],[113.85916787673061,-26.36083429686785],[113.86694457019397,-26.348331941100415]]},{"type":"LineString","coordinates":[[121.6055538761325,-34.023056932912034],[121.61558689970174,-34.01852578798174]]},{"type":"LineString","coordinates":[[123.55472506669375,-34.34527755644223],[123.55944729344363,-34.33666571117221]]},{"type":"LineString","coordinates":[[113.96111181431284,-28.978612689982622],[113.9731201960926,-28.932436126638965],[114.00722337054619,-28.897361802303813]]},{"type":"LineString","coordinates":[[123.17749853142148,-34.11666309776643],[123.17249988612373,-34.12499845791746]]},{"type":"LineString","coordinates":[[123.21250248335706,-34.09583211975638],[123.21277445353284,-34.083608787306545]]},{"type":"LineString","coordinates":[[121.64730890532077,-33.88745123604969],[121.64972126451453,-33.896945412670426]]},{"type":"LineString","coordinates":[[122.24333021444508,-34.00611015134313],[122.23833597490177,-34.014168127725085]]},{"type":"LineString","coordinates":[[122.83240425057059,-33.906993673478176],[122.82001686475947,-33.90836300675626]]},{"type":"LineString","coordinates":[[123.15916268573218,-33.97555680355013],[123.14834494170819,-33.97488011762187]]},{"type":"LineString","coordinates":[[114.2122171691092,-26.15360641532435],[114.22777505569948,-26.118334518018486]]},{"type":"LineString","coordinates":[[113.62583203636164,-26.474723581568504],[113.63249835474262,-26.464445092482016]]},{"type":"LineString","coordinates":[[113.61000221045211,-26.503889628855973],[113.61694506291893,-26.49722131055331]]},{"type":"LineString","coordinates":[[113.39888609258418,-26.106947278955584],[113.41139388179477,-26.092222995337814]]},{"type":"Polygon","coordinates":[[[123.5277787696328,-34.00444301840014],[123.5313861799797,-34.0149997518563],[123.53967111702464,-34.001156675511524],[123.5277787696328,-34.00444301840014]]]},{"type":"Polygon","coordinates":[[[123.53111416762154,-34.37555752869943],[123.55083676146039,-34.366665359718795],[123.55472506669375,-34.34527755644223],[123.53111416762154,-34.37555752869943]]]},{"type":"Polygon","coordinates":[[[122.30514675022381,-34.013081470729624],[122.30062076203447,-34.02547385649566],[122.31042626358943,-34.020987235237605],[122.30514675022381,-34.013081470729624]]]},{"type":"Polygon","coordinates":[[[122.13805525727004,-34.034169324214844],[122.15244477453733,-34.03506727217339],[122.13882222912994,-34.020521606688746],[122.13805525727004,-34.034169324214844]]]},{"type":"Polygon","coordinates":[[[122.0041663234315,-33.96055713887505],[122.0107345758437,-33.9677207737071],[122.02527569497258,-33.96055708668655],[122.0041663234315,-33.96055713887505]]]},{"type":"Polygon","coordinates":[[[121.99185919956433,-34.03002679690655],[121.99002202178775,-34.043551083765145],[122.01213030895131,-34.02460538591513],[121.99185919956433,-34.03002679690655]]]},{"type":"Polygon","coordinates":[[[121.67377372387465,-33.994746386457884],[121.68444877961217,-34.00944428727366],[121.68389136021787,-33.990834827186454],[121.67377372387465,-33.994746386457884]]]},{"type":"Polygon","coordinates":[[[121.59416985557169,-34.028330601251824],[121.6055538761325,-34.039723117583044],[121.6055538761325,-34.023056932912034],[121.59416985557169,-34.028330601251824]]]},{"type":"Polygon","coordinates":[[[113.75916363371621,-26.534719773120017],[113.77250080975816,-26.546667401204754],[113.77305815603002,-26.531388611565916],[113.75916363371621,-26.534719773120017]]]},{"type":"Polygon","coordinates":[[[113.49722261008395,-26.392501690415223],[113.49666526128742,-26.40166825509281],[113.51278047976716,-26.396667640147914],[113.49722261008395,-26.392501690415223]]]},{"type":"Polygon","coordinates":[[[113.71717225354031,-28.43661408646686],[113.72032926692067,-28.44644770610683],[113.73680127470159,-28.43217922453553],[113.71717225354031,-28.43661408646686]]]},{"type":"Polygon","coordinates":[[[113.58843351865816,-28.299942841994344],[113.59669629943383,-28.308097149854433],[113.59307105110312,-28.29173294746326],[113.58843351865816,-28.299942841994344]]]},{"type":"Polygon","coordinates":[[[124.12999815243677,-33.85472230642869],[124.14093636170311,-33.85889189930165],[124.14277793063096,-33.849723004998594],[124.12999815243677,-33.843056875947866],[124.12999815243677,-33.85472230642869]]]},{"type":"Polygon","coordinates":[[[113.69914859416895,-28.44465588859933],[113.68518268542203,-28.476123426592096],[113.69238855691161,-28.4855849957525],[113.71577660619137,-28.463532820724176],[113.69914859416895,-28.44465588859933]]]},{"type":"Polygon","coordinates":[[[122.23402408321961,-34.10831214946919],[122.23417124667182,-34.15833190014415],[122.25028190806637,-34.1495901570619],[122.25388490120729,-34.132037564116764],[122.25360845793199,-34.120398963433566],[122.23402408321961,-34.10831214946919]]]},{"type":"Polygon","coordinates":[[[113.88802272067943,-26.034032885464466],[113.91277969369975,-25.979445557515696],[113.90638532693947,-25.95888810359438],[113.88329163536703,-25.950263932844496],[113.8658387045497,-25.962223702158497],[113.88802272067943,-26.034032885464466]]]},{"type":"Polygon","coordinates":[[[123.15860532117898,-34.112221898094006],[123.17749853142148,-34.11666309776643],[123.20305808103922,-34.1074998733552],[123.1924989404632,-34.118608559545194],[123.2052787058903,-34.116389909366134],[123.2147230651154,-34.11194504847225],[123.21250248335706,-34.09583211975638],[123.17972359581839,-34.09305523131955],[123.15860532117898,-34.112221898094006]]]},{"type":"Polygon","coordinates":[[[113.16011018777682,-26.069117845278612],[113.17944480929799,-26.11916733054617],[113.21194273194715,-26.147778505670104],[113.21749874451025,-26.160558669287568],[113.22305480413365,-26.123887623871713],[113.237502333976,-26.11666495007581],[113.22712154439476,-26.10496520450086],[113.23723472421683,-26.104036163190482],[113.22139158935798,-26.059444315851355],[113.16011018777682,-26.069117845278612]]]},{"type":"Polygon","coordinates":[[[115.66322204236268,-31.618444147301638],[116.39652571452379,-31.49983199654557],[116.94380010846915,-31.785366350559347],[117.37953788278094,-32.25995015022679],[117.84799433555905,-32.95130118756443],[118.57224479680194,-33.56255039496898],[119.12822196746862,-33.82207207893524],[119.77446867126918,-34.03137197158507],[119.81707091557772,-33.98558104664176],[119.84471736227965,-33.97333069892433],[119.85583386679144,-33.971111911208006],[119.95103564318458,-33.97249863751412],[119.99361567050791,-33.93444551746335],[120.05583342351946,-33.92555493330739],[120.1276249746175,-33.95444334059391],[120.20645741189651,-33.934771108556035],[120.41209330716023,-33.9640373165182],[120.45849032469356,-33.96496926382299],[120.55996607557896,-33.922535625960016],[120.56374289013931,-33.89620516628488],[120.68838373974879,-33.88726980033832],[120.79178579784711,-33.88712179115187],[120.8226338236157,-33.88159499409751],[120.85826210821159,-33.86016936766548],[120.87192475639156,-33.855973930859335],[120.93025429221105,-33.8639684100761],[121.00619717089054,-33.87104758053048],[121.05679467409082,-33.85712926011268],[121.08290266112921,-33.854177935967925],[121.1400014185885,-33.85222269243904],[121.17833631432957,-33.87083286556531],[121.20629045074809,-33.84296791622575],[121.28666577321343,-33.841723545843344],[121.32060397820204,-33.82104363236377],[121.3531019251366,-33.82645207466933],[121.3485714786672,-33.817194571041505],[121.43057429081527,-33.82821901709737],[121.49134741880293,-33.832226908304314],[121.5611590697971,-33.833208459477184],[121.64730890532077,-33.88745123604969],[121.68798037243276,-33.86087660824354],[121.79510582146266,-33.90659029302691],[121.89952904791666,-33.87896293137055],[121.90611068333939,-33.86722293946051],[121.89505215150385,-33.86937413139493],[121.9243529184387,-33.83573451511063],[122.01958585851497,-33.837334623240615],[122.09676399574352,-33.93003546215945],[122.11360157675502,-33.98575846654412],[122.09357578339505,-33.992443097863216],[122.09310753768166,-34.00318615699288],[122.11280781974384,-34.006420669533014],[122.10916923721288,-34.01527700427686],[122.14995665616549,-34.01444160477939],[122.16456018837056,-34.003016103164356],[122.19135935759373,-34.008871413029325],[122.208054267824,-34.00722274960804],[122.21944281660997,-33.99833239020132],[122.22803548419886,-33.98769964099458],[122.24333021444508,-34.00611015134313],[122.28405964388575,-33.99474638697068],[122.27361196025211,-33.96138929984108],[122.33711401640447,-33.926202394937235],[122.34487730309088,-33.933032256422685],[122.35111112884705,-33.92527745247497],[122.38722097304426,-33.91083134646553],[122.50923981681372,-33.943771784543436],[122.51028324524508,-33.95295635562939],[122.55758086978956,-33.93591057506947],[122.56166990579014,-33.94444131189776],[122.5694420985293,-33.9533336827437],[122.57805705113384,-33.96111186771422],[122.58118290047508,-33.950211858904716],[122.59796697793543,-33.93803778712804],[122.58809449890455,-33.9342901750932],[122.59222365389773,-33.90972113473321],[122.63881684274689,-33.89060123449034],[122.7170874229178,-33.889457503981134],[122.72782934536212,-33.89181903291298],[122.75389278180187,-33.89527988440748],[122.76527247182025,-33.877496881916656],[122.83240425057059,-33.906993673478176],[122.96555300712933,-33.88833221811393],[122.98111080057284,-33.892777738599946],[123.01166451957442,-33.86583450652467],[123.05666128441007,-33.86055448810181],[123.14059500465584,-33.91000242499121],[123.15400799383629,-33.93539263523388],[123.15916268573218,-33.97555680355013],[123.17500142786832,-33.98888641404322],[123.15860532117898,-34.012501158598795],[123.21305979847719,-34.000831419838896],[123.22732006756173,-33.98980699980751],[123.25609463200541,-33.99549314319081],[123.32944678810286,-33.93333564562228],[123.36521327553933,-33.89645681862565],[123.49156189154469,-33.912962893108855],[123.52162067945191,-33.93989859604348],[123.55604496953646,-33.92445233413186],[123.58615723727901,-33.88240199964272],[123.64161062254101,-33.874309358709596],[123.68206810994009,-33.83433073101426],[123.74346987996321,-33.80835465303663],[123.76319695220863,-33.79656059331062],[123.75083183936638,-33.751611118384595],[123.7936035940594,-33.68012961100606],[123.87471014326547,-33.63540500317311],[123.8745273367092,-33.59934484898062],[123.96162253934351,-33.570332789842325],[123.98612969117238,-33.49442816219516],[124.0481201311012,-33.313909724470875],[124.1413509981458,-33.11264501581426],[124.27916846708447,-32.9947213940853],[124.45702413240396,-32.93527369888249],[124.68083091726474,-32.91055504567409],[124.20710497187049,-31.981672126041435],[122.76734577763753,-31.621035447258862],[121.47072409713631,-31.50577821294134],[122.06559043354991,-30.881172453941605],[122.24405254898224,-30.13758936615252],[120.81637328118154,-30.256562394287812],[119.44818287073583,-29.78066921748088],[118.79383208501966,-29.12631701011226],[118.31793893362286,-27.758127339560172],[117.43865579789838,-26.74370112185542],[117.00923740568876,-26.211477038203864],[115.65517185742243,-26.00192590231865],[114.25083298905376,-25.96721897566916],[114.25949262498534,-25.98334580178618],[114.25083298905376,-25.989165775232383],[114.22499697711127,-25.979165010096096],[114.21333200912946,-25.968614026906994],[114.19638742121079,-25.99083321748913],[114.23598420126784,-26.09889463075369],[114.23555610220696,-26.10805644722858],[114.23889154497776,-26.11666490860833],[114.2558807234791,-26.15488322417132],[114.24123255235213,-26.17489810121971],[114.22638824080691,-26.167222322960125],[114.21694381356664,-26.16222355125282],[114.2122171691092,-26.15360641532435],[114.18976565674694,-26.184486069710346],[114.2172248110561,-26.26388869800225],[114.23767863494798,-26.298181116070868],[114.2000572366822,-26.37972710200383],[114.16122292584197,-26.399044172966136],[114.09638763517148,-26.454720548759372],[114.05694687598259,-26.423333795266167],[113.9695440312077,-26.332778996545034],[113.9455584640432,-26.226110242583896],[113.9397215065225,-26.168887158285433],[113.94055094070278,-26.13000089395446],[113.91111192567512,-26.12194584511602],[113.89917045095208,-26.041669325153848],[113.88802272067943,-26.034032885464466],[113.87638894278197,-26.063053432081404],[113.87027549575934,-26.07055577823011],[113.84422985832798,-26.112889248514477],[113.83444220043485,-26.11694522160797],[113.84361449288032,-26.121945860632486],[113.77694648996862,-26.214721443979624],[113.76027835398351,-26.202223313907833],[113.75360761049609,-26.183057484559168],[113.73555712329986,-26.206112142380434],[113.72333472276559,-26.19972278390432],[113.72139058945072,-26.190556191143763],[113.70400457502897,-26.08526271193674],[113.71111231576425,-26.031664867776392],[113.73682351922695,-26.000416265556268],[113.7313923773001,-25.988055548617094],[113.73527620598621,-25.976944220601858],[113.56583482018742,-26.001943204708585],[113.57805723985516,-26.089724082260826],[113.62055245001721,-26.10500123129886],[113.68722492468937,-26.203611646408355],[113.69583101168907,-26.21972188096986],[113.8235619223886,-26.269330873352498],[113.88283679600613,-26.347189068642646],[113.87916693244581,-26.415558622824907],[113.88500388262976,-26.43416698034165],[113.88277434746438,-26.447222969879295],[113.88028175472915,-26.456944102849132],[113.88137869312828,-26.50979130667422],[113.81500049424253,-26.589720369239107],[113.80638999188513,-26.60777829302896],[113.76277997450306,-26.589166153262497],[113.74444416645785,-26.610557042630546],[113.69444420771323,-26.60666595697747],[113.69027496677172,-26.6422195319789],[113.69806053250171,-26.655833678257427],[113.66055508272757,-26.668055577280906],[113.6575006074511,-26.614165060147993],[113.66417135910487,-26.604445205619616],[113.64833263085367,-26.596945505278477],[113.64777969604091,-26.6099989411095],[113.63611027325729,-26.595557937730835],[113.63222637471797,-26.535557572730372],[113.6336131536228,-26.488054305352602],[113.62583203636164,-26.474723581568504],[113.61443904911161,-26.488333665449108],[113.61694506291893,-26.49722131055331],[113.62000402840867,-26.505832969742958],[113.61000221045211,-26.503889628855973],[113.60472265770909,-26.516387074692197],[113.59305761008744,-26.511942083326918],[113.59166637243617,-26.574722460300446],[113.58833098466492,-26.583890526804314],[113.57277766440488,-26.579165063339538],[113.56083622956956,-26.55750100059327],[113.57083345846388,-26.496111897508502],[113.5597213791377,-26.463055847334658],[113.55611397186479,-26.392222082120707],[113.55055345838005,-26.334165730487012],[113.54472541154234,-26.294723102888852],[113.51860847928918,-26.276388188953906],[113.50777289969784,-26.304445073166438],[113.49305783230744,-26.310277137032188],[113.5169452108971,-26.32138869898418],[113.52527485793824,-26.373335274856306],[113.51278047976716,-26.396667640147914],[113.50111540811713,-26.411944459163124],[113.49666526128742,-26.40166825509281],[113.48652080523075,-26.391335319540538],[113.49722261008395,-26.379443509500035],[113.49722261008395,-26.392501690415223],[113.50805829047442,-26.3777776281129],[113.48889302568288,-26.352779249981456],[113.48972242863215,-26.325557330383667],[113.4716630596788,-26.26083362995094],[113.44527415369555,-26.173057217092627],[113.44499763573357,-26.162499705947734],[113.42305884867085,-26.1588896618505],[113.42388824982318,-26.13610991456833],[113.39888609258418,-26.106947278955584],[113.37139127390277,-26.02897230565186],[113.35748338502448,-26.031124002436215],[113.3694471510858,-26.068332808937424],[113.37999734676424,-26.119723819644083],[113.37638996559751,-26.199722768388586],[113.3700045232218,-26.20666827083527],[113.3655543452506,-26.232778112364752],[113.3572247266915,-26.246112814009386],[113.33388581759691,-26.25861016547955],[113.31805593125807,-26.240833544832398],[113.30916456036883,-26.0494454166899],[113.28999926890138,-26.043884819740967],[113.2767245338042,-26.227238185190767],[113.26833255677813,-26.23888971850332],[113.25611018215345,-26.187222997737866],[113.18555378218524,-26.16027849630638],[113.16514450547966,-26.14473241377879],[113.16281683308212,-26.158849587893464],[113.27444593377155,-26.29194471033098],[113.29147523294702,-26.353742204927624],[113.30818800059518,-26.411676800070765],[113.60416522997194,-26.698610492191932],[113.8263845932266,-27.004721452268246],[114.08583291143215,-27.46583489949767],[114.15934567786422,-27.698396842308895],[114.15567135066058,-27.711535360487005],[114.10555101979753,-27.85416490418692],[114.17894789474911,-28.114621262172903],[114.27448407024478,-28.2089353718737],[114.32876026601116,-28.245913282765027],[114.42838109296889,-28.37958219578333],[114.5600048228111,-28.544428162570657],[114.61245716169802,-28.66828385790641],[114.61326426069554,-28.765440085607317],[114.57842976373118,-28.784454863223118],[114.62082691271655,-28.808983228176867],[114.63451189883433,-28.867121796856132],[114.87361341234524,-29.123886345303585],[114.9216690624931,-29.272498668921834],[114.94499913977761,-29.332222979200342],[114.99712159239746,-29.51308358209719],[114.9574980079577,-29.687222230582968],[114.98027951178246,-29.931388831155317],[114.96805713073815,-30.001390298254968],[114.95500091457517,-30.048332880544677],[114.9741660683756,-30.07250010183185],[115.00555367454855,-30.156942350479284],[114.99722414688166,-30.210554972617572],[115.00277570999525,-30.228055894971394],[115.03694131617692,-30.25361199846915],[115.02833525981359,-30.30861169326614],[115.0705585186622,-30.489446222816877],[115.0577787228946,-30.50472285604537],[115.09416947042678,-30.55889009472613],[115.09416947042678,-30.58222540489693],[115.19083379710112,-30.808057499863207],[115.28833208186104,-30.937496292260406],[115.33055976382899,-31.018889395135307],[115.46611195115263,-31.30972109025078],[115.49944378835671,-31.355000154814768],[115.66322204236268,-31.618444147301638]],[[121.16805362232164,-33.82611131550808],[121.18472181581829,-33.806946710627265],[121.14805457974411,-33.81916915022133],[121.15083262935437,-33.83638641914337],[121.16805362232164,-33.82611131550808]],[[113.4875018134417,-26.429167755478662],[113.48249865489899,-26.48000016507934],[113.50194479418568,-26.477222193780975],[113.50416544678882,-26.46722331570588],[113.50444638854823,-26.45722359240727],[113.50138744978089,-26.447498425233128],[113.50583765233986,-26.419999306750324],[113.4875018134417,-26.429167755478662]]]}]},"id":"00000000000000000008","properties":{"Id":0,"nomi":"Savannalar va siyrak o'rmonlar"}},{"type":"Feature","geometry":{"type":"GeometryCollection","geometries":[{"type":"Point","coordinates":[148.44635015770126,-17.718545281518242]},{"type":"Point","coordinates":[149.91055394673145,-16.969445834554374]},{"type":"Point","coordinates":[150.0033255423019,-16.936112278308254]},{"type":"Point","coordinates":[150.33416859481198,-16.599167248368076]},{"type":"Point","coordinates":[149.96215916758806,-16.286401385955518]},{"type":"Point","coordinates":[149.9933327267801,-16.21305560576078]},{"type":"Point","coordinates":[150.00139031884927,-16.114494809654843]},{"type":"Point","coordinates":[145.89305110757428,-16.882779048380744]},{"type":"Point","coordinates":[145.68374534380675,-16.72424368171986]},{"type":"Point","coordinates":[146.15674003415904,-17.739059898278107]},{"type":"Point","coordinates":[146.16227821355753,-17.746526081071604]},{"type":"Point","coordinates":[146.18167083912223,-17.6783331865759]},{"type":"Point","coordinates":[146.158889339927,-17.656664398549232]},{"type":"Point","coordinates":[146.16694691249933,-17.673332604331097]},{"type":"Point","coordinates":[146.09167280889682,-17.223834815237346]},{"type":"Point","coordinates":[146.07826433328074,-17.21164479041375]},{"type":"Point","coordinates":[146.3995202641527,-17.532838938123177]},{"type":"Point","coordinates":[146.4266672731476,-18.814168872914365]},{"type":"Point","coordinates":[146.52806276375074,-18.827497818638918]},{"type":"Point","coordinates":[146.51611239850587,-18.770557616551592]},{"type":"Point","coordinates":[146.55417080698214,-18.770000380301983]},{"type":"Point","coordinates":[146.20426960426695,-18.05011651753762]},{"type":"Point","coordinates":[146.32611005326842,-18.236667728782997]},{"type":"Point","coordinates":[146.3069448348077,-18.15860948816945]},{"type":"Point","coordinates":[146.14473170478678,-18.181665870891607]},{"type":"Point","coordinates":[146.19555650633856,-18.041666670214923]},{"type":"Point","coordinates":[146.17027338373381,-18.02833186004618]},{"type":"Point","coordinates":[146.1358357558096,-17.925833976327656]},{"type":"Point","coordinates":[146.14058027460112,-17.95608989999341]},{"type":"Point","coordinates":[146.1358357558096,-17.97916440468887]},{"type":"Point","coordinates":[143.720291695915,-13.655057042004469]},{"type":"Point","coordinates":[143.72380095705043,-13.491674570188255]},{"type":"Point","coordinates":[143.83587603229475,-13.909810963675941]},{"type":"Point","coordinates":[143.79046458396473,-14.226439890429335]},{"type":"Point","coordinates":[145.44221371977216,-15.7494434751702]},{"type":"Point","coordinates":[145.45976473924975,-15.7309712107964]},{"type":"Point","coordinates":[145.33694323582307,-15.606204972303418]},{"type":"Point","coordinates":[145.20666612007,-14.704166397854772]},{"type":"Point","coordinates":[145.19332896839586,-14.715556897246277]},{"type":"Point","coordinates":[145.37611193585417,-14.699167483625912]},{"type":"Point","coordinates":[145.45153762694824,-14.701186053692279]},{"type":"Point","coordinates":[145.4498744326915,-14.690873131450932]},{"type":"Point","coordinates":[144.8800057681278,-14.419168654564952]},{"type":"Point","coordinates":[144.90028578164282,-14.400835299003727]},{"type":"Point","coordinates":[144.8488901838992,-14.319446274540601]},{"type":"Point","coordinates":[144.89083695251617,-14.463331006516778]},{"type":"Point","coordinates":[144.91921905836853,-14.505334700517896]},{"type":"Point","coordinates":[144.88694854871204,-14.557775323170068]},{"type":"Point","coordinates":[144.9061137590958,-14.551668165740692]},{"type":"Point","coordinates":[144.8673686568337,-14.545880274018202]},{"type":"Point","coordinates":[144.25262360331845,-14.212288043338722]},{"type":"Point","coordinates":[144.35777371688022,-14.270277244922651]},{"type":"Point","coordinates":[144.3511028385322,-14.255276734244784]},{"type":"Point","coordinates":[144.76266452907691,-14.504484263353419]},{"type":"Point","coordinates":[144.50555273845603,-13.980555421680526]},{"type":"Point","coordinates":[144.44111424727396,-13.977777497900762]},{"type":"Point","coordinates":[144.25736811465237,-14.078333759015363]},{"type":"Point","coordinates":[143.95620930737118,-13.365414596369526]},{"type":"Point","coordinates":[143.6036058987271,-12.884445331669227]},{"type":"Point","coordinates":[143.5458382642096,-12.887496772189706]},{"type":"Point","coordinates":[143.5964981319359,-13.273715323381262]},{"type":"Point","coordinates":[143.29028271429826,-12.512779376217491]},{"type":"Point","coordinates":[143.20037832099675,-12.240140111970977]},{"type":"Point","coordinates":[143.30471680219125,-12.234165601221207]},{"type":"Point","coordinates":[143.23361203407813,-12.256664128826888]},{"type":"Point","coordinates":[143.2274941023595,-12.245277788150721]},{"type":"Point","coordinates":[143.46353219958104,-12.621568685450711]},{"type":"Point","coordinates":[143.30111834375134,-12.042495602044376]},{"type":"Point","coordinates":[143.30468561710825,-11.848262271000497]},{"type":"Point","coordinates":[143.2827914012436,-11.855938623320407]},{"type":"Point","coordinates":[143.27000273191493,-11.949721799582004]},{"type":"Point","coordinates":[143.26499965914533,-11.968566967437358]},{"type":"Point","coordinates":[143.25471692521984,-11.970830952614117]},{"type":"Point","coordinates":[143.20722749777468,-11.928890201321131]},{"type":"Point","coordinates":[143.08639479210248,-11.525278197033254]},{"type":"Point","coordinates":[143.08888293816685,-11.79277584801737]},{"type":"Point","coordinates":[143.18055763427537,-11.699445420023437]},{"type":"Point","coordinates":[143.31484787290788,-11.835597385272807]},{"type":"Point","coordinates":[143.03300599699946,-11.447080722900957]},{"type":"Point","coordinates":[143.02972408261004,-11.380555326903282]},{"type":"Point","coordinates":[142.96415748599554,-11.38056407321211]},{"type":"Point","coordinates":[142.87304911791404,-11.250970003693949]},{"type":"Point","coordinates":[143.04071129527344,-11.197644507276355]},{"type":"Point","coordinates":[143.03000050734178,-11.172500421387124]},{"type":"Point","coordinates":[143.02472099215805,-11.109166939645615]},{"type":"Point","coordinates":[142.76167415459545,-10.996111646407343]},{"type":"Point","coordinates":[142.99139365156313,-11.008765898191381]},{"type":"Point","coordinates":[143.07559036870623,-11.159971349023365]},{"type":"Point","coordinates":[143.81271547064605,-11.324525638099997]},{"type":"Point","coordinates":[144.0347296180839,-11.587776904101725]},{"type":"Point","coordinates":[144.01916295547295,-11.409999743640249]},{"type":"Point","coordinates":[143.7175003039861,-9.729721075113066]},{"type":"Point","coordinates":[143.42765873215114,-9.68889379673645]},{"type":"Point","coordinates":[143.54110713731978,-9.507777173924133]},{"type":"Point","coordinates":[143.6547250537586,-9.568334498427058]},{"type":"Point","coordinates":[143.3636170971246,-9.711666082568271]},{"type":"Point","coordinates":[143.09304778537705,-9.68027852709235]},{"type":"Point","coordinates":[142.82226441281009,-10.204170577327172]},{"type":"Point","coordinates":[142.82722290340436,-10.256390249425417]},{"type":"Point","coordinates":[142.82463219704428,-10.146508276861452]},{"type":"Point","coordinates":[143.0269460393428,-9.996387771241475]},{"type":"Point","coordinates":[143.32139388755485,-10.107221059148074]},{"type":"Point","coordinates":[143.17222803845885,-9.867224185051702]},{"type":"Point","coordinates":[143.3110978410909,-9.861319743935862]},{"type":"Point","coordinates":[143.39055008277614,-9.870000635634709]},{"type":"Point","coordinates":[143.485274782951,-9.882222000986868]},{"type":"Point","coordinates":[143.40727171421156,-9.823944480149208]},{"type":"Point","coordinates":[143.39424223642587,-9.955835031888064]},{"type":"Point","coordinates":[143.0988936398465,-10.52222514826074]},{"type":"Point","coordinates":[142.72583186438354,-10.822218867218675]},{"type":"Point","coordinates":[142.62444977669495,-10.772223736266797]},{"type":"Point","coordinates":[142.61528187691368,-10.760001843914614]},{"type":"Point","coordinates":[142.38528583645837,-10.766923255932737]},{"type":"Point","coordinates":[142.40878087424687,-10.74032741672199]},{"type":"Point","coordinates":[142.4157415601305,-10.72312717553745]},{"type":"Point","coordinates":[142.36999561070553,-10.714443445290549]},{"type":"Point","coordinates":[142.3798502464228,-10.704418774800851]},{"type":"Point","coordinates":[142.68166893519074,-10.640555958979393]},{"type":"Point","coordinates":[142.6372206525747,-10.600002701134907]},{"type":"Point","coordinates":[142.48855417979777,-10.235459517479304]},{"type":"Point","coordinates":[142.36270048521982,-10.365869982652537]},{"type":"Point","coordinates":[142.45056267479413,-10.494446102659314]},{"type":"Point","coordinates":[142.229734583547,-10.352688800346968]},{"type":"Point","coordinates":[142.17074517048508,-10.199843368937923]},{"type":"Point","coordinates":[142.12812947209048,-10.185224522496934]},{"type":"Point","coordinates":[142.11833289125443,-10.188889204632034]},{"type":"Point","coordinates":[142.08484055515302,-10.239935362778844]},{"type":"Point","coordinates":[142.06611678753794,-10.221109995133213]},{"type":"Point","coordinates":[142.05499132156942,-10.216945442258778]},{"type":"Point","coordinates":[142.09989893130478,-10.287774969570554]},{"type":"Point","coordinates":[142.0913686734616,-10.316980595005846]},{"type":"Point","coordinates":[142.1099988358723,-10.345310642269697]},{"type":"Point","coordinates":[142.17721527248582,-10.573054799245272]},{"type":"Point","coordinates":[142.32638556588398,-10.551391255606067]},{"type":"Point","coordinates":[142.3550130056789,-10.545547710912423]},{"type":"Point","coordinates":[142.3458406574955,-10.55416614283999]},{"type":"Point","coordinates":[142.25694400606727,-10.736945326540246]},{"type":"Point","coordinates":[141.91072161767028,-10.602500970461094]},{"type":"Point","coordinates":[141.57038960409855,-9.520930825324747]},{"type":"Point","coordinates":[141.56974749483405,-9.611080077334858]},{"type":"Point","coordinates":[142.1563868295637,-9.931111799906967]},{"type":"Point","coordinates":[142.16528277892644,-9.933892068946987]},{"type":"Point","coordinates":[142.12222120047298,-10.016390004048404]},{"type":"Point","coordinates":[142.10611049005274,-10.055833217571443]},{"type":"Point","coordinates":[142.10594105659027,-10.065277217482969]},{"type":"Point","coordinates":[142.09046797767238,-10.092589219335329]},{"type":"Point","coordinates":[142.0752089116831,-10.11945993347565]},{"type":"Point","coordinates":[142.1323834765002,-10.047267006636153]},{"type":"Point","coordinates":[142.1274873795459,-10.028970358127813]},{"type":"Point","coordinates":[142.26573287314665,-10.073531227003622]},{"type":"Point","coordinates":[142.35667627249555,-10.11583396597717]},{"type":"Point","coordinates":[142.3458406574955,-10.104999798991061]},{"type":"Point","coordinates":[142.32638556588398,-10.083611308736774]},{"type":"Point","coordinates":[142.23959369200935,-9.97642823334261]},{"type":"Point","coordinates":[142.2090933710294,-9.956621190992832]},{"type":"Point","coordinates":[142.4908283130015,-10.111110520286045]},{"type":"Point","coordinates":[142.6777181882688,-10.171667123192762]},{"type":"Point","coordinates":[142.11121165252413,-10.9698995515998]},{"type":"Point","coordinates":[142.31645074347645,-10.842290802720974]},{"type":"Point","coordinates":[142.69166621235624,-10.88805744449378]},{"type":"Point","coordinates":[153.11450277947728,-26.613973693754588]},{"type":"Point","coordinates":[153.1207276977251,-27.047076723609656]},{"type":"Point","coordinates":[151.191956931156,-23.784408450097573]},{"type":"Point","coordinates":[151.2643415062221,-23.801651061153486]},{"type":"Point","coordinates":[151.1840197717578,-23.407376345417454]},{"type":"Point","coordinates":[151.16860907025057,-23.416943365446475]},{"type":"Point","coordinates":[151.0491006758594,-23.425679167327267]},{"type":"Point","coordinates":[150.97054916882126,-23.199169159085365]},{"type":"Point","coordinates":[151.10055424425127,-23.199169200349726]},{"type":"Point","coordinates":[150.95443849233706,-23.063332045712652]},{"type":"Point","coordinates":[150.87750109896672,-23.035274815961113]},{"type":"Point","coordinates":[150.89778115833946,-23.10000105880275]},{"type":"Point","coordinates":[150.7736040424593,-22.954447627023598]},{"type":"Point","coordinates":[150.90397482368942,-23.153339638155355]},{"type":"Point","coordinates":[150.8853134710805,-23.280201439575883]},{"type":"Point","coordinates":[150.8114796580085,-23.35693531875589]},{"type":"Point","coordinates":[150.84971645496742,-23.317765200534367]},{"type":"Point","coordinates":[150.83308407127578,-23.286247127915598]},{"type":"Point","coordinates":[150.9258288517414,-23.30444376745465]},{"type":"Point","coordinates":[150.93948265303553,-23.342537010708938]},{"type":"Point","coordinates":[148.29833921930705,-20.079720898981552]},{"type":"Point","coordinates":[148.31333966630143,-20.100555083841357]},{"type":"Point","coordinates":[147.8977826642596,-19.85194771510645]},{"type":"Point","coordinates":[148.55416680725943,-19.994445609260833]},{"type":"Point","coordinates":[148.51056124876166,-20.07888742098167]},{"type":"Point","coordinates":[148.57055846488595,-20.096664843080493]},{"type":"Point","coordinates":[148.60836717096896,-20.130430075356564]},{"type":"Point","coordinates":[148.66027998651114,-20.112220999056383]},{"type":"Point","coordinates":[148.62693931488,-20.020557616957316]},{"type":"Point","coordinates":[148.87176624900613,-20.08027785542303]},{"type":"Point","coordinates":[148.8920908416935,-20.085826966836617]},{"type":"Point","coordinates":[148.81268317020238,-20.257386142211683]},{"type":"Point","coordinates":[149.0111086715561,-20.171387360705697]},{"type":"Point","coordinates":[149.0392456077857,-20.23463569013555]},{"type":"Point","coordinates":[149.07194426180376,-20.157779390286347]},{"type":"Point","coordinates":[149.11055114579625,-20.460832143964673]},{"type":"Point","coordinates":[149.18591443367333,-20.59879138041581]},{"type":"Point","coordinates":[149.15096843534715,-20.653048114998317]},{"type":"Point","coordinates":[149.7388919768117,-20.951110892051798]},{"type":"Point","coordinates":[149.55008021812674,-21.03029054482993]},{"type":"Point","coordinates":[149.43777335502207,-20.76694465530262]},{"type":"Point","coordinates":[149.27305415105366,-20.759443694776518]},{"type":"Point","coordinates":[149.23297131793038,-20.735224702376385]},{"type":"Point","coordinates":[149.15833934855678,-20.750557992619786]},{"type":"Point","coordinates":[149.14805664319923,-20.740554209353114]},{"type":"Point","coordinates":[149.15083463789878,-20.975836414096015]},{"type":"Point","coordinates":[149.16722183248422,-20.99166978062222]},{"type":"Point","coordinates":[148.96183561140012,-20.872472579947495]},{"type":"Point","coordinates":[148.92778147096598,-20.86277689419343]},{"type":"Point","coordinates":[148.8805551239158,-20.797778360402877]},{"type":"Point","coordinates":[148.87249751594604,-20.803334870875087]},{"type":"Point","coordinates":[148.73971447458587,-20.696110871228232]},{"type":"Point","coordinates":[148.75944598474473,-20.675832653021097]},{"type":"Point","coordinates":[149.09683048859117,-20.67964152486114]},{"type":"Point","coordinates":[149.070753650746,-20.6611426074927]},{"type":"Point","coordinates":[149.06636144110158,-20.614923149727645]},{"type":"Point","coordinates":[149.0903157493204,-20.50798373443169]},{"type":"Point","coordinates":[149.10305986578126,-20.438613087972723]},{"type":"Point","coordinates":[149.0169367394288,-20.41860984259262]},{"type":"Point","coordinates":[149.00500424402475,-20.424443529163497]},{"type":"Point","coordinates":[149.01056026697108,-20.449443078588445]},{"type":"Point","coordinates":[148.86389149161576,-20.582779053474706]},{"type":"Point","coordinates":[149.72241112265863,-22.460253363316603]},{"type":"Point","coordinates":[149.75740173239157,-22.41083964403996]},{"type":"Point","coordinates":[149.75996565026156,-22.39829483602288]},{"type":"Point","coordinates":[149.77676308988205,-22.35698335374986]},{"type":"Point","coordinates":[149.59886283994172,-22.14349425354862]},{"type":"Point","coordinates":[149.6135243657535,-22.050992691329895]},{"type":"Point","coordinates":[149.58018364307864,-21.957131914348135]},{"type":"Point","coordinates":[149.59880040762016,-21.958980589763012]},{"type":"Point","coordinates":[149.82928688264357,-22.023671465428986]},{"type":"Point","coordinates":[149.84033202633833,-22.03448484535505]},{"type":"Point","coordinates":[149.82553229079025,-22.015329336880953]},{"type":"Point","coordinates":[149.79010030579394,-21.818101954765222]},{"type":"Point","coordinates":[149.80961776712397,-21.627993398897296]},{"type":"Point","coordinates":[149.82963465285593,-21.60516836713652]},{"type":"Point","coordinates":[149.8128639695343,-21.571467211932255]},{"type":"Point","coordinates":[149.77201863410076,-21.596706495352745]},{"type":"Point","coordinates":[149.72081029197523,-21.513226359217047]},{"type":"Point","coordinates":[149.63929795623633,-21.673222570198185]},{"type":"Point","coordinates":[149.39159937348737,-21.47284805839096]},{"type":"Point","coordinates":[149.4601580130241,-21.457726149534896]},{"type":"Point","coordinates":[149.3224788044534,-21.32447842464012]},{"type":"Point","coordinates":[149.2660979075561,-21.17035359181342]},{"type":"Point","coordinates":[149.24783350003347,-21.15805745569713]},{"type":"Point","coordinates":[149.24180479693152,-21.09678586742623]},{"type":"Point","coordinates":[149.4948141536812,-21.4216081026724]},{"type":"Point","coordinates":[149.65630944655078,-21.371570971596142]},{"type":"Point","coordinates":[149.66746606798722,-21.471781608457984]},{"type":"Point","coordinates":[149.81971765722062,-21.43555500030982]},{"type":"Point","coordinates":[150.3098887495224,-21.46809253394097]},{"type":"Point","coordinates":[150.28990306912422,-21.746011854415755]},{"type":"Point","coordinates":[150.43844466437042,-21.773005399578576]},{"type":"Point","coordinates":[150.3838652751803,-21.97520362858013]},{"type":"Point","coordinates":[150.22836306649697,-21.92010885832589]},{"type":"Point","coordinates":[149.86862062824514,-21.602544040480396]},{"type":"Point","coordinates":[149.87817195561038,-21.98141444724509]},{"type":"Point","coordinates":[149.89620902534162,-21.99600587306435]},{"type":"Point","coordinates":[149.89472859575974,-21.974165712244485]},{"type":"Point","coordinates":[149.97378404756392,-22.038295808869474]},{"type":"Point","coordinates":[149.9878703685847,-22.054079957914617]},{"type":"Point","coordinates":[150.09532127503726,-21.93982312881519]},{"type":"Point","coordinates":[150.16503932172327,-22.010810873005397]},{"type":"Point","coordinates":[150.09777822947862,-22.03111193266305]},{"type":"Point","coordinates":[149.9347223294903,-22.205590703499865]},{"type":"Point","coordinates":[149.8537271770686,-22.14512568805999]},{"type":"Point","coordinates":[150.2595811898302,-22.342647908686512]},{"type":"Point","coordinates":[150.31194887575452,-22.327221993071337]},{"type":"Point","coordinates":[150.4584972045203,-22.359746408848434]},{"type":"Point","coordinates":[150.5433361120819,-22.266945690192866]},{"type":"Point","coordinates":[150.44055381702321,-22.205276932409426]},{"type":"Point","coordinates":[150.4136030147959,-22.214165077704845]},{"type":"Point","coordinates":[150.4402773196554,-22.21518880633547]},{"type":"Point","coordinates":[150.42249890938933,-22.219444870924224]},{"type":"Point","coordinates":[150.42389016498683,-22.249720297122945]},{"type":"Point","coordinates":[150.45249972108437,-22.306386129465807]},{"type":"Point","coordinates":[150.39500409263084,-22.29969861805822]},{"type":"Point","coordinates":[150.33250537843617,-22.228612824323424]},{"type":"Point","coordinates":[150.2315067312108,-22.288715854575536]},{"type":"Point","coordinates":[150.28582750745625,-22.228055515805043]},{"type":"Point","coordinates":[150.25055152275112,-22.204166325062168]},{"type":"Point","coordinates":[150.3500073530839,-22.203055814841523]},{"type":"Point","coordinates":[150.3730608277842,-22.20379894596779]},{"type":"Point","coordinates":[150.36872657991344,-22.215283762661308]},{"type":"Point","coordinates":[150.30332943066304,-22.031665782761646]},{"type":"Point","coordinates":[150.45639256603337,-22.036113365776092]},{"type":"Point","coordinates":[150.650283162605,-22.03333160427089]},{"type":"Point","coordinates":[150.71417322339855,-22.338886496945165]},{"type":"Point","coordinates":[150.79898078562195,-22.565772863302065]},{"type":"Point","coordinates":[150.77339005511425,-22.47942632773197]},{"type":"Point","coordinates":[150.95832680269305,-22.655279286195366]},{"type":"Point","coordinates":[150.99556032839533,-22.727499698469476]},{"type":"Point","coordinates":[151.25116040732144,-21.810571642280397]},{"type":"Point","coordinates":[150.67167797915525,-21.99340527614655]},{"type":"Point","coordinates":[150.64741594657272,-22.00727199904567]},{"type":"Point","coordinates":[150.58879222094953,-21.982501892486223]},{"type":"Point","coordinates":[149.93315270180136,-21.104378074575546]},{"type":"Point","coordinates":[149.91502198779602,-21.025067103940632]},{"type":"Point","coordinates":[150.03315692801775,-20.907741824006287]},{"type":"Point","coordinates":[150.07235696722609,-20.952093707680785]},{"type":"Point","coordinates":[153.7697275835248,-21.65805520649253]},{"type":"Point","coordinates":[152.74112001650187,-22.300069921322404]},{"type":"Point","coordinates":[152.74662697331664,-22.12120175650294]},{"type":"Point","coordinates":[152.45170650916774,-21.786752846533183]},{"type":"Point","coordinates":[152.4182141858646,-21.737570677516594]},{"type":"Point","coordinates":[151.7737135991636,-23.502790922029806]},{"type":"Point","coordinates":[152.06443800516433,-23.589444686384603]},{"type":"Point","coordinates":[151.9116067874355,-23.44070666993238]},{"type":"Point","coordinates":[151.9577495987123,-23.33196552687426]},{"type":"Point","coordinates":[152.05014216189298,-23.420368259785192]},{"type":"Point","coordinates":[151.91818395705846,-23.30485336764451]},{"type":"Point","coordinates":[151.7755908151973,-23.24899818635551]},{"type":"Point","coordinates":[152.07804719989656,-23.486110055775445]},{"type":"Point","coordinates":[152.2025007393214,-23.67333378953458]},{"type":"Point","coordinates":[152.39250302242542,-23.905278541313386]},{"type":"Point","coordinates":[152.28999274513083,-23.808611106311858]},{"type":"Point","coordinates":[152.29777384974759,-23.801108384354563]},{"type":"Point","coordinates":[152.71635416688665,-24.11545465680042]},{"type":"Point","coordinates":[151.4871048075451,-23.954314586802056]},{"type":"Point","coordinates":[153.0080551224421,-25.35805302962226]},{"type":"Point","coordinates":[152.99833877984344,-25.345831055831002]},{"type":"Point","coordinates":[152.92527641557376,-25.288125641796807]},{"type":"Point","coordinates":[152.95452807661266,-25.662661193171804]},{"type":"Point","coordinates":[152.9619614272888,-25.671941302557336]},{"type":"Point","coordinates":[153.0380560271987,-25.83333289196838]},{"type":"Point","coordinates":[155.53640557037764,-23.251808649370158]},{"type":"Point","coordinates":[155.45809935317249,-22.171453055426777]},{"type":"LineString","coordinates":[[142.16987558722832,-10.061734102943346],[142.15875460314817,-10.046507425863119]]},{"type":"LineString","coordinates":[[142.62805273600844,-9.798609346751286],[142.64166187619935,-9.79583232182599]]},{"type":"LineString","coordinates":[[149.1413857692524,-20.226669399250667],[149.15091043014866,-20.239083196371748],[149.16166577973408,-20.23471943182769]]},{"type":"LineString","coordinates":[[148.83972315081436,-20.792500863447305],[148.8508307489128,-20.78972449326333],[148.85945025377902,-20.796390185032553]]},{"type":"LineString","coordinates":[[142.623062949345,-10.723433902836135],[142.6208779747418,-10.732730677890242]]},{"type":"LineString","coordinates":[[143.39564684966726,-12.747778646192156],[143.39860321405314,-12.766388141136161]]},{"type":"LineString","coordinates":[[142.09774968210905,-10.27194476919486],[142.10638244215275,-10.281202526483247]]},{"type":"LineString","coordinates":[[150.428527604593,-21.757285304465736],[150.43621954999463,-21.76385765641776]]},{"type":"LineString","coordinates":[[150.18507406822144,-21.982439932428992],[150.19465673172425,-21.980219461024898]]},{"type":"LineString","coordinates":[[152.97054966150475,-25.797222090307148],[152.9752807314451,-25.806110236138686]]},{"type":"LineString","coordinates":[[142.11666959243527,-10.351943128333536],[142.12606942280897,-10.354601349872594]]},{"type":"LineString","coordinates":[[142.16901945892562,-10.186119833615201],[142.17666684049547,-10.178891345714588]]},{"type":"LineString","coordinates":[[148.94360236053276,-20.865276929245756],[148.93805081753013,-20.852501373455407]]},{"type":"LineString","coordinates":[[149.49661120265228,-21.60545443197334],[149.5094444986551,-21.598613649587826]]},{"type":"LineString","coordinates":[[149.1902174016114,-21.29442671749356],[149.20128043479716,-21.292582004338843]]},{"type":"LineString","coordinates":[[143.48777631009844,-9.570832062369957],[143.49583392278095,-9.563334991304139]]},{"type":"LineString","coordinates":[[143.10110535136064,-11.163331172623606],[143.10916298110195,-11.167775842109684]]},{"type":"LineString","coordinates":[[142.57943512827103,-10.871391123779532],[142.58666778360742,-10.87721962913259]]},{"type":"LineString","coordinates":[[150.65472440538292,-22.40583498213138],[150.66556003383724,-22.405002270274068]]},{"type":"LineString","coordinates":[[150.13893126733197,-21.96213599880768],[150.11846845350067,-21.95023347560105]]},{"type":"LineString","coordinates":[[148.99917613746203,-20.355005966899743],[148.98991463210834,-20.35776937073974]]},{"type":"LineString","coordinates":[[148.96817206940509,-20.366268228519434],[148.9555527620892,-20.369298947180845],[148.95268115639402,-20.377951892768113]]},{"type":"LineString","coordinates":[[143.24444761954064,-11.989722662863738],[143.25054771069733,-11.99694573307848]]},{"type":"LineString","coordinates":[[149.08666818641836,-20.534957301490806],[149.08111656820603,-20.5230559492539]]},{"type":"LineString","coordinates":[[149.04777591827352,-20.313055720673912],[149.05277899949655,-20.301388135671335]]},{"type":"LineString","coordinates":[[153.01889077707483,-25.31583298569041],[153.02417034295135,-25.3236082771645]]},{"type":"LineString","coordinates":[[149.09584054745687,-20.309166668874145],[149.09374919944287,-20.299970402708915]]},{"type":"LineString","coordinates":[[148.7085720484441,-20.112200075402335],[148.72528037499103,-20.1033355889929]]},{"type":"LineString","coordinates":[[144.6437849033713,-14.348495885538451],[144.6530597698425,-14.348055260124259]]},{"type":"LineString","coordinates":[[150.88667352454357,-23.046386790297397],[150.89000000492365,-23.054999223108428]]},{"type":"LineString","coordinates":[[149.13221788388296,-16.980832905819536],[149.13499595872076,-16.98944315400849]]},{"type":"LineString","coordinates":[[148.8288875795011,-20.246111739134008],[148.83193755125194,-20.255277757757018]]},{"type":"LineString","coordinates":[[149.8684377926469,-21.45627774997577],[149.8839241942527,-21.469345797257407]]},{"type":"LineString","coordinates":[[148.8380599277003,-20.422220420855965],[148.8478074749972,-20.424410050663873]]},{"type":"LineString","coordinates":[[152.73582257556367,-22.06170064403938],[152.7373654615754,-22.052662346662228]]},{"type":"LineString","coordinates":[[144.0221727979998,-9.939672205744717],[144.0416724629873,-9.946945613844443]]},{"type":"LineString","coordinates":[[152.76240331046253,-22.188621976314337],[152.76333526338234,-22.17749828250124]]},{"type":"LineString","coordinates":[[149.5723579312297,-22.289297555172375],[149.58245780592804,-22.293460553635867]]},{"type":"LineString","coordinates":[[150.74028123037724,-22.40249993741217],[150.74459758979376,-22.41069532413192]]},{"type":"LineString","coordinates":[[150.83610728664854,-22.685554380682635],[150.84602434166894,-22.683044734061383]]},{"type":"LineString","coordinates":[[150.7357195891768,-22.611591253044644],[150.7407984811468,-22.61946969961545]]},{"type":"LineString","coordinates":[[146.25971850742755,-18.498885952352325],[146.27105801912114,-18.505148607149366]]},{"type":"LineString","coordinates":[[142.63026442621938,-10.716861977333693],[142.623062949345,-10.723433902836135],[142.6113132150916,-10.72662340595823]]},{"type":"LineString","coordinates":[[142.5972269212056,-10.703612556403504],[142.5964064505304,-10.713115945634065]]},{"type":"LineString","coordinates":[[149.38916022784318,-20.784446703353154],[149.39166179249543,-20.774445170140517]]},{"type":"LineString","coordinates":[[149.80111876023489,-21.84818604531408],[149.79507666893699,-21.840872618237015]]},{"type":"LineString","coordinates":[[145.18722446824415,-14.73666723897845],[145.17944328165754,-14.731388774051716]]},{"type":"LineString","coordinates":[[146.28195156664796,-18.135278868124587],[146.29194443962098,-18.1491649506992]]},{"type":"LineString","coordinates":[[149.13888423007742,-20.715831680452634],[149.1383357766966,-20.696110879841182]]},{"type":"LineString","coordinates":[[150.8694480294805,-23.243610486023496],[150.8797128418639,-23.24361045937983]]},{"type":"LineString","coordinates":[[145.9774930805333,-16.77139253350327],[145.9741666093112,-16.757776855691972]]},{"type":"LineString","coordinates":[[149.11639255465403,-20.274720697510958],[149.12111024272573,-20.266664409456244]]},{"type":"LineString","coordinates":[[145.37333836595585,-15.092777779878752],[145.38139158044922,-15.097776134386898]]},{"type":"LineString","coordinates":[[144.98693948938845,-14.542220113640292],[144.9963838414604,-14.541387081847239]]},{"type":"LineString","coordinates":[[146.17277491766205,-18.037778671128773],[146.18139437550946,-18.042222057036717]]},{"type":"LineString","coordinates":[[152.0880578956464,-23.487500546482543],[152.0953841499948,-23.50314257126567]]},{"type":"LineString","coordinates":[[150.727492480609,-22.433333255943197],[150.73361041717374,-22.425555518200486]]},{"type":"LineString","coordinates":[[149.03416228604516,-20.474446895983718],[149.04110508393552,-20.460000749744186]]},{"type":"LineString","coordinates":[[143.47030554405433,-11.90755953699295],[143.47166556387816,-11.89833568696377]]},{"type":"LineString","coordinates":[[151.90220703561965,-23.184909575159523],[151.91227562121122,-23.184839914654255]]},{"type":"LineString","coordinates":[[150.45916610446022,-22.34527921146905],[150.46623376843667,-22.332431538339797]]},{"type":"LineString","coordinates":[[152.92659186732823,-25.613813247805144],[152.92611474462575,-25.623889247391826]]},{"type":"LineString","coordinates":[[144.92860549161375,-14.603890577819092],[144.93527182595932,-14.610552929015194]]},{"type":"LineString","coordinates":[[143.01946816930558,-11.485174947339466],[143.02810539578977,-11.488539620156628]]},{"type":"LineString","coordinates":[[142.23641879562328,-9.229439662179661],[142.24835133293095,-9.228810295844083]]},{"type":"LineString","coordinates":[[150.37483108908302,-21.99871810114017],[150.3852833060525,-22.002501097633253]]},{"type":"LineString","coordinates":[[150.11834813299242,-21.940435350468487],[150.12769884206458,-21.937883268769642]]},{"type":"LineString","coordinates":[[148.7600569079309,-20.689228010718608],[148.7686139202784,-20.693612192809503]]},{"type":"LineString","coordinates":[[143.28416479875702,-9.956441105388137],[143.29388566736355,-9.95277817165848]]},{"type":"LineString","coordinates":[[148.60273532275255,-20.09797972290587],[148.61146620385847,-20.093616191957288]]},{"type":"LineString","coordinates":[[146.52861123334716,-18.765001505195816],[146.54666169251837,-18.789724155623507]]},{"type":"LineString","coordinates":[[142.7081292708348,-9.831813564781328],[142.71778767812984,-9.837063850613577]]},{"type":"LineString","coordinates":[[152.7508987833223,-22.090113601617166],[152.74973947659254,-22.100496391377884]]},{"type":"LineString","coordinates":[[152.91221572712587,-25.606113050745563],[152.91221572712587,-25.59638948800283]]},{"type":"LineString","coordinates":[[145.51872291861534,-14.826739275327057],[145.5287647897865,-14.826739317466446]]},{"type":"LineString","coordinates":[[143.43978742871522,-9.748271676737561],[143.45250039062853,-9.734722514272482]]},{"type":"LineString","coordinates":[[152.3722230600476,-23.85916816465716],[152.38082909299735,-23.852500422949923]]},{"type":"LineString","coordinates":[[151.17524873276454,-23.76177665893472],[151.17948925813565,-23.77014261317812]]},{"type":"LineString","coordinates":[[143.2559030624826,-9.769238207534338],[143.26333640167047,-9.76389012961366]]},{"type":"LineString","coordinates":[[150.22666859321822,-22.305610530553256],[150.2403401696397,-22.308341540462038]]},{"type":"LineString","coordinates":[[150.20741418171752,-22.31694260892742],[150.20396287429094,-22.32546899414492]]},{"type":"LineString","coordinates":[[148.3602583460117,-19.983332432037177],[148.36917203577403,-19.9872213211975]]},{"type":"LineString","coordinates":[[151.63110262113037,-24.021665522286767],[151.63861173673027,-24.028055675178198]]},{"type":"LineString","coordinates":[[143.01251198205628,-11.166717186125595],[143.02006569533228,-11.171905511948246]]},{"type":"LineString","coordinates":[[149.17111015803172,-20.25111527304898],[149.1727600825071,-20.24218333184171]]},{"type":"LineString","coordinates":[[144.26110925854866,-14.050274675113169],[144.26693730182913,-14.058610130401455]]},{"type":"LineString","coordinates":[[143.63942140222818,-13.776251913860802],[143.64177139507393,-13.767421214008406]]},{"type":"LineString","coordinates":[[142.61250379850196,-10.608891286510271],[142.6150054090267,-10.599722211144215]]},{"type":"LineString","coordinates":[[151.72122100314476,-23.536808422473083],[151.73161522511978,-23.540516291456097]]},{"type":"LineString","coordinates":[[150.21833894004138,-21.65527850272455],[150.22737314881775,-21.651515316590924]]},{"type":"LineString","coordinates":[[149.0277723912442,-20.4263908374436],[149.03694032054892,-20.429721268109425],[149.03249899727987,-20.438053177371884]]},{"type":"LineString","coordinates":[[142.22288542924298,-10.74584302737643],[142.2293689269541,-10.739446833478924]]},{"type":"LineString","coordinates":[[152.72038073366704,-22.022398292393344],[152.7327725400581,-22.008053420464364],[152.7254016776082,-22.001169821593578]]},{"type":"LineString","coordinates":[[151.5363912619465,-24.07971979901563],[151.54499734039948,-24.084169394330747]]},{"type":"LineString","coordinates":[[146.63360519457368,-18.96222156921068],[146.64332606673744,-18.963056533303348]]},{"type":"LineString","coordinates":[[142.1509690549882,-10.220710643629387],[142.1575773865766,-10.227648506984075]]},{"type":"LineString","coordinates":[[150.35908602874187,-22.187238779979808],[150.36027663672826,-22.196388156442875]]},{"type":"LineString","coordinates":[[143.48228267681498,-11.922153917373663],[143.47694515067354,-11.914723800698921]]},{"type":"LineString","coordinates":[[142.93583771506084,-11.59333323705837],[142.94500560374448,-11.591109826361087]]},{"type":"LineString","coordinates":[[151.1336051483831,-23.711112263121635],[151.14277753834133,-23.714721279925833]]},{"type":"LineString","coordinates":[[152.75319077289578,-22.21856142035359],[152.76638970910935,-22.20000071792055]]},{"type":"LineString","coordinates":[[149.10903948671123,-20.584845386098223],[149.11247302415643,-20.593423527069692]]},{"type":"LineString","coordinates":[[144.5273755919723,-14.113550923512697],[144.5327755451627,-14.121944571305223]]},{"type":"LineString","coordinates":[[143.09625385237533,-9.669421164370679],[143.10638495982838,-9.666392524252027]]},{"type":"LineString","coordinates":[[142.99194211501842,-11.235833214037653],[143.00304975682022,-11.239721412160709]]},{"type":"LineString","coordinates":[[143.68914935024932,-13.675174585932757],[143.69354148841393,-13.666049791159217]]},{"type":"LineString","coordinates":[[149.77472081247166,-21.670433674669454],[149.78354094055993,-21.67582897432498]]},{"type":"LineString","coordinates":[[148.3558349234566,-19.722221356017158],[148.36277771311006,-19.72972632916417]]},{"type":"LineString","coordinates":[[142.36982618030677,-10.766060229170176],[142.37731749189206,-10.760168283712622]]},{"type":"LineString","coordinates":[[143.28222513715892,-11.969164580718852],[143.2894756010482,-11.97487025917835]]},{"type":"LineString","coordinates":[[142.50500377884578,-10.185830153766185],[142.51388637945487,-10.19638949980794]]},{"type":"LineString","coordinates":[[143.77545075149732,-14.214159740726227],[143.77499595550665,-14.227775467573466]]},{"type":"LineString","coordinates":[[142.14225597218504,-10.2092875997248],[142.14890888863465,-10.203025136181392]]},{"type":"LineString","coordinates":[[154.4022198139561,-20.92638960539035],[154.40337923015687,-20.944535327323187]]},{"type":"LineString","coordinates":[[149.0541702788819,-20.643613784856743],[149.05999831092026,-20.65111210873067]]},{"type":"LineString","coordinates":[[142.4497243099832,-10.041945400281156],[142.45750546797117,-10.046669889300741]]},{"type":"LineString","coordinates":[[149.81857163729063,-21.824986115871695],[149.82467619458134,-21.832101753166253]]},{"type":"LineString","coordinates":[[149.6705785499633,-22.502778163638556],[149.69111714351587,-22.497776877615518]]},{"type":"LineString","coordinates":[[143.11471449660465,-9.989163855252029],[143.1269547533135,-9.984412224119069]]},{"type":"LineString","coordinates":[[142.97625944287574,-9.807990562000253],[142.9756753003863,-9.795445604791343]]},{"type":"LineString","coordinates":[[150.14753736804607,-21.52055237064778],[150.15298641901379,-21.534099858226824]]},{"type":"LineString","coordinates":[[151.27292084979317,-23.539228571504196],[151.2792795443027,-23.531984357914688]]},{"type":"LineString","coordinates":[[152.17917069861656,-23.611387293383505],[152.18583702884004,-23.61805517779105]]},{"type":"LineString","coordinates":[[150.29205234978656,-22.02730907011721],[150.30131389200469,-22.022790927894345]]},{"type":"LineString","coordinates":[[149.06971917617392,-20.311667398833798],[149.07411133159104,-20.30148847665371],[149.08358697825648,-20.295792397060847]]},{"type":"LineString","coordinates":[[144.96999935006917,-14.527501214533016],[144.9794481898857,-14.52583505673925]]},{"type":"LineString","coordinates":[[142.50833030967473,-10.163889709789448],[142.51583942548982,-10.158333046640848]]},{"type":"LineString","coordinates":[[142.0694433204529,-10.256390223944596],[142.07481204721867,-10.267679995165114]]},{"type":"LineString","coordinates":[[151.06970181094982,-23.16180577523345],[151.07961881962603,-23.16144907921428],[151.0843186613277,-23.153425689669678]]},{"type":"LineString","coordinates":[[142.9850304991522,-11.72373063771121],[142.99360539214834,-11.743333622174982]]},{"type":"LineString","coordinates":[[149.19897507980585,-16.94597861077707],[149.2017218757329,-16.937285360947293]]},{"type":"LineString","coordinates":[[143.01028237553453,-11.550557239368628],[143.019731194906,-11.563056054447081]]},{"type":"LineString","coordinates":[[148.53555454588704,-20.063332128943358],[148.54271137807007,-20.05680631798887]]},{"type":"LineString","coordinates":[[143.71502545795445,-13.861246217072642],[143.71653712816249,-13.87014698202564]]},{"type":"LineString","coordinates":[[149.02360755971577,-20.39972413459774],[149.0338902197813,-20.39472124611497]]},{"type":"LineString","coordinates":[[150.91471677144034,-23.160555336136074],[150.92596262914734,-23.168467544620356]]},{"type":"LineString","coordinates":[[143.75319092609723,-13.940834414111588],[143.75572370349377,-13.931936353841783]]},{"type":"LineString","coordinates":[[150.6639994166825,-22.334691801447658],[150.65750244337963,-22.34333259146569]]},{"type":"LineString","coordinates":[[149.64694087507382,-21.930835038053733],[149.65290709370524,-21.938090120640393]]},{"type":"LineString","coordinates":[[142.34527432725352,-10.710276759321975],[142.35249365664055,-10.6999977973108]]},{"type":"LineString","coordinates":[[145.49249449901706,-16.291944109344303],[145.50666994344573,-16.304723956496403]]},{"type":"LineString","coordinates":[[148.9243167747164,-20.311228333468552],[148.92616285109338,-20.32078353130903]]},{"type":"LineString","coordinates":[[146.00555419031784,-17.15250191506796],[146.01083377024713,-17.165552160336816]]},{"type":"LineString","coordinates":[[142.437087274582,-10.460915931795011],[142.44716032559833,-10.459569755718308]]},{"type":"LineString","coordinates":[[150.97248894307833,-23.218570302944677],[150.97144992429816,-23.20923484371963]]},{"type":"LineString","coordinates":[[144.88305579257903,-14.432223513352646],[144.89833268928052,-14.435833632656937]]},{"type":"LineString","coordinates":[[152.28138667159635,-23.746945118134565],[152.2866662166228,-23.75472433062011],[152.2828982811262,-23.763674358798344]]},{"type":"LineString","coordinates":[[151.2836450096187,-23.807321932988067],[151.28537067579956,-23.818944323934343]]},{"type":"LineString","coordinates":[[142.06473001835866,-10.23027706350059],[142.07726897199893,-10.234186952380805]]},{"type":"LineString","coordinates":[[144.80694782400752,-14.437219848962775],[144.8183275047036,-14.4286133076298]]},{"type":"LineString","coordinates":[[148.88221841515062,-20.599442525098702],[148.87832560684024,-20.591111023689344]]},{"type":"LineString","coordinates":[[149.78169043208968,-20.98892206217149],[149.7977743870538,-20.988330905620327]]},{"type":"LineString","coordinates":[[151.69925105476705,-23.29894372638961],[151.7118836940677,-23.291637154209276]]},{"type":"LineString","coordinates":[[152.42832746942133,-23.892220525085726],[152.42666414071925,-23.908890335545312]]},{"type":"LineString","coordinates":[[148.86361500207715,-20.60666756787871],[148.87527558435116,-20.612498279975743],[148.86583121966993,-20.619443075742506]]},{"type":"LineString","coordinates":[[146.1469434130011,-17.996943254868377],[146.1530612717029,-18.005836257511927]]},{"type":"LineString","coordinates":[[152.74440188949944,-22.288938612481576],[152.76249688236064,-22.26138705245753]]},{"type":"LineString","coordinates":[[152.75694086815489,-22.160831791179824],[152.76884668471521,-22.14745511379166],[152.7599953965724,-22.13777798771262]]},{"type":"LineString","coordinates":[[149.08181670238616,-20.427623502420506],[149.09385622262394,-20.41801229372097]]},{"type":"LineString","coordinates":[[149.1252750742339,-20.46389022191726],[149.13250777844374,-20.480834035157336]]},{"type":"LineString","coordinates":[[150.44459374780905,-22.31173666274712],[150.45048427540615,-22.32370762222198]]},{"type":"LineString","coordinates":[[149.66829105279373,-21.71958497005711],[149.6742261351677,-21.728772752033056]]},{"type":"LineString","coordinates":[[149.80424453753452,-21.985962836542733],[149.8147725168223,-21.987256964661864],[149.81782700709587,-21.996138250476736]]},{"type":"LineString","coordinates":[[143.26194957358945,-11.977775353423146],[143.27194240352586,-11.991942820086189]]},{"type":"LineString","coordinates":[[150.6691139533862,-22.082833181724947],[150.6698140424007,-22.092001805994887]]},{"type":"LineString","coordinates":[[149.83947592288587,-21.44466956685111],[149.85232703945354,-21.444329204112176]]},{"type":"LineString","coordinates":[[150.26305932413143,-22.223609921809548],[150.27517912342708,-22.22782022876683]]},{"type":"LineString","coordinates":[[149.8900465519431,-21.48581498635096],[149.89591924833792,-21.501709853019157]]},{"type":"LineString","coordinates":[[149.90344175576038,-22.466731199481497],[149.9041596298503,-22.475742776693274]]},{"type":"LineString","coordinates":[[146.6205578800873,-19.033332331677766],[146.63861279941835,-19.03027617899838],[146.63221840068962,-19.02305501923522]]},{"type":"LineString","coordinates":[[143.3016668147951,-9.61666801545813],[143.3141612170215,-9.608055297176133]]},{"type":"LineString","coordinates":[[152.9480579532061,-25.50805312947705],[152.9619435568296,-25.508053181968688],[152.9533375365942,-25.500277637339774]]},{"type":"LineString","coordinates":[[148.8883362911667,-20.3686091798],[148.89416436723727,-20.38555517008778]]},{"type":"LineString","coordinates":[[152.8980580151083,-25.554168530893374],[152.90306116576332,-25.543334324277364]]},{"type":"LineString","coordinates":[[152.9269396091219,-25.580278268409064],[152.92065233336857,-25.5679703275404]]},{"type":"LineString","coordinates":[[152.95962490014443,-25.489937730992708],[152.96809270123765,-25.474516796475672]]},{"type":"LineString","coordinates":[[146.18804736661144,-18.441112249716713],[146.1869504724784,-18.431386913662486]]},{"type":"LineString","coordinates":[[149.6558367749321,-21.969997373860675],[149.66703804923944,-21.9750713214657],[149.65444999991064,-21.979446195272267]]},{"type":"LineString","coordinates":[[149.66703804923944,-21.9750713214657],[149.67109579382748,-21.987715979496155]]},{"type":"LineString","coordinates":[[149.90853843656328,-21.499477735560152],[149.92210305911274,-21.49290996565354],[149.91200317252446,-21.482794319106713],[149.90853843656328,-21.499477735560152],[149.9191109693738,-21.506468399510556]]},{"type":"LineString","coordinates":[[149.8350970901224,-21.647047521663275],[149.83531115246726,-21.66217039128256]]},{"type":"LineString","coordinates":[[151.14396811716585,-23.397755365136966],[151.1610107490922,-23.400529997285528]]},{"type":"LineString","coordinates":[[142.86582982997453,-10.021391475789867],[142.8825068544467,-10.030832141042117],[142.89305258492877,-10.043890515685936]]},{"type":"LineString","coordinates":[[143.57423379032528,-13.186205731050224],[143.57693604204903,-13.173892854538787]]},{"type":"LineString","coordinates":[[148.2913830814805,-20.03194464241435],[148.27888418228764,-20.03722309757882],[148.28277699044193,-20.026389476109504]]},{"type":"LineString","coordinates":[[149.57548378074532,-22.123002810558912],[149.58709523171865,-22.139851336260328]]},{"type":"LineString","coordinates":[[142.48944158012972,-10.244446264506092],[142.47846771286055,-10.259286206533634]]},{"type":"LineString","coordinates":[[150.13285797368988,-21.98954763114004],[150.12333785894936,-21.9859752490023]]},{"type":"LineString","coordinates":[[145.41722043629798,-15.115831340679783],[145.42599590650642,-15.12091523311521]]},{"type":"LineString","coordinates":[[149.8255144976037,-21.374942792006873],[149.83834779168214,-21.382773983907665]]},{"type":"LineString","coordinates":[[150.5247193187119,-22.369168998404657],[150.51303201355842,-22.37859926741725]]},{"type":"LineString","coordinates":[[150.37324371632337,-22.02400629855794],[150.36419614575382,-22.01927307211198],[150.37521464713458,-22.007797118278766]]},{"type":"LineString","coordinates":[[143.4008951460674,-9.74994167241494],[143.41749638116144,-9.74889136040276]]},{"type":"LineString","coordinates":[[149.70861916575575,-21.44325429573941],[149.71838452678222,-21.455344021787635]]},{"type":"LineString","coordinates":[[142.1735677268532,-10.208822353846326],[142.1680429138601,-10.228319892123556]]},{"type":"LineString","coordinates":[[143.0808254018018,-11.767222054812807],[143.0883344853718,-11.774442318864518],[143.0899977416171,-11.765554463031991],[143.0808254018018,-11.767222054812807]]},{"type":"LineString","coordinates":[[144.201522283034,-14.230831343340634],[144.21945232636355,-14.21305751119526],[144.23027012245365,-14.207502833138511]]},{"type":"LineString","coordinates":[[145.4352708498399,-15.023335100323598],[145.44666830335797,-15.022779525566671]]},{"type":"LineString","coordinates":[[143.06195001565166,-10.049163790064382],[143.07249577359266,-10.056390779183447],[143.08860653713575,-10.051943127025181]]},{"type":"LineString","coordinates":[[150.26882936487368,-21.488258833187736],[150.2784565848945,-21.487391727530007]]},{"type":"LineString","coordinates":[[150.87277004952068,-23.51583471710348],[150.8825087376996,-23.509165757930592]]},{"type":"LineString","coordinates":[[142.14843622092013,-10.562490568374692],[142.16477890142463,-10.563367301521701],[142.1677843236738,-10.554626399344427]]},{"type":"LineString","coordinates":[[148.88694954517462,-20.057778135576484],[148.87252881234775,-20.06060122072691]]},{"type":"LineString","coordinates":[[150.87222155090743,-23.533055451447176],[150.8820806308303,-23.532380923280254]]},{"type":"LineString","coordinates":[[142.91776946003182,-11.240001320118266],[142.9361096900949,-11.258054835813853]]},{"type":"LineString","coordinates":[[142.21269190087585,-10.576386128396173],[142.2055216875803,-10.570674558317947]]},{"type":"LineString","coordinates":[[148.80888402669163,-20.21361023017191],[148.81694161282346,-20.219167074205714]]},{"type":"LineString","coordinates":[[149.18638702184012,-20.68138945268683],[149.19111817426477,-20.68944494408816]]},{"type":"LineString","coordinates":[[150.2469039635148,-21.516246379565267],[150.25610314199895,-21.52086760424369],[150.2763652224501,-21.518581940172304]]},{"type":"LineString","coordinates":[[154.38687159128628,-21.02239486257996],[154.3999947671181,-20.982776960853617],[154.39611981238966,-20.974441638721018]]},{"type":"LineString","coordinates":[[149.46588350298052,-20.72800161220837],[149.47204602018252,-20.74149667518164],[149.48507548926176,-20.744253063043676]]},{"type":"LineString","coordinates":[[149.0963889859419,-20.549166792934905],[149.10513332970393,-20.544853572035766]]},{"type":"LineString","coordinates":[[149.12249704417087,-20.541943248690455],[149.12689372272894,-20.550147981293645]]},{"type":"LineString","coordinates":[[149.56419327612164,-21.990994770763724],[149.57580485386995,-21.98101332135327],[149.57565319683172,-21.967462399045903]]},{"type":"LineString","coordinates":[[150.68422137182722,-21.960965614085442],[150.69091894410175,-21.96759889534623]]},{"type":"LineString","coordinates":[[150.68419017486917,-21.950216936704894],[150.69117757177645,-21.943053463024047]]},{"type":"LineString","coordinates":[[150.14112960249807,-21.97117181675344],[150.13893126733197,-21.96213599880768],[150.14953505470692,-21.962313853904888]]},{"type":"LineString","coordinates":[[148.93694942633627,-20.344441060907236],[148.93806420012493,-20.33405106121003]]},{"type":"LineString","coordinates":[[146.18667399313082,-18.163736247126028],[146.19610500263497,-18.16555382754097]]},{"type":"LineString","coordinates":[[150.29789827316756,-22.244305435513265],[150.2903757542569,-22.2368473326317]]},{"type":"LineString","coordinates":[[150.26777703536874,-22.36474026463337],[150.262220976282,-22.372500800760037]]},{"type":"LineString","coordinates":[[150.26840129168906,-22.355729682502655],[150.28054789015118,-22.351943901661564]]},{"type":"LineString","coordinates":[[149.06222339427111,-20.624622235184404],[149.0713957579211,-20.636110858097418],[149.08917417741534,-20.66166830775638]]},{"type":"LineString","coordinates":[[145.7774979112739,-16.98027423143913],[145.78054801203422,-16.989443169901655]]},{"type":"LineString","coordinates":[[149.03416228604516,-20.172500699572854],[149.04305817292615,-20.17611287240219]]},{"type":"LineString","coordinates":[[149.0354911126507,-20.1585412408581],[149.04167139772497,-20.151667764053993]]},{"type":"LineString","coordinates":[[142.14175210118185,-10.600809166813656],[142.14778074190852,-10.592617210547978]]},{"type":"LineString","coordinates":[[142.38853658776836,-10.747293111599657],[142.38920539376787,-10.737983604613087]]},{"type":"LineString","coordinates":[[148.84472624436324,-20.272223574149905],[148.8480661852302,-20.280982330524143]]},{"type":"LineString","coordinates":[[142.16734286800525,-9.955378247862923],[142.1615459775444,-9.947942560988562]]},{"type":"LineString","coordinates":[[149.2742938158924,-20.8217955357588],[149.26554950398057,-20.82805556637486]]},{"type":"LineString","coordinates":[[149.28166022614414,-20.81527685555709],[149.28999426219588,-20.823887846542018]]},{"type":"LineString","coordinates":[[149.38555725413568,-20.911111676892947],[149.3897265542156,-20.902780709735204]]},{"type":"LineString","coordinates":[[149.14778020527214,-20.69361224668929],[149.14860505232326,-20.682223794006976]]},{"type":"LineString","coordinates":[[146.51028435828414,-18.664443777058004],[146.4983383568424,-18.660831714690374],[146.48977687718164,-18.667684030040302]]},{"type":"LineString","coordinates":[[146.17222647410193,-17.965837552982045],[146.18139437550946,-17.96805591833708]]},{"type":"LineString","coordinates":[[149.05749677141748,-20.44722029151699],[149.06443958719802,-20.453612776447777]]},{"type":"LineString","coordinates":[[152.98388684455097,-25.309443873538044],[152.99389747263217,-25.33277352055529]]},{"type":"LineString","coordinates":[[149.09870774656855,-20.258887936627925],[149.10278335402614,-20.250554666311658]]},{"type":"LineString","coordinates":[[144.20860336573725,-14.184833439192387],[144.218337554457,-14.165555715352584]]},{"type":"LineString","coordinates":[[148.8508307489128,-20.347777444463834],[148.85194559506598,-20.338612730120204],[148.8566722040777,-20.329999416890526],[148.85556185891514,-20.31750089129537]]},{"type":"LineString","coordinates":[[150.3481746224307,-21.744553945859252],[150.35914403793055,-21.736543446086962],[150.3630680256096,-21.7196139131957]]},{"type":"LineString","coordinates":[[150.87527607721321,-23.582223744278597],[150.88472037622032,-23.573334780624517]]},{"type":"LineString","coordinates":[[150.02221881613727,-22.107779948938365],[150.04167389652702,-22.110832955820186]]},{"type":"LineString","coordinates":[[149.03805505374257,-20.50333104907824],[149.0509196075682,-20.51019302997416]]},{"type":"LineString","coordinates":[[149.06944265229183,-20.507223585288227],[149.07722382531497,-20.49916685756617]]},{"type":"LineString","coordinates":[[149.08738613029078,-20.483887636748783],[149.09861858623515,-20.49082987845733]]},{"type":"LineString","coordinates":[[149.10444663814738,-20.47750473924197],[149.11055114579625,-20.485554257358164]]},{"type":"LineString","coordinates":[[149.07556056128243,-20.447500244332122],[149.07833857692378,-20.438613126128132],[149.08694466174296,-20.442778895584034]]},{"type":"LineString","coordinates":[[151.3170481136107,-23.79051669288482],[151.32666194190773,-23.79563721585276]]},{"type":"LineString","coordinates":[[151.34176492574548,-23.826833522186813],[151.33865248743874,-23.835513445402505]]},{"type":"LineString","coordinates":[[151.33879071192706,-23.771677032760376],[151.33294480067974,-23.752814296513165]]},{"type":"LineString","coordinates":[[146.68749790530205,-18.752778121482383],[146.69416870001052,-18.76222334333123]]},{"type":"LineString","coordinates":[[146.5822274676186,-18.683609652886773],[146.5766580505362,-18.676111724100927]]},{"type":"LineString","coordinates":[[148.8863831705957,-20.160558799720313],[148.88805983248338,-20.17000191272737]]},{"type":"LineString","coordinates":[[148.92000036569462,-20.072496305118065],[148.92056217661485,-20.063051496593314]]},{"type":"LineString","coordinates":[[142.2672266922475,-10.717549857067699],[142.26748533002697,-10.72670662491179]]},{"type":"LineString","coordinates":[[150.49017466022894,-22.25178793125892],[150.47811729335518,-22.255002909433305]]},{"type":"LineString","coordinates":[[149.01167502048497,-20.252499990907413],[149.021667825145,-20.23861036467465]]},{"type":"LineString","coordinates":[[148.94667021661806,-20.226669355290085],[148.94685303783731,-20.237878201154974]]},{"type":"LineString","coordinates":[[148.92000036569462,-20.290004004889777],[148.91278110203692,-20.283613155689554]]},{"type":"LineString","coordinates":[[146.22965966912275,-18.213550865004834],[146.22277927543533,-18.206947292898768],[146.23138538775336,-18.196946188538735]]},{"type":"LineString","coordinates":[[153.14222503291805,-27.081388541112165],[153.14952014472752,-27.06926685231816]]},{"type":"LineString","coordinates":[[153.12916435381112,-26.842776155747153],[153.13278065238663,-26.823888004322217]]},{"type":"LineString","coordinates":[[153.08055126470583,-26.38833550528424],[153.0771935350631,-26.379583325823468]]},{"type":"LineString","coordinates":[[153.17971721340388,-25.949165388572546],[153.18777473356587,-25.936666899698146],[153.18221876769655,-25.927776529481214]]},{"type":"LineString","coordinates":[[153.07028191747943,-25.820003308433378],[153.04699646827575,-25.810060414303173]]},{"type":"LineString","coordinates":[[153.0458371183507,-25.901943483234184],[153.05667272732703,-25.90083239673444]]},{"type":"LineString","coordinates":[[153.0136111633261,-25.90083239961125],[153.0086080612439,-25.910831876209215],[153.00277559990914,-25.899721280625926]]},{"type":"LineString","coordinates":[[152.92500436563856,-25.459721844277183],[152.92334118757137,-25.468888854101916],[152.9333340136102,-25.46805954627071]]},{"type":"LineString","coordinates":[[152.90554931988032,-25.431391107617646],[152.90750242733267,-25.418612708353354]]},{"type":"LineString","coordinates":[[152.54943658723622,-25.17916609347556],[152.55806052175123,-25.17249940321602]]},{"type":"LineString","coordinates":[[151.89111281038856,-24.163609133694194],[151.88610968188132,-24.14805467610418]]},{"type":"LineString","coordinates":[[151.75947567806722,-24.042447853186534],[151.76693576707916,-24.03194505210273]]},{"type":"LineString","coordinates":[[151.7458352169435,-24.011943078941194],[151.73889244916964,-24.004444065427396]]},{"type":"LineString","coordinates":[[151.2329093276645,-23.822407595879213],[151.2390138099674,-23.81484052101743],[151.2429512052788,-23.82478578086097]]},{"type":"LineString","coordinates":[[151.12277400129284,-23.672500686646387],[151.1260068317917,-23.68527851333615]]},{"type":"LineString","coordinates":[[151.2354599640916,-23.492260869990393],[151.23361387062056,-23.482498844355575]]},{"type":"LineString","coordinates":[[151.19917177714288,-23.520835155025182],[151.20304673365698,-23.529163420606437]]},{"type":"LineString","coordinates":[[150.7949988250396,-23.18527850504797],[150.80264176378654,-23.173108127534388]]},{"type":"LineString","coordinates":[[150.7608331799546,-22.948333638977807],[150.77139235216174,-22.945553759120024]]},{"type":"LineString","coordinates":[[150.78527803530022,-22.935000153508188],[150.78999125745008,-22.94305711218408]]},{"type":"LineString","coordinates":[[150.80764931066463,-22.803467812557226],[150.81443608737845,-22.79666879427225]]},{"type":"LineString","coordinates":[[150.7502740461747,-22.450556633634722],[150.76056121854037,-22.44639009856099]]},{"type":"LineString","coordinates":[[150.6511080989936,-22.42333380321674],[150.6608289627969,-22.42886943762122]]},{"type":"LineString","coordinates":[[150.50084084438436,-22.536665874673574],[150.48693736086398,-22.521669307998263]]},{"type":"LineString","coordinates":[[149.39466724714887,-21.49750710086269],[149.39953657948809,-21.488387520420407]]},{"type":"LineString","coordinates":[[149.3100289754205,-21.37686525935312],[149.31835858463805,-21.369698206822758]]},{"type":"LineString","coordinates":[[149.2939895968154,-21.296233929026734],[149.30293460566594,-21.291838344792417]]},{"type":"LineString","coordinates":[[149.29092619726708,-21.267846884598214],[149.29647777602437,-21.276477501216394],[149.30830335678485,-21.26777217173239],[149.30686753808368,-21.25143209478411],[149.29092619726708,-21.267846884598214],[149.27874843134634,-21.27882515679067]]},{"type":"LineString","coordinates":[[149.2615808635271,-21.26254868286779],[149.26899633902678,-21.268765305435164]]},{"type":"LineString","coordinates":[[149.195693222509,-21.285232132323177],[149.20704611403943,-21.28332502513383]]},{"type":"LineString","coordinates":[[149.22059731472572,-21.138232520282866],[149.2213597880285,-21.148035077576367]]},{"type":"LineString","coordinates":[[149.22328164133052,-21.11679932107372],[149.2356244346589,-21.106566180802236],[149.2237721697644,-21.10360841718062]]},{"type":"LineString","coordinates":[[148.89222907561216,-20.860001856445145],[148.90333666202017,-20.86722276623881]]},{"type":"LineString","coordinates":[[148.8399951277159,-20.84694663540046],[148.85000583065712,-20.84722166692104]]},{"type":"LineString","coordinates":[[148.6608285240383,-20.218334396967176],[148.666669919061,-20.19500073901217],[148.6766672374611,-20.17583244626597]]},{"type":"LineString","coordinates":[[148.25721745415257,-19.98444714637597],[148.2594469484561,-19.974167287020656]]},{"type":"LineString","coordinates":[[148.0790272479925,-19.880574160686525],[148.0828086255379,-19.857567773387874]]},{"type":"LineString","coordinates":[[147.55333048042792,-19.539167573364384],[147.54888919851064,-19.530002062088084]]},{"type":"LineString","coordinates":[[147.4516585014464,-19.364164306052],[147.44138921851822,-19.361665399104186]]},{"type":"LineString","coordinates":[[147.4176801759279,-19.32426167760146],[147.40533288822255,-19.311056753962266]]},{"type":"LineString","coordinates":[[147.01832756833096,-19.192775770710007],[147.01472461035013,-19.184445669434215]]},{"type":"LineString","coordinates":[[146.2719721267001,-18.855578771181886],[146.27667200370496,-18.864165847074496]]},{"type":"LineString","coordinates":[[146.33070290853874,-18.641751996017135],[146.3347161235879,-18.630030978798953]]},{"type":"LineString","coordinates":[[146.34153853026285,-18.570183851004014],[146.33778402888288,-18.561391610096987]]},{"type":"LineString","coordinates":[[146.13777100296258,-18.37083129049947],[146.14778169574905,-18.36416601730159]]},{"type":"LineString","coordinates":[[145.0591724287358,-14.79916678647378],[145.04888975586653,-14.798610587120523]]},{"type":"LineString","coordinates":[[142.5952738270931,-10.871110833267664],[142.57943512827103,-10.871391123779532],[142.5733350586692,-10.878331896538418]]},{"type":"LineString","coordinates":[[142.49981784188782,-10.956573807276582],[142.50976616360444,-10.950926408368874]]},{"type":"LineString","coordinates":[[142.54969741690917,-10.711433453434221],[142.56056419226576,-10.710833186939524]]},{"type":"LineString","coordinates":[[142.53576714834753,-10.692960888024814],[142.5330827976353,-10.681051249719168]]},{"type":"Polygon","coordinates":[[[150.68422137182722,-21.960965614085442],[150.69573926047758,-21.954799377757798],[150.68419017486917,-21.950216936704894],[150.68422137182722,-21.960965614085442]]]},{"type":"Polygon","coordinates":[[[150.26380842448162,-21.479918779388658],[150.25910852017282,-21.48830868239964],[150.26882936487368,-21.488258833187736],[150.26380842448162,-21.479918779388658]]]},{"type":"Polygon","coordinates":[[[150.30230831037113,-21.74507165356736],[150.33605923198886,-21.77178788445557],[150.3481746224307,-21.744553945859252],[150.30230831037113,-21.74507165356736]]]},{"type":"Polygon","coordinates":[[[149.61277966803377,-20.77222295304182],[149.62222405009715,-20.77472453105473],[149.62333880502536,-20.760836309989315],[149.61277966803377,-20.77222295304182]]]},{"type":"Polygon","coordinates":[[[150.38795428031898,-22.015924664350877],[150.3852833060525,-22.002501097633253],[150.37521464713458,-22.007797118278766],[150.38795428031898,-22.015924664350877]]]},{"type":"Polygon","coordinates":[[[152.94332687027367,-25.275279720347303],[152.97223072781438,-25.30833132532403],[152.98388684455097,-25.309443873538044],[152.94332687027367,-25.275279720347303]]]},{"type":"Polygon","coordinates":[[[149.10388029568762,-20.268057306680408],[149.10915992473645,-20.286390369517445],[149.11639255465403,-20.274720697510958],[149.10388029568762,-20.268057306680408]]]},{"type":"Polygon","coordinates":[[[149.09083745166805,-20.26888974511433],[149.10388029568762,-20.268057306680408],[149.09870774656855,-20.258887936627925],[149.09083745166805,-20.26888974511433]]]},{"type":"Polygon","coordinates":[[[149.0269474839867,-20.16333406783101],[149.03416228604516,-20.172500699572854],[149.0354911126507,-20.1585412408581],[149.0269474839867,-20.16333406783101]]]},{"type":"Polygon","coordinates":[[[149.39166179249543,-20.774445170140517],[149.41166529158747,-20.773052655538955],[149.4033357423548,-20.76805370887739],[149.39166179249543,-20.774445170140517]]]},{"type":"Polygon","coordinates":[[[150.4165816684643,-22.285646105530983],[150.42439399642578,-22.294199052310876],[150.4269847531799,-22.270795703121284],[150.4165816684643,-22.285646105530983]]]},{"type":"Polygon","coordinates":[[[149.46055486521308,-20.922220398477336],[149.46725243748335,-20.93725568840347],[149.47721859019947,-20.92972161910289],[149.46055486521308,-20.922220398477336]]]},{"type":"Polygon","coordinates":[[[150.11848637358537,-21.914590412271842],[150.10635315721802,-21.929565153935442],[150.11834813299242,-21.940435350468487],[150.11848637358537,-21.914590412271842]]]},{"type":"Polygon","coordinates":[[[150.15093967751713,-21.974988594829018],[150.15333422680771,-21.985379777143507],[150.1607050617814,-21.97672530018259],[150.15093967751713,-21.974988594829018]]]},{"type":"Polygon","coordinates":[[[148.8816698980487,-20.044168592146413],[148.88694954517462,-20.057778135576484],[148.89805716636008,-20.049166037401474],[148.8816698980487,-20.044168592146413]]]},{"type":"Polygon","coordinates":[[[150.14112960249807,-21.97117181675344],[150.14179849524024,-21.980814890753518],[150.15093967751713,-21.974988594829018],[150.14112960249807,-21.97117181675344]]]},{"type":"Polygon","coordinates":[[[149.6665653386973,-21.302091821528034],[149.68740722752645,-21.331614579389807],[149.6915586165377,-21.312103715842987],[149.6665653386973,-21.302091821528034]]]},{"type":"Polygon","coordinates":[[[149.41352921608006,-20.92000042583396],[149.421751778955,-20.925564924964323],[149.42738359653904,-20.915951831681618],[149.41352921608006,-20.92000042583396]]]},{"type":"Polygon","coordinates":[[[150.29789827316756,-22.244305435513265],[150.3222672863981,-22.24384318630799],[150.30967924684856,-22.234238747707572],[150.29789827316756,-22.244305435513265]]]},{"type":"Polygon","coordinates":[[[150.78555447614102,-22.92555464218238],[150.78527803530022,-22.935000153508188],[150.79638564754455,-22.929168695602602],[150.78555447614102,-22.92555464218238]]]},{"type":"Polygon","coordinates":[[[149.78289882923616,-21.608708856683137],[149.81857163729063,-21.603099530121625],[149.80415540976236,-21.589869436798118],[149.78289882923616,-21.608708856683137]]]},{"type":"Polygon","coordinates":[[[149.19888146401652,-20.695556090846356],[149.20750537078314,-20.70027801471362],[149.20971708534947,-20.691109379890882],[149.19888146401652,-20.695556090846356]]]},{"type":"Polygon","coordinates":[[[149.17304989730206,-20.672223833579327],[149.18638702184012,-20.68138945268683],[149.18583861990166,-20.668610853304084],[149.17304989730206,-20.672223833579327]]]},{"type":"Polygon","coordinates":[[[148.91094834871342,-20.25571276572164],[148.90833979736203,-20.275277025986053],[148.92222541121944,-20.261665580658338],[148.91094834871342,-20.25571276572164]]]},{"type":"Polygon","coordinates":[[[152.92065233336857,-25.5679703275404],[152.92166006602142,-25.558609681641272],[152.9091656580548,-25.560556720281724],[152.92065233336857,-25.5679703275404]]]},{"type":"Polygon","coordinates":[[[152.8980580151083,-25.554168530893374],[152.9091656580548,-25.560556720281724],[152.91221572712587,-25.55083347189893],[152.8980580151083,-25.554168530893374]]]},{"type":"Polygon","coordinates":[[[149.13861228100245,-20.684998019722567],[149.1383357766966,-20.696110879841182],[149.14778020527214,-20.69361224668929],[149.13861228100245,-20.684998019722567]]]},{"type":"Polygon","coordinates":[[[150.25297730264583,-22.36427840075975],[150.26777703536874,-22.36474026463337],[150.26840129168906,-22.355729682502655],[150.25297730264583,-22.36427840075975]]]},{"type":"Polygon","coordinates":[[[148.81694161282346,-20.219167074205714],[148.8288875795011,-20.246111739134008],[148.82833904556347,-20.231388946401438],[148.81694161282346,-20.219167074205714]]]},{"type":"Polygon","coordinates":[[[148.8508307489128,-20.347777444463834],[148.8399951277159,-20.36000176097978],[148.8749544832689,-20.395017945154645],[148.8508307489128,-20.347777444463834]]]},{"type":"Polygon","coordinates":[[[149.79507666893699,-21.840872618237015],[149.80648745942457,-21.838529829490312],[149.79534861348031,-21.83052879208793],[149.79507666893699,-21.840872618237015]]]},{"type":"Polygon","coordinates":[[[151.24082865557125,-23.803185030750207],[151.2390138099674,-23.81484052101743],[151.25393844529847,-23.809475958371596],[151.24082865557125,-23.803185030750207]]]},{"type":"Polygon","coordinates":[[[148.64575227201232,-20.098695802492774],[148.65360917006754,-20.104725732016536],[148.65545530592064,-20.092431128692965],[148.64575227201232,-20.098695802492774]]]},{"type":"Polygon","coordinates":[[[148.60110327257408,-20.149164374603554],[148.6111139833425,-20.148888143220457],[148.6049960885578,-20.13992940803534],[148.60110327257408,-20.149164374603554]]]},{"type":"Polygon","coordinates":[[[149.4705343737732,-21.52484156456784],[149.48095524167076,-21.523995345953168],[149.4760146165085,-21.51420541130297],[149.4705343737732,-21.52484156456784]]]},{"type":"Polygon","coordinates":[[[149.48687696980448,-21.601267087315396],[149.49661120265228,-21.60545443197334],[149.49798459632171,-21.596258693842508],[149.48687696980448,-21.601267087315396]]]},{"type":"Polygon","coordinates":[[[149.3243249146227,-21.415447803688135],[149.33364888798974,-21.433500441032905],[149.3340011171618,-21.41730338222721],[149.3243249146227,-21.415447803688135]]]},{"type":"Polygon","coordinates":[[[148.92788852261967,-20.853684840861003],[148.93805081753013,-20.852501373455407],[148.93499630109866,-20.84361280969208],[148.92788852261967,-20.853684840861003]]]},{"type":"Polygon","coordinates":[[[149.47106943903452,-21.822779766897682],[149.4923260210424,-21.83750338031256],[149.4947963177475,-21.820900372004],[149.47106943903452,-21.822779766897682]]]},{"type":"Polygon","coordinates":[[[144.04666223327854,-9.910001796604352],[144.04110619253987,-9.925002036798748],[144.06250094301055,-9.917776505089483],[144.04666223327854,-9.910001796604352]]]},{"type":"Polygon","coordinates":[[[143.75860422978252,-9.57999970479022],[143.7686149369627,-9.59777597350683],[143.78500217068432,-9.577568266165509],[143.75860422978252,-9.57999970479022]]]},{"type":"Polygon","coordinates":[[[147.54888919851064,-19.530002062088084],[147.54222283459757,-19.52027708342836],[147.53805360348906,-19.52972051624704],[147.54888919851064,-19.530002062088084]]]},{"type":"Polygon","coordinates":[[[147.44138921851822,-19.361665399104186],[147.43878065522887,-19.342118933436733],[147.4176801759279,-19.32426167760146],[147.44138921851822,-19.361665399104186]]]},{"type":"Polygon","coordinates":[[[145.98555066193046,-16.942220690807606],[146.00277616832184,-16.933612578543748],[146.00639254540695,-16.921390716566744],[145.98555066193046,-16.942220690807606]]]},{"type":"Polygon","coordinates":[[[144.9499958485662,-14.500555816474943],[144.98277465106815,-14.512220148978857],[144.98419263301741,-14.497486357149088],[144.9499958485662,-14.500555816474943]]]},{"type":"Polygon","coordinates":[[[145.55666990433394,-16.386112444062803],[145.57221873804025,-16.392499301216596],[145.56582439192107,-16.381111392637813],[145.55666990433394,-16.386112444062803]]]},{"type":"Polygon","coordinates":[[[146.48777922102244,-18.545835034520355],[146.4892596587739,-18.5680535032721],[146.50277518772737,-18.543729651244252],[146.48777922102244,-18.545835034520355]]]},{"type":"Polygon","coordinates":[[[146.5444499714787,-18.6519469959278],[146.5563958397491,-18.6877787932046],[146.56527843791713,-18.66833463024247],[146.5444499714787,-18.6519469959278]]]},{"type":"Polygon","coordinates":[[[146.4892596587739,-18.5680535032721],[146.48277163150337,-18.591389111321064],[146.4924925122469,-18.59527738631737],[146.4892596587739,-18.5680535032721]]]},{"type":"Polygon","coordinates":[[[146.53361430389955,-18.838884351856077],[146.54972953516372,-18.8491687413429],[146.54276889243036,-18.835833118284143],[146.53361430389955,-18.838884351856077]]]},{"type":"Polygon","coordinates":[[[146.60638240101662,-19.030276131771686],[146.6205578800873,-19.033332331677766],[146.61500626909304,-19.02527663809015],[146.60638240101662,-19.030276131771686]]]},{"type":"Polygon","coordinates":[[[144.32527131394275,-14.101390077735996],[144.3391703061376,-14.098609234292676],[144.33375692984262,-14.085193385122912],[144.32527131394275,-14.101390077735996]]]},{"type":"Polygon","coordinates":[[[143.41471841741748,-12.284445819969713],[143.40527406056157,-12.297220262745535],[143.41583318343123,-12.294444980897158],[143.41471841741748,-12.284445819969713]]]},{"type":"Polygon","coordinates":[[[142.76524140864953,-9.892984517278549],[142.76693590829083,-9.901945741726315],[142.78233313545942,-9.900601583205194],[142.76524140864953,-9.892984517278549]]]},{"type":"Polygon","coordinates":[[[142.62895346361032,-9.775003682691942],[142.65039282646134,-9.76988422659764],[142.62527464734146,-9.761666545397624],[142.62895346361032,-9.775003682691942]]]},{"type":"Polygon","coordinates":[[[142.6150054090267,-10.599722211144215],[142.62555115518919,-10.60055493367206],[142.6157054649706,-10.590127623599987],[142.6150054090267,-10.599722211144215]]]},{"type":"Polygon","coordinates":[[[142.15840235918466,-9.246864245227812],[142.18206678917247,-9.238215914002062],[142.16397174949537,-9.22679882164617],[142.15840235918466,-9.246864245227812]]]},{"type":"Polygon","coordinates":[[[142.2847286431303,-10.52749918792113],[142.31910831024717,-10.54008988613878],[142.31512638070518,-10.510786718335805],[142.2847286431303,-10.52749918792113]]]},{"type":"Polygon","coordinates":[[[142.21269190087585,-10.576386128396173],[142.2126473293702,-10.588453252258468],[142.23237440422426,-10.571533750821809],[142.21269190087585,-10.576386128396173]]]},{"type":"Polygon","coordinates":[[[142.12606942280897,-10.354601349872594],[142.12947171011982,-10.387520132623486],[142.13758729200913,-10.36438302686156],[142.12606942280897,-10.354601349872594]]]},{"type":"Polygon","coordinates":[[[142.04835623324095,-10.35567604411095],[142.05877715216718,-10.362703028160162],[142.05528118223523,-10.349166396537589],[142.04835623324095,-10.35567604411095]]]},{"type":"Polygon","coordinates":[[[149.8948356747404,-21.00740156342279],[149.90058792478956,-21.01798694444808],[149.91250708227835,-21.014998325135902],[149.9079588298538,-21.004175380554805],[149.8948356747404,-21.00740156342279]]]},{"type":"Polygon","coordinates":[[[150.33184989337641,-21.656944512681296],[150.3366701756197,-21.672203134698712],[150.34901295206112,-21.670475097235567],[150.34327852650554,-21.650823162280705],[150.33184989337641,-21.656944512681296]]]},{"type":"Polygon","coordinates":[[[150.1607050617814,-21.97672530018259],[150.16833459107997,-22.001665966711922],[150.18507406822144,-21.982439932428992],[150.17790382129627,-21.971659717346466],[150.1607050617814,-21.97672530018259]]]},{"type":"Polygon","coordinates":[[[149.3897265542156,-20.902780709735204],[149.40388413343885,-20.918888287948256],[149.41352921608006,-20.92000042583396],[149.41082702621614,-20.90027710731817],[149.3897265542156,-20.902780709735204]]]},{"type":"Polygon","coordinates":[[[150.12420732549427,-21.995948021536698],[150.13667496202768,-22.000834940037493],[150.14465236222048,-21.99479860869039],[150.13285797368988,-21.98954763114004],[150.12420732549427,-21.995948021536698]]]},{"type":"Polygon","coordinates":[[[149.11250420751858,-20.538611066584746],[149.10513332970393,-20.544853572035766],[149.11694546503352,-20.55027745902253],[149.12249704417087,-20.541943248690455],[149.11250420751858,-20.538611066584746]]]},{"type":"Polygon","coordinates":[[[149.03249899727987,-20.438053177371884],[149.04110508393552,-20.460000749744186],[149.05749677141748,-20.44722029151699],[149.0466610959756,-20.43583023678234],[149.03249899727987,-20.438053177371884]]]},{"type":"Polygon","coordinates":[[[149.0509196075682,-20.51019302997416],[149.04305817292615,-20.52023290555866],[149.06944265229183,-20.525277626187123],[149.06944265229183,-20.507223585288227],[149.0509196075682,-20.51019302997416]]]},{"type":"Polygon","coordinates":[[[149.14860505232326,-20.682223794006976],[149.16250412711787,-20.68138952010524],[149.1639265353521,-20.666649971087132],[149.14193870459454,-20.674443356200182],[149.14860505232326,-20.682223794006976]]]},{"type":"Polygon","coordinates":[[[152.9336104741031,-25.588611684884132],[152.9269396091219,-25.580278268409064],[152.9221818012316,-25.596063743436726],[152.93833711638626,-25.608610088146083],[152.9336104741031,-25.588611684884132]]]},{"type":"Polygon","coordinates":[[[148.83193755125194,-20.255277757757018],[148.82722433312804,-20.283056868919825],[148.84472624436324,-20.272223574149905],[148.84931918976824,-20.26317154982812],[148.83193755125194,-20.255277757757018]]]},{"type":"Polygon","coordinates":[[[149.8677823180715,-21.994823412115664],[149.8486795439163,-22.01037269389234],[149.87678521987715,-22.002608580263818],[149.87740945625652,-21.9916232466108],[149.8677823180715,-21.994823412115664]]]},{"type":"Polygon","coordinates":[[[148.59944002144184,-20.200001716408142],[148.61527876704076,-20.190275830604566],[148.61944361270437,-20.18139061111076],[148.60305638021495,-20.191108667643032],[148.59944002144184,-20.200001716408142]]]},{"type":"Polygon","coordinates":[[[145.44982981310997,-14.646449975568427],[145.44860802289483,-14.681387950325917],[145.47138955516516,-14.686667596002282],[145.47427461431778,-14.665082238835875],[145.44982981310997,-14.646449975568427]]]},{"type":"Polygon","coordinates":[[[147.58583283754274,-19.662777485289073],[147.610839548323,-19.67416500204888],[147.59583907791665,-19.649444835017057],[147.58725082221974,-19.653862554488313],[147.58583283754274,-19.662777485289073]]]},{"type":"Polygon","coordinates":[[[146.13371321285226,-17.93610509359807],[146.17222647410193,-17.965837552982045],[146.17277491766205,-17.945552687400582],[146.14277859836355,-17.932223306028817],[146.13371321285226,-17.93610509359807]]]},{"type":"Polygon","coordinates":[[[146.4924925122469,-18.59527738631737],[146.4913955641509,-18.623612439691307],[146.4986861936381,-18.632764812969103],[146.5066814043655,-18.627707017082656],[146.4924925122469,-18.59527738631737]]]},{"type":"Polygon","coordinates":[[[146.51028435828414,-18.664443777058004],[146.51333436092122,-18.708335863054167],[146.52287238266214,-18.712217208381063],[146.52499493225585,-18.666391344927973],[146.51028435828414,-18.664443777058004]]]},{"type":"Polygon","coordinates":[[[146.4986861936381,-18.632764812969103],[146.48861756308355,-18.64944579813095],[146.4983383568424,-18.660831714690374],[146.50451873987365,-18.641016824701207],[146.4986861936381,-18.632764812969103]]]},{"type":"Polygon","coordinates":[[[146.15834080823035,-18.17805638087587],[146.1824958046255,-18.175832182142766],[146.18667399313082,-18.163736247126028],[146.16082898770094,-18.151664860685198],[146.15834080823035,-18.17805638087587]]]},{"type":"Polygon","coordinates":[[[144.218337554457,-14.165555715352584],[144.24028081689065,-14.161266767824062],[144.26820372638562,-14.149843542810514],[144.2297216527356,-14.135276117301936],[144.218337554457,-14.165555715352584]]]},{"type":"Polygon","coordinates":[[[144.2483384245623,-14.22388966985414],[144.25805481513308,-14.233610520560168],[144.27832143050134,-14.232283622536146],[144.2741700228601,-14.219446182905346],[144.2483384245623,-14.22388966985414]]]},{"type":"Polygon","coordinates":[[[142.89814940019193,-9.85454091686907],[142.91703813102868,-9.866161005749326],[142.9494780846668,-9.85468150743605],[142.91158912329053,-9.843807892308627],[142.89814940019193,-9.85454091686907]]]},{"type":"Polygon","coordinates":[[[142.82666105260546,-10.026111832156559],[142.86005974430614,-10.055618054362572],[142.8633282769655,-10.032224105621584],[142.86582982997453,-10.021391475789867],[142.82666105260546,-10.026111832156559]]]},{"type":"Polygon","coordinates":[[[142.52842743489296,-9.426380925558366],[142.5373857702612,-9.43046310149762],[142.5489972798009,-9.423785587371864],[142.53872801461367,-9.414780860892773],[142.52842743489296,-9.426380925558366]]]},{"type":"Polygon","coordinates":[[[142.25887926804467,-9.553071954315223],[142.28639193591533,-9.570555018974757],[142.3139491814843,-9.573830810059958],[142.30610559055063,-9.557499955480774],[142.25887926804467,-9.553071954315223]]]},{"type":"Polygon","coordinates":[[[142.38920539376787,-10.737983604613087],[142.4036261684097,-10.728297049622594],[142.40957462098964,-10.710066478442089],[142.39468566778464,-10.712839891400712],[142.38920539376787,-10.737983604613087]]]},{"type":"Polygon","coordinates":[[[142.17971684507125,-9.93666357892565],[142.16734286800525,-9.955378247862923],[142.17822305092065,-9.973463850782224],[142.20011723070724,-9.953652178867783],[142.17971684507125,-9.93666357892565]]]},{"type":"Polygon","coordinates":[[[142.28500511219548,-10.721041729738493],[142.29734796425643,-10.732450302079215],[142.30570877632118,-10.714999923281294],[142.29556432785003,-10.700278203305809],[142.28500511219548,-10.721041729738493]]]},{"type":"Polygon","coordinates":[[[142.21221920126212,-10.523877956336252],[142.18051057305723,-10.562617754984181],[142.2055216875803,-10.570674558317947],[142.22778149230575,-10.529165128396208],[142.21221920126212,-10.523877956336252]]]},{"type":"Polygon","coordinates":[[[142.14778074190852,-10.592617210547978],[142.16192504180447,-10.605582188349294],[142.17797778730036,-10.591806368066926],[142.17250202614372,-10.580835168243999],[142.14778074190852,-10.592617210547978]]]},{"type":"Polygon","coordinates":[[[150.25010565674037,-21.624867961960387],[150.24275251887357,-21.67301529627828],[150.27784571718257,-21.67778902101205],[150.30014119451053,-21.66998200059652],[150.2810205437768,-21.642803365706683],[150.25010565674037,-21.624867961960387]]]},{"type":"Polygon","coordinates":[[[149.06944265229183,-20.292877288953378],[149.08358697825648,-20.295792397060847],[149.09374919944287,-20.299970402708915],[149.09083745166805,-20.26888974511433],[149.07777226782346,-20.268057349057816],[149.06944265229183,-20.292877288953378]]]},{"type":"Polygon","coordinates":[[[152.92500436563856,-25.459721844277183],[152.9333340136102,-25.46805954627071],[152.95416241900807,-25.44389032569353],[152.95277567374424,-25.431109217139863],[152.9297177035398,-25.437777853427743],[152.92500436563856,-25.459721844277183]]]},{"type":"Polygon","coordinates":[[[150.88806030352927,-23.083056374661073],[150.89720141657128,-23.079811509706676],[150.89944433366685,-23.090554781663283],[150.914230788454,-23.085058143832285],[150.89000000492365,-23.054999223108428],[150.88806030352927,-23.083056374661073]]]},{"type":"Polygon","coordinates":[[[148.92805347331193,-20.33638838268301],[148.9302830411543,-20.373056935295196],[148.93777433170544,-20.37888820739627],[148.9447171959732,-20.365001604395026],[148.93694942633627,-20.344441060907236],[148.92805347331193,-20.33638838268301]]]},{"type":"Polygon","coordinates":[[[148.44000044498384,-20.025832271369758],[148.4633349469951,-20.052776777672296],[148.47582926335755,-20.030834447528054],[148.47737215539001,-19.99774755583229],[148.44888292941857,-19.97194607126566],[148.44000044498384,-20.025832271369758]]]},{"type":"Polygon","coordinates":[[[144.231946784347,-14.175832459246225],[144.23693650526886,-14.18999954323611],[144.27972603020575,-14.196388937135001],[144.26666085735212,-14.159999948321945],[144.25750632066703,-14.16333343170371],[144.231946784347,-14.175832459246225]]]},{"type":"Polygon","coordinates":[[[142.63278378252423,-10.62638728339244],[142.64889451099114,-10.643334379889643],[142.64443987119265,-10.656389225516163],[142.6652817150364,-10.637220953054756],[142.64277664883508,-10.618331897853967],[142.63278378252423,-10.62638728339244]]]},{"type":"Polygon","coordinates":[[[142.65333581076058,-10.91388697713107],[142.66787694401103,-10.936483292412051],[142.69250459043838,-10.948334658852742],[142.70286751141677,-10.957471243084896],[142.69352567072406,-10.921492295413117],[142.65333581076058,-10.91388697713107]]]},{"type":"Polygon","coordinates":[[[149.58027727808133,-20.86583529548907],[149.5877819267339,-20.877776436663993],[149.6141664379248,-20.884721570895803],[149.62431539977916,-20.86225605387391],[149.6019440443453,-20.853609827550727],[149.60472211550206,-20.86666860046473],[149.58027727808133,-20.86583529548907]]]},{"type":"Polygon","coordinates":[[[150.93342718608446,-23.177781308550927],[150.94568076674068,-23.19239409027937],[150.9657289205422,-23.187364837083873],[150.98832763570002,-23.191668662987656],[150.98884484794212,-23.181950064351156],[150.97444197290363,-23.149444593723015],[150.93342718608446,-23.177781308550927]]]},{"type":"Polygon","coordinates":[[[142.24860998141486,-10.586686839029653],[142.2408288140923,-10.614720482400944],[142.27444595985455,-10.64055593855245],[142.32444590737086,-10.615000973937864],[142.30673433069532,-10.57096827353146],[142.29744159770942,-10.57430404345854],[142.24860998141486,-10.586686839029653]]]},{"type":"Polygon","coordinates":[[[150.4269847531799,-22.270795703121284],[150.45425220940285,-22.263074914901356],[150.46475334157125,-22.253707018874696],[150.4627066626411,-22.244660441431282],[150.4651502385424,-22.23083758177128],[150.46960485179295,-22.22239633932917],[150.44407648448743,-22.230098776045327],[150.4269847531799,-22.270795703121284]]]},{"type":"Polygon","coordinates":[[[153.36343214631512,-27.06704330899636],[153.37673808113,-27.23246402980771],[153.3816832121771,-27.246130019181535],[153.41761912619924,-27.228170075701424],[153.46530025816298,-27.027658765660714],[153.42733551645867,-27.035741727759863],[153.41777075742422,-27.0327786983541],[153.36343214631512,-27.06704330899636]]]},{"type":"Polygon","coordinates":[[[149.4318249300316,-20.9280472857925],[149.42972020596275,-20.946388543326286],[149.43665854201913,-20.939167277541692],[149.44731131644357,-20.936281121820983],[149.46055486521308,-20.922220398477336],[149.4574736276763,-20.913027756179925],[149.42753525354937,-20.906525512459922],[149.42738359653904,-20.915951831681618],[149.4318249300316,-20.9280472857925]]]},{"type":"Polygon","coordinates":[[[149.07722382531497,-20.49916685756617],[149.08738613029078,-20.483887636748783],[149.10444663814738,-20.47750473924197],[149.08722113769306,-20.460832165252185],[149.08694466174296,-20.442778895584034],[149.07556056128243,-20.447500244332122],[149.07881127671214,-20.456040188493972],[149.07000901030145,-20.489998629779702],[149.07722382531497,-20.49916685756617]]]},{"type":"Polygon","coordinates":[[[149.25972147285884,-20.80833271985299],[149.2742938158924,-20.8217955357588],[149.28166022614414,-20.81527685555709],[149.28416622917683,-20.80611105666279],[149.30250649110468,-20.80444366893711],[149.2902840876443,-20.776387986681446],[149.27499381886457,-20.782779153916366],[149.2788064087044,-20.79797426761447],[149.25972147285884,-20.80833271985299]]]},{"type":"Polygon","coordinates":[[[150.8383323523219,-23.52000109377614],[150.8285357445349,-23.524114174167742],[150.8430500793453,-23.530001551417463],[150.87222155090743,-23.533055451447176],[150.86084196237545,-23.51694684496628],[150.87277004952068,-23.51583471710348],[150.8602755831109,-23.50111024096355],[150.8516695948737,-23.513610415136835],[150.8383323523219,-23.52000109377614]]]},{"type":"Polygon","coordinates":[[[142.13694964438784,-9.272548477566925],[142.27641245204074,-9.288883995012203],[142.2928175215327,-9.26220196459766],[142.24049439258184,-9.256031781902163],[142.21691911198167,-9.23347127000478],[142.18206678917247,-9.238215914002062],[142.17504813702865,-9.250829687155878],[142.15840235918466,-9.246864245227812],[142.13694964438784,-9.272548477566925]]]},{"type":"Polygon","coordinates":[[[148.9447171959732,-20.365001604395026],[148.9555527620892,-20.369298947180845],[148.95971761299086,-20.36110962024783],[148.96817206940509,-20.366268228519434],[148.97667104125796,-20.344165138220482],[148.96695028040142,-20.346945477035348],[148.95658731273383,-20.345753892554097],[148.9538895039128,-20.334724277700342],[148.9469467228855,-20.344106605114185],[148.9447171959732,-20.365001604395026]]]},{"type":"Polygon","coordinates":[[[146.78305194527243,-19.134443791849115],[146.84500231178276,-19.18222206064573],[146.86000270753559,-19.15666452282638],[146.87193076826972,-19.15445307844588],[146.881620431911,-19.11498819602377],[146.86528222729103,-19.103055869115696],[146.84996083571912,-19.118013269914993],[146.83082682409767,-19.106666847387466],[146.78721680090663,-19.120557970245628],[146.78305194527243,-19.134443791849115]]]},{"type":"Polygon","coordinates":[[[142.1859907771915,-10.194537485309876],[142.2202768497293,-10.238886604928554],[142.25300666678177,-10.239974877710628],[142.2847286431303,-10.257776794818223],[142.33082686968908,-10.199444045576525],[142.3439499849743,-10.16867382689966],[142.3241560509213,-10.135661986085118],[142.26361040607298,-10.121667924167943],[142.2177752669473,-10.131944041984163],[142.1859907771915,-10.194537485309876]]]},{"type":"Polygon","coordinates":[[[151.32666194190773,-23.79563721585276],[151.34176492574548,-23.826833522186813],[151.35618560185313,-23.82015995148283],[151.36288318752528,-23.841908755013655],[151.36496115113204,-23.853218222741337],[151.36547844296723,-23.87461081976394],[151.3894638672485,-23.869456661090293],[151.3643056145159,-23.804437553194454],[151.33879071192706,-23.771677032760376],[151.32383930095048,-23.783869883354097],[151.32666194190773,-23.79563721585276]]]},{"type":"Polygon","coordinates":[[[146.56944316912288,-18.75777730755139],[146.57833912554486,-18.770274738487036],[146.6074971852783,-18.75888779733168],[146.65861627678746,-18.77277411099368],[146.68749790530205,-18.752778121482383],[146.68943762112107,-18.743053662062646],[146.64832912479014,-18.750003991469583],[146.60611042505764,-18.700277252240454],[146.5822274676186,-18.683609652886773],[146.5761095622347,-18.748737242363923],[146.56944316912288,-18.75777730755139]]]},{"type":"Polygon","coordinates":[[[142.60014317682234,-9.38899274603671],[142.60876267249057,-9.41446414217615],[142.70366121862457,-9.42809209207052],[142.75079388417566,-9.407016484310557],[142.79924204498067,-9.38443494656118],[142.78672978658685,-9.372111966477851],[142.72346407111553,-9.370066123538008],[142.6760549230248,-9.365798520663134],[142.66874644596786,-9.377848943948297],[142.63731425043287,-9.371029656690139],[142.60014317682234,-9.38899274603671]]]},{"type":"Polygon","coordinates":[[[142.12666245361507,-10.073610259465813],[142.11666959243527,-10.06749883225736],[142.08749375935375,-10.111128112944384],[142.08416724002734,-10.131110028965212],[142.13088965606676,-10.162840694148924],[142.13834977316284,-10.176143930033511],[142.1657865791272,-10.177601045277017],[142.18844778793883,-10.134323211882089],[142.17889194140741,-10.059723255088906],[142.16987558722832,-10.061734102943346],[142.12666245361507,-10.073610259465813]]]},{"type":"Polygon","coordinates":[[[149.93362539539012,-22.150180919385253],[149.92127816511947,-22.15632624004125],[149.93814242696453,-22.158973483311073],[149.93414260976743,-22.167455673218537],[149.9811415888737,-22.1516553734136],[150.0099964138597,-22.128612330485616],[150.01777757109386,-22.116946947862044],[150.02221881613727,-22.107779948938365],[150.00389188770097,-22.104445996848344],[149.99423346907574,-22.11381970604667],[149.95190321361315,-22.13264382836104],[149.94512985179625,-22.141648029269273],[149.93362539539012,-22.150180919385253]]]},{"type":"Polygon","coordinates":[[[142.11457832625317,-10.660565495659734],[142.12284997072808,-10.726185307464478],[142.15055879804348,-10.762244722625963],[142.18699860277266,-10.766380076327678],[142.21258484827158,-10.724761423895705],[142.22492770318686,-10.725330937388621],[142.2293689269541,-10.739446833478924],[142.25508015615145,-10.71388700726075],[142.2672266922475,-10.717549857067699],[142.27507027696706,-10.701080055676464],[142.2234205304754,-10.62480947866706],[142.19626009144494,-10.59408555547951],[142.11457832625317,-10.660565495659734]]]},{"type":"Polygon","coordinates":[[[148.8863831705957,-20.160558799720313],[148.90695299459378,-20.1563896038044],[148.91583111819833,-20.175556149282905],[148.91737395201642,-20.166561268443292],[148.93496507584314,-20.17301133995626],[148.95166002339963,-20.157779345988285],[148.9372259102644,-20.10444524401731],[148.94837807503606,-20.101459597698927],[148.95916909158834,-20.096664857616517],[148.949448254351,-20.091945350668183],[148.96526919244985,-20.059164552114666],[148.92623867831642,-20.080947998550446],[148.92000036569462,-20.072496305118065],[148.90167342702205,-20.079448621619807],[148.9077779562343,-20.10444524750737],[148.88583472181892,-20.121110165052677],[148.8863831705957,-20.160558799720313]],[[148.9314112224434,-20.16056300174364],[148.9278126943551,-20.13683141295006],[148.91737395201642,-20.166561268443292],[148.9314112224434,-20.16056300174364]],[[148.91499280858335,-20.134721355475673],[148.90368450936515,-20.14024756444175],[148.90695299459378,-20.1563896038044],[148.91499280858335,-20.134721355475673]]]},{"type":"Polygon","coordinates":[[[149.86555272412568,-22.220555267055133],[149.85945272298193,-22.236389171066328],[149.87472510190892,-22.243054878853293],[149.88583270276476,-22.26472146459221],[149.9030626810121,-22.260553502471687],[149.91095084723918,-22.22607837051991],[149.93194426405142,-22.18472424126769],[149.92127816511947,-22.15632624004125],[149.92868026697,-22.14243692577669],[149.94512985179625,-22.141648029269273],[149.9297771607298,-22.1332385910885],[149.90734793626046,-22.06418020827748],[149.90679944767365,-22.052567268423427],[149.8838484078953,-22.075296229548847],[149.86378697982875,-22.143684289922188],[149.8705602870523,-22.15028004326668],[149.86582921853753,-22.190000992333587],[149.8752735471667,-22.202779162976956],[149.8705602870523,-22.212220656209595],[149.86555272412568,-22.220555267055133]]]},{"type":"Polygon","coordinates":[[[150.46807987655222,-22.296002069069782],[150.48939435962888,-22.313914764662414],[150.48054307661863,-22.318402916393932],[150.48928735185677,-22.324957516514452],[150.48037801691746,-22.345963824985354],[150.5213928921661,-22.333611227038663],[150.52945049416613,-22.321917395046256],[150.5438845448115,-22.310276305322844],[150.5461141568349,-22.299999846177084],[150.5560132830311,-22.30415014373427],[150.54568604670817,-22.279176328413406],[150.52703805342588,-22.255052402448595],[150.51359387563775,-22.221215717146375],[150.480088255734,-22.206069540065283],[150.47514311183264,-22.213851315934082],[150.46960485179295,-22.22239633932917],[150.47460794977516,-22.233607187773817],[150.4902505131784,-22.238287823518117],[150.49017466022894,-22.25178793125892],[150.48983584497526,-22.266116248520305],[150.47811729335518,-22.255002909433305],[150.47644062480614,-22.278177754887114],[150.46807987655222,-22.296002069069782]]]},{"type":"Polygon","coordinates":[[[148.92000036569462,-20.290004004889777],[148.94320550085254,-20.301517770224862],[148.95666307165365,-20.296666423513702],[148.95347485205528,-20.306364707059714],[148.96194269334876,-20.327498956580314],[148.9805594247515,-20.322502110599068],[148.98611546293657,-20.30333281533043],[149.0227826807591,-20.318333098311882],[149.0269474839867,-20.308334444241126],[149.03448328650336,-20.301630643701905],[149.05277899949655,-20.301388135671335],[149.0580139557478,-20.293048749010616],[149.0188898774415,-20.258611843152373],[149.01167502048497,-20.252499990907413],[149.00615019009686,-20.23504159807711],[148.99610825913197,-20.245279229554836],[148.99755752157017,-20.20666386535098],[148.97721955473895,-20.204998305491337],[148.97610476866848,-20.160558812192704],[148.95166002339963,-20.157779345988285],[148.95304672988394,-20.216945187024475],[148.94667021661806,-20.226669355290085],[148.9582059045436,-20.232489343328552],[148.95750587097848,-20.241668685884594],[148.9427774151974,-20.26722075175532],[148.9327845759565,-20.26916997640933],[148.92000036569462,-20.290004004889777]]]},{"type":"Polygon","coordinates":[[[152.95500077442463,-25.546665578969016],[152.9441695820798,-25.54416713324221],[152.94389319737445,-25.587497634647157],[152.95083596992947,-25.59416553747499],[152.9590139895709,-25.600000733793827],[152.95629836414793,-25.615514148030574],[152.95942868657306,-25.636943252502057],[152.9627819434321,-25.62449637069481],[152.97111597252396,-25.63388796032234],[153.01333477701843,-25.766108022671574],[153.05245892862902,-25.79666799506384],[153.07972624848693,-25.78388844167953],[153.07777315971526,-25.700556723668463],[153.11917154117205,-25.530833408149995],[153.3561102710923,-25.006667982140407],[153.35130334201594,-24.963699517585102],[153.3011161545416,-24.946946239018516],[153.26124735925285,-24.849971703462103],[153.26249589914562,-24.69916575181497],[153.17361267127788,-24.746502628111838],[153.1212761656047,-24.817549028759377],[153.17306416079,-24.835845484664443],[153.2337346893079,-24.94042862109444],[153.2357948330729,-24.961641933323858],[153.2266403245762,-24.977746471073537],[153.1411146903826,-25.10138704413205],[152.99749602990886,-25.21305472822245],[152.99305923119908,-25.22222023977862],[153.00389034339608,-25.22916654818916],[153.03971921540958,-25.226943912852118],[153.04712134245338,-25.262396063463566],[153.04333553136806,-25.364443559022824],[152.98277202735827,-25.463055369310865],[152.986936837861,-25.508612516168906],[152.95500077442463,-25.546665578969016]],[[152.96772701993223,-25.61666808602407],[152.9627819434321,-25.62449637069481],[152.9741659599445,-25.623889261248088],[152.96772701993223,-25.61666808602407]]]},{"type":"Polygon","coordinates":[[[142.12933346235874,-10.963775200351975],[142.14526583630274,-11.055920410184404],[142.1563868295637,-11.06524187374976],[142.15554852069667,-11.076387847177514],[142.8037814349194,-12.739762947627794],[143.19044788301176,-14.018725198091477],[143.75928648639194,-14.821918863187644],[144.26120289978164,-15.714089647695944],[144.61812273673712,-16.576645807570408],[145.33196242878324,-17.409456511558336],[145.36170459029734,-18.331496031600594],[145.86733987085526,-19.342766822890194],[146.5979067491028,-19.777778016315864],[147.29501472694946,-20.05660523986881],[148.27654315251735,-21.03813177120982],[148.90115175258236,-22.346838173342313],[149.6819127222954,-23.296953812905322],[150.23959994205885,-24.1611762040139],[151.13189731280434,-24.81552941745337],[151.70445366034804,-25.89431605407335],[152.0836834724502,-26.540635919838547],[152.2323989665847,-27.55190649921592],[153.08261130329927,-27.321728333532253],[153.06202807249144,-27.28170438456536],[153.0627727894964,-27.262501614967075],[153.07159288388107,-27.25738027710622],[153.10563814440266,-27.263266589542926],[153.11646932304436,-27.20067337812207],[153.1099411469487,-27.191606765570686],[153.07693485639274,-27.201387267911873],[153.03249997350667,-27.18938560518275],[153.03517094670303,-27.15238112189929],[153.0969696764989,-27.094279120704297],[153.14222503291805,-27.081388541112165],[153.10996792640873,-27.063040708949035],[153.10672170501408,-27.043562007127438],[153.10250781898296,-27.034550143840036],[153.08842600776046,-27.025561491223073],[153.08010973417512,-27.01584505409789],[153.08361909142917,-27.003609053747628],[153.0734256088096,-27.006493354219884],[153.06832882517296,-26.985002113284583],[153.07722471309694,-26.975834583716544],[153.13800227441777,-27.052469766020586],[153.14952014472752,-27.06926685231816],[153.1740407297505,-27.100043027434833],[153.20750631850603,-27.085557204882313],[153.13110406923568,-26.873331837465955],[153.12971284313633,-26.85388790828571],[153.12916435381112,-26.842776155747153],[153.12055829575363,-26.84805566788055],[153.12083473108177,-26.85888845131509],[153.111662408014,-26.86277891482212],[153.11016859273724,-26.841144884569207],[153.12194955270394,-26.814723359730536],[153.13278065238663,-26.823888004322217],[153.13744936015837,-26.807516024411463],[153.1505590750565,-26.803058484892887],[153.13583511385576,-26.74250218131836],[153.1335922113801,-26.682029190956218],[153.0946820702376,-26.652446193820825],[153.1008757724714,-26.643411189261027],[153.10417105984519,-26.448053412743164],[153.12002762359594,-26.378996012664178],[153.08055126470583,-26.38833550528424],[153.06985379538568,-26.391091628759607],[153.0771935350631,-26.379583325823468],[153.0658272435329,-26.280278472635715],[153.15500040328786,-26.0002799523863],[153.17971721340388,-25.949165388572546],[153.1194479747218,-25.9316663735387],[153.07777315971526,-25.861664609722894],[153.07360836104448,-25.828612850989252],[153.07028191747943,-25.820003308433378],[153.0563962849148,-25.82611234764748],[153.05000191362205,-25.838887353272227],[153.04194433618107,-25.844995490475476],[153.0574932522056,-25.876943335333973],[153.04861516671878,-25.885279964358087],[153.05667272732703,-25.90083239673444],[153.05610645649872,-25.910278381531644],[153.0458371183507,-25.901943483234184],[153.02667188361733,-25.916667507316028],[153.04888710710983,-25.931108995534288],[153.04833864493332,-25.94194394052908],[153.0305468686701,-25.939169153018867],[153.0086080612439,-25.910831876209215],[152.99583272465316,-25.912777082764638],[153.00277559990914,-25.899721280625926],[153.0136111633261,-25.90083239961125],[153.03027486193616,-25.88527998405065],[153.0147259640266,-25.86305700633646],[153.02055399453926,-25.830274526143985],[152.97999403606397,-25.793889777177103],[152.98527361605846,-25.768332695844045],[152.93749882790112,-25.76194356024717],[152.9336104741031,-25.741946711373224],[152.9086172016258,-25.728333753516843],[152.92083962187206,-25.705832210198086],[152.8786163628495,-25.681944066616],[152.90777445433122,-25.6769447522799],[152.87944130745225,-25.59222311728111],[152.89083880677384,-25.596944408879892],[152.9062806444678,-25.582458209218778],[152.89889632393192,-25.575001265380504],[152.9091656580548,-25.560556720281724],[152.891587854011,-25.56230658706027],[152.8980580151083,-25.554168530893374],[152.8869459414216,-25.553613334216188],[152.88833718463303,-25.541391103406767],[152.90306116576332,-25.543334324277364],[152.89889632393192,-25.53444659776751],[152.90972749297438,-25.53111105594477],[152.9480579532061,-25.50805312947705],[152.9533375365942,-25.500277637339774],[152.95962490014443,-25.489937730992708],[152.93777529392153,-25.479999441828944],[152.9319472272323,-25.487498523601367],[152.92166006602142,-25.48694302362097],[152.92083962187206,-25.477777464213844],[152.92334118757137,-25.468888854101916],[152.9069539753048,-25.46416658836875],[152.92500436563856,-25.459721844277183],[152.90972749297438,-25.4538879431208],[152.86152459521477,-25.481247319518598],[152.86311205832902,-25.470885677837888],[152.87573132683823,-25.450111227578027],[152.87598993716142,-25.441079764114946],[152.90554931988032,-25.431391107617646],[152.89639478383012,-25.426111583448147],[152.90750242733267,-25.418612708353354],[152.9202732677004,-25.429168204684323],[152.90306116576332,-25.30055506522194],[152.90306116576332,-25.28249714717071],[152.83471649038924,-25.27416680034085],[152.82278392863552,-25.246111189435492],[152.80250395302306,-25.246111160391273],[152.80278041726265,-25.261109673878547],[152.70777928098383,-25.261666156185797],[152.67195044163677,-25.244445478094704],[152.60526903364098,-25.183887371324072],[152.59499975282162,-25.185001103106682],[152.58511392661956,-25.18638516023739],[152.5758344970652,-25.181667982735558],[152.58333021414356,-25.169722803790087],[152.622222499084,-25.171663994850004],[152.63194334257494,-25.151665743341564],[152.55250449822535,-25.08777832718875],[152.54185614284083,-25.077867619311824],[152.54377802118242,-25.06900229601809],[152.48555104163216,-24.95305515891805],[152.49471900395233,-24.93110858153374],[152.46171720857532,-24.809255842423717],[152.38194385796493,-24.742335470922594],[152.3511180619416,-24.732218792383946],[152.26498608200876,-24.7052746982684],[152.1199939558457,-24.595554897787114],[152.11196761359884,-24.603765007842767],[152.1100011607856,-24.589720295790908],[152.103606805191,-24.58249864467126],[152.0050026377787,-24.437779554949604],[152.00274632758826,-24.424885529415135],[151.9294431666908,-24.22833311693783],[151.89389081042523,-24.174723532478374],[151.89111281038856,-24.163609133694194],[151.87642003256724,-24.164333268237517],[151.87750357859989,-24.18027628556378],[151.86388996115298,-24.185832872449005],[151.87083275632077,-24.171945012905777],[151.8430481493084,-24.17500014968221],[151.81889320081808,-24.159166343528216],[151.78509321946504,-24.124444798603687],[151.75947567806722,-24.042447853186534],[151.75694289265093,-24.030833222920496],[151.76693576707916,-24.03194505210273],[151.7588959493175,-24.017221860471196],[151.7458352169435,-24.011943078941194],[151.74472046505704,-24.032775864304696],[151.71804612327514,-24.067778749457684],[151.71499610330963,-24.056390455959868],[151.7066664996166,-24.038334773039306],[151.7274950193244,-24.026389971768364],[151.6510615063893,-23.981378142077027],[151.61456379416848,-23.978693196163594],[151.60387980727978,-24.006391203340876],[151.6369485140057,-24.01416702160839],[151.63861173673027,-24.028055675178198],[151.64054693795015,-24.0369460604026],[151.65416058235073,-24.045278021470722],[151.66860811137587,-24.05444409056742],[151.6797202052185,-24.087499370486135],[151.67056113646396,-24.093886269605814],[151.6536121559944,-24.081942539669914],[151.61166532737457,-24.043054547593105],[151.58166449225592,-24.049443729063352],[151.5652773411411,-24.042500750676083],[151.55721974832156,-24.072501577945665],[151.54499734039948,-24.084169394330747],[151.5246594007958,-24.088464138111124],[151.5216673330292,-24.053055622400933],[151.51112152514733,-24.048515366215224],[151.54249575435804,-24.02833267405745],[151.51222296870898,-24.018614824720345],[151.50265369898682,-24.013759743231834],[151.44700412606417,-23.99309495566169],[151.42996143334665,-23.994072668400218],[151.35646208096256,-23.93771591877468],[151.35055375588257,-23.926112256820605],[151.32222063890325,-23.877220421639947],[151.3249986638525,-23.86777665763834],[151.31944266191087,-23.855555003659696],[151.3088210246501,-23.85502075504232],[151.30177126018552,-23.867968284196802],[151.29012852143077,-23.85447430094348],[151.2485339966086,-23.832588890212094],[151.2429512052788,-23.82478578086097],[151.2329093276645,-23.822407595879213],[151.22495873118217,-23.816835302112878],[151.21629472527258,-23.812384700557125],[151.20413025157802,-23.82082900234401],[151.17222543194737,-23.809443330251483],[151.17166359856287,-23.78694647290272],[151.14917190510837,-23.7758312083999],[151.1519453970721,-23.73138525900248],[151.14277753834133,-23.714721279925833],[151.13359172598336,-23.720126513139547],[151.1336051483831,-23.711112263121635],[151.13528624637013,-23.69861047852598],[151.1260068317917,-23.68527851333615],[151.11491259369328,-23.67868761439804],[151.12277400129284,-23.672500686646387],[151.1608279593218,-23.720918505397023],[151.18333305518448,-23.738014370660974],[151.1788649800601,-23.753410106652144],[151.2216634804476,-23.799443814114394],[151.22944456232563,-23.792499608909786],[151.24528335627633,-23.790275899874498],[151.24723641892402,-23.780952339438212],[151.26139852943257,-23.787329991203034],[151.26444852943507,-23.778610077896264],[151.28039427699002,-23.79177338560888],[151.30194068653722,-23.757499604721787],[151.31422546333803,-23.763164217339042],[151.31251319119554,-23.754259059737322],[151.26943831061436,-23.66249886574787],[151.24501133842972,-23.649971941964264],[151.22555624173293,-23.578888901772093],[151.2354599640916,-23.492260869990393],[151.20304673365698,-23.529163420606437],[151.1921397570169,-23.528423396501882],[151.19917177714288,-23.520835155025182],[151.20001009505015,-23.504541022154147],[151.1422290555033,-23.50166638687529],[151.12554755975756,-23.49138565463348],[151.11416796339338,-23.491945920304314],[151.07607825933204,-23.474355753549514],[151.05972226426132,-23.446941308578417],[151.05088880671005,-23.45180128509185],[151.01889027842867,-23.44722357357177],[151.00628446176435,-23.476932480547557],[150.97694354615606,-23.491111694681788],[151.01972860657128,-23.56639087424815],[151.01138114704514,-23.57416857950764],[150.97666711102747,-23.55611109141868],[150.96749921313986,-23.604445351336707],[150.9408248135376,-23.613609936606952],[150.95916959520363,-23.590000495773968],[150.9533370902085,-23.561943898662463],[150.94888246343126,-23.54722051591447],[150.90695347880825,-23.559442414469252],[150.88472037622032,-23.573334780624517],[150.88435474056342,-23.587291075498257],[150.87527607721321,-23.582223744278597],[150.86389199957574,-23.58166795015189],[150.82249367074837,-23.561110085872013],[150.83666913924415,-23.553613590715383],[150.88027911642436,-23.56388940171972],[150.85694913494643,-23.545834714232818],[150.83444409814618,-23.534719406121283],[150.8285357445349,-23.524114174167742],[150.82486144917834,-23.515425853964214],[150.81443608737845,-23.51638667464393],[150.80277995582202,-23.51694683181049],[150.7916723127394,-23.50916576412831],[150.8602755831109,-23.50111024096355],[150.86648714849858,-23.47411443774028],[150.8011613075531,-23.38413506517192],[150.7908028693671,-23.321945976252845],[150.77432200638427,-23.306667523575733],[150.79615823473662,-23.30380085957808],[150.8294364564985,-23.26805612057859],[150.8294364564985,-23.258334954847044],[150.82444672376295,-23.249997847921275],[150.8158273475305,-23.22194696888932],[150.79603778768725,-23.221307634203196],[150.7949988250396,-23.18527850504797],[150.78611631689606,-23.15861203201405],[150.77333205776813,-23.16416712358562],[150.75029186828866,-23.116443215055014],[150.77555716781308,-23.00000020098352],[150.7683245064123,-22.988055227274824],[150.77833516547565,-22.96333272073822],[150.76750406012923,-22.97333397240742],[150.7608331799546,-22.948333638977807],[150.74566785493488,-22.948226922641105],[150.7441695213584,-22.936942625833403],[150.73722670355846,-22.93027750126724],[150.77277913312975,-22.919168281508004],[150.78555447614102,-22.92555464218238],[150.8011166927489,-22.81777595822169],[150.80764931066463,-22.803467812557226],[150.83610728664854,-22.685554380682635],[150.80360494186237,-22.667500379735245],[150.80305642897372,-22.64639055553044],[150.77776891978186,-22.638332531877033],[150.78527803530022,-22.558611999143587],[150.78582648307494,-22.548333321038314],[150.78500150628253,-22.52888978725606],[150.76638921103873,-22.523889385876505],[150.75639194457767,-22.522777274863287],[150.77082604410833,-22.55055303031789],[150.75610207978494,-22.580278828356306],[150.74333120946332,-22.58750037364086],[150.7407984811468,-22.61946969961545],[150.7255572728718,-22.614443908538686],[150.72277928456754,-22.559176195164554],[150.6894385353886,-22.556944229163594],[150.6644452423132,-22.51361223806938],[150.67500446429815,-22.494724162010055],[150.67889281432545,-22.48583321168898],[150.72083952851585,-22.51500043905703],[150.73638843080462,-22.479166781460155],[150.7616715016968,-22.47027902259894],[150.7502740461747,-22.450556633634722],[150.7371508997464,-22.43702208635773],[150.72305126555247,-22.44277565934928],[150.6894385353886,-22.418333796908993],[150.6855635562875,-22.359721633377738],[150.67083520351906,-22.347778475201007],[150.65527290223656,-22.37833536851147],[150.66556003383724,-22.405002270274068],[150.66389679988288,-22.414722755756046],[150.65472440538292,-22.40583498213138],[150.63833725615447,-22.389443072083417],[150.63221936932126,-22.357779293857234],[150.64166369616822,-22.362777374269722],[150.63444448501536,-22.339166944946708],[150.61527920912008,-22.333054390336244],[150.5691676488284,-22.31916605539608],[150.53500203169995,-22.373057473450743],[150.5247193187119,-22.369168998404657],[150.5341013443672,-22.38249990835952],[150.54276979592896,-22.421112051029773],[150.5355549483051,-22.428053348329485],[150.53333877920053,-22.444164610226775],[150.55944685561016,-22.481111502380873],[150.58139007431336,-22.515832494747553],[150.571107351226,-22.516112592153977],[150.58639314241844,-22.557776038449017],[150.6202868048038,-22.621387789078977],[150.6216735866081,-22.630833824418264],[150.62638682936787,-22.63916386011511],[150.6138924879053,-22.637776969538752],[150.61027612539988,-22.628055691633303],[150.5872180730789,-22.602777902508567],[150.5752721797007,-22.581110509856877],[150.55778358838054,-22.560279805665395],[150.5452713079272,-22.5622233440906],[150.50084084438436,-22.536665874673574],[150.49110215778785,-22.54555342386438],[150.45333804581946,-22.522225360814083],[150.44194055892103,-22.516664538449422],[150.40444849624743,-22.4869456517058],[150.30471624622626,-22.41138784153238],[150.29861618088535,-22.40416537182531],[150.21082988738928,-22.381110341093013],[150.17971869205005,-22.361940280737123],[150.1755538860252,-22.35250064219153],[150.18777629870146,-22.331387969583144],[150.18861464028808,-22.32083254925581],[150.16027705623816,-22.29694682816282],[150.14971791622102,-22.267502776940937],[150.148607594727,-22.257499638866967],[150.0997179986057,-22.208885043712822],[150.07665993882992,-22.14972248646818],[150.06805386628844,-22.145278498858183],[150.04527236061702,-22.125832374896135],[150.02055554858939,-22.145555209512388],[149.99027829101695,-22.157222430514985],[149.93956047714855,-22.21344263560614],[149.9418345900614,-22.222222983274374],[149.92889430291817,-22.25631935782046],[149.92361473149293,-22.26630607940584],[149.92047099388634,-22.305301125858634],[149.91441555736677,-22.315057431776026],[149.93653714342463,-22.32470586510479],[149.93969871249482,-22.341039455059462],[149.91613675157816,-22.349869458325937],[149.96777321253208,-22.465832840648847],[149.97192455331083,-22.48976788881659],[150.00582714684978,-22.56111156037261],[150.01194948977687,-22.581670437929592],[150.01777757109386,-22.596388803595694],[150.02916162312735,-22.628887025569515],[150.02638355798274,-22.63999936913417],[149.9794470781053,-22.56472288513704],[149.92889430291817,-22.518056871252153],[149.86947674274478,-22.46417220099954],[149.84059067320686,-22.408737231972072],[149.8052969015052,-22.384615008578418],[149.7772357573629,-22.43331264285379],[149.69111714351587,-22.497776877615518],[149.68943609266023,-22.506942952859237],[149.67944324432315,-22.50777920331391],[149.6705785499633,-22.502778163638556],[149.6549984094291,-22.502778153721245],[149.7071520966058,-22.445949104833833],[149.7125564838944,-22.45812696405996],[149.74669090266428,-22.413593319095902],[149.7609244250302,-22.367692831801342],[149.7257064062584,-22.350974680629555],[149.71025117848023,-22.371263768503717],[149.6821275917884,-22.345048234482082],[149.6524968925729,-22.370554538685365],[149.65048135734713,-22.326619826803693],[149.6278514836129,-22.300569145622408],[149.56714081934044,-22.299005516125757],[149.5723579312297,-22.289297555172375],[149.5987870418313,-22.279242347821988],[149.58972166203617,-22.24999683711693],[149.5530545120084,-22.191945712797295],[149.56186124043364,-22.180520839174715],[149.5600419162137,-22.170660164820514],[149.51643190297412,-22.061642812699393],[149.50948904966342,-22.00871077067007],[149.4831402328468,-21.97746139966281],[149.47854732298467,-21.95409217558122],[149.4700304956196,-21.93270879114221],[149.46543761860846,-21.92346375673568],[149.46408205537242,-21.913245832100593],[149.46536181139305,-21.902245343666486],[149.4707929898332,-21.83973432035715],[149.45573457390992,-21.835086058573467],[149.4616072585575,-21.817336121327802],[149.43298422488175,-21.80891155673995],[149.43252501955735,-21.799902776446725],[149.43483037175002,-21.756249974700122],[149.43081713106676,-21.74801643003535],[149.44905043073837,-21.727716458238515],[149.46017584411632,-21.73084386965597],[149.47230463930867,-21.739761814420394],[149.4725052803236,-21.710288828001815],[149.45689399900468,-21.71450608232857],[149.44438172544193,-21.62122417898088],[149.47222882800915,-21.60138728160008],[149.48803632668282,-21.54329952139247],[149.47508263183465,-21.53599124256622],[149.4507448626293,-21.567631350756567],[149.4102785172497,-21.54833461865601],[149.3986982188579,-21.5578195138569],[149.39122029499785,-21.53821444935826],[149.37982283689468,-21.53627742974182],[149.39466724714887,-21.49750710086269],[149.35218982211725,-21.506634372806133],[149.35771014753686,-21.497697871441897],[149.3372206288421,-21.474723645912135],[149.29733396534442,-21.510940550517677],[149.28486628752432,-21.477209229476276],[149.29802067552325,-21.47040395356695],[149.29661602914882,-21.429773002083788],[149.30662671589494,-21.427797210899055],[149.3243249146227,-21.415447803688135],[149.28894189620658,-21.41315632528713],[149.28805453672467,-21.40238743604648],[149.31463524518122,-21.38525273435504],[149.3100289754205,-21.37686525935312],[149.30449083198107,-21.369179176948602],[149.30895880656539,-21.35959887967175],[149.2939895968154,-21.296233929026734],[149.29647777602437,-21.276477501216394],[149.27874843134634,-21.27882515679067],[149.26899633902678,-21.268765305435164],[149.26217836157298,-21.275168552723795],[149.2615808635271,-21.26254868286779],[149.25639494997498,-21.243889043746222],[149.20704611403943,-21.28332502513383],[149.20128043479716,-21.292582004338843],[149.19528300742698,-21.304023714008498],[149.1902174016114,-21.29442671749356],[149.195693222509,-21.285232132323177],[149.1950822830216,-21.270593662500218],[149.20921320017345,-21.233835072641202],[149.19694622764413,-21.228888936639706],[149.18444733589644,-21.204987058691323],[149.19583145127373,-21.210486884387073],[149.19399872747022,-21.200863021328654],[149.21167014192287,-21.146109557121026],[149.20078999541374,-21.14162210234281],[149.2034163889134,-21.12951488345724],[149.22059731472572,-21.138232520282866],[149.22328164133052,-21.11679932107372],[149.2237721697644,-21.10360841718062],[149.2244410274787,-21.063487801094375],[149.2068766654745,-21.077992952724284],[149.20329147573796,-21.069055310507007],[149.1788645654965,-21.03405306203854],[149.15792908237506,-21.01765815714745],[149.15750102951813,-21.007255802091723],[149.13888423007742,-20.99916743843706],[149.1266618351512,-21.00583214496185],[149.08096498245996,-20.976281899867235],[149.06742714662033,-20.976481762684287],[149.06980831541838,-20.992589847385364],[149.0466610959756,-20.985129278178764],[149.0215474735184,-21.003501027991316],[149.0207225210369,-20.981852707866143],[149.02806221302552,-20.959722429802788],[149.0133382864448,-20.937780459427234],[149.0381754217281,-20.925918996243006],[149.06027026045408,-20.930000634332384],[149.03527708129673,-20.89916483699193],[149.0008394068531,-20.90833338139065],[148.98333745566435,-20.891945439992163],[148.97250184277664,-20.90138934823048],[148.94610390997187,-20.878055614585715],[148.9344478923282,-20.892220394087182],[148.9297167242039,-20.884167422007714],[148.91542088270702,-20.890978971516645],[148.89117225906404,-20.873189252860158],[148.89222907561216,-20.860001856445145],[148.91888558459473,-20.85694754632279],[148.92788852261967,-20.853684840861003],[148.9177395930713,-20.84753839677665],[148.89193923048242,-20.829164156238093],[148.89361588279283,-20.85000110550854],[148.8747270991149,-20.863331100044704],[148.87361230232824,-20.876389075728767],[148.8513926720246,-20.87583493529828],[148.8417208671008,-20.877338974674664],[148.8463895606151,-20.856668348405194],[148.83789046919657,-20.86091019904283],[148.8399951277159,-20.84694663540046],[148.8377834980941,-20.823333535193534],[148.82194470909988,-20.826942834750678],[148.8172136249876,-20.818056966273218],[148.8086075775848,-20.813888917447915],[148.7997294828416,-20.80889125423784],[148.83972315081436,-20.792500863447305],[148.814729887838,-20.772218819850455],[148.77795569610612,-20.755119753160297],[148.77861117670597,-20.73444490921846],[148.7302076448989,-20.712057064899447],[148.72389352613973,-20.683888346318195],[148.69999722732678,-20.676946463652424],[148.73554962464476,-20.638330937294814],[148.6913778187209,-20.626779781032454],[148.66139032826734,-20.568610289969],[148.67582887301447,-20.559725918709006],[148.67701503042952,-20.548486190448465],[148.69268877990777,-20.539512996638845],[148.71472121294784,-20.488891783793942],[148.6972192548411,-20.468335244677043],[148.7019503322168,-20.455835397110814],[148.72000076269677,-20.468611011481663],[148.72639508712967,-20.475833815285508],[148.77139191868406,-20.47111336008514],[148.78346266718808,-20.44774262289141],[148.80305601478906,-20.443054625207697],[148.82499476484975,-20.492776330256476],[148.82147205533627,-20.50547777691851],[148.84222471500556,-20.508334496630134],[148.8513926720246,-20.514724402462015],[148.85499554578266,-20.524446547125628],[148.88740436041644,-20.526296573931617],[148.90167342702205,-20.53861109377718],[148.926314418128,-20.536861478192307],[148.9130575303314,-20.50889002428297],[148.88583472181892,-20.485834100046468],[148.91221478019375,-20.478331905331217],[148.90336787904832,-20.467850618126974],[148.87611387817591,-20.468059494061865],[148.8380599277003,-20.422220420855965],[148.83033674545828,-20.38848100947077],[148.8399951277159,-20.36000176097978],[148.8277727745345,-20.338056662843314],[148.81556819246703,-20.342062111989236],[148.82040188468528,-20.326240379653274],[148.77444635112164,-20.302220320398508],[148.77667147479264,-20.29083627166753],[148.78721722965707,-20.29111234994804],[148.80027797195103,-20.295604153948453],[148.79276883667958,-20.28138803613623],[148.775177718115,-20.25194358490444],[148.76249600332142,-20.23249777036838],[148.74893144008627,-20.262916336672216],[148.73666443407362,-20.253324112111155],[148.7310637738507,-20.274302428135805],[148.7108328565059,-20.268333431231255],[148.67753676545854,-20.271332581256924],[148.68444835946698,-20.24389026182739],[148.67472747059875,-20.235556146691852],[148.6633300483829,-20.2452792373013],[148.6608285240383,-20.218334396967176],[148.64750466039936,-20.204165583152502],[148.63638367079878,-20.172500709611125],[148.62583793763193,-20.219443201720278],[148.59944002144184,-20.200001716408142],[148.5822279499784,-20.188057740792157],[148.5963141855337,-20.1700688874036],[148.57665849827254,-20.173609890079945],[148.57139676879282,-20.14444648609871],[148.57888806062388,-20.127775627078616],[148.56555091576547,-20.12250020860921],[148.56036493474107,-20.085332771150117],[148.56637584290863,-20.075457401307343],[148.55360491105338,-20.069166585233038],[148.5203088365714,-20.09143441318196],[148.49472255975988,-20.087778534523377],[148.48527364929757,-20.080277869294356],[148.4511258702767,-20.06220546328333],[148.44111520330003,-20.072496270016597],[148.45222279326026,-20.111387774307083],[148.46972481072146,-20.123333409773046],[148.42833093150193,-20.16583300193498],[148.41139079374784,-20.17087673400961],[148.34138298001062,-20.14972114523233],[148.27107183691746,-20.087912498169946],[148.27827328509542,-20.081718586916026],[148.27528572909316,-20.071943474538653],[148.2638258046287,-20.068617960231368],[148.23083289512226,-20.03638942611001],[148.248201145937,-20.017717022323346],[148.2733325674083,-20.022220869682204],[148.2667063512471,-19.986982410550095],[148.25721745415257,-19.98444714637597],[148.21472215873405,-19.9680568457168],[148.21194412593033,-19.95444378314019],[148.1657389762318,-19.955139600071362],[148.15972808451423,-19.948055960235212],[148.14251599255726,-19.9499422024963],[148.09499977404295,-19.9199993341546],[148.0790272479925,-19.880574160686525],[148.02000218071572,-19.89971986968807],[148.00777978886896,-19.92416648256246],[147.98158252067492,-19.923885561081498],[147.91610514453933,-19.91416771672743],[147.90943872466733,-19.907497372422732],[147.90527398073064,-19.89916640717441],[147.8938899049472,-19.88527901525881],[147.88139543562934,-19.880557399152536],[147.85055630880998,-19.772222857698853],[147.84835796656537,-19.73130029287875],[147.80444471859178,-19.708612328652862],[147.75848477543332,-19.70676945924041],[147.74549989823294,-19.768043353575617],[147.7680495579334,-19.806388971159326],[147.7858280452029,-19.84472115208114],[147.77472038651928,-19.841667631028805],[147.74083122326454,-19.833056298417773],[147.68916361840624,-19.832221615943368],[147.66638202680184,-19.817497774496715],[147.59844767921211,-19.75012401852494],[147.58277837620932,-19.719723751778623],[147.58361671308356,-19.710278870026],[147.59971406083898,-19.698335627222495],[147.5797283244401,-19.67222092002484],[147.58583283754274,-19.662777485289073],[147.571104489836,-19.668332720403676],[147.56138805765963,-19.667774261848454],[147.55333048042792,-19.66194602790222],[147.58725082221974,-19.653862554488313],[147.57600503950658,-19.628715017220873],[147.5650043757989,-19.60444575031945],[147.5521399057021,-19.59477982563068],[147.5741723507536,-19.59833372110575],[147.55333048042792,-19.539167573364384],[147.5469495174375,-19.54777787198296],[147.5361183558345,-19.545277648461887],[147.53805360348906,-19.52972051624704],[147.53111075350088,-19.519167523284764],[147.5222148915098,-19.504444337373346],[147.51286415333192,-19.49230920518769],[147.47111353883648,-19.41888625991306],[147.4516585014464,-19.364164306052],[147.45083805375393,-19.38250090886286],[147.4405196613601,-19.419924943658568],[147.29303042111948,-19.41232562463524],[147.25944448668469,-19.428886433088238],[147.24472051955385,-19.43916358863825],[147.22500687740916,-19.41916800840157],[147.16722134716133,-19.41277562385323],[147.13645805641343,-19.410811567427587],[147.12110982506726,-19.425555954278714],[147.1169450274248,-19.411387776505276],[147.1224966380402,-19.403056181483784],[147.04722701003058,-19.30999631418792],[147.04472541172,-19.300834742710347],[147.05027698146498,-19.272778562452476],[147.05888304801107,-19.27777903239518],[147.06166107874887,-19.24694466883229],[147.0422194059681,-19.216668700075775],[147.01832756833096,-19.192775770710007],[147.0116745216664,-19.224167653917533],[146.9600069461324,-19.295834979259947],[146.87611338873393,-19.299445896787894],[146.83833148625916,-19.270833937742584],[146.84222425451784,-19.252501572822283],[146.78590583308576,-19.23450820156135],[146.77383503863715,-19.18856023945432],[146.72166351489957,-19.182777973816034],[146.6891611283002,-19.19333162175297],[146.65360874697075,-19.18055429215972],[146.55055447993945,-19.130833462912072],[146.43943816104579,-19.0566667006047],[146.39388843185105,-18.996945950154593],[146.36639358595104,-18.975277270738832],[146.32694841349638,-18.933057650936426],[146.27667200370496,-18.864165847074496],[146.26333481093786,-18.86305609894406],[146.2719721267001,-18.855578771181886],[146.2761681478432,-18.815777056254234],[146.27471893775123,-18.80638968983026],[146.2777689315272,-18.761391577077987],[146.33070290853874,-18.641751996017135],[146.32110692629234,-18.645001105360787],[146.3347161235879,-18.630030978798953],[146.33833242217247,-18.620831970517678],[146.34153853026285,-18.570183851004014],[146.32972636187247,-18.574723561164188],[146.33778402888288,-18.561391610096987],[146.33749413101538,-18.528611124590224],[146.3180524493734,-18.524167529545863],[146.27105801912114,-18.505148607149366],[146.26138176794527,-18.5080535929772],[146.25971850742755,-18.498885952352325],[146.23693697165942,-18.4969449676655],[146.22943233183818,-18.491253054087945],[146.22027775787052,-18.48888905560224],[146.20861717049956,-18.46621195780737],[146.20361411227785,-18.456386495642235],[146.21444523598925,-18.458332193341434],[146.2449945811964,-18.488330863800236],[146.31694216623714,-18.488889016154996],[146.32888806217352,-18.47027641105209],[146.34334005119283,-18.43166612373781],[146.3511657896314,-18.415336198110648],[146.32306002113108,-18.392501236047195],[146.3379534279624,-18.376290266396087],[146.31855635997152,-18.35262917651546],[146.30139326979602,-18.349446441875404],[146.2755438752204,-18.30373497299482],[146.3011614072345,-18.23430028494672],[146.24806244613214,-18.235833394239304],[146.22965966912275,-18.213550865004834],[146.2172232514148,-18.227502674052953],[146.22749261415908,-18.24666232993614],[146.23400731378524,-18.265400704390796],[146.23056041439327,-18.273890487305064],[146.22999415513542,-18.289721562231886],[146.217085009201,-18.28692296542117],[146.20999061282518,-18.280821830461722],[146.10806449695693,-18.233453207247024],[146.07388102567333,-18.253332128766957],[146.13444450795222,-18.306943964439235],[146.1944417148557,-18.371660750512362],[146.1999977407833,-18.379997222351456],[146.2072304540855,-18.402182217255433],[146.20861717049956,-18.41555616613835],[146.19555650633853,-18.42389051485289],[146.18083259035552,-18.381770277538386],[146.16972495497876,-18.37527893737602],[146.15806441422038,-18.36541442918064],[146.14778169574905,-18.36416601730159],[146.15083170213043,-18.373057242215356],[146.13777100296258,-18.37083129049947],[146.09750534417444,-18.351668435436164],[146.07499580995665,-18.30889128408369],[146.01583692252922,-18.244167986337303],[146.01280023361042,-18.11138149135015],[146.0283357937084,-18.084441630746138],[146.05299459696616,-18.022721970752322],[146.07055453868617,-17.9977787398662],[146.10110383601562,-17.968887294313433],[146.09832581347754,-17.897219362968645],[146.11527930273735,-17.86040040969216],[146.109451260912,-17.853057806916922],[146.0991685917657,-17.810558062099716],[146.09167280889682,-17.804979487874018],[146.09611407851136,-17.788332014458774],[146.11083804572817,-17.7661117448954],[146.1075918612402,-17.71456946622092],[146.1099997577781,-17.70486754103781],[146.14311302680082,-17.652717017608964],[146.1286164477701,-17.594745275034075],[146.07556205747179,-17.527222033108984],[146.06779437177093,-17.51051909362749],[146.0772253339803,-17.477499858831827],[146.06576546328478,-17.438059496735175],[146.07008184028382,-17.392742772775602],[146.0115071116593,-17.32832440058039],[145.9675894248898,-17.22354944486867],[145.9508366104393,-17.13888821434415],[145.88944815102906,-17.053331521642214],[145.90904142365716,-16.970123992564517],[145.93444935201632,-16.93666679775823],[145.94154384374752,-16.909253446581282],[145.95506376778891,-16.898194814801457],[145.91610912458108,-16.867776030644404],[145.89805415884047,-16.894999100338705],[145.86354079739465,-16.90416795455857],[145.85167059291206,-16.872777179111242],[145.78492677033609,-16.925131980230045],[145.76305937101182,-16.897499371600382],[145.77360517352517,-16.873886580668035],[145.69944581536924,-16.78361126498089],[145.6716612027523,-16.747221813266567],[145.6063844301556,-16.69444617253942],[145.5758350778069,-16.67555822554909],[145.53972082054509,-16.616665518069038],[145.46722481025745,-16.503888089520828],[145.46944983724435,-16.48361316760624],[145.41194081297118,-16.465555441145124],[145.41305565598094,-16.40472079075006],[145.42777954434408,-16.325000445881727],[145.45110959288186,-16.28611037271288],[145.4847267445355,-16.278889551139486],[145.46542329324691,-16.209039313896522],[145.44166523594058,-16.193054533887302],[145.46583356321162,-16.095276358294218],[145.4677732854806,-16.074166432562922],[145.44277995203518,-16.004153846046176],[145.3839108963747,-15.925300830107012],[145.36166449020996,-15.921111492833425],[145.36778237382026,-15.858333157558214],[145.37527366653734,-15.83583411001948],[145.35667474885778,-15.81972500237589],[145.36500434226653,-15.732778108523913],[145.32110452391439,-15.65555386148329],[145.3161147566216,-15.611388647883977],[145.32527375499026,-15.591666883797243],[145.30183229142486,-15.55159480745518],[145.28555204596003,-15.557716279637944],[145.2719428956603,-15.523609700491514],[145.2829881053369,-15.49443054276076],[145.25579645798675,-15.456664700793818],[145.24861287976344,-15.46250109388489],[145.24249053348362,-15.431112540929767],[145.2883301420262,-15.3697230028293],[145.29133557321708,-15.337038999858741],[145.2899933649046,-15.312224827383533],[145.35334821715824,-15.269341313924109],[145.33667122427224,-15.226943936349508],[145.3108352070873,-15.260832473847683],[145.26472364861445,-15.252779239445427],[145.23639045673158,-15.172221237550625],[145.2372288122535,-15.144723257810014],[145.23167272043065,-15.137500664964865],[145.32833718104584,-15.003053917905865],[145.35435603127482,-14.98694902694912],[145.3530584273962,-14.977778368774901],[145.34666405303804,-14.94499925773391],[145.29222288290077,-14.962223033228105],[145.21888852506308,-14.867220942870754],[145.2241680869133,-14.833610344843127],[145.16563346562447,-14.838610459603185],[145.13221694349608,-14.836386316743715],[145.09344509401018,-14.805555845031142],[145.08389371785813,-14.810276401059712],[145.0591724287358,-14.79916678647378],[145.0549942693375,-14.813608727485708],[145.04888975586653,-14.798610587120523],[145.04083213910317,-14.803335602788563],[145.00529313411425,-14.760906002959562],[144.95193552586423,-14.73118603140503],[144.94278094804542,-14.664443779491135],[144.92250097373332,-14.65500056188687],[144.90445056055222,-14.611109527043746],[144.8172171558611,-14.60805458380967],[144.77972506694147,-14.586111919800281],[144.77041440221527,-14.547356329695502],[144.7005314381183,-14.557222828997688],[144.67166322067422,-14.529443624916022],[144.6188986169274,-14.468611556624538],[144.64193879452037,-14.379999468918532],[144.6437849033713,-14.348495885538451],[144.58877740654341,-14.363131604812244],[144.5874932293443,-14.285000145731315],[144.59027123315934,-14.256668386125767],[144.52191322792538,-14.168573551209299],[144.49000386796595,-14.173891319081054],[144.43360957551272,-14.260277038885516],[144.32777284629844,-14.307776154815148],[144.27119573423676,-14.295971410795055],[144.23916608626678,-14.262498393283726],[144.19610450233773,-14.26083454271302],[144.1897279580758,-14.345553922345111],[144.1472149613475,-14.398887439774958],[144.02833528749952,-14.481391549589178],[143.95222285818772,-14.492223682933753],[143.93943866678916,-14.490000342241697],[143.84611414620704,-14.463611682056037],[143.76687590249057,-14.378081682336473],[143.69873189051106,-14.18091660345439],[143.69067432140835,-14.064168420725442],[143.66769215579023,-14.004616689779951],[143.61688067436208,-13.966262874976524],[143.57422041267205,-13.831970002612852],[143.53280427703754,-13.759356692754553],[143.5633714171208,-13.58166958349226],[143.58583194663169,-13.545920982037254],[143.58811949653807,-13.466016817211246],[143.59610122879712,-13.41294070636748],[143.58411961232326,-13.376711383621855],[143.57556264896562,-13.372247410617275],[143.53098948116693,-13.332163400635991],[143.518098165161,-13.191793223969704],[143.5059515767472,-13.08163937959981],[143.51194908871628,-12.967777510585911],[143.5002439414555,-12.937318900025549],[143.5410135347138,-12.848333612965416],[143.5205551466624,-12.843333975992218],[143.46888757718054,-12.863053677766034],[143.45110914105106,-12.850555132020315],[143.40194750239368,-12.872499920084561],[143.3858323257056,-12.865831494400851],[143.38194397461172,-12.87694254016514],[143.38305874750117,-12.888331326570391],[143.37472471058996,-12.88278047991754],[143.36666714737947,-12.878333607692847],[143.36111550317023,-12.88638830187853],[143.35285727194915,-12.897637544328312],[143.368330406905,-12.77083263467473],[143.4191730483547,-12.68027895590252],[143.40138124008413,-12.666944779615395],[143.4342046502178,-12.625467420339053],[143.44360442201753,-12.623330936368918],[143.45065430076983,-12.617413070600227],[143.43916317948333,-12.615280890666137],[143.41776840645466,-12.611386294888419],[143.41833471007624,-12.589514652456405],[143.39055008277614,-12.593609719436298],[143.35555949557104,-12.563889413747003],[143.30471680219125,-12.55333485007977],[143.2661144120158,-12.49472174345433],[143.2783367533994,-12.4472208016146],[143.2666628716356,-12.401666601210618],[143.24083127930473,-12.382499282793077],[143.17111322025744,-12.344722412186984],[143.13082976673587,-12.346111966574819],[143.10186790428207,-12.34368135262705],[143.0797284567636,-12.33972163659041],[143.09472435838643,-12.254542025635134],[143.09249930144628,-12.224443097189308],[143.08868234426058,-12.174225490628322],[143.0822299944855,-12.166392581772362],[143.19917433887701,-11.982499370182449],[143.21749682254702,-11.977225730213151],[143.23526188328222,-11.988287606954666],[143.2371347162652,-11.964584269091512],[143.2186116010515,-11.954446247247745],[143.17304849562132,-11.974167971911399],[143.13955614846714,-11.917367754932208],[143.13194446808356,-11.911111129831918],[143.1091897343876,-11.905836092571555],[143.1088865036991,-11.890830731687336],[143.0226608510472,-11.935399376006545],[142.9681840128295,-11.928314258762892],[142.9388118935518,-11.896171494057155],[142.91056797099947,-11.89064311988081],[142.89484967273464,-11.8720673955006],[142.85377687935545,-11.836963360970337],[142.8563988100587,-11.628660428438437],[142.8368055332184,-11.527786107366852],[142.83335866792078,-11.489570936142819],[142.83914207181718,-11.423872892580356],[142.86298934507565,-11.374570840626147],[142.8211228916692,-11.292273863643333],[142.79643278263654,-11.281389809169292],[142.7879159439955,-11.214458475074895],[142.7924954730974,-11.13678842591346],[142.7804737389607,-11.069075426525737],[142.7502766455115,-11.023468035719363],[142.73796062502052,-10.988473245319184],[142.712173682838,-10.968069771002112],[142.6645950367509,-10.973918187146204],[142.6695535588236,-10.964554486013832],[142.6717830975333,-10.948089460065074],[142.62333496524872,-10.935555122948468],[142.61891151428793,-10.943606438408608],[142.6080625219908,-10.9391670855934],[142.6183318977186,-10.924167410932528],[142.63833535562452,-10.926111359474538],[142.64193836623306,-10.912499066339555],[142.6183318977186,-10.914999163330787],[142.6042946556741,-10.878331899853558],[142.5952738270931,-10.871110833267664],[142.58666778360742,-10.87721962913259],[142.5733350586692,-10.878331896538418],[142.56433217806583,-10.875669479338722],[142.5530996705506,-10.884282872773007],[142.5437177298709,-10.917459813977317],[142.53440713078822,-10.922499315943297],[142.50976616360444,-10.950926408368874],[142.51847924894776,-10.954441809316892],[142.5102833646512,-10.967220457782306],[142.49981784188782,-10.956573807276582],[142.49444465411884,-10.93861107745916],[142.50264048782097,-10.934394976515634],[142.49873428574998,-10.921111356366936],[142.51943792170232,-10.898084730194629],[142.52055272684146,-10.842496595007061],[142.55972142365556,-10.823055361453777],[142.60694780471354,-10.75234424350941],[142.60152996409707,-10.744765322749132],[142.62170296695768,-10.74204917947046],[142.6208779747418,-10.732730677890242],[142.6113132150916,-10.72662340595823],[142.5964064505304,-10.713115945634065],[142.58300688161702,-10.725177601245448],[142.55471836360923,-10.719166515468446],[142.54969741690917,-10.711433453434221],[142.53576714834753,-10.692960888024814],[142.46670457045022,-10.720007756677202],[142.43597248993444,-10.710872622675119],[142.38110321359576,-10.83694334946674],[142.3598333564247,-10.846109691218492],[142.35176235191565,-10.883052387471603],[142.2764749096016,-10.914753945789945],[142.23694046319105,-10.917249641683489],[142.21838172996684,-10.92981979081255],[142.21075217553175,-10.935629586519685],[142.20304689154696,-10.917170838893512],[142.18315037761332,-10.91883902357213],[142.12933346235874,-10.963775200351975]],[[150.61805729754707,-22.350277758723696],[150.62222204852762,-22.359445354856955],[150.63221936932126,-22.357779293857234],[150.61805729754707,-22.350277758723696]],[[150.6277780986152,-22.386111744771],[150.61999694124935,-22.391665354080644],[150.63833725615447,-22.389443072083417],[150.6277780986152,-22.386111744771]],[[150.67693971984897,-22.568054110044326],[150.68749886170062,-22.571665226969326],[150.6894385353886,-22.556944229163594],[150.67693971984897,-22.568054110044326]],[[150.63499290613373,-22.547777373896405],[150.6425020517492,-22.538609802686995],[150.62944136664066,-22.53611400200323],[150.63499290613373,-22.547777373896405]],[[150.61250117344346,-22.521389221413894],[150.61805729754707,-22.513888272949398],[150.6041716348975,-22.513612220989742],[150.61250117344346,-22.521389221413894]],[[150.62277051250138,-22.54472154438346],[150.62944136664066,-22.53611400200323],[150.61332616303335,-22.53166580482588],[150.62277051250138,-22.54472154438346]],[[150.6141644450989,-22.549441134226967],[150.6252764989667,-22.556944236052363],[150.62277051250138,-22.54472154438346],[150.6141644450989,-22.549441134226967]],[[151.77089094236229,-24.12949107053454],[151.78509321946504,-24.124444798603687],[151.77555967087739,-24.120830922343576],[151.77089094236229,-24.12949107053454]],[[150.53889480426508,-22.572221062029715],[150.54973043180323,-22.57500035737055],[150.5452713079272,-22.5622233440906],[150.53889480426508,-22.572221062029715]],[[151.67639368005058,-24.060836807426547],[151.67721411221044,-24.04944373745617],[151.66860811137587,-24.05444409056742],[151.67639368005058,-24.060836807426547]],[[150.49471856136444,-22.55750022316155],[150.50055104201988,-22.55027710713414],[150.49110215778785,-22.54555342386438],[150.49471856136444,-22.55750022316155]],[[152.84629684638878,-25.485928716118387],[152.86152459521477,-25.481247319518598],[152.8538817683875,-25.474488583725687],[152.84629684638878,-25.485928716118387]],[[151.55111524977437,-24.093694936562322],[151.5605640561118,-24.101669034910127],[151.56138454653316,-24.0808352354965],[151.55111524977437,-24.093694936562322]],[[151.45750530211953,-24.03972344594106],[151.4634715756971,-24.032360475571753],[151.45556563967267,-24.026646549590595],[151.45750530211953,-24.03972344594106]],[[151.30052263620345,-23.87910010655991],[151.30905292829902,-23.874435430233465],[151.30177126018552,-23.867968284196802],[151.30052263620345,-23.87910010655991]],[[151.4199997935961,-24.036388218837732],[151.43194576573242,-24.050278524563613],[151.4324942621807,-24.036665149923298],[151.4199997935961,-24.036388218837732]],[[151.44332982639534,-24.06194835496499],[151.4436018223865,-24.052778691764246],[151.43194576573242,-24.050278524563613],[151.44332982639534,-24.06194835496499]],[[150.7739563728919,-23.287500445917985],[150.77308685516985,-23.278194405879425],[150.75752454190675,-23.288413837867516],[150.7739563728919,-23.287500445917985]],[[153.03249997350667,-25.960555954616556],[153.0369411935245,-25.952224636365358],[153.02667188361733,-25.952501284983175],[153.03249997350667,-25.960555954616556]],[[150.9050004245338,-23.62496779160443],[150.91972439500304,-23.61972202434849],[150.90347094600097,-23.615942888110084],[150.9050004245338,-23.62496779160443]],[[150.9225023860409,-23.66305427034523],[150.93167033777866,-23.667779622046197],[150.932495228359,-23.657499695199377],[150.9225023860409,-23.66305427034523]],[[149.28816155285622,-21.39054658423512],[149.27934145064785,-21.39821088287858],[149.28805453672467,-21.40238743604648],[149.28816155285622,-21.39054658423512]],[[150.77984679036976,-23.502991224063727],[150.76750406012923,-23.509721896670406],[150.7916723127394,-23.50916576412831],[150.77984679036976,-23.502991224063727]],[[150.82166875831354,-23.607779473021978],[150.83888081654223,-23.610553782369212],[150.83555439664144,-23.601666850788845],[150.82166875831354,-23.607779473021978]],[[150.8133391618178,-23.61527693568083],[150.82333198300117,-23.619722086689812],[150.82166875831354,-23.607779473021978],[150.8133391618178,-23.61527693568083]],[[150.7877795907528,-23.616666066244694],[150.79997072658372,-23.6202000864528],[150.80166519854023,-23.60833518360032],[150.7877795907528,-23.616666066244694]],[[150.01777757109386,-22.596388803595694],[150.0308382289057,-22.59944344059797],[150.0255586447355,-22.590279365592412],[150.01777757109386,-22.596388803595694]],[[150.034441170675,-22.647221827453304],[150.0383295258433,-22.635834419499446],[150.02638355798274,-22.63999936913417],[150.034441170675,-22.647221827453304]],[[150.7050008068879,-23.546668649195833],[150.71249206759276,-23.55916444130445],[150.7186902329085,-23.548814729884814],[150.7050008068879,-23.546668649195833]],[[150.690736185545,-23.564355386577134],[150.7022227607309,-23.565001170632502],[150.7027756888966,-23.555555196699913],[150.690736185545,-23.564355386577134]],[[150.7036140375943,-23.575836057096204],[150.70388607204194,-23.58708683103521],[150.71333490356344,-23.577499382841296],[150.7036140375943,-23.575836057096204]],[[149.6088868717136,-22.35333368214357],[149.62020854473937,-22.362476319620484],[149.62747240870402,-22.356109099200836],[149.6088868717136,-22.35333368214357]],[[149.55134668211096,-22.295152144494754],[149.5526130706604,-22.30736386447135],[149.56714081934044,-22.299005516125757],[149.55134668211096,-22.295152144494754]],[[149.6991747667599,-22.509443467376215],[149.68943609266023,-22.506942952859237],[149.6844463922271,-22.515832557323044],[149.6991747667599,-22.509443467376215]],[[153.10888884261735,-26.875833731936588],[153.11833316603682,-26.880276485798685],[153.11972000509232,-26.870277105151636],[153.10888884261735,-26.875833731936588]],[[153.08305274913846,-26.93888680441484],[153.07388482575976,-26.946944310207016],[153.08694556271763,-26.94916631238188],[153.08305274913846,-26.93888680441484]],[[153.08332922606195,-26.958053759072232],[153.07000545742693,-26.95916670242031],[153.07943647824362,-26.966388122860966],[153.08332922606195,-26.958053759072232]],[[147.50832925375352,-19.65055344576674],[147.50315667089944,-19.658397757660392],[147.5186163748911,-19.66277742957084],[147.50832925375352,-19.65055344576674]],[[147.25277817534766,-19.44416733847851],[147.23916452568756,-19.446946665676034],[147.25332664249282,-19.454166042337818],[147.25277817534766,-19.44416733847851]],[[145.9480585554695,-17.224167081947556],[145.95181315642847,-17.234064996176002],[145.95832783869508,-17.225832358090745],[145.9480585554695,-17.224167081947556]],[[146.11222927831832,-17.61666801402393],[146.12249858948428,-17.6158307583842],[146.12583844778044,-17.60666756847655],[146.11222927831832,-17.61666801402393]],[[145.77638321137545,-16.941943421695566],[145.7858275549426,-16.942779434685576],[145.77972302669252,-16.933058032442748],[145.77638321137545,-16.941943421695566]],[[146.22615036613846,-18.40995456148638],[146.2161085409189,-18.406112883118194],[146.21916301077536,-18.416943841679036],[146.22615036613846,-18.40995456148638]],[[146.21360694703324,-18.50083537822833],[146.2247145478523,-18.499165040508654],[146.22027775787052,-18.48888905560224],[146.21360694703324,-18.50083537822833]],[[146.18307549147733,-18.414422329065133],[146.17277491766205,-18.42083605730426],[146.18221933855364,-18.423539365667363],[146.18307549147733,-18.414422329065133]],[[146.20388612555288,-18.485556610165297],[146.20388612555288,-18.474442326432445],[146.19471821734228,-18.47694608800154],[146.20388612555288,-18.485556610165297]],[[146.21360694703324,-18.50083537822833],[146.20666416636647,-18.50861168800166],[146.21777170513192,-18.514167791213367],[146.21360694703324,-18.50083537822833]],[[143.41250665135195,-12.93444622522547],[143.41528469802438,-12.9258323604903],[143.401109191824,-12.929443935753348],[143.41250665135195,-12.93444622522547]],[[143.39111189722612,-12.875277695551974],[143.38305874750117,-12.888331326570391],[143.39611948116885,-12.888053166478615],[143.39111189722612,-12.875277695551974]],[[143.39305158987952,-12.935002498622252],[143.401109191824,-12.929443935753348],[143.3908398862434,-12.924167793442125],[143.39305158987952,-12.935002498622252]],[[142.6544506031254,-10.97472371588881],[142.66198646995755,-10.987571521025167],[142.6645950367509,-10.973918187146204],[142.6544506031254,-10.97472371588881]],[[142.6494429817991,-10.986945532654037],[142.65284529133885,-11.001521837761723],[142.66198646995755,-10.987571521025167],[142.6494429817991,-10.986945532654037]],[[142.5926964835652,-10.955002165898902],[142.60278296901816,-10.965832745350266],[142.601012747458,-10.950589309785215],[142.5926964835652,-10.955002165898902]],[[150.6511080989936,-22.42333380321674],[150.65098768103024,-22.436267839812544],[150.6608289627969,-22.42886943762122],[150.66389679988288,-22.414722755756046],[150.6511080989936,-22.42333380321674]],[[152.8955519965116,-25.49111306138366],[152.89750509942124,-25.49999997584564],[152.90750242733267,-25.503054718638165],[152.9141375639106,-25.49312147652912],[152.8955519965116,-25.49111306138366]],[[152.81944407059274,-25.495001117625574],[152.8530568365258,-25.49472347446069],[152.84629684638878,-25.485928716118387],[152.835554810383,-25.486943072019617],[152.81944407059274,-25.495001117625574]],[[152.54583810659523,-25.169722802734867],[152.54943658723622,-25.17916609347556],[152.55972372999014,-25.181667989807618],[152.55806052175123,-25.17249940321602],[152.54583810659523,-25.169722802734867]],[[152.88055610997773,-25.58277598186081],[152.87944130745225,-25.59222311728111],[152.88888567707997,-25.58777515259119],[152.88799830500307,-25.575697105856],[152.88055610997773,-25.58277598186081]],[[149.6386112520228,-22.35944536996003],[149.62747240870402,-22.356109099200836],[149.63133401128832,-22.3658124353554],[149.64233464499605,-22.371156553167552],[149.6386112520228,-22.35944536996003]],[[153.04861516671878,-26.94694433911647],[153.07000545742693,-26.95916670242031],[153.07388482575976,-26.946944310207016],[153.06778031295127,-26.938886810520344],[153.04861516671878,-26.94694433911647]],[[145.78832908434217,-16.981668808787163],[145.7774979112739,-16.98027423143913],[145.7700021561903,-16.98611256543404],[145.78054801203422,-16.989443169901655],[145.78832908434217,-16.981668808787163]],[[151.42443665245392,-24.00972319918642],[151.43110748432866,-24.016944897857684],[151.4324942621807,-24.036665149923298],[151.4454657284867,-24.027139361081044],[151.43861209488313,-24.00972314547632],[151.42443665245392,-24.00972319918642]],[[152.97054966150475,-25.797222090307148],[152.9455429806443,-25.798057089131728],[152.94111509347852,-25.809165220810957],[152.9752807314451,-25.806110236138686],[152.97999403606397,-25.793889777177103],[152.97054966150475,-25.797222090307148]],[[153.0122243849732,-25.948335339935735],[153.0094463644994,-25.978054581469422],[153.0248258177674,-25.96665365715482],[153.02667188361733,-25.952501284983175],[153.0305468686701,-25.939169153018867],[153.0122243849732,-25.948335339935735]],[[150.73350340785797,-23.48722250735299],[150.7095045062248,-23.501359700429457],[150.71948399264917,-23.503122080188664],[150.72805880115465,-23.497221269180304],[150.741944436509,-23.491962262500877],[150.73350340785797,-23.48722250735299]],[[146.20388612555288,-18.44527888432006],[146.19555650633853,-18.42389051485289],[146.1869504724784,-18.431386913662486],[146.17106715449358,-18.44031694779629],[146.18804736661144,-18.441112249716713],[146.20388612555288,-18.44527888432006]],[[151.4643099336506,-24.056247895720553],[151.47111449085017,-24.06305584536576],[151.4816736874449,-24.066109464671403],[151.47888229717987,-24.049997583952315],[151.4699996931935,-24.045831777353175],[151.45750530211953,-24.03972344594106],[151.4643099336506,-24.056247895720553]],[[150.7036140375943,-23.61833292869082],[150.72111602708563,-23.62138895550739],[150.74777249868222,-23.602778224123345],[150.74472251720601,-23.59194565395293],[150.72444247204515,-23.606112373710666],[150.71409734271492,-23.604420807665836],[150.7036140375943,-23.61833292869082]]]}]},"id":"00000000000000000000","properties":{"Id":0,"nomi":"Sernam ekvatorial o'rmonlar"}}]}