{
"type": "FeatureCollection",
"name": "jamerikatzona",
"features": [
{ "type": "Feature", "properties": { "Id": null, "id1": 5, "nomi": "Chala cho'llar va cho'llar" }, "geometry": { "type": "MultiPolygon", "coordinates": [ [ [ [ -7233958.289737804792821, -4971680.878674400039017 ], [ -7250254.791118736378849, -4989384.901116126216948 ], [ -7254306.364181502722204, -5002247.740549927577376 ], [ -7255728.025731256231666, -5010949.644146407954395 ], [ -7254413.573832118883729, -5025749.78466319758445 ], [ -7253764.362946945242584, -5029197.36348051391542 ], [ -7250548.334687783382833, -5045750.255991690792143 ], [ -7243173.523715258575976, -5077501.826189275830984 ], [ -7240839.171200763434172, -5081316.852989099919796 ], [ -7238520.830153670161963, -5083565.922580423764884 ], [ -7236216.503805910237134, -5085300.561305901035666 ], [ -7234847.952554788440466, -5088966.14815953373909 ], [ -7235303.794179791584611, -5095337.419380213133991 ], [ -7235814.761532890610397, -5098312.994450173340738 ], [ -7237444.814756859093904, -5102913.464341972023249 ], [ -7238798.343593942932785, -5107286.879132844507694 ], [ -7238907.550012638792396, -5113972.144476310350001 ], [ -7238056.945472204126418, -5118880.760713681578636 ], [ -7237066.100631597451866, -5122071.795697160996497 ], [ -7235133.49039014056325, -5126308.864018549211323 ], [ -7236663.350643862038851, -5132933.505822576582432 ], [ -7238333.469859114848077, -5137291.062645980156958 ], [ -7239849.315413513220847, -5140840.683222402818501 ], [ -7243776.659643527120352, -5150021.468890761956573 ], [ -7244642.286598023958504, -5154657.62206940446049 ], [ -7244240.525663621723652, -5158297.277649116702378 ], [ -7242693.627566372975707, -5162477.659193204715848 ], [ -7237283.505754272453487, -5174804.31796408444643 ], [ -7235118.44931469950825, -5177804.753369378857315 ], [ -7231653.963390033692122, -5181555.943433101288974 ], [ -7228469.006335116922855, -5184519.315007540397346 ], [ -7222085.058864551596344, -5189399.454685491509736 ], [ -7206578.0273303296417, -5195244.065304324962199 ], [ -7191673.124009668827057, -5199547.65253696218133 ], [ -7189322.722705003805459, -5199589.607784163206816 ], [ -7186147.720955993980169, -5198479.544645644724369 ], [ -7186147.720955993980169, -5213124.193820338696241 ], [ -7191336.491305133327842, -5222181.734404163435102 ], [ -7190722.345160345546901, -5226280.383788808248937 ], [ -7186147.720955993980169, -5226772.867239449173212 ], [ -7186147.720955993980169, -5237990.491707226261497 ], [ -7193280.130424501374364, -5239069.551533062011003 ], [ -7206191.30747137311846, -5245132.635068074800074 ], [ -7208494.607443014159799, -5248281.953401572071016 ], [ -7211077.454945787787437, -5251999.951631758362055 ], [ -7215823.343458658084273, -5255613.169499175623059 ], [ -7217926.276151169091463, -5256622.232269139029086 ], [ -7221976.860160584561527, -5256915.038480969145894 ], [ -7227835.825578722171485, -5258490.864132511429489 ], [ -7230619.040360632352531, -5260531.513414745219052 ], [ -7237847.564744627103209, -5273080.792556665837765 ], [ -7236794.596156970597804, -5278260.796175080351532 ], [ -7234591.470494187436998, -5280759.019328542053699 ], [ -7229150.277477859519422, -5281916.904588130302727 ], [ -7214137.175453231669962, -5287881.970324986614287 ], [ -7205695.381193709559739, -5292839.112620851956308 ], [ -7199960.644608310423791, -5297987.64322819467634 ], [ -7197548.119556585326791, -5299761.904370225965977 ], [ -7194316.079830033704638, -5301662.386695191264153 ], [ -7190560.047104400582612, -5303013.074514460749924 ], [ -7186147.720955993980169, -5304233.993212155997753 ], [ -7186147.720955993980169, -5327746.193010396324098 ], [ -7190281.525949398986995, -5329748.156326428987086 ], [ -7202837.01701875962317, -5332289.006477537564933 ], [ -7210072.576744475401938, -5334705.571898501366377 ], [ -7213535.047239677980542, -5336528.032723824493587 ], [ -7217013.566525051370263, -5338881.133603845722973 ], [ -7227959.046696745790541, -5347937.796126768924296 ], [ -7239525.708354969508946, -5359510.281777683645487 ], [ -7240575.672459818422794, -5362231.428976695984602 ], [ -7250502.259730896912515, -5382146.425067042000592 ], [ -7264184.861066211946309, -5399522.14661368355155 ], [ -7267369.818121149204671, -5404688.53534346818924 ], [ -7272146.75917686149478, -5413254.312473452650011 ], [ -7273213.761125229299068, -5421699.147868203930557 ], [ -7272998.35277063306421, -5425316.378980772569776 ], [ -7270972.566239266656339, -5438743.965193307958543 ], [ -7268930.749579082243145, -5442580.451525171287358 ], [ -7267369.818121149204671, -5446418.537274216301739 ], [ -7265963.197646828368306, -5451504.154863082803786 ], [ -7264525.50596828199923, -5460758.093115432187915 ], [ -7261463.770031375810504, -5459469.141834048554301 ], [ -7259160.451398340053856, -5458954.145984020084143 ], [ -7261232.331548002548516, -5482675.779801500961185 ], [ -7264200.891195004805923, -5484030.799360399134457 ], [ -7268443.836749866604805, -5485782.458452884107828 ], [ -7270553.786122726276517, -5494419.927899126894772 ], [ -7270121.980360210873187, -5497610.257356897927821 ], [ -7265731.759163459762931, -5509740.271329435519874 ], [ -7263535.650181038305163, -5514016.816435306333005 ], [ -7271698.923285557888448, -5528333.675213203765452 ], [ -7273523.334823060780764, -5531840.303346825763583 ], [ -7278904.419521795585752, -5546529.466500714421272 ], [ -7302189.012016294524074, -5561374.701894318684936 ], [ -7305310.856270805932581, -5564242.203446628525853 ], [ -7306965.95307201333344, -5566350.097421026788652 ], [ -7312471.247942110523582, -5576309.106266950257123 ], [ -7315825.538394724018872, -5586343.973935256712139 ], [ -7316009.875545080751181, -5591005.469554642215371 ], [ -7315091.156953333877027, -5594732.75891144014895 ], [ -7310228.056288061663508, -5598200.113143804483116 ], [ -7307955.790197872556746, -5598461.558190369978547 ], [ -7305682.535054340027273, -5598701.819480407983065 ], [ -7295578.627313260920346, -5604580.193396184593439 ], [ -7303796.018431141041219, -5624759.450596939772367 ], [ -7312407.12742696236819, -5628192.982067729346454 ], [ -7316474.749279892072082, -5625415.715669552795589 ], [ -7319211.870443531312048, -5623248.641031264327466 ], [ -7329555.222401679493487, -5619379.281306340359151 ], [ -7359549.384854750707746, -5615401.128325142897666 ], [ -7367433.129089546389878, -5615926.446746514178813 ], [ -7386482.800424274988472, -5626554.02919783629477 ], [ -7404718.928727031685412, -5634815.657324335537851 ], [ -7406380.034493860788643, -5639140.242934566922486 ], [ -7410169.135191787965596, -5646350.653338444419205 ], [ -7423432.956410581246018, -5652799.019728786312044 ], [ -7439390.828318913467228, -5654466.942206781357527 ], [ -7442078.870042834430933, -5655038.622845444828272 ], [ -7452454.28225854691118, -5661625.586358373984694 ], [ -7457339.422018232755363, -5665974.520038696937263 ], [ -7462611.300298265181482, -5674811.214955517090857 ], [ -7469662.504212258383632, -5688196.071099421940744 ], [ -7478645.310652979649603, -5704796.630933361127973 ], [ -7480376.545900577679276, -5706916.235524792224169 ], [ -7486328.687608626671135, -5711883.973874103277922 ], [ -7488802.328692698851228, -5713784.827657596208155 ], [ -7491616.596017451025546, -5715926.622332563623786 ], [ -7493919.914650475606322, -5719640.166753604076803 ], [ -7495096.104356154799461, -5723355.283823405392468 ], [ -7500831.84865628182888, -5747648.353828931227326 ], [ -7504851.361461476422846, -5751307.587576742284 ], [ -7518179.321856782771647, -5768917.735327816568315 ], [ -7523456.201387715525925, -5780397.919363365508616 ], [ -7527193.199501737952232, -5791797.710597700439394 ], [ -7527486.743070801720023, -5801208.268859687261283 ], [ -7527286.357130269519985, -5808795.425622466020286 ], [ -7526218.366128557361662, -5814379.326086171902716 ], [ -7523158.645621102303267, -5829092.669545277021825 ], [ -7522228.898151475936174, -5832675.455035462975502 ], [ -7517807.624411883763969, -5848294.257309434935451 ], [ -7514352.151935658417642, -5854767.132407700642943 ], [ -7508067.389720625244081, -5864861.063410448841751 ], [ -7503491.823658782988787, -5871808.100275741890073 ], [ -7498171.873653779737651, -5878782.504573973827064 ], [ -7496037.869757042266428, -5881123.591668128035963 ], [ -7481613.87029998190701, -5892951.000422333367169 ], [ -7478351.767083932645619, -5894686.593004024587572 ], [ -7469507.204175280407071, -5902672.162714631296694 ], [ -7453273.815594748593867, -5920926.094142886810005 ], [ -7438207.621932870708406, -5940306.517689389176667 ], [ -7428906.209684486500919, -5947291.651721375994384 ], [ -7426077.908999034203589, -5948946.93499159347266 ], [ -7421548.436555468477309, -5950012.882357138209045 ], [ -7418517.753161398693919, -5950284.901523563079536 ], [ -7416260.528146656230092, -5950239.327039648778737 ], [ -7411312.275586558505893, -5949695.300042992457747 ], [ -7403427.504975650459528, -5949558.559170299209654 ], [ -7388283.157437914051116, -5952112.815591754391789 ], [ -7386211.27728823851794, -5954825.249101331457496 ], [ -7370370.636193700134754, -5957366.358272316865623 ], [ -7358257.961103370413184, -5957038.201661266386509 ], [ -7353085.268078869208694, -5954255.918459486216307 ], [ -7348602.878306944854558, -5953008.546652409248054 ], [ -7345896.828347536735237, -5953054.13562392629683 ], [ -7335329.0359249971807, -5958685.00262737646699 ], [ -7322071.223671831190586, -5973995.215698142535985 ], [ -7317340.357573010958731, -5996197.456862045451999 ], [ -7317309.305030156858265, -5999528.478333792649209 ], [ -7317632.912088719196618, -6005828.826143216341734 ], [ -7318637.79029, -6017530.425867709331214 ], [ -7319845.051199918612838, -6030069.967217473313212 ], [ -7323152.240319521166384, -6042446.436050649732351 ], [ -7332661.036527404561639, -6066283.964751603081822 ], [ -7334610.684612399898469, -6068044.123424466699362 ], [ -7339387.644329491071403, -6068261.735717535950243 ], [ -7343655.633461574092507, -6066813.015573505312204 ], [ -7347272.396279021166265, -6066583.531383216381073 ], [ -7350380.207172825932503, -6067503.059476013295352 ], [ -7352561.293741170316935, -6068883.340890074148774 ], [ -7354399.738639398477972, -6071046.59225657954812 ], [ -7357182.953421294689178, -6074543.822240757755935 ], [ -7359764.774547944776714, -6076548.836531704291701 ], [ -7366070.586804039776325, -6077466.483292689546943 ], [ -7372591.788753327913582, -6080340.869961594231427 ], [ -7374205.811848537065089, -6083641.784925232641399 ], [ -7370662.182994667440653, -6080934.986794264987111 ], [ -7367339.9527996359393, -6080140.856892570853233 ], [ -7361212.487389666959643, -6079548.296117196790874 ], [ -7356022.775183035060763, -6076871.132898658514023 ], [ -7344567.3353729583323, -6071115.164268410764635 ], [ -7342278.050100638531148, -6071391.013130657374859 ], [ -7336458.142959045246243, -6075234.485890877433121 ], [ -7323524.945479156449437, -6095702.189679163508117 ], [ -7323686.235820378176868, -6101172.383243480697274 ], [ -7327978.27947633061558, -6102305.14484641700983 ], [ -7330698.362796431407332, -6101081.107687935233116 ], [ -7334192.912210582755506, -6098865.402052015997469 ], [ -7337407.932755010202527, -6097906.604045613668859 ], [ -7343472.285364560782909, -6100509.535741903819144 ], [ -7341087.827034248039126, -6115132.129239220172167 ], [ -7343098.591151583008468, -6122305.026004550978541 ], [ -7354554.030961647629738, -6123577.084410027600825 ], [ -7378411.677233546040952, -6147573.402010474354029 ], [ -7384439.976049368269742, -6154169.803964483551681 ], [ -7392791.598501788452268, -6163839.548085656948388 ], [ -7399097.410757882520556, -6173334.667914164252579 ], [ -7408281.592192488722503, -6175011.275603248737752 ], [ -7418300.348038743250072, -6178972.48332997225225 ], [ -7421053.499331153929234, -6180417.647008563391864 ], [ -7423681.432737470604479, -6183027.685654191300273 ], [ -7430700.557732503861189, -6192311.305388186126947 ], [ -7439003.10074520856142, -6202234.899903621524572 ], [ -7445017.366200326010585, -6203520.475382664240897 ], [ -7448697.260479574091733, -6204503.325248903594911 ], [ -7451480.456600094214082, -6205483.241719871759415 ], [ -7454695.477144522592425, -6206934.408214251510799 ], [ -7465456.620165859349072, -6212499.028795732185245 ], [ -7468255.865076548419893, -6214347.143245560117066 ], [ -7472282.394562099128962, -6219051.82868003193289 ], [ -7481226.142726277932525, -6235034.196048041805625 ], [ -7485617.371637774631381, -6244915.030736441724002 ], [ -7490101.758177779614925, -6246864.570111491717398 ], [ -7493225.599200376309454, -6248414.19176662992686 ], [ -7496007.80626754462719, -6250341.676543035544455 ], [ -7503428.710858372040093, -6256899.407365739345551 ], [ -7512582.847464863210917, -6268784.832297863438725 ], [ -7514531.487835124135017, -6271467.96547701023519 ], [ -7514994.346140475943685, -6272176.295955054461956 ], [ -7516168.557739454321563, -6273353.414238180033863 ], [ -7520807.236601722426713, -6278068.080437262542546 ], [ -7523605.473797676153481, -6281721.585050738416612 ], [ -7529488.49373968411237, -6294964.444003812968731 ], [ -7528321.298821068368852, -6298980.555332321673632 ], [ -7526798.455247684381902, -6303934.818425734527409 ], [ -7533887.728384874761105, -6316394.633768511936069 ], [ -7539267.786707491613925, -6323217.366318600252271 ], [ -7543952.55918803345412, -6328765.304301555268466 ], [ -7546426.200272094458342, -6331018.703576956875622 ], [ -7550553.911781256087124, -6340680.162281280383468 ], [ -7538818.961762837134302, -6339338.190016461536288 ], [ -7536051.77710971981287, -6334767.546926519833505 ], [ -7535000.80529014300555, -6329928.819532000459731 ], [ -7530833.99818167090416, -6319106.793062096461654 ], [ -7528058.807794851250947, -6317838.846686743199825 ], [ -7525840.659718029201031, -6319793.026524643413723 ], [ -7531506.25587597861886, -6347715.184965349733829 ], [ -7535216.213644719682634, -6364035.929884701967239 ], [ -7538464.283500062301755, -6382728.531871448270977 ], [ -7539577.379066713154316, -6395773.764970414340496 ], [ -7540504.103392158634961, -6404337.674875487573445 ], [ -7541555.075211743824184, -6410417.575322960503399 ], [ -7542267.398897334933281, -6414442.742270556278527 ], [ -7543658.007904239930212, -6421395.546740047633648 ], [ -7544663.893820269033313, -6425185.045087039470673 ], [ -7546133.645756379701197, -6429694.883025947026908 ], [ -7548606.279125723056495, -6433226.721889731474221 ], [ -7555903.925275757908821, -6441417.930828144773841 ], [ -7558285.397784641012549, -6443823.420968284830451 ], [ -7561376.170834926888347, -6446661.349204627797008 ], [ -7566758.244587012566626, -6451449.533884898759425 ], [ -7570345.970291074365377, -6454458.55488074850291 ], [ -7574426.599128595553339, -6457540.470234930515289 ], [ -7576560.603025331161916, -6458985.874660784378648 ], [ -7589515.858261010609567, -6465204.196229729801416 ], [ -7592021.540941270068288, -6466264.97652639169246 ], [ -7596814.512125767767429, -6467469.674713167361915 ], [ -7600153.76150294020772, -6467663.435748813673854 ], [ -7602565.278839931823313, -6467663.435748813673854 ], [ -7606593.823754952289164, -6467205.599986389279366 ], [ -7616921.145584309473634, -6458093.017396524548531 ], [ -7626096.332231868989766, -6442573.85373255237937 ], [ -7635684.271368958055973, -6433920.833003834821284 ], [ -7637190.095760193653405, -6437488.684900728985667 ], [ -7646784.062524278648198, -6441850.991395025514066 ], [ -7650896.751619384624064, -6441514.493404684588313 ], [ -7662492.45039098802954, -6440793.289688320830464 ], [ -7664780.746609968133271, -6440889.874037064611912 ], [ -7675046.9524069968611, -6443631.752571227960289 ], [ -7677288.147292960435152, -6444376.596520668826997 ], [ -7681362.785826250910759, -6447947.391622610390186 ], [ -7670902.203054321929812, -6446806.313752921298146 ], [ -7668026.819697230122983, -6444929.808822011575103 ], [ -7663699.71130090020597, -6443295.211649317294359 ], [ -7660359.472870375961065, -6443343.503681277856231 ], [ -7656802.799709150567651, -6444546.45453367754817 ], [ -7644124.06886039301753, -6444929.808822011575103 ], [ -7641681.498980547301471, -6444424.894823925569654 ], [ -7638496.541925629600883, -6442837.147790526971221 ], [ -7634839.694455528631806, -6442885.437166481278837 ], [ -7631261.989914631471038, -6445867.993908865377307 ], [ -7629397.512385851703584, -6450559.053493552841246 ], [ -7627967.826440999284387, -6456263.873720834031701 ], [ -7626390.88351565040648, -6458914.05642197560519 ], [ -7624056.512339770793915, -6460863.98183913808316 ], [ -7622045.748222442343831, -6462406.769352561794221 ], [ -7616293.973793542943895, -6466264.97652639169246 ], [ -7611833.623116024769843, -6469302.828500122763216 ], [ -7611269.582787061110139, -6473198.636948298662901 ], [ -7613914.516714110039175, -6477725.220645004883409 ], [ -7616882.087307767011225, -6480164.703818303532898 ], [ -7619263.541155261918902, -6481371.390503508970141 ], [ -7622633.843075289390981, -6482772.395590581931174 ], [ -7630704.947604620829225, -6485575.115395409986377 ], [ -7642114.312457799911499, -6489683.845901839435101 ], [ -7644556.882337645627558, -6490895.069968125782907 ], [ -7655658.670261046849191, -6496555.55267221108079 ], [ -7661084.822201939299703, -6499483.722705195657909 ], [ -7664595.40174487605691, -6501976.66947868000716 ], [ -7667100.076710405759513, -6504278.901467439718544 ], [ -7674489.910096999257803, -6513755.073023661971092 ], [ -7676438.569128644652665, -6516615.45870669465512 ], [ -7839848.980053743347526, -5563448.632342613302171 ], [ -7799321.744488062337041, -5369496.862135428003967 ], [ -7799321.744488062337041, -5352128.046892993152142 ], [ -7809341.365987509489059, -5269466.169522549957037 ], [ -7808954.263739660382271, -5265735.911497823894024 ], [ -7809715.037611701525748, -5266383.378622965887189 ], [ -7822480.164811307564378, -5161071.079226213507354 ], [ -7778024.542246722616255, -4958242.301275293342769 ], [ -7777260.197456129826605, -4960320.363674716092646 ], [ -7776163.324164815247059, -4949750.493776593357325 ], [ -7761689.311462786048651, -4787641.551513871178031 ], [ -7764584.114003193564713, -4657375.437195612117648 ], [ -7735636.088599136099219, -4506845.705094512552023 ], [ -7706688.063195078633726, -4379474.393316659145057 ], [ -7686424.445412238128483, -4217365.451053936965764 ], [ -7660371.222548586316407, -4147890.190084198489785 ], [ -7637212.802225339226425, -3948148.814796200953424 ], [ -7608264.776821281760931, -3771565.859831450041384 ], [ -7582211.553957629948854, -3592088.102326293010265 ], [ -7495367.477745457552373, -3464716.79054844006896 ], [ -7408523.401533285155892, -3389451.924497890286148 ], [ -7310100.115159490145743, -3169446.931427052710205 ], [ -7214571.631326099857688, -2874177.07230566535145 ], [ -7188518.408462448045611, -2790227.798633898608387 ], [ -7139306.765275551006198, -2619434.44874995900318 ], [ -7124832.752573519945145, -2576012.410643873270601 ], [ -7087200.3195482455194, -2425482.678542774170637 ], [ -7049567.886522971093655, -2240215.315956805832684 ], [ -6695069.783271913416684, -2276279.460498167201877 ], [ -6833578.945182807743549, -2439972.106392859481275 ], [ -6934312.881118003278971, -2805132.6241579442285 ], [ -6959496.365101803094149, -3019192.238020235206932 ], [ -6997271.59107750095427, -3296210.561842023395002 ], [ -6997271.59107750095427, -3522861.917696214281023 ], [ -6997271.59107750095427, -3799880.241518002469093 ], [ -7060230.30103699862957, -4089490.307331690564752 ], [ -7160964.236972195096314, -4353916.889161579310894 ], [ -7110597.269004596397281, -4580568.245015769265592 ], [ -7198739.462947893887758, -4719077.406926663592458 ], [ -7362432.108842587098479, -4744260.890910462476313 ], [ -7230508.016451048664749, -4970416.477867384441197 ], [ -7233958.289737804792821, -4971680.878674400039017 ] ] ], [ [ [ -7955973.821052357554436, -3802829.694104366004467 ], [ -7960582.455086505040526, -3795844.452819228172302 ], [ -7963614.127533912658691, -3787875.931694733910263 ], [ -7962900.7961335927248, -3775368.412598395720124 ], [ -7961679.501862968318164, -3769018.486572694499046 ], [ -7960953.14481667522341, -3766010.790776095818728 ], [ -7960071.506394788622856, -3760703.975951672531664 ], [ -7959931.228771868161857, -3749390.466139845084399 ], [ -7960612.518576002679765, -3733502.423135615885258 ], [ -7962189.461501350626349, -3729802.580707946792245 ], [ -7963842.561534473672509, -3725757.589399346616119 ], [ -7966579.682698100805283, -3712478.944709778297693 ], [ -7966641.806445174850523, -3704421.840365340467542 ], [ -7967075.608975758776069, -3700920.048896840307862 ], [ -7972827.38340466376394, -3673797.868897883687168 ], [ -7977094.364822013303638, -3656363.686791103798896 ], [ -7977897.868029441684484, -3653888.307861685287207 ], [ -7977928.920572278089821, -3649825.07058420451358 ], [ -7977278.701972376555204, -3646790.491989288944751 ], [ -7976475.19876495283097, -3642854.744762553367764 ], [ -7975965.257787967100739, -3630963.829179637599736 ], [ -7977233.616068827919662, -3626348.510082354769111 ], [ -7978964.86997780483216, -3623354.72947643417865 ], [ -7979566.998191356658936, -3620382.680719581432641 ], [ -7981978.515528353862464, -3601836.626562215853482 ], [ -7981887.336006524041295, -3588420.61997620202601 ], [ -7981454.522529277950525, -3575701.948625638149679 ], [ -7981144.948831434361637, -3568843.924513396807015 ], [ -7979196.289799788966775, -3547616.601566237397492 ], [ -7975548.474439512938261, -3538767.915097856428474 ], [ -7972177.164804756641388, -3537516.261232186108828 ], [ -7970815.61157261300832, -3539636.851076853927225 ], [ -7967167.77755093947053, -3541025.625984720885754 ], [ -7964476.750005589798093, -3541203.148097693920135 ], [ -7960534.364700149744749, -3539234.270362600218505 ], [ -7948861.519767415709794, -3527459.87778243701905 ], [ -7946636.355010237544775, -3523525.552646442316473 ], [ -7941497.73767277598381, -3497635.646305453032255 ], [ -7935927.295911407098174, -3491941.98681951360777 ], [ -7936206.824781144969165, -3482314.189461378846318 ], [ -7939525.042778644710779, -3478722.805209519807249 ], [ -7941543.812629674561322, -3471099.948264956939965 ], [ -7941091.964540817774832, -3445978.981927921529859 ], [ -7939430.858774000778794, -3436278.470288887619972 ], [ -7938069.305541845038533, -3431981.976279489696026 ], [ -7938132.437003653496504, -3429053.272543348371983 ], [ -7941719.136331590823829, -3416971.548099484760314 ], [ -7943311.120332379825413, -3414310.463005802128464 ], [ -7946079.31270023342222, -3411687.812331475317478 ], [ -7952015.424279496073723, -3407362.707889366429299 ], [ -7954705.462771495804191, -3405767.839097389485687 ], [ -7957086.916619008406997, -3403978.024817579425871 ], [ -7958324.222357022576034, -3401090.050436557270586 ], [ -7958609.760192373767495, -3399057.587719972245395 ], [ -7956900.564039182849228, -3389405.689832797273993 ], [ -7960212.754409671761096, -3372469.563252159859985 ], [ -7960488.271081865765154, -3362289.044938609004021 ], [ -7959576.569170475937426, -3359076.121412398293614 ], [ -7955727.360154932364821, -3354768.308216670993716 ], [ -7945646.499222981743515, -3344923.675097980070859 ], [ -7936632.62157803401351, -3333834.807549671269953 ], [ -7935711.906218214891851, -3327051.465844271704555 ], [ -7935193.922184765338898, -3319481.085502264089882 ], [ -7932442.786321802996099, -3313954.620749743189663 ], [ -7929279.868361294269562, -3308984.373970631975681 ], [ -7921820.894547281786799, -3293066.864592036232352 ], [ -7921216.769565656781197, -3278633.974104198161513 ], [ -7921125.590043825097382, -3268424.786165772005916 ], [ -7919285.148377531208098, -3244106.558547421824187 ], [ -7915403.879104404710233, -3229306.473138569388539 ], [ -7912822.057977769523859, -3221876.786700082477182 ], [ -7908725.38035005889833, -3214102.505044040735811 ], [ -7904581.620050734840333, -3208287.424130551051348 ], [ -7899788.648866229690611, -3206035.152644817251712 ], [ -7894098.009131041355431, -3201706.996682893950492 ], [ -7891678.467398964799941, -3184572.801514025777578 ], [ -7893557.986003186553717, -3177855.803794818930328 ], [ -7896571.631553729996085, -3165249.178277271799743 ], [ -7899973.99373132083565, -3145874.6771664400585 ], [ -7899047.269405875355005, -3142849.959148281719536 ], [ -7897592.539883809164166, -3139479.14204666716978 ], [ -7895134.947589918971062, -3137495.785159402526915 ], [ -7888532.58728196285665, -3136075.407568288501352 ], [ -7882967.165432871319354, -3128367.109711372759193 ], [ -7879789.22505830321461, -3122075.139874002896249 ], [ -7881529.473754337988794, -3114347.562683614436537 ], [ -7883416.009038908407092, -3110169.140853514429182 ], [ -7884057.214190380647779, -3106884.793961009941995 ], [ -7876474.011543617583811, -3087875.515998383052647 ], [ -7870566.955739116296172, -3073136.370133672840893 ], [ -7869516.991634261794388, -3068847.984875713009387 ], [ -7868340.783267211169004, -3053196.44394701346755 ], [ -7863393.519760444760323, -3036457.756782781332731 ], [ -7866748.799266421236098, -3023889.45434597786516 ], [ -7866762.832627115771174, -3019703.934026334434748 ], [ -7865649.755721866153181, -3009888.505787168629467 ], [ -7862605.057628468610346, -3004381.140190259087831 ], [ -7862141.172946989536285, -3001902.483069469686598 ], [ -7862557.956295462325215, -2997902.760537930298597 ], [ -7864738.035149092786014, -2991119.787234420422465 ], [ -7867860.887118331156671, -2987818.019764820113778 ], [ -7870025.943557904101908, -2985308.782625366467983 ], [ -7873766.935208103619516, -2976297.796724184881896 ], [ -7870196.266008933074772, -2963242.02080831117928 ], [ -7868340.783267211169004, -2957546.549739769659936 ], [ -7862867.548654685728252, -2945543.569975912105292 ], [ -7856220.102443167939782, -2936771.129542562644929 ], [ -7852106.40563334710896, -2933704.593694907147437 ], [ -7842520.463264338672161, -2920704.167241764720529 ], [ -7840635.924747841432691, -2907748.283454144839197 ], [ -7840541.740743197500706, -2900654.489698146935552 ], [ -7843077.505574336275458, -2893838.503326007630676 ], [ -7848302.282521346583962, -2886631.7944306130521 ], [ -7847684.124179020524025, -2870321.280155171174556 ], [ -7851224.748550064861774, -2863143.471652549225837 ], [ -7853251.542796184308827, -2856378.655070079490542 ], [ -7857302.126805605366826, -2840914.589270055759698 ], [ -7855477.715268096886575, -2821525.571499369107187 ], [ -7853311.65111378300935, -2801887.070479756221175 ], [ -7852337.825455332174897, -2796013.593842926435173 ], [ -7853768.500453515909612, -2793451.518880450166762 ], [ -7851828.873531695455313, -2783359.090135096106678 ], [ -7850066.585741248913109, -2777187.281715700868517 ], [ -7848835.270307467319071, -2774840.270112658850849 ], [ -7847963.634387360885739, -2766377.667851394973695 ], [ -7848534.710058058612049, -2759088.028499920386821 ], [ -7850429.251076342537999, -2754736.483303451910615 ], [ -7850468.328014268539846, -2750565.975732075981796 ], [ -7849354.243394279852509, -2735411.013685239013284 ], [ -7847869.469044100493193, -2727045.217584071680903 ], [ -7844530.219666926190257, -2722543.801018448546529 ], [ -7841639.813895791769028, -2720271.699879162944853 ], [ -7839814.39464355353266, -2716928.702747959177941 ], [ -7837604.25230042077601, -2711323.230655244085938 ], [ -7836521.220223274081945, -2707981.016388379968703 ], [ -7835826.923434539698064, -2705179.620171424467117 ], [ -7835902.072827597148716, -2700119.328741279896349 ], [ -7836892.917668185196817, -2696341.258063861168921 ], [ -7838284.515728448517621, -2692547.719986269716173 ], [ -7839784.331154056824744, -2690744.120268674567342 ], [ -7843509.311336847953498, -2688113.945023315493017 ], [ -7846618.129945387132466, -2686479.026147219818085 ], [ -7849076.729954012669623, -2687507.803344329353422 ], [ -7852125.440244934521616, -2694276.121439898852259 ], [ -7861615.201841230504215, -2692556.449742186348885 ], [ -7859125.53062838036567, -2677869.291215389966965 ], [ -7858507.372286043129861, -2660109.739134732168168 ], [ -7856341.326793119311333, -2640116.51384603837505 ], [ -7852416.987045919522643, -2635647.024363889824599 ], [ -7848426.511354104615748, -2633854.125759039074183 ], [ -7847591.955603844486177, -2639175.690938815940171 ], [ -7845426.899164265953004, -2642107.215246121864766 ], [ -7838725.353600773029029, -2640823.251901213079691 ], [ -7835146.660006530582905, -2639040.674960125703365 ], [ -7832965.573438173159957, -2637075.393319485709071 ], [ -7831047.985610754229128, -2634806.624856375623494 ], [ -7829750.552893745712936, -2632690.549317459575832 ], [ -7826503.472091753967106, -2625066.695336610544473 ], [ -7824215.194534151814878, -2618343.548437117598951 ], [ -7824803.289386991411448, -2614829.175924127921462 ], [ -7825775.099615992978215, -2612211.263321912381798 ], [ -7826858.131693146191537, -2606709.37421194743365 ], [ -7823874.549632092937827, -2589244.19209676515311 ], [ -7821060.282307336106896, -2565874.202279421500862 ], [ -7819298.98357024602592, -2549220.697756176814437 ], [ -7817163.990620170719922, -2531013.921938683837652 ], [ -7815462.800200679339468, -2523401.945500295609236 ], [ -7813144.459153592586517, -2514526.686602225992829 ], [ -7808908.530279079452157, -2484100.49733639229089 ], [ -7809403.467503406107426, -2480403.747813697438687 ], [ -7809541.729696857742965, -2472366.849592202343047 ], [ -7807591.073897141031921, -2465875.808066376950592 ], [ -7802538.616169232875109, -2461456.768579850904644 ], [ -7801888.397569323889911, -2455454.450162929948419 ], [ -7798302.687294714152813, -2442705.898626146372408 ], [ -7801888.397569323889911, -2435686.909981201868504 ], [ -7802468.486688458360732, -2431981.100353577174246 ], [ -7799816.517419650219381, -2427959.919290552847087 ], [ -7805971.041836316697299, -2404569.451804822310805 ], [ -7808630.009124089963734, -2398503.916469772346318 ], [ -7811019.487366680987179, -2393394.525798863265663 ], [ -7809187.051434081979096, -2386811.389446678571403 ], [ -7807161.264902696013451, -2383020.348763235844672 ], [ -7807949.745696067810059, -2376747.686823015101254 ], [ -7809805.209776419214904, -2373440.111509230453521 ], [ -7811659.684803424403071, -2371951.108092869166285 ], [ -7815789.411742038093507, -2368245.739101163577288 ], [ -7811165.755293826572597, -2319883.033279436640441 ], [ -7807918.674491836689413, -2309065.952166167087853 ], [ -7807322.57390530128032, -2305867.870536313392222 ], [ -7810238.023253665305674, -2298452.722530125640333 ], [ -7809031.770058486610651, -2289476.097540400456637 ], [ -7807501.909804771654308, -2286000.819456367287785 ], [ -7806434.907856398262084, -2282527.265227982308716 ], [ -7806218.491787092760205, -2273360.00449907919392 ], [ -7806249.562991319224238, -2270003.951955419499427 ], [ -7807826.505916654132307, -2262109.738487926777452 ], [ -7809556.752110915258527, -2249091.107148838695139 ], [ -7811845.029668497852981, -2230957.539388980716467 ], [ -7815217.347017988562584, -2212744.584721254184842 ], [ -7819144.691248002462089, -2198383.387055709958076 ], [ -7821648.377160182222724, -2193795.122530909720808 ], [ -7823999.786179575137794, -2189338.501793676521629 ], [ -7823612.058605883270502, -2179488.362833659630269 ], [ -7822282.565631304867566, -2176532.813919352833182 ], [ -7822606.172689848579466, -2171589.145950214471668 ], [ -7827863.009894439950585, -2142251.014150321483612 ], [ -7828357.947118754498661, -2139701.289780741091818 ], [ -7830151.306113408878446, -2134882.309726544190198 ], [ -7831280.413147472776473, -2111896.015135855413973 ], [ -7830183.366370990872383, -2105126.19337472692132 ], [ -7827097.575910209678113, -2088821.043881303397939 ], [ -7829996.006076435558498, -2084518.996306099928916 ], [ -7832780.228573081083596, -2081635.656970167532563 ], [ -7836490.167680418118834, -2078752.728498877026141 ], [ -7837503.070276816375554, -2078385.379703880287707 ], [ -7838609.130501720122993, -2077204.281668717041612 ], [ -7850590.560078947804868, -2066701.81349360733293 ], [ -7855384.538978188298643, -2063445.496194717008621 ], [ -7858213.828716990537941, -2062257.859258018434048 ], [ -7862635.102456581778824, -2061394.070275806589052 ], [ -7864676.937778131105006, -2060222.385272822109982 ], [ -7873256.99423111602664, -2052510.516871431842446 ], [ -7892119.305271289311349, -2035273.121222813613713 ], [ -7894995.677681718952954, -2030917.07238684524782 ], [ -7898938.062987172976136, -2027650.612716774921864 ], [ -7905477.310494716279209, -2023735.140336278360337 ], [ -7914258.741941573098302, -2021038.223373804474249 ], [ -7922424.030475562438369, -2015142.403084544697776 ], [ -7923537.107380824163556, -2013794.45728364191018 ], [ -7924502.908644190058112, -2011757.445239590015262 ], [ -7927122.817655415274203, -2009735.348035247996449 ], [ -7937266.810049163177609, -2003828.025364651344717 ], [ -7943388.266493511386216, -1993344.902199319563806 ], [ -7944564.474860575981438, -1984521.897680784575641 ], [ -7945446.113282468169928, -1978426.251352913444862 ], [ -7948136.151774467900395, -1967373.007559681776911 ], [ -7950254.125542399473488, -1966270.63273892365396 ], [ -7957767.180047011934221, -1959371.009210840798914 ], [ -7958570.683254446834326, -1958269.027427111519501 ], [ -7958701.928767555393279, -1956034.82051252014935 ], [ -7964230.289108165539801, -1952698.114962774561718 ], [ -7977527.178299258463085, -1947064.680465982062742 ], [ -7980000.800721940584481, -1946319.955582258757204 ], [ -7986833.591798542067409, -1945089.64705994608812 ], [ -7993311.723273740150034, -1943891.914654556196183 ], [ -7996668.010494434274733, -1942403.764567488571629 ], [ -8002636.182331273332238, -1937952.525937030324712 ], [ -8005000.598335253074765, -1933552.50056246528402 ], [ -8006763.893840429373085, -1931434.050495724426582 ], [ -8012344.356764954514802, -1927519.517095821211115 ], [ -8016705.503525557927787, -1925448.811172481859103 ], [ -8020121.899063848890364, -1924059.37462036171928 ], [ -8029073.671623124741018, -1918399.842200990766287 ], [ -8040917.828060233034194, -1909413.830040262779221 ], [ -8048175.426880372688174, -1902143.928684396669269 ], [ -8053253.93590022996068, -1895133.846221774583682 ], [ -8055604.318543517030776, -1892711.491663091816008 ], [ -8066009.81291011814028, -1886674.046957256039605 ], [ -8069906.104597288183868, -1884849.855021460913122 ], [ -8079538.121923196129501, -1881993.560644175158814 ], [ -8083450.443739151582122, -1881056.549270300893113 ], [ -8087392.829044605605304, -1880927.911245459225029 ], [ -8089680.117548844777048, -1880799.293442915193737 ], [ -8093267.824591522105038, -1880508.576705597573891 ], [ -8096336.577208790928125, -1880136.289520403370261 ], [ -8103255.52789494022727, -1877958.165118428412825 ], [ -8105960.5888009974733, -1875684.051009538350627 ], [ -8109610.419590743258595, -1871940.398413772229105 ], [ -8113274.283741194754839, -1869181.931457264581695 ], [ -8115795.007496893405914, -1867634.025157670257613 ], [ -8119181.339545688591897, -1866569.060926104197279 ], [ -8128951.619065053761005, -1862698.399284039624035 ], [ -8152482.67245699185878, -1852444.991248728474602 ], [ -8161287.150712983682752, -1844755.118281041039154 ], [ -8171624.512366894632578, -1839523.866450842004269 ], [ -8176850.297028637491167, -1837525.028407858684659 ], [ -8193578.604172086343169, -1831824.822688892949373 ], [ -8197474.895859251730144, -1830890.925648122327402 ], [ -8219406.948570038191974, -1822977.811262653907761 ], [ -8233746.785185623914003, -1811318.135289161466062 ], [ -8237581.979501850903034, -1807971.790202105185017 ], [ -8242806.756448866799474, -1800766.819980756612495 ], [ -8256768.886653918772936, -1793160.951820319052786 ], [ -8266246.630318965762854, -1790283.86250776052475 ], [ -8275970.834881426766515, -1787799.76664320519194 ], [ -8281553.275912648066878, -1785076.438614005222917 ], [ -8284304.430436987429857, -1783500.88980233296752 ], [ -8286871.229149580001831, -1781074.784246201859787 ], [ -8287922.200969155877829, -1777588.091341125778854 ], [ -8291345.613187810406089, -1772688.440641192020848 ], [ -8295249.929270072840154, -1770585.028450597077608 ], [ -8308455.63893932942301, -1765189.483381292549893 ], [ -8315443.730052896775305, -1762011.001945165218785 ], [ -8327471.234587016515434, -1755428.579816540936008 ], [ -8333594.706460835412145, -1751930.059155707247555 ], [ -8346427.729631828144193, -1745993.974264086224139 ], [ -8354682.182258191518486, -1742961.495016716886312 ], [ -8357621.667469034902751, -1740058.299878265243024 ], [ -8360621.298320256173611, -1736882.144906741799787 ], [ -8366418.139991331845522, -1726988.39755149721168 ], [ -8374628.514428868889809, -1714888.064174651633948 ], [ -8376081.228521453216672, -1713093.940967687172815 ], [ -8377936.711263193748891, -1710979.149293134454638 ], [ -8381864.055493207648396, -1707334.518047254998237 ], [ -8392996.895959455519915, -1699382.759791493648663 ], [ -8404962.295407891273499, -1681166.335843599634245 ], [ -8407019.134482113644481, -1678766.08582841581665 ], [ -8409956.641586273908615, -1676462.462224514689296 ], [ -8412569.533917149528861, -1674958.279138860758394 ], [ -8416866.578823994845152, -1672878.910464501474053 ], [ -8428525.409057393670082, -1666033.547463009133935 ], [ -8442440.456590825691819, -1657751.132690594065934 ], [ -8452922.07074242644012, -1649112.120507118524984 ], [ -8453262.715644495561719, -1644805.624068301171064 ], [ -8453834.78036854416132, -1640316.643604108132422 ], [ -8458658.804095890372992, -1628433.366983191110194 ], [ -8468105.495218088850379, -1618871.352651373017579 ], [ -8469897.846498027443886, -1617465.744670166866854 ], [ -8473462.525392953306437, -1610173.155492820078507 ], [ -8475929.13113528676331, -1600649.977605906315148 ], [ -8482979.327334532514215, -1594174.292923705419526 ], [ -8485900.804309913888574, -1592324.69017406902276 ], [ -8491158.649229234084487, -1578248.24771393975243 ], [ -8493634.287081379443407, -1563052.252280085347593 ], [ -8497319.182611502707005, -1564339.329453444574028 ], [ -8501532.064676880836487, -1563956.398821798153222 ], [ -8504230.108902575448155, -1560930.31070023891516 ], [ -8501679.340318759903312, -1552506.171914570732042 ], [ -8496946.477451868355274, -1550739.961923121009022 ], [ -8493956.886425195261836, -1552263.731967781670392 ], [ -8490712.810106009244919, -1557030.571356697706506 ], [ -8486813.513936031609774, -1547014.992355819791555 ], [ -8485822.650434048846364, -1543544.252453303430229 ], [ -8482761.922211876139045, -1532724.389255232177675 ], [ -8481928.374176345765591, -1526265.274814832257107 ], [ -8480489.674783065915108, -1512096.857801167061552 ], [ -8482204.879901885986328, -1507566.573819904588163 ], [ -8487632.039557505398989, -1497697.931559265125543 ], [ -8488542.752415545284748, -1496756.871349614812061 ], [ -8491821.893475119024515, -1492058.223964021774009 ], [ -8502584.025549806654453, -1478399.189001599093899 ], [ -8505412.326235258951783, -1474906.250240583904088 ], [ -8508381.893596988171339, -1472096.795516700251028 ], [ -8511952.562796154990792, -1468968.74530811375007 ], [ -8513498.471840044483542, -1467317.961953396210447 ], [ -8515076.422480126842856, -1465000.836336672538891 ], [ -8516499.073083233088255, -1459732.729246989591047 ], [ -8517364.700037717819214, -1455924.424771897029132 ], [ -8518167.195530412718654, -1448721.49213584465906 ], [ -8527352.403341129422188, -1435544.656111414777115 ], [ -8531216.634770717471838, -1431121.179687406867743 ], [ -8543833.241872413083911, -1406688.163983601378277 ], [ -8548146.316908048465848, -1395571.916783137014136 ], [ -8549306.495146321132779, -1390157.415320932632312 ], [ -8551749.065026167780161, -1386738.73220144957304 ], [ -8555830.701578423380852, -1382084.700288688531145 ], [ -8562262.739435352385044, -1376578.324106657179072 ], [ -8577090.496594889089465, -1360159.549770925659686 ], [ -8579023.125497754663229, -1357770.960197003558278 ], [ -8581589.924210347235203, -1356363.107714868383482 ], [ -8585298.874264340847731, -1354531.141862058313563 ], [ -8591159.836450563743711, -1353778.104591335868463 ], [ -8587308.630666933953762, -1345707.935585484607145 ], [ -8587681.317165205255151, -1339955.225113691529259 ], [ -8588624.090280808508396, -1333587.214775689179078 ], [ -8592287.954431265592575, -1323208.092573357978836 ], [ -8591066.660160653293133, -1315690.258436335017905 ], [ -8593959.081361265853047, -1307370.160961412359029 ], [ -8605523.727590020745993, -1290103.621730011189356 ], [ -8613285.258421519771218, -1283287.734940205002204 ], [ -8625560.231567800045013, -1275765.054014586145058 ], [ -8632672.551514126360416, -1271759.11270948825404 ], [ -8634805.529034744948149, -1270749.549165575066581 ], [ -8638485.423313980922103, -1269614.308302509365603 ], [ -8643703.202242029830813, -1265900.324532684404403 ], [ -8645683.902869861572981, -1260753.532123545650393 ], [ -8643855.479134803637862, -1257012.970752374036238 ], [ -8640185.606018736958504, -1256622.808925952762365 ], [ -8639606.5246143322438, -1252557.947870904114097 ], [ -8647237.817647453397512, -1224641.396546743344516 ], [ -8651720.207419391721487, -1215289.705368431052193 ], [ -8658801.456161491572857, -1203768.42103992216289 ], [ -8663719.663893476128578, -1197882.800559660419822 ], [ -8671186.643441194668412, -1188194.922333257971331 ], [ -8671247.759473528712988, -1187091.028787561925128 ], [ -8673520.00690234079957, -1181554.756634516874328 ], [ -8676598.780682764947414, -1177622.220005418872461 ], [ -8683849.344161160290241, -1166868.302122613182291 ], [ -8690652.07174826413393, -1155299.928549187723547 ], [ -8702588.41542193852365, -1128876.213922571158037 ], [ -8709513.393735086545348, -1111040.848788103088737 ], [ -8711400.918073007836938, -1104481.03703402960673 ], [ -8710193.657163107767701, -1099051.003927933052182 ], [ -8710332.927071295678616, -1095835.051871230592951 ], [ -8720653.232220301404595, -1082884.544833472231403 ], [ -8724975.320704376325011, -1075866.262405807618052 ], [ -8727604.243164023384452, -1065095.455192152876407 ], [ -8728037.056641275063157, -1054263.641751780640334 ], [ -8731870.235528040677309, -1046929.720240530674346 ], [ -8736942.735582267865539, -1043231.805619567981921 ], [ -8740096.640094354748726, -1032734.9185218809871 ], [ -8740870.079812288284302, -1025467.924343731952831 ], [ -8746897.370913375169039, -1019172.26861734339036 ], [ -8754141.925426142290235, -1013848.527654237463139 ], [ -8758997.020357733592391, -1004588.681302071665414 ], [ -8756813.918359905481339, -1002263.903412847430445 ], [ -8756576.489572294056416, -1001513.358485316392034 ], [ -8756723.765214186161757, -997521.464191562263295 ], [ -8763750.914604304358363, -986646.084846153506078 ], [ -8766967.931916810572147, -974694.089303496293724 ], [ -8766549.151800271123648, -971926.037058686022647 ], [ -8766727.479985000565648, -966497.919297040090896 ], [ -8767864.611414143815637, -962088.854390989174135 ], [ -8768853.459486646577716, -959431.050122252898291 ], [ -8776862.458930300548673, -950331.176310884184204 ], [ -8785960.480755357071757, -940358.161508328979835 ], [ -8784995.687206719070673, -937560.936937318998389 ], [ -8785165.00194301828742, -935263.13783323019743 ], [ -8793637.848745375871658, -918162.527846468961798 ], [ -8811927.087346771731973, -898304.073256109259091 ], [ -8813906.798921259120107, -896398.835939037497155 ], [ -8816441.537376280874014, -895024.852077690302394 ], [ -8818669.706616265699267, -894119.338484346400946 ], [ -8827202.680397616699338, -887000.306001382763498 ], [ -8829676.321481676772237, -884861.886575282900594 ], [ -8831965.606754014268517, -882427.188742906088009 ], [ -8835707.606118936091661, -876916.981249254662544 ], [ -8841923.246567929163575, -866086.567133461823687 ], [ -8843747.658105438575149, -858941.469689220306464 ], [ -8845015.02733294852078, -854915.940472790738568 ], [ -8849992.354329187422991, -846024.978008148143999 ], [ -8853610.124861363321543, -841844.909555118414573 ], [ -8854905.72544858045876, -840462.980591790867038 ], [ -8815397.436170481145382, -778340.033051900798455 ], [ -8727816.501129837706685, -943922.738363119889982 ], [ -8688026.124392628669739, -1027293.051526795723476 ], [ -8630130.073584513738751, -1128611.140440997201949 ], [ -8606971.653261266648769, -1218350.019193575717509 ], [ -8551970.404993558302522, -1342826.528431023005396 ], [ -8491179.551645036786795, -1438355.01226441282779 ], [ -8427493.895756110548973, -1542567.903719020076096 ], [ -8415914.685594487935305, -1565726.324042266234756 ], [ -8352229.02970556076616, -1632306.782471598591655 ], [ -8285648.571276228874922, -1727835.266304988414049 ], [ -8230647.323008518666029, -1803100.132355537964031 ], [ -8143803.246796346269548, -1843627.367921218741685 ], [ -8068538.380745796486735, -1869680.590784870553762 ], [ -7919418.724380710162222, -1958482.183901157928631 ], [ -7906429.438483074307442, -1968103.877158666029572 ], [ -7810900.954649684950709, -2023105.125426375307143 ], [ -7763985.877928107045591, -2069996.932767956750467 ], [ -7750110.101301163434982, -2150476.437204228714108 ], [ -7703793.260654671117663, -2243110.118497212883085 ], [ -7709582.865735482424498, -2347323.00995181966573 ], [ -7724056.878437511622906, -2419693.073461963795125 ], [ -7698003.655573859810829, -2535485.175078194122761 ], [ -7683529.642871830612421, -2607855.238588337786496 ], [ -7692214.050493048503995, -2694699.314800510648638 ], [ -7796426.941947655752301, -2963915.951058245729655 ], [ -7813795.757190089672804, -3027601.606947172433138 ], [ -7812935.806388114579022, -3063719.540630113333464 ], [ -7860112.597836581990123, -3348924.688932211138308 ], [ -7874586.610538611188531, -3453137.580386818386614 ], [ -7877481.413079016841948, -3519718.038816150743514 ], [ -7877481.413079016841948, -3647089.35059400415048 ], [ -7877481.413079016841948, -3731038.624265770893544 ], [ -7877481.413079016841948, -3820777.503018349409103 ], [ -7892702.039528926834464, -3879123.237743007019162 ], [ -7950414.823754694312811, -3812531.563636352308095 ], [ -7955973.821052357554436, -3802829.694104366004467 ] ] ] ] } },
{ "type": "Feature", "properties": { "Id": null, "id1": 6, "nomi": "Dashtlar" }, "geometry": { "type": "MultiPolygon", "coordinates": [ [ [ [ -7837309.337212973274291, -7154689.912772942334414 ], [ -7861802.150097048841417, -7135927.708962939679623 ], [ -7863022.830030279234052, -7134361.268290301784873 ], [ -7864537.667869944125414, -7133260.132238913327456 ], [ -7866576.214214134961367, -7132270.637625698000193 ], [ -7870439.671900402754545, -7129311.117179265245795 ], [ -7871061.874302051961422, -7126822.680494742467999 ], [ -7871525.740322127938271, -7114483.033906841650605 ], [ -7870907.600641186349094, -7111821.140543164685369 ], [ -7867505.219802205450833, -7110775.603349671699107 ], [ -7865929.265930206514895, -7109784.301469450816512 ], [ -7864475.544122882187366, -7108688.282439695671201 ], [ -7862496.840263117104769, -7106809.502657272852957 ], [ -7861259.534525104798377, -7105453.534143155440688 ], [ -7860023.217840441502631, -7104043.707914412021637 ], [ -7858444.259485630318522, -7101801.003502463921905 ], [ -7857580.647960595786572, -7100028.582117238081992 ], [ -7856683.968463268131018, -7096952.727411344647408 ], [ -7855817.352455420419574, -7093226.453312242403626 ], [ -7854950.717786206863821, -7090804.566307971253991 ], [ -7853992.922256533056498, -7089137.55004161503166 ], [ -7852261.687008941546082, -7087654.714987032115459 ], [ -7847081.995965475216508, -7086792.811622333712876 ], [ -7845333.722874357365072, -7088628.042644157074392 ], [ -7845890.765184347517788, -7102476.96203582547605 ], [ -7846354.631204442121089, -7104616.707845535129309 ], [ -7846974.786314852535725, -7106702.955442450009286 ], [ -7847283.370959338732064, -7109001.172220748849213 ], [ -7847437.663281596265733, -7112866.84738582931459 ], [ -7847375.53953452128917, -7115319.201352219097316 ], [ -7847034.913293833844364, -7117567.410915741696954 ], [ -7841562.667734666727483, -7143790.806394873186946 ], [ -7837309.337212973274291, -7154689.912772942334414 ] ] ], [ [ [ -7694899.119234421290457, -6925658.342191127128899 ], [ -7693120.782653810456395, -6925555.852518920786679 ], [ -7690075.095507074147463, -6924230.377918288111687 ], [ -7677489.522286837920547, -6917957.993653777986765 ], [ -7664502.225454965606332, -6909400.662029095925391 ], [ -7662986.379900578409433, -6908382.967350645922124 ], [ -7661596.77860838919878, -6907263.14534355327487 ], [ -7660049.880511153489351, -6905022.342177404090762 ], [ -7647093.636222130618989, -6910316.190530429594219 ], [ -7638474.502831217832863, -6916960.679559567943215 ], [ -7633332.881010942161083, -6925198.85756813455373 ], [ -7628106.088634471409023, -6935100.121540770865977 ], [ -7619944.812298030592501, -6948442.440511094406247 ], [ -7615397.294296217150986, -6954174.760858212597668 ], [ -7608472.334644445218146, -6961192.733611990697682 ], [ -7606709.039139269851148, -6963240.073124120943248 ], [ -7605287.377589515410364, -6965650.034274691715837 ], [ -7603823.102391895838082, -6968158.28044391144067 ], [ -7723362.395057658664882, -7045103.123193928040564 ], [ -7744621.201020778156817, -7043289.671518160030246 ], [ -7748208.90806345641613, -7043447.330250694416463 ], [ -7776006.942872729152441, -7047692.387140081264079 ], [ -7780367.100579994730651, -7048367.097024035640061 ], [ -7781468.178215395659208, -7048665.860921153798699 ], [ -7786057.758976560086012, -7050386.535566439852118 ], [ -7790015.166696070693433, -7052875.073120280168951 ], [ -7792087.046845733188093, -7054584.894929887726903 ], [ -7794514.594311523251235, -7056658.022878762334585 ], [ -7795921.233447220176458, -7058472.868457678705454 ], [ -7798431.917378372512758, -7062767.962155324406922 ], [ -7800560.901362818665802, -7064130.120611724443734 ], [ -7814953.848277043551207, -7070750.787068019621074 ], [ -7816577.892535409890115, -7071036.943479024805129 ], [ -7817721.032930162735283, -7070880.397995750419796 ], [ -7819515.399639563634992, -7070048.905726423487067 ], [ -7821771.616939583793283, -7068438.399768845178187 ], [ -7823905.602174929343164, -7066673.418771806173027 ], [ -7840696.033065440133214, -7052564.358226054348052 ], [ -7842087.649787093512714, -7051370.441427053883672 ], [ -7842768.920929830521345, -7049506.843406504020095 ], [ -7844562.279924503527582, -7041273.689943457022309 ], [ -7845890.765184347517788, -7035062.917167194187641 ], [ -7846602.099816601723433, -7025810.253964932635427 ], [ -7846541.972837607376277, -7023279.99028754979372 ], [ -7843215.749106410890818, -6989886.311694498173892 ], [ -7842551.515807175077498, -6987264.169107524678111 ], [ -7841841.188889667391777, -6985362.217215266078711 ], [ -7840263.219588194973767, -6983152.729868391528726 ], [ -7831791.361839189194143, -6972985.673362143337727 ], [ -7830360.686840992420912, -6974294.310916325077415 ], [ -7831265.390733409672976, -6976834.02364459913224 ], [ -7831975.71765092946589, -6978684.017625200562179 ], [ -7832239.216391874477267, -6981559.70292270835489 ], [ -7830044.096462803892791, -6990607.821185508742929 ], [ -7828142.538764164783061, -6991042.73852383159101 ], [ -7818093.738089809194207, -6987778.860686283558607 ], [ -7815278.463050317019224, -6986852.756172582507133 ], [ -7813485.104055662639439, -6986133.261078207753599 ], [ -7811135.710465732961893, -6984644.531217430718243 ], [ -7809805.209776419214904, -6983409.117269797250628 ], [ -7808630.009124089963734, -6982072.352676855400205 ], [ -7807579.055965896695852, -6980582.705615895800292 ], [ -7806775.534097083844244, -6978787.189867248758674 ], [ -7805351.875779250636697, -6973753.881929949857295 ], [ -7803805.985396743752062, -6968215.228832167573273 ], [ -7803482.378338187001646, -6965932.409220408648252 ], [ -7803682.745617336593568, -6962986.002211588434875 ], [ -7804811.871312772855163, -6960986.875044502317905 ], [ -7814103.262397987768054, -6959295.33695727493614 ], [ -7816360.487412741407752, -6958936.835074779577553 ], [ -7821586.272074497304857, -6950566.104962712153792 ], [ -7821756.594525533728302, -6948289.951375817880034 ], [ -7822761.47272682748735, -6945654.901410235092044 ], [ -7824803.289386991411448, -6943378.507995855994523 ], [ -7827430.215078578330576, -6942152.752737877890468 ], [ -7830832.577256164513528, -6941640.989326647482812 ], [ -7832068.893940838985145, -6941640.989326647482812 ], [ -7834233.950380411930382, -6941947.383264798671007 ], [ -7837326.738860166631639, -6942611.575246780179441 ], [ -7838902.674070780165493, -6942255.454874548129737 ], [ -7839520.832413110882044, -6940619.195349390618503 ], [ -7836939.011286461725831, -6936837.886863650754094 ], [ -7833817.167031957767904, -6934921.409438855014741 ], [ -7813392.935480480082333, -6931169.252308085560799 ], [ -7811257.942530404776335, -6930863.270209847949445 ], [ -7808537.840548909269273, -6931374.345719553530216 ], [ -7805723.573224162682891, -6933058.331164921633899 ], [ -7804517.320028983987868, -6934335.645123229362071 ], [ -7803032.527017435058951, -6936632.653590662404895 ], [ -7801395.47577446885407, -6940644.025325761176646 ], [ -7797621.416151977144182, -6946294.522516823373735 ], [ -7795890.162242987193167, -6948391.065025486983359 ], [ -7793170.078922887332737, -6950745.166491720825434 ], [ -7790416.927630474790931, -6951819.650679256767035 ], [ -7788127.642358149401844, -6952126.434369353577495 ], [ -7785840.353853885084391, -6951922.476886714808643 ], [ -7783151.323076632805169, -6950846.311157376505435 ], [ -7763855.190844467841089, -6939291.227617207914591 ], [ -7761536.868458762764931, -6937195.400549528189003 ], [ -7759463.9805943723768, -6934181.76002639438957 ], [ -7749399.131129835732281, -6916912.796100843697786 ], [ -7748364.208100434392691, -6913476.020553173497319 ], [ -7748208.90806345641613, -6911081.699941006489098 ], [ -7748828.074120515957475, -6896355.248352614231408 ], [ -7746445.61255828756839, -6893582.435494926758111 ], [ -7744018.065092497505248, -6891626.900150242261589 ], [ -7731418.47717294562608, -6884848.726137928664684 ], [ -7727490.125228197313845, -6883628.599155366420746 ], [ -7721213.387408255599439, -6891804.650860258378088 ], [ -7720225.528389078564942, -6893328.906519383192062 ], [ -7719543.249531612731516, -6895107.028344840742648 ], [ -7719049.320022027939558, -6897139.184845997020602 ], [ -7718831.91489935759455, -6899427.225838131271303 ], [ -7717874.119369698688388, -6901587.336512584239244 ], [ -7706991.751998416148126, -6916584.231635167263448 ], [ -7705535.025708277709782, -6918568.985503854230046 ], [ -7704267.656480766832829, -6919843.993345535360277 ], [ -7702289.960335736162961, -6921627.997021661140025 ], [ -7700898.343614095821977, -6922801.036711786873639 ], [ -7697928.794913755729795, -6924840.216173453256488 ], [ -7694899.119234421290457, -6925658.342191127128899 ] ] ], [ [ [ -7809062.822601336054504, -7155545.082491485401988 ], [ -7812217.734828151762486, -7139336.100825463421643 ], [ -7812897.009202822111547, -7134936.500095004215837 ], [ -7813176.519411162473261, -7131375.508176437579095 ], [ -7812773.769423409365118, -7127500.779832503758371 ], [ -7810608.71298383641988, -7123421.220300337299705 ], [ -7808630.009124089963734, -7121538.908167097717524 ], [ -7783289.585270090028644, -7105112.035608805716038 ], [ -7781790.777559211477637, -7104723.226991545408964 ], [ -7778327.299349273554981, -7105189.780729997903109 ], [ -7804970.914216671139002, -7169196.19406259059906 ], [ -7809062.822601336054504, -7155545.082491485401988 ] ] ], [ [ [ -8132662.565887145698071, -6788081.0757244117558 ], [ -8131610.605014218948781, -6787278.39901924226433 ], [ -8122706.941502688452601, -6782766.161964639090002 ], [ -8113892.442083531990647, -6779459.080368977971375 ], [ -8114418.413189298473299, -6785273.719150648452342 ], [ -8117461.273926216177642, -6791681.017003361135721 ], [ -8133165.886847840622067, -6789163.096708867698908 ], [ -8132662.565887145698071, -6788081.0757244117558 ] ] ], [ [ [ -6889934.296239140443504, -4756627.940550058148801 ], [ -6891125.527020261622965, -4756327.806520708836615 ], [ -6908612.27012896258384, -4745574.680342149920762 ], [ -6911920.44830190949142, -4738955.493848803453147 ], [ -6912538.606644246727228, -4737680.989863088354468 ], [ -6912770.045127615332603, -4735668.192961333319545 ], [ -6912090.770752944052219, -4734234.026804495602846 ], [ -6910622.026531550101936, -4734292.113711752928793 ], [ -6897077.668728302232921, -4738277.537494806572795 ], [ -6895592.894378129392862, -4738875.419221542775631 ], [ -6889563.606508957222104, -4741816.29884747043252 ], [ -6888079.82121213991195, -4745254.199814356863499 ], [ -6886193.304588948376477, -4752994.765150879509747 ], [ -6886610.06927602365613, -4755459.839115498587489 ], [ -6888326.282109559513628, -4756467.511342287063599 ], [ -6889934.296239140443504, -4756627.940550058148801 ] ] ], [ [ [ -5890068.635968807153404, -3947926.538841892965138 ], [ -5894398.748847952112556, -3951964.061397486366332 ], [ -5916290.735567459836602, -3972211.368518026079983 ], [ -5923991.150366626679897, -3980639.391827329527587 ], [ -5926139.168962690979242, -3982626.387188290245831 ], [ -5929866.145913556218147, -3985803.17193974275142 ], [ -5934504.824775810353458, -3989463.773297256790102 ], [ -5941600.106878623366356, -3994033.933481701184064 ], [ -5944368.280585085973144, -3996213.650641736574471 ], [ -5946316.939616731368005, -3997923.734569416381419 ], [ -5948882.730614601634443, -4000937.193073204252869 ], [ -5951218.109505196101964, -4004193.798512330278754 ], [ -5953645.656970985233784, -4009274.120816457085311 ], [ -5954542.336468324996531, -4012179.529482390265912 ], [ -5955501.121051335707307, -4015960.825332022737712 ], [ -5957015.958891006186604, -4026079.776691320817918 ], [ -5959550.716007412411273, -4037178.796101900748909 ], [ -5963199.539082422852516, -4039885.668977721128613 ], [ -5966600.912206671200693, -4042947.720307289157063 ], [ -5977624.546254218555987, -4054267.89578671567142 ], [ -5979897.801397752016783, -4057596.748045754153281 ], [ -5983630.787314243614674, -4063954.275270886253566 ], [ -5986414.991149511188269, -4074847.690338789951056 ], [ -5993657.548894205130637, -4085413.990990569349378 ], [ -6000584.523975445888937, -4089500.387774287723005 ], [ -6009273.786847121082246, -4096007.200934833381325 ], [ -6021672.988826134242117, -4108565.97227575769648 ], [ -6023931.221555623225868, -4110933.350974183063954 ], [ -6026783.558103573508561, -4114623.527596957515925 ], [ -6026921.820297032594681, -4118401.429960258305073 ], [ -6030331.199154980480671, -4119989.913633409421891 ], [ -6037490.601772927679121, -4119840.079607342835516 ], [ -6039361.106928725726902, -4113487.488401597365737 ], [ -6039028.486421733163297, -4110425.744697262067348 ], [ -6038394.297950617037714, -4107495.054993722122163 ], [ -6046086.688354692421854, -4104632.024352522101253 ], [ -6043644.11847485974431, -4117866.691615095362067 ], [ -6042298.614032879471779, -4121927.135004699230194 ], [ -6048715.610814359039068, -4126516.865159649867564 ], [ -6070375.169997153803706, -4137560.121154512744397 ], [ -6072292.757824573665857, -4138241.015743385534734 ], [ -6076777.144364577718079, -4140086.171838510781527 ], [ -6087629.46690774615854, -4144721.205470602959394 ], [ -6091897.456039823591709, -4146982.66816077567637 ], [ -6103709.552219373174012, -4153505.834244403988123 ], [ -6111008.22474551293999, -4156220.058555559720844 ], [ -6117492.365186338312924, -4156249.380770040675998 ], [ -6128485.935744394548237, -4149338.621434710454196 ], [ -6132807.035175111144781, -4148302.879774624481797 ], [ -6137059.983231753110886, -4148434.782133222557604 ], [ -6141559.410847204737365, -4149282.447852824814618 ], [ -6147433.398679399862885, -4151186.865104410797358 ], [ -6150263.714794320985675, -4151375.008188315667212 ], [ -6154158.998766763135791, -4147792.347268469166011 ], [ -6156494.377657358534634, -4143704.198190553113818 ], [ -6159710.387255136854947, -4140390.090150060132146 ], [ -6162245.125710157677531, -4138657.123267279937863 ], [ -6164138.677675077691674, -4137879.812338263727725 ], [ -6170811.167463809251785, -4137262.393384985160083 ], [ -6189364.893859495408833, -4134250.266230030916631 ], [ -6199692.234350242651999, -4133356.167016636114568 ], [ -6210236.961302261799574, -4135228.602151144295931 ], [ -6212926.999794261530042, -4136170.43673292780295 ], [ -6223904.558884924277663, -4140576.82362663326785 ], [ -6226207.858856564387679, -4141932.883323750924319 ], [ -6230057.067872107960284, -4145060.637866287026554 ], [ -6234464.326912371441722, -4148001.202786888927221 ], [ -6236999.065367398783565, -4149112.654740769416094 ], [ -6237713.404482461512089, -4149055.253741545602679 ], [ -6251517.248829111456871, -4153995.824831045698375 ], [ -6269281.505378074012697, -4151703.629047334659845 ], [ -6281294.97655148152262, -4142234.396291744429618 ], [ -6278822.361843534745276, -4138731.563757779542357 ], [ -6274735.705379000864923, -4136116.738189321476966 ], [ -6279718.033626132644713, -4135041.958032842259854 ], [ -6298333.883768879808486, -4131841.384894126560539 ], [ -6326256.147410912439227, -4121757.756897652987391 ], [ -6333622.933988370932639, -4117325.898762521333992 ], [ -6357595.814305970445275, -4091301.127766861114651 ], [ -6364610.945764850825071, -4089788.342005400452763 ], [ -6365836.233571621589363, -4089172.363366476260126 ], [ -6393449.931230531074107, -4089349.737504608463496 ], [ -6406807.936453958973289, -4088487.15241042105481 ], [ -6418883.531374446116388, -4090756.745035985950381 ], [ -6438371.017437312752008, -4095163.555472035892308 ], [ -6442886.475181537680328, -4088413.04440748039633 ], [ -6445135.675801212899387, -4080690.468814859166741 ], [ -6446574.375194487161934, -4078050.298192071262747 ], [ -6452572.591859434731305, -4070278.998803308233619 ], [ -6465374.562487598508596, -4054437.481571200769395 ], [ -6468265.975973468273878, -4052585.688780558295548 ], [ -6480000.944653265178204, -4045338.902722153346986 ], [ -6481145.092762751504779, -4042872.715194951277226 ], [ -6484484.342139923945069, -4037196.929745340254158 ], [ -6490019.70049951877445, -4029026.941234956495464 ], [ -6491658.767171935178339, -4027012.529103537555784 ], [ -6493823.823611508123577, -4025409.234991375822574 ], [ -6496815.411406268365681, -4023646.733289268333465 ], [ -6501476.148024319671094, -4018931.940209810622036 ], [ -6502740.512769016437232, -4012105.917648587841541 ], [ -6503625.174335099756718, -4009423.712993679568172 ], [ -6504382.583924246951938, -4006668.537226258311421 ], [ -6505294.285835630260408, -3988925.451014222577214 ], [ -6505357.417297427542508, -3969132.087748603895307 ], [ -6504413.63646708894521, -3965699.091791019774973 ], [ -6502944.892245700582862, -3962879.886188596487045 ], [ -6499320.105033176019788, -3957588.240274988114834 ], [ -6498848.214618002995849, -3953668.799938013777137 ], [ -6499822.040276461280882, -3951518.709732721559703 ], [ -6502829.676861383020878, -3949629.475946547463536 ], [ -6501212.649283372797072, -3943195.876628217287362 ], [ -6498832.203150602057576, -3941243.215433701407164 ], [ -6496404.655684806406498, -3938346.028203653171659 ], [ -6495152.308871352113783, -3931381.825431078206748 ], [ -6496328.498577032238245, -3924541.557147915009409 ], [ -6497193.117816794663668, -3919406.205149810295552 ], [ -6497393.503757327795029, -3916210.464906766079366 ], [ -6496667.146711029112339, -3912702.167448929511011 ], [ -6494425.951825053431094, -3910856.305154209956527 ], [ -6491442.369764007627964, -3910430.460645384155214 ], [ -6488782.376100121997297, -3910579.982367677614093 ], [ -6483387.2767020650208, -3911168.507418521214277 ], [ -6479150.358774214051664, -3911353.912101036403328 ], [ -6474512.668965298682451, -3909877.841768583282828 ], [ -6472331.582396946847439, -3908439.047747837379575 ], [ -6466448.581116310320795, -3902643.762160603422672 ], [ -6461602.499633179977536, -3886642.993826728779823 ], [ -6461825.913721464574337, -3882212.763118261937052 ], [ -6463102.315058787353337, -3878245.812387418467551 ], [ -6466472.61697880923748, -3874702.35633028158918 ], [ -6469982.188807018101215, -3871344.740516708232462 ], [ -6471388.827942714095116, -3867904.657176729291677 ], [ -6471960.892666769213974, -3864190.346394112799317 ], [ -6471944.862537978217006, -3860863.125612274743617 ], [ -6471899.77663441747427, -3856654.520284814760089 ], [ -6472177.290074690245092, -3851878.474355019629002 ], [ -6473459.700377642177045, -3842109.816314231604338 ], [ -6478041.275405111722648, -3828080.62096761725843 ], [ -6478532.200431876815856, -3826264.613337623886764 ], [ -6478710.528616619296372, -3822566.910449229180813 ], [ -6478794.691458088345826, -3822306.914428820367903 ], [ -6480232.383136632852256, -3824414.423693322576582 ], [ -6481145.092762751504779, -3827327.587987946346402 ], [ -6481546.835035771131516, -3831983.210716471541673 ], [ -6481469.688874647021294, -3838551.019680336117744 ], [ -6478640.39913584291935, -3856286.61316938791424 ], [ -6475239.02601158991456, -3876626.016709325835109 ], [ -6473290.385641342028975, -3887895.275253455620259 ], [ -6472841.542035304941237, -3901333.734202989377081 ], [ -6473770.281790214590728, -3904175.100845099426806 ], [ -6475378.295919795520604, -3906094.049659488722682 ], [ -6477481.228612299077213, -3907385.477740546222776 ], [ -6481191.167719657532871, -3907939.159276994876564 ], [ -6483726.913889401592314, -3907698.790061633568257 ], [ -6486108.367736900225282, -3907127.167340048588812 ], [ -6497440.586428954266012, -3906076.098696895875037 ], [ -6501413.016562509350479, -3906066.544163540471345 ], [ -6503918.717904157936573, -3908244.110752397216856 ], [ -6504027.924322847276926, -3930124.87248255033046 ], [ -6507242.944867281243205, -3939928.839924650266767 ], [ -6509083.386533575132489, -3942278.272818681783974 ], [ -6513009.741710236296058, -3949760.299194572959095 ], [ -6515034.52052687574178, -3959895.590622432064265 ], [ -6515747.851927216164768, -3964122.378284746780992 ], [ -6517694.495529397390783, -3983314.87769470969215 ], [ -6517725.566733623854816, -3986731.461865199264139 ], [ -6517415.974374394863844, -3993442.393006502185017 ], [ -6515792.937830751761794, -3998128.628617358859628 ], [ -6510953.891689354553819, -4005663.872534235939384 ], [ -6508472.244871594011784, -4008464.622171876486391 ], [ -6505565.790310276672244, -4026219.934493823442608 ], [ -6506428.412781953811646, -4030207.704226456116885 ], [ -6503779.447995965369046, -4031487.72260523121804 ], [ -6500717.730720444582403, -4033222.432591212447733 ], [ -6499420.29800343606621, -4035574.071733096148819 ], [ -6498554.671048950403929, -4053791.90952688921243 ], [ -6502387.849935702979565, -4060326.683229954447597 ], [ -6504862.480073112994432, -4064011.243269233498722 ], [ -6509454.07626374065876, -4066723.323708891868591 ], [ -6512066.968594621866941, -4072749.932744008488953 ], [ -6511448.810252282768488, -4082227.523209304083139 ], [ -6509530.214710130356252, -4094601.982883738353848 ], [ -6508819.887792630121112, -4101507.016278121620417 ], [ -6508077.500617546029389, -4102595.624654526356608 ], [ -6504136.123026820831001, -4105946.027838637121022 ], [ -6501059.364675858058035, -4106519.113991366699338 ], [ -6497683.035128830932081, -4107837.01024823775515 ], [ -6495084.176158668473363, -4114202.21124476660043 ], [ -6494904.840259192511439, -4114540.719177384860814 ], [ -6492801.907566688023508, -4117528.083313858602196 ], [ -6482227.117125170305371, -4125519.765908408910036 ], [ -6474806.212534356862307, -4129620.799163575284183 ], [ -6470971.036879525519907, -4130712.139124536886811 ], [ -6465159.154133008792996, -4132781.707426888868213 ], [ -6457721.23036005999893, -4135586.038653287105262 ], [ -6440388.798234991729259, -4143666.358693624846637 ], [ -6433803.457109158858657, -4147434.519815812818706 ], [ -6400485.105015738867223, -4170282.049276671372354 ], [ -6382564.559376448392868, -4185040.723633624613285 ], [ -6380029.8022600421682, -4188067.867969317827374 ], [ -6366176.878473685123026, -4207528.779526407830417 ], [ -6360300.875212027691305, -4218221.560651161707938 ], [ -6358879.213662272319198, -4221618.037408975884318 ], [ -6359650.65661211963743, -4227976.200831272639334 ], [ -6361012.209844274446368, -4230519.286024065688252 ], [ -6365139.940014807507396, -4237453.887040066532791 ], [ -6371155.194523274898529, -4244238.869684333913028 ], [ -6379721.236276919022202, -4257821.454661590978503 ], [ -6384729.597154623828828, -4266162.061100049875677 ], [ -6387079.998459294438362, -4270582.369017714634538 ], [ -6387868.47925266623497, -4273308.305621520616114 ], [ -6388378.438891036435962, -4277369.41779947001487 ], [ -6388378.438891036435962, -4287786.740719147957861 ], [ -6388068.84653181489557, -4291032.91515981964767 ], [ -6387142.122206369414926, -4295501.697815322317183 ], [ -6385935.869011190719903, -4298825.709233995527029 ], [ -6379766.322180480696261, -4313682.914671196602285 ], [ -6372144.042595783248544, -4325187.668692377395928 ], [ -6369732.52525879163295, -4327985.700287457555532 ], [ -6361477.083579090423882, -4335919.444745132699609 ], [ -6356884.479673735797405, -4339946.92699673678726 ], [ -6351148.735373608767986, -4343937.377639619633555 ], [ -6337789.741096830926836, -4351462.302958138287067 ], [ -6334420.4282301729545, -4350923.57766336388886 ], [ -6330986.994848354719579, -4348735.303797547705472 ], [ -6319623.723613458685577, -4342709.006260192021728 ], [ -6316862.566587345674634, -4344186.042456504888833 ], [ -6311629.76524524576962, -4357107.609931018203497 ], [ -6311103.775478083640337, -4360182.904081530869007 ], [ -6308584.059437118470669, -4380956.134224286302924 ], [ -6307423.899860236793756, -4421486.872809938155115 ], [ -6307703.410068577155471, -4425254.751210512593389 ], [ -6309403.592773333191872, -4428465.046709697693586 ], [ -6312216.871044734492898, -4432449.794010539539158 ], [ -6314350.85628008749336, -4435119.254282340407372 ], [ -6316083.099242414347827, -4437287.663501384668052 ], [ -6325266.29162366874516, -4450651.538603032939136 ], [ -6339181.339157099835575, -4474167.149032210931182 ], [ -6348118.070640935562551, -4490923.08553550299257 ], [ -6348921.573848351836205, -4493628.79598877299577 ], [ -6354425.879665098153055, -4502407.662190227769315 ], [ -6358569.639964435249567, -4508056.812909619882703 ], [ -6365743.057281711138785, -4517454.387048345990479 ], [ -6368649.511843016371131, -4520380.600686271674931 ], [ -6373659.888150182552636, -4524985.868446592241526 ], [ -6375668.636838048696518, -4526821.201887640170753 ], [ -6381946.401034109294415, -4533421.45448356308043 ], [ -6391037.406178805045784, -4544912.253005173057318 ], [ -6399092.499240747652948, -4555497.3148951260373 ], [ -6401057.169739786535501, -4559590.216704528778791 ], [ -6402633.123611797578633, -4563154.087255917489529 ], [ -6403685.084484724327922, -4567228.411180265247822 ], [ -6404396.419116959907115, -4570639.920360513962805 ], [ -6405424.344127408228815, -4577964.651867248117924 ], [ -6403778.260774635709822, -4583036.790015834383667 ], [ -6404589.788377143442631, -4591569.260550203733146 ], [ -6406653.644131714478135, -4595489.244878076948225 ], [ -6409544.049902862869203, -4598986.526397792622447 ], [ -6414910.093526144511998, -4603902.01589993853122 ], [ -6417043.089708152227104, -4605673.598388236947358 ], [ -6420290.170510143972933, -4608270.356234719976783 ], [ -6438317.925800045020878, -4620909.042823186144233 ], [ -6474496.638836518861353, -4641100.352779888547957 ], [ -6477589.427316254936159, -4642758.117887455038726 ], [ -6490050.753042355179787, -4648168.142824565991759 ], [ -6529692.962950131855905, -4660935.514023889787495 ], [ -6541906.820064072497189, -4664497.427700004540384 ], [ -6544829.304754167795181, -4665802.527078250423074 ], [ -6571422.075421621091664, -4677444.372662890702486 ], [ -6575070.89849663246423, -4678434.065345819108188 ], [ -6578967.190183809958398, -4679087.473415515385568 ], [ -6586960.159498678520322, -4680137.662433502264321 ], [ -6597597.073687270283699, -4682357.796936810016632 ], [ -6622922.475127212703228, -4688343.913867652416229 ], [ -6642743.589411785826087, -4693620.01627626363188 ], [ -6655761.957447878085077, -4698341.897560561075807 ], [ -6666677.392791459336877, -4699096.925388757139444 ], [ -6669058.84663897100836, -4699374.762137831188738 ], [ -6700444.588490922003984, -4705410.816196432337165 ], [ -6731181.13811908941716, -4711373.143723646178842 ], [ -6757247.919019374996424, -4715028.762302937917411 ], [ -6770884.445397804491222, -4717773.285178390331566 ], [ -6774903.976864382624626, -4718290.045317609794438 ], [ -6801003.82573698554188, -4721075.405845891684294 ], [ -6808547.951445830054581, -4721512.420961302705109 ], [ -6812165.721977991051972, -4721315.185542666353285 ], [ -6825120.977213664911687, -4720478.574486499652267 ], [ -6830564.166998082771897, -4719185.772468075156212 ], [ -6833996.592665166594088, -4718868.719267821870744 ], [ -6837599.340783284045756, -4719384.262852541171014 ], [ -6840953.612574520520866, -4720240.111082487739623 ], [ -6846736.439546268433332, -4722946.058889749459922 ], [ -6850632.731233433820307, -4723581.727286172099411 ], [ -6861084.300556933507323, -4722469.02157068811357 ], [ -6881555.614780036732554, -4719683.278139966540039 ], [ -6884152.476982120424509, -4719046.581843468360603 ], [ -6899334.893743050284684, -4715148.579974126070738 ], [ -6904391.363668506033719, -4713517.664486258290708 ], [ -6911697.034213625825942, -4709652.72543001640588 ], [ -6913435.286141574382782, -4705529.22578489035368 ], [ -6914363.036843133158982, -4702273.308981164358556 ], [ -6924999.932370328344405, -4695404.59287036024034 ], [ -6940964.820959020406008, -4691654.487087670713663 ], [ -6944682.784461456350982, -4693441.305236062966287 ], [ -6945795.861366710625589, -4695961.389643749222159 ], [ -6944295.056887745857239, -4701519.339369591325521 ], [ -6942625.926725838333368, -4704616.699678575620055 ], [ -6937956.195320734754205, -4710775.611623198725283 ], [ -6932854.639491743408144, -4715346.991358681581914 ], [ -6936905.223501164466143, -4726924.445940464735031 ], [ -6939316.740838163532317, -4732938.169618980027735 ], [ -6940739.410102652385831, -4745693.560384135693312 ], [ -6938265.769018585793674, -4758983.927136776037514 ], [ -6933549.943995200097561, -4760579.478294153697789 ], [ -6929514.382399836555123, -4761267.974602294154465 ], [ -6926834.365071013569832, -4761363.75214146822691 ], [ -6920285.115061690099537, -4762778.463276921771467 ], [ -6909895.669485252350569, -4768633.569789426401258 ], [ -6904529.625861957669258, -4774170.707315439358354 ], [ -6904521.6014668866992, -4777331.895231672562659 ], [ -6908082.268164264038205, -4780787.131578284315765 ], [ -6916898.783012889325619, -4774930.138938657008111 ], [ -6920115.800325389020145, -4771690.673380746506155 ], [ -6921614.608036267571151, -4768853.757723760791123 ], [ -6923114.404800492338836, -4766074.633401232771575 ], [ -6930660.527277402579784, -4767087.251352800987661 ], [ -6932405.795885719358921, -4770272.127632641233504 ], [ -6918151.111164952628314, -4783954.291940175928175 ], [ -6909461.848293278366327, -4794769.311577208340168 ], [ -6912229.032946395687759, -4814046.748980291187763 ], [ -6913713.80729656945914, -4825096.240720763802528 ], [ -6914053.44448390416801, -4828835.112979890778661 ], [ -6914363.036843133158982, -4834386.069867257028818 ], [ -6914842.932992005720735, -4842264.916237103752792 ], [ -6921057.565726269967854, -4845699.58374310284853 ], [ -6931007.181145100854337, -4843495.343024507164955 ], [ -6936224.960073144175112, -4850293.624830888584256 ], [ -6939842.7306053256616, -4868000.334532743319869 ], [ -6939904.835691003128886, -4880889.81572655774653 ], [ -6939440.969670921564102, -4884083.691415601409972 ], [ -6940971.837639364413917, -4891932.609547986648977 ], [ -6942888.417752048000693, -4896385.432332049123943 ], [ -6944899.181869383901358, -4898369.201427328400314 ], [ -6948856.589588895440102, -4899846.79704453330487 ], [ -6954701.540307709947228, -4906390.990777312777936 ], [ -6956216.378147374838591, -4910009.5582728208974 ], [ -6951068.747361483983696, -4926758.951420252211392 ], [ -6948725.344075786881149, -4932741.681452514603734 ], [ -6934834.351066237315536, -4947208.71528041921556 ], [ -6931509.116388387046754, -4947320.817820281721652 ], [ -6929360.108738976530731, -4953693.463160854764283 ], [ -6931076.321572524495423, -4958215.270579593256116 ], [ -6936123.759388155303895, -4958000.087600756436586 ], [ -6939263.64920090790838, -4954557.802614725194871 ], [ -6939472.022213757038116, -4963980.767640239559114 ], [ -6938172.592728675343096, -4965011.15092652849853 ], [ -6930751.706799247302115, -4960161.377773001790047 ], [ -6923551.230475273914635, -4957685.915663090534508 ], [ -6924057.177916108630598, -4960801.795184496790171 ], [ -6926941.574721628800035, -4962555.594379749149084 ], [ -6932884.702981241978705, -4980150.458193104714155 ], [ -6937523.381843501701951, -4992501.652924153953791 ], [ -6945223.796642657369375, -4997889.742048922926188 ], [ -6947449.969114575535059, -4999056.285409023053944 ], [ -6967982.399370011873543, -5010129.417841782793403 ], [ -6982700.950110861100256, -5019248.877396930940449 ], [ -6985639.446268364787102, -5019494.639487550593913 ], [ -6987702.312969579361379, -5019321.947171582840383 ], [ -7007067.566967772319913, -5028212.007190519943833 ], [ -7013035.738804618827999, -5031003.403978762216866 ], [ -7014829.097799285314977, -5032809.780899189412594 ], [ -7017179.499103937298059, -5034390.299173412844539 ], [ -7019930.634966892190278, -5035026.296311997808516 ], [ -7026379.710667333565652, -5035794.098752805963159 ], [ -7028929.490197801962495, -5036053.590966482646763 ], [ -7053945.317939900793135, -5036258.532511547207832 ], [ -7062016.422469244338572, -5035766.139742788858712 ], [ -7075838.293712759390473, -5036258.532511547207832 ], [ -7088640.264340923167765, -5036874.696979355998337 ], [ -7091269.186800583265722, -5036915.946223275735974 ], [ -7099370.354819413274527, -5036689.697271766141057 ], [ -7103018.170179694890976, -5035848.653755506500602 ], [ -7106605.895883751101792, -5034081.634285220876336 ], [ -7110525.234380069188774, -5031433.0219641700387 ], [ -7114336.3555110367015, -5027391.659197013825178 ], [ -7116686.756815700791776, -5024723.605583186261356 ], [ -7119762.526113313622773, -5022117.396398518234491 ], [ -7123705.900472117587924, -5020172.17532048560679 ], [ -7131529.536389295011759, -5017628.294960355386138 ], [ -7141038.351258562877774, -5015272.340106137096882 ], [ -7157752.625041299499571, -5006362.229558145627379 ], [ -7178561.579683666117489, -4997397.981377479620278 ], [ -7181190.502143326215446, -4996703.4654156640172 ], [ -7183603.027195052243769, -4995803.59626735933125 ], [ -7204906.900400336831808, -4987626.280454512685537 ], [ -7207829.366429049521685, -4982748.068003363907337 ], [ -7211014.342145363800228, -4972760.981389419175684 ], [ -7213998.913259772583842, -4971415.143729252740741 ], [ -7222935.644743589684367, -4969416.601213722489774 ], [ -7225717.851810770109296, -4969211.732695502229035 ], [ -7228778.580032953992486, -4969782.701751412823796 ], [ -7230508.016451048664749, -4970416.477867384441197 ], [ -7362432.108842587098479, -4744260.890910462476313 ], [ -7198739.462947893887758, -4719077.406926663592458 ], [ -7110597.269004596397281, -4580568.245015769265592 ], [ -7160964.236972195096314, -4353916.889161579310894 ], [ -7060230.30103699862957, -4089490.307331690564752 ], [ -6997271.59107750095427, -3799880.241518002469093 ], [ -6997271.59107750095427, -3522861.917696214281023 ], [ -6628963.1378144454211, -3680258.69259495800361 ], [ -6339353.072000757791102, -3655075.208611159119755 ], [ -6288986.104033160023391, -3831359.596497751772404 ], [ -5923825.586268074810505, -3932093.532432947773486 ], [ -5874031.464127595536411, -3932093.532432947773486 ], [ -5890068.635968807153404, -3947926.538841892965138 ] ] ], [ [ [ -7184452.605359375476837, -5197886.888172331266105 ], [ -7180108.477780900895596, -5198648.886619397439063 ], [ -7176150.062346655875444, -5200852.6383823370561 ], [ -7177851.252766152843833, -5203643.274167778901756 ], [ -7180912.988703052513301, -5206276.25234929472208 ], [ -7183879.532920591533184, -5209496.67110345326364 ], [ -7185890.297037919983268, -5212674.833484784699976 ], [ -7186147.720955993980169, -5213124.193820338696241 ], [ -7186147.720955993980169, -5198479.544645644724369 ], [ -7184452.605359375476837, -5197886.888172331266105 ] ] ], [ [ [ -7174757.456571670249104, -5227999.091833452694118 ], [ -7139522.505704175680876, -5226574.955356983467937 ], [ -7137079.935824329964817, -5225840.566330826841295 ], [ -7131406.315271284431219, -5220606.526786548085511 ], [ -7129706.132566527463496, -5217739.018836214207113 ], [ -7129419.587016440927982, -5207635.006671483628452 ], [ -7131467.431303617544472, -5202806.41839437931776 ], [ -7133756.716575948521495, -5201009.690559015609324 ], [ -7136755.321051050908864, -5200006.548139406368136 ], [ -7140279.933954699896276, -5199547.65253696218133 ], [ -7149247.717981377616525, -5199882.013780527748168 ], [ -7152122.093623727560043, -5200258.345017502084374 ], [ -7157071.353898561559618, -5200298.94177524279803 ], [ -7160986.680197319947183, -5197927.49999079760164 ], [ -7157409.98337116278708, -5195453.79866333398968 ], [ -7142412.91147531196475, -5192530.298751167021692 ], [ -7125964.133201600983739, -5185811.435531819239259 ], [ -7113099.049773023463786, -5177722.368541490286589 ], [ -7110192.595211711712182, -5176346.282661711797118 ], [ -7107564.680466781370342, -5175762.951953450217843 ], [ -7099184.002239593304694, -5174470.838185973465443 ], [ -7096710.361155532300472, -5174470.838185973465443 ], [ -7094669.55221008323133, -5175972.230589334852993 ], [ -7090651.028458240441978, -5185646.527758780866861 ], [ -7089382.651516007259488, -5189691.546892277896404 ], [ -7087975.023326958529651, -5193574.579670753329992 ], [ -7085663.680298831313848, -5197552.59724526386708 ], [ -7081744.360463908873498, -5201929.007351354695857 ], [ -7080352.743742268532515, -5204729.420224349014461 ], [ -7079316.812998118810356, -5207404.690055179409683 ], [ -7078466.2084576850757, -5210812.544361619278789 ], [ -7077616.630293362773955, -5253554.516559129580855 ], [ -7083107.9104641424492, -5276244.943294987082481 ], [ -7089328.55216402374208, -5283970.83833974506706 ], [ -7092969.369505340233445, -5285437.827481230720878 ], [ -7096773.492617329582572, -5285965.144754528068006 ], [ -7106450.595846778713167, -5288156.612612498924136 ], [ -7131560.60759352799505, -5294631.526262231171131 ], [ -7135401.792213974520564, -5295022.611006636172533 ], [ -7139692.828155212104321, -5292649.075700663030148 ], [ -7152077.007720168679953, -5277809.011866323649883 ], [ -7152355.528875176794827, -5273955.287761989049613 ], [ -7149495.167932140640914, -5265115.763736966066062 ], [ -7146579.718583784066141, -5258135.369572916999459 ], [ -7159700.276358215138316, -5243852.784720662049949 ], [ -7161757.134093834087253, -5242278.062303456477821 ], [ -7168758.232191995717585, -5238565.261571886949241 ], [ -7174990.891823118552566, -5237264.582172117196023 ], [ -7179488.322670478373766, -5237308.071961585432291 ], [ -7182598.148993751965463, -5237453.478160783648491 ], [ -7186147.720955993980169, -5237990.491707226261497 ], [ -7186147.720955993980169, -5226772.867239449173212 ], [ -7174757.456571670249104, -5227999.091833452694118 ] ] ], [ [ [ -7180406.567512958310544, -5305822.606870614923537 ], [ -7186147.720955993980169, -5306066.911272446624935 ], [ -7186147.720955993980169, -5304233.993212155997753 ], [ -7180406.567512958310544, -5305822.606870614923537 ] ] ], [ [ [ -7160279.357762626372278, -5304682.911154230125248 ], [ -7160147.604348690249026, -5304960.523331710137427 ], [ -7160945.249483788385987, -5304994.465677884407341 ], [ -7160279.357762626372278, -5304682.911154230125248 ] ] ], [ [ [ -7688560.257667410187423, -6537212.589071796275675 ], [ -7690044.024302848614752, -6540568.204707670025527 ], [ -7692486.612844071350992, -6549719.902630778029561 ], [ -7697271.559633490629494, -6576091.331719697453082 ], [ -7697202.437867444008589, -6586653.751958183944225 ], [ -7696428.979488135315478, -6596688.459848579019308 ], [ -7697032.115416415967047, -6600389.148308215662837 ], [ -7700217.072471345774829, -6605144.839613756164908 ], [ -7708534.637898115441203, -6615105.146461591124535 ], [ -7715710.070644853636622, -6621442.141723648644984 ], [ -7718182.704014184884727, -6623851.211622677743435 ], [ -7723162.02777851652354, -6629847.536126581020653 ], [ -7726237.778414744883776, -6635395.334589537233114 ], [ -7721863.587346780113876, -6630618.915431378409266 ], [ -7714705.192443559877574, -6623112.322965260595083 ], [ -7702475.305200827307999, -6615424.899584009312093 ], [ -7699197.171855988912284, -6622276.403950304724276 ], [ -7697024.091021338477731, -6629477.828183240257204 ], [ -7696953.961540562100708, -6635014.208143846131861 ], [ -7697217.460281507112086, -6640332.539745071902871 ], [ -7696785.654518991708755, -6644717.076473396271467 ], [ -7695765.73524225037545, -6649151.895031576044858 ], [ -7687477.225590256042778, -6679134.336652966216207 ], [ -7686332.088427405804396, -6682846.787504232488573 ], [ -7681941.867230662144721, -6695679.304822790436447 ], [ -7680025.287117978557944, -6701135.319892636500299 ], [ -7678556.5242352001369, -6705155.339716723188758 ], [ -7677072.757599767297506, -6711013.61177262943238 ], [ -7675843.457595448940992, -6717364.184093116782606 ], [ -7677712.955036511644721, -6723244.15546642895788 ], [ -7680567.288352534174919, -6723194.193363564088941 ], [ -7682654.19091625418514, -6721553.390897920355201 ], [ -7687106.535860071890056, -6722349.567965313792229 ], [ -7689780.544223286211491, -6723990.560932796448469 ], [ -7695610.453866655007005, -6729914.026082971133292 ], [ -7698331.544901503250003, -6729467.16467650514096 ], [ -7703959.071836265735328, -6727026.73251982871443 ], [ -7714038.943714859895408, -6720533.283662910573184 ], [ -7722729.214301271364093, -6720310.902603272348642 ], [ -7734479.205395117402077, -6723866.425518684089184 ], [ -7748896.206833204254508, -6732453.768318616785109 ], [ -7742209.683683780953288, -6731408.099411080591381 ], [ -7739581.768938849680126, -6730360.942081549204886 ], [ -7736242.519561676308513, -6728744.473651346750557 ], [ -7724196.969469301402569, -6726704.20641631539911 ], [ -7719651.448235579766333, -6727150.916137317195535 ], [ -7709679.793722337111831, -6729815.61290031298995 ], [ -7700990.530850660987198, -6734246.888267952948809 ], [ -7682545.992212280631065, -6731183.798107504844666 ], [ -7679948.1409568535164, -6732503.787296743132174 ], [ -7672450.090204908512533, -6746263.467339871451259 ], [ -7666126.25105195492506, -6760895.063720838166773 ], [ -7659926.659393130801618, -6777055.510873336344957 ], [ -7657868.793942789547145, -6781890.944242699071765 ], [ -7655565.493971136398613, -6786375.096960416063666 ], [ -7646257.065042401663959, -6804146.093537416309118 ], [ -7643814.4951625559479, -6808165.309857688844204 ], [ -7638032.675905536860228, -6817421.316407449543476 ], [ -7636053.972045791335404, -6820443.746139848604798 ], [ -7633517.218161298893392, -6823540.750308725982904 ], [ -7626869.771949801594019, -6831277.048306331038475 ], [ -7618705.491130541078746, -6844444.75482711289078 ], [ -7615120.788570677861571, -6851619.710619394667447 ], [ -7612337.573788773268461, -6859535.418695443309844 ], [ -7616581.508396974764764, -6867762.517717412672937 ], [ -7618900.85715879034251, -6868722.564917609095573 ], [ -7622942.427719787694514, -6860699.432636173442006 ], [ -7626375.84244020935148, -6859105.926034239120781 ], [ -7645362.4009745195508, -6855867.453043650835752 ], [ -7658627.229908049106598, -6855159.610098564997315 ], [ -7660883.447208067402244, -6855362.773250117897987 ], [ -7674645.210133978165686, -6852707.224159481003881 ], [ -7679129.596673982217908, -6850913.887642907910049 ], [ -7681385.83263539802283, -6849345.247347571887076 ], [ -7683365.525548501871526, -6847578.818364784121513 ], [ -7685947.3653365354985, -6845177.840575729496777 ], [ -7688668.456371364183724, -6842880.66300792247057 ], [ -7694064.563484155572951, -6839498.228462522849441 ], [ -7697975.877585382200778, -6837706.181327332742512 ], [ -7701980.367976514622569, -6837277.849586299620569 ], [ -7704484.053888694383204, -6837227.14923183619976 ], [ -7710932.140535790473223, -6837832.041974519379437 ], [ -7730567.89129389449954, -6846693.294785691425204 ], [ -7733365.120775126852095, -6848891.718539386056364 ], [ -7734794.806719967164099, -6851935.809032528661191 ], [ -7735143.457355731166899, -6857107.953289656899869 ], [ -7735700.499665734358132, -6869723.756202823482454 ], [ -7743168.468266791664064, -6882183.437141556292772 ], [ -7745888.570248289033771, -6885812.468147126026452 ], [ -7751691.439546364359558, -6891648.298699578270316 ], [ -7753651.09013313986361, -6894446.787773434072733 ], [ -7756262.993410663679242, -6896211.966954821720719 ], [ -7768099.144114064984024, -6894395.756943832151592 ], [ -7771338.200520978309214, -6891143.026097426190972 ], [ -7782842.738432132638991, -6893735.544130036607385 ], [ -7808105.027071663178504, -6904921.773919159546494 ], [ -7811413.22390600014478, -6906613.422815253026783 ], [ -7847685.113232371397316, -6928515.003014309331775 ], [ -7851170.649198086932302, -6928858.932680821977556 ], [ -7868556.191621787846088, -6931066.692166138440371 ], [ -7882719.696820710785687, -6933672.138831149786711 ], [ -7886274.354552480392158, -6960576.843571147881448 ], [ -7884806.618045827373862, -6965804.525489858351648 ], [ -7882711.691087015904486, -6968265.091356111690402 ], [ -7882796.842981835827231, -6981739.459882654249668 ], [ -7891441.019949968904257, -7007081.606203963048756 ], [ -7893542.963589129038155, -7010844.52730818092823 ], [ -7895939.458512065000832, -7013705.090151038952172 ], [ -7897762.862334838137031, -7017730.284089474007487 ], [ -7898737.695708036422729, -7023333.532844475470483 ], [ -7902910.493120746687055, -7054946.065317517146468 ], [ -7902788.261056067422032, -7060963.90899702347815 ], [ -7902386.518783047795296, -7065556.42910171020776 ], [ -7901113.140589921735227, -7071752.363967876881361 ], [ -7899416.951421323232353, -7076546.501600267365575 ], [ -7897964.237328721210361, -7082683.580623072572052 ], [ -7897098.610374229960144, -7088044.352200169116259 ], [ -7896587.661682507954538, -7095049.683374755084515 ], [ -7897128.673863727599382, -7101018.663361924700439 ], [ -7898276.422148107551038, -7107987.360531651414931 ], [ -7989258.138507752679288, -7038292.731605085544288 ], [ -7989122.87707086186856, -7036200.789602102711797 ], [ -7985951.953376649878919, -7022905.202468298375607 ], [ -7956839.448006848804653, -7007622.647957029752433 ], [ -7953470.135140177793801, -7007958.302028836682439 ], [ -7950455.500536283478141, -7007904.862690296024084 ], [ -7947038.097283257171512, -7006978.098634473979473 ], [ -7944655.635721009224653, -7005535.539554863236845 ], [ -7942398.410706262104213, -7003834.540880660526454 ], [ -7940265.414524265564978, -7001518.144529475830495 ], [ -7917970.696478392928839, -6962472.874104037880898 ], [ -7916803.501559759490192, -6957874.655789944343269 ], [ -7922222.655481685884297, -6948059.571396005339921 ], [ -7931978.920301721431315, -6945169.393869299441576 ], [ -7942614.826775579713285, -6944453.670367738232017 ], [ -7970969.903894856572151, -6960012.419843248091638 ], [ -7994627.182887619361281, -6975140.802464263513684 ], [ -8003741.253502833656967, -6982818.11761873587966 ], [ -8005526.588102415204048, -6987880.475008007138968 ], [ -8017184.410621092654765, -7006024.697872346267104 ], [ -8023478.186284548602998, -7007804.672672293148935 ], [ -8026708.229243032634258, -7007597.608997187577188 ], [ -8030743.790838384069502, -7004864.449488035403192 ], [ -8033110.222271840088069, -7001813.508409988135099 ], [ -8035381.480647299438715, -6997501.125596179626882 ], [ -8037423.297307466156781, -6993897.852173452265561 ], [ -8039649.469779383391142, -6991661.012509451247752 ], [ -8048786.56854236125946, -6988446.870559962466359 ], [ -8051588.61883005220443, -6989165.010841358453035 ], [ -8098117.078113502822816, -6938175.689702434465289 ], [ -8095092.236129030585289, -6936174.173369909636676 ], [ -8079940.89057232812047, -6945475.953688814304769 ], [ -8066953.575079072266817, -6949823.341954336501658 ], [ -8061944.187825256027281, -6948442.440511094406247 ], [ -8048678.369838394224644, -6937092.794092769734561 ], [ -8035566.825512391515076, -6921578.424039628356695 ], [ -8034020.916468495503068, -6917944.798662406392395 ], [ -8015777.771485382691026, -6915309.772373324260116 ], [ -8007427.138086307793856, -6921347.149048627354205 ], [ -8003261.338692563585937, -6924355.967992735095322 ], [ -7997966.432264791801572, -6925607.081797834485769 ], [ -7991781.863020025193691, -6926013.695019553415477 ], [ -7983648.634743614122272, -6925658.342191127128899 ], [ -7979320.537293931469321, -6925145.968498442322016 ], [ -7976135.561577618122101, -6924636.921341425739229 ], [ -7972470.708373815752566, -6923361.18228841945529 ], [ -7956591.979394682683051, -6915461.635376977734268 ], [ -7961385.95829392131418, -6904107.417014877311885 ], [ -7964230.289108165539801, -6901818.0735989715904 ], [ -7968591.454530163668096, -6901640.070571733638644 ], [ -7971342.590393112972379, -6902554.745413279160857 ], [ -7974806.087264423258603, -6902478.920168256387115 ], [ -7989216.053360771387815, -6900140.599975107237697 ], [ -8005790.086843361146748, -6896376.65949378721416 ], [ -8029599.642728903330863, -6893379.961239720694721 ], [ -8045801.978766568005085, -6894193.231533349491656 ], [ -8049675.223644597455859, -6895055.993323046714067 ], [ -8053313.036503099836409, -6899712.248739298433065 ], [ -8056099.25576782412827, -6906651.354870140552521 ], [ -8061844.013516379520297, -6919563.207820631563663 ], [ -8075881.29311447776854, -6907606.165245288051665 ], [ -8070571.345611252821982, -6899732.011683963239193 ], [ -8067516.626354698091745, -6897483.429373372346163 ], [ -8064047.139179150573909, -6897725.5536879748106 ], [ -8059001.679470215924084, -6895046.117593020200729 ], [ -8061357.100687150843441, -6891880.375450738705695 ], [ -8073370.590521936304867, -6895767.353831794112921 ], [ -8075718.976397136226296, -6897827.68864864949137 ], [ -8085073.498944161459804, -6898970.866554989479482 ], [ -8102922.907387955114245, -6898881.911426728591323 ], [ -8111251.817347044125199, -6909273.17753719072789 ], [ -8111169.720347186550498, -6882013.606575903482735 ], [ -8106347.308659959584475, -6880230.671371066011488 ], [ -8085692.646339849568903, -6871966.211073200218379 ], [ -8079662.369417325593531, -6868066.106094635091722 ], [ -8069667.649433564394712, -6857601.23346581030637 ], [ -8067099.843006236478686, -6837024.442347976379097 ], [ -8068715.862869518809021, -6833141.199649439193308 ], [ -8076228.936035507358611, -6823867.181411659345031 ], [ -8087261.583531484007835, -6809361.025311980396509 ], [ -8089205.222650871612132, -6793843.361553890630603 ], [ -8085583.439921147190034, -6790463.516356591135263 ], [ -8072735.394336090423167, -6792495.493767152540386 ], [ -8069843.980850219726562, -6791090.928729788400233 ], [ -8067401.410970380529761, -6788557.174853639677167 ], [ -8065856.509641212411225, -6785674.948275460861623 ], [ -8067201.043691230937839, -6762095.167326963506639 ], [ -8071405.901361518539488, -6751153.375148854218423 ], [ -8088320.561084774322808, -6730985.319302009418607 ], [ -8094334.826539885252714, -6725235.202661885879934 ], [ -8097226.240025768056512, -6723692.296810381114483 ], [ -8102110.390732108615339, -6722796.038788259960711 ], [ -8107353.194575988687575, -6722649.374130502343178 ], [ -8117016.28310611564666, -6718371.021225333213806 ], [ -8132385.052446871995926, -6707959.247024848125875 ], [ -8134826.633273367770016, -6703740.058791764080524 ], [ -8139278.959555808454752, -6700092.046446920372546 ], [ -8144087.960869091562927, -6700935.984856426715851 ], [ -8153319.243636720813811, -6703601.764166897162795 ], [ -8156379.971858890727162, -6707265.821248886175454 ], [ -8154910.219922774471343, -6710379.492193787358701 ], [ -8150536.028854810632765, -6712232.164042268879712 ], [ -8147829.960234018042684, -6711387.055502192117274 ], [ -8143438.749983917921782, -6708184.497979143634439 ], [ -8133652.42167438287288, -6711163.305008364841342 ], [ -8123927.228058571927249, -6716455.752040204592049 ], [ -8109810.80553126335144, -6728968.707725388929248 ], [ -8093963.129094984382391, -6745091.561516284942627 ], [ -8091443.413054019212723, -6746362.079768854193389 ], [ -8085352.020099163986742, -6748108.15452126134187 ], [ -8078587.343073872849345, -6749993.687278863973916 ], [ -8076251.982844643294811, -6753138.309558327309787 ], [ -8078015.278349817730486, -6762056.279282194562256 ], [ -8084748.884170882403851, -6769795.623584885150194 ], [ -8095124.296386614441872, -6770747.335149077698588 ], [ -8102910.889456712640822, -6765375.708236803300679 ], [ -8105668.034285290166736, -6759483.022793692536652 ], [ -8124004.374219696968794, -6751203.509307485073805 ], [ -8146175.871147545054555, -6734597.164894007146358 ], [ -8153264.13657000195235, -6729939.839081204496324 ], [ -8157926.869956132024527, -6730548.075913501903415 ], [ -8151563.953865238465369, -6747820.35852387547493 ], [ -8147876.053852306678891, -6750105.298606260679662 ], [ -8143579.008945454843342, -6751002.944401140324771 ], [ -8140524.289688912220299, -6750891.350869351997972 ], [ -8136627.998001734726131, -6748957.085598525591195 ], [ -8132646.535758353769779, -6751452.617995959706604 ], [ -8129695.013954872265458, -6754699.744002061896026 ], [ -8126029.153036342002451, -6761044.048889669589698 ], [ -8132940.097988797351718, -6772675.441410083323717 ], [ -8135553.979373009875417, -6774375.275907709263265 ], [ -8139960.230698558501899, -6775301.597609959542751 ], [ -8147551.439079029485583, -6777824.711007458157837 ], [ -8134164.378080839291215, -6775822.367647827602923 ], [ -8127235.406231518834829, -6770121.495367488823831 ], [ -8123192.846617189235985, -6767631.570339207537472 ], [ -8119397.736953629180789, -6770272.280800896696746 ], [ -8118191.483758452348411, -6775053.357430448755622 ], [ -8121840.306833461858332, -6778959.148386616259813 ], [ -8129508.661375058814883, -6782205.930680744349957 ], [ -8136289.368529134429991, -6785663.57162360753864 ], [ -8139947.634724358096719, -6788075.779199315235019 ], [ -8158982.878044996410608, -6785023.858995559625328 ], [ -8159735.251364849507809, -6766244.285639611072838 ], [ -8161946.382761327549815, -6750753.849500230513513 ], [ -8163632.550766748376191, -6746412.214485452510417 ], [ -8168699.023193984292448, -6740655.999720654450357 ], [ -8167604.980900322087109, -6744891.147403956390917 ], [ -8164187.577647290192544, -6754348.600035440176725 ], [ -8162967.309752783738077, -6763444.477619869634509 ], [ -8160919.802913579158485, -6784713.311867791227996 ], [ -8180523.88803920801729, -6781570.189268135465682 ], [ -8191634.96505271922797, -6756190.270459567196667 ], [ -8187395.02398067060858, -6754123.695025764405727 ], [ -8183777.25344848819077, -6751603.057070435024798 ], [ -8178789.923950476571918, -6745009.131319161504507 ], [ -8194878.033657174557447, -6749605.574965559877455 ], [ -8204285.647841447032988, -6762095.167326963506639 ], [ -8207529.146993281319737, -6755772.501659044064581 ], [ -8197641.189444767311215, -6723707.547212320379913 ], [ -8196609.268904773518443, -6726304.288191721774638 ], [ -8195124.494554599747062, -6734198.452060596086085 ], [ -8193664.763781647197902, -6733213.88555311691016 ], [ -8192960.445829743519425, -6728568.648172553628683 ], [ -8194568.459959337487817, -6723590.745970405638218 ], [ -8196138.882775174453855, -6718835.823735640384257 ], [ -8176438.948558987118304, -6654952.307838015258312 ], [ -8033800.750260927714407, -6605577.546888686716557 ], [ -7999063.11977605894208, -6515838.668136107735336 ], [ -8030905.94772052206099, -6330571.305550139397383 ], [ -8013537.132478088140488, -6295833.675065269693732 ], [ -7949851.476589161902666, -6122145.52264092490077 ], [ -7944061.871508350595832, -6012143.02610550634563 ], [ -7909324.241023480892181, -5893456.121948869898915 ], [ -7903534.635942669585347, -5821086.05843872576952 ], [ -7877481.413079017773271, -5719767.969524524174631 ], [ -7839848.980053743347526, -5563448.632342613302171 ], [ -7676438.569128644652665, -6516615.45870669465512 ], [ -7688560.257667410187423, -6537212.589071796275675 ] ] ], [ [ [ -8000153.527798771858215, -7024327.470237324945629 ], [ -7996838.31428409088403, -7028356.384513987228274 ], [ -7996064.29772231169045, -7033079.016587897203863 ], [ -8007463.376602070406079, -7024346.992128290235996 ], [ -8000153.527798771858215, -7024327.470237324945629 ] ] ], [ [ [ -8105142.063179510645568, -6910977.736830610781908 ], [ -8090801.218849191442132, -6916491.790707141160965 ], [ -8090516.688728572800756, -6920749.145173973403871 ], [ -8098958.482988094910979, -6933160.916793718934059 ], [ -8100892.90119691286236, -6935133.737813106738031 ], [ -8111295.368498819880188, -6923733.946071393787861 ], [ -8111269.256542481482029, -6915063.705648553557694 ], [ -8105142.063179510645568, -6910977.736830610781908 ] ] ], [ [ [ -8107646.738145041279495, -6843587.398455433547497 ], [ -8101122.531712939031422, -6818133.99903745111078 ], [ -8102358.848397613503039, -6811384.731749613769352 ], [ -8105945.566386939957738, -6815120.571111669763923 ], [ -8109447.113820057362318, -6824737.130900808610022 ], [ -8109254.75227462220937, -6829321.851442043669522 ], [ -8111023.651536196470261, -6833512.7706702016294 ], [ -8110900.835627395659685, -6792732.851952482014894 ], [ -8104283.452905376441777, -6789259.207279889844358 ], [ -8092284.985484641976655, -6798155.192226014100015 ], [ -8092760.888097350485623, -6808412.89820200111717 ], [ -8088413.737374684773386, -6816113.522994551807642 ], [ -8084036.541823913343251, -6818378.642193973064423 ], [ -8082028.782189397141337, -6820391.540831076912582 ], [ -8076661.749512759968638, -6830973.198681256733835 ], [ -8074498.689841265790164, -6836419.610122579149902 ], [ -8079082.280298192054033, -6858471.56089816428721 ], [ -8082877.371300369501114, -6862913.165986940264702 ], [ -8097565.877213102765381, -6868976.939902361482382 ], [ -8111156.42063766438514, -6877597.557559259235859 ], [ -8111065.890552509576082, -6847537.856416598893702 ], [ -8107646.738145041279495, -6843587.398455433547497 ] ] ], [ [ [ -8198583.979228367097676, -6770259.29496331512928 ], [ -8192992.506087326444685, -6766819.565233119763434 ], [ -8191801.275306205265224, -6771034.344273308292031 ], [ -8187467.349374911747873, -6780456.944242711178958 ], [ -8195361.327273542061448, -6779191.302914622239769 ], [ -8198583.979228367097676, -6770259.29496331512928 ] ] ] ] } },
{ "type": "Feature", "properties": { "Id": null, "id1": 3, "nomi": "Savannalar va siyrak o'rmonlar" }, "geometry": { "type": "MultiPolygon", "coordinates": [ [ [ [ -4963735.639746500179172, -341109.601374926860444 ], [ -4964169.442277083173394, -335443.04262718022801 ], [ -4962300.952550767920911, -332810.512020598223899 ], [ -4960379.352525806054473, -324424.72413087869063 ], [ -4963272.762779756449163, -316772.745197760406882 ], [ -4962346.038454309105873, -312035.139807177882176 ], [ -4961725.864682521671057, -310270.754553903767373 ], [ -4960922.361475091427565, -308769.172750717552844 ], [ -4955851.876850326545537, -303120.111815473588649 ], [ -4954660.646069206297398, -302423.033589428639971 ], [ -4951924.532620307989419, -301788.133577980916016 ], [ -4951583.887718243524432, -303553.41486308502499 ], [ -4951152.081955726258457, -306091.067303234885912 ], [ -4951583.887718243524432, -318691.722603523929138 ], [ -4953130.785815479233861, -328329.126612978521734 ], [ -4955789.753103259019554, -330333.54632895195391 ], [ -4957335.662147142924368, -331045.818576610356104 ], [ -4958835.458911372348666, -332608.862984656007029 ], [ -4961541.527532145380974, -336804.468739121512044 ], [ -4963333.878812089562416, -339963.822107507789042 ], [ -4963735.639746500179172, -341109.601374926860444 ] ] ], [ [ [ -4971713.567985926754773, -184869.766435859026387 ], [ -4974558.887853521853685, -183671.018857286748243 ], [ -4980774.528302514925599, -185218.563813531392952 ], [ -4983681.971917176619172, -186176.765318525052862 ], [ -4984724.919341668486595, -185666.589004961773753 ], [ -4985721.791809256188571, -184042.870743058563676 ], [ -4985257.925789174623787, -180268.279954163124785 ], [ -4983928.432814596220851, -179031.472817709756782 ], [ -4981671.207799848169088, -177020.93347886367701 ], [ -4977666.717408710159361, -173880.8636788520962 ], [ -4974249.314155664294958, -174375.966693465481512 ], [ -4972688.401359107345343, -176123.910349232552107 ], [ -4971342.878255756571889, -178567.42451893229736 ], [ -4970709.697499361820519, -180484.763903378683608 ], [ -4971713.567985926754773, -184869.766435859026387 ] ] ], [ [ [ -5008666.74711643345654, -156140.72960840977612 ], [ -5009253.834254537709057, -155986.391095792554552 ], [ -5010460.106111086905003, -154872.983669747627573 ], [ -5011804.621499721892178, -152815.527554687258089 ], [ -5012391.708637833595276, -148486.222645104251569 ], [ -5008697.799659267999232, -142902.30627027573064 ], [ -5006656.972052454948425, -140459.133720620040549 ], [ -5000657.747672759927809, -140227.639207413623808 ], [ -4995810.677136285230517, -143274.097255313827191 ], [ -4995122.389313185587525, -145733.328304486582056 ], [ -4996482.934830606915057, -148314.846101905975956 ], [ -5004985.845122461207211, -154594.38054914039094 ], [ -5006347.398354616947472, -155461.252563367597759 ], [ -5007985.475973676890135, -156079.595268882520031 ], [ -5008666.74711643345654, -156140.72960840977612 ] ] ], [ [ [ -7267060.244423303753138, 1218533.065119172912091 ], [ -7269132.12457296717912, 1218847.280964865116403 ], [ -7279553.630406969226897, 1221556.100557178491727 ], [ -7282042.293905097059906, 1222610.079076799564064 ], [ -7282089.376576725393534, 1223853.902823607204482 ], [ -7278811.243231885135174, 1227192.73608502256684 ], [ -7277389.581682130694389, 1228075.473377662943676 ], [ -7276337.620809203013778, 1228610.221231399802491 ], [ -7269659.103393459692597, 1229398.064144339412451 ], [ -7259383.884148007258773, 1226909.044761055381969 ], [ -7258123.512939462438226, 1222090.744706117780879 ], [ -7257985.250746010802686, 1220579.672784115886316 ], [ -7259145.428984282538295, 1219792.03644751268439 ], [ -7265669.63541638571769, 1218626.921000697882846 ], [ -7267060.244423303753138, 1218533.065119172912091 ] ] ], [ [ [ -7103853.733644702471793, 1229618.49467776552774 ], [ -7112203.359329028986394, 1221272.456768478732556 ], [ -7121370.521581510081887, 1219965.483618010766804 ], [ -7130631.867838617414236, 1215918.355249418877065 ], [ -7130973.501794039271772, 1216800.778235175879672 ], [ -7139631.712122865021229, 1225870.23226240859367 ], [ -7141239.726252445951104, 1226688.632038174429908 ], [ -7143820.558325745165348, 1227618.287072067148983 ], [ -7145613.917320417240262, 1226090.639613351784647 ], [ -7146837.208359102718532, 1224956.952291709370911 ], [ -7149819.782705419696867, 1224311.037895820802078 ], [ -7164291.872548842802644, 1226957.001256645191461 ], [ -7169609.82578576169908, 1228720.433725393842906 ], [ -7166564.119977653957903, 1238564.836818675510585 ], [ -7148752.780757058411837, 1242094.010790724540129 ], [ -7146912.339090757071972, 1242062.367571736918762 ], [ -7145907.460889463312924, 1241511.069194088224322 ], [ -7145708.082663672044873, 1240345.197705232538283 ], [ -7146425.426261541433632, 1238446.415682973340154 ], [ -7145382.478837030008435, 1236674.313125041080639 ], [ -7144021.933319628238678, 1235697.463872109772637 ], [ -7136229.349945279769599, 1231571.904144581407309 ], [ -7133755.708861214108765, 1230847.275121848564595 ], [ -7130509.635773938149214, 1230483.939969761529937 ], [ -7129210.206288862973452, 1230704.377652391558513 ], [ -7126951.973559381440282, 1232106.707846796838567 ], [ -7123055.681872210465372, 1240739.255443714559078 ], [ -7119036.150405630469322, 1245214.134917066432536 ], [ -7111638.311285343021154, 1252029.177173840580508 ], [ -7107177.960607817396522, 1246521.069537298986688 ], [ -7102709.604196585714817, 1234532.822730506071821 ], [ -7103853.733644702471793, 1229618.49467776552774 ] ] ], [ [ [ -7934374.388848545029759, 1385123.620731117436662 ], [ -7930740.58818759676069, 1382338.241452324436978 ], [ -7928266.965764914639294, 1380106.843561754096299 ], [ -7916470.88105277903378, 1356933.037166067166254 ], [ -7916022.037446749396622, 1354308.043567122193053 ], [ -7916394.742606389336288, 1351273.492445276584476 ], [ -7918295.292590287514031, 1347685.072985527571291 ], [ -7923011.117613662034273, 1343938.33211560617201 ], [ -7929504.271502928808331, 1340176.673873401945457 ], [ -7935131.81709906924516, 1336447.230772528564557 ], [ -7939245.513908908702433, 1330379.893866247031838 ], [ -7939831.611993669532239, 1328989.675092967459932 ], [ -7941658.038960641250014, 1322860.330968812573701 ], [ -7945831.844088079407811, 1317649.108226926298812 ], [ -7953314.853764584288001, 1314300.951259213965386 ], [ -7957180.092908918857574, 1312753.87593127368018 ], [ -7959901.183943754062057, 1312405.992206702008843 ], [ -7963951.767953175120056, 1312027.429565391968936 ], [ -7974742.955802614800632, 1310543.905854780692607 ], [ -7982969.360368942841887, 1308743.288695573573932 ], [ -7988936.524491034448147, 1307306.984861548757181 ], [ -7994564.070087193511426, 1305618.054767397930846 ], [ -8009901.768223729915917, 1299619.097879461245611 ], [ -8011571.90610037278384, 1294111.06016981578432 ], [ -8011263.321455886587501, 1289583.436770479893312 ], [ -8010644.174060198478401, 1284818.285046824719757 ], [ -8009731.464434078894556, 1279975.116843737196177 ], [ -8008866.845194317400455, 1276994.770491630304605 ], [ -8007520.314376218244433, 1273304.457547934958711 ], [ -8004551.754729229025543, 1266239.757563774473965 ], [ -8000192.604736698791385, 1258136.766643568873405 ], [ -7996945.523934707045555, 1252841.087885877350345 ], [ -7992215.665550609119236, 1246694.655581623781472 ], [ -7986154.31742387264967, 1235981.229753876803443 ], [ -7988689.074540277943015, 1233665.238371568731964 ], [ -7980618.959064277820289, 1213305.880274552386254 ], [ -7977355.848133495077491, 1206884.202876856317744 ], [ -7972424.614755531772971, 1202854.96697292313911 ], [ -7970136.337197941727936, 1201249.916442136978731 ], [ -7968018.382091380655766, 1199928.423537066904828 ], [ -7968436.154493185691535, 1195239.336631325772032 ], [ -7973816.2314771739766, 1172779.476586461765692 ], [ -7975918.156454949639738, 1168943.676676320610568 ], [ -7979134.184714111499488, 1166773.818455551285297 ], [ -7987808.425171722657979, 1160706.027903605950996 ], [ -7989756.057827254757285, 1158396.126251977868378 ], [ -7992121.500207360833883, 1155284.896128070075065 ], [ -7995538.884798996150494, 1147740.709950600750744 ], [ -7997317.221379606053233, 1143640.891036371933296 ], [ -8005123.838114661164582, 1132959.333962491713464 ], [ -8028957.448524073697627, 1098344.590802019927651 ], [ -8023678.572225081734359, 1089009.793753847712651 ], [ -8020184.022810929454863, 1085871.944785353261977 ], [ -8015901.01126478984952, 1080869.403666662517935 ], [ -8012684.983005627989769, 1076337.001714950427413 ], [ -8011200.208655461668968, 1073984.621813971316442 ], [ -8008819.743861311115324, 1067273.791607855819166 ], [ -8005078.752211119048297, 1061692.648630988551304 ], [ -7985303.731544815003872, 1048386.084442109102383 ], [ -7984236.729596452787519, 1044923.585585730266757 ], [ -7985164.461636628955603, 1039393.351397962658666 ], [ -7987390.63410853408277, 1031106.067911301273853 ], [ -7988226.197573535144329, 1019360.240348353865556 ], [ -7985411.930248769931495, 1017356.26174046494998 ], [ -7983261.914884650148451, 1014803.484018392977305 ], [ -7980402.561656350269914, 1013166.999384657596238 ], [ -7973134.960334429517388, 1010874.195272876648232 ], [ -7970291.637234920635819, 1010529.264502434525639 ], [ -7965219.137180685997009, 1010623.612810774357058 ], [ -7959034.54927452839911, 1011704.051688989973627 ], [ -7938595.295309007167816, 1018483.544140371843241 ], [ -7936028.496596414595842, 1019735.676133480970748 ], [ -7930555.243322504684329, 1023542.018864884157665 ], [ -7928739.845233425498009, 1025658.950077466550283 ], [ -7927525.567643170244992, 1029571.421514657326043 ], [ -7926876.356757996603847, 1030792.441309519810602 ], [ -7922098.407987542450428, 1036885.869176375446841 ], [ -7920073.629170898348093, 1038358.870670556905679 ], [ -7916795.495826058089733, 1039095.902558664092794 ], [ -7912017.547055610455573, 1041257.326921368949115 ], [ -7909914.614363099448383, 1044217.933212347328663 ], [ -7909868.520744822919369, 1045989.70981365267653 ], [ -7911600.763707150705159, 1050032.152056949213147 ], [ -7913610.520109751261771, 1066545.385567369870842 ], [ -7912931.264396457932889, 1069939.697889889823273 ], [ -7910486.679087148979306, 1075647.016331162536517 ], [ -7909622.059847398661077, 1085402.365260677877814 ], [ -7911854.241284932009876, 1102064.122063111048192 ], [ -7914631.447101220488548, 1106999.303291004849598 ], [ -7920134.745203231461346, 1113332.733889671741053 ], [ -7933679.103006484918296, 1135865.037689685821533 ], [ -7936260.924133134074509, 1138724.163461087970063 ], [ -7938966.99275391921401, 1140687.728907732060179 ], [ -7946603.287037925794721, 1150867.554804101120681 ], [ -7952293.945434497669339, 1160674.4597638186533 ], [ -7954736.515314345248044, 1170924.185427706222981 ], [ -7961787.719228317961097, 1179227.417286978336051 ], [ -7964431.664102048613131, 1183188.686055085388944 ], [ -7962282.637791248038411, 1201156.108480690745637 ], [ -7953407.022339764982462, 1208930.126801938517019 ], [ -7953964.064649762585759, 1222626.404619213193655 ], [ -7958548.644160027615726, 1227688.693205125629902 ], [ -7952077.529365186579525, 1229790.985053120180964 ], [ -7949542.790910165756941, 1230311.46503401780501 ], [ -7946450.00243041664362, 1230217.576538656139746 ], [ -7943079.700510394759476, 1229650.145093356259167 ], [ -7934976.517062096856534, 1230877.88115115230903 ], [ -7933864.447871571406722, 1231318.782169641228393 ], [ -7923507.062552715651691, 1235760.738225939217955 ], [ -7911910.337404988706112, 1241180.286958187818527 ], [ -7907194.512381603009999, 1243811.271209381055087 ], [ -7905292.954682975076139, 1245401.996814857237041 ], [ -7902463.66494417283684, 1247230.729733782820404 ], [ -7896325.170656303875148, 1250791.471320673357695 ], [ -7891441.019949968904257, 1253218.954107835888863 ], [ -7887635.907784629613161, 1254827.502218591747805 ], [ -7884265.605864613316953, 1256087.846924749668688 ], [ -7874402.131393955089152, 1258200.10301242605783 ], [ -7865281.062759761698544, 1259176.609696080209687 ], [ -7861538.05568010546267, 1258908.987840640824288 ], [ -7853235.512667393311858, 1259555.576337427832186 ], [ -7848967.523535311222076, 1260264.471502202562988 ], [ -7847145.108765887096524, 1261935.700653593288735 ], [ -7842087.649787093512714, 1265009.678140839328989 ], [ -7839274.371515686623752, 1265262.031029436271638 ], [ -7828357.947118754498661, 1269740.235916129779071 ], [ -7818990.398925759829581, 1272168.118420194368809 ], [ -7808227.259136342443526, 1279581.614084209315479 ], [ -7803002.482189314439893, 1280906.280533315846696 ], [ -7796245.829559114761651, 1282191.151317053707317 ], [ -7795023.546235158108175, 1287879.109244768042117 ], [ -7797684.528952389955521, 1290875.816202429588884 ], [ -7790988.992354522459209, 1290529.201007707975805 ], [ -7780977.25318861939013, 1281608.502656060503796 ], [ -7778341.314048603177071, 1280511.738302818033844 ], [ -7774182.53133522067219, 1280290.965828598011285 ], [ -7770927.302491510286927, 1280539.192548205377534 ], [ -7770827.309121656231582, 1257410.34876760118641 ], [ -7773268.521624409593642, 1256706.152853345498443 ], [ -7854322.992755770683289, 1143808.853777521057054 ], [ -7770373.719084003940225, 1152493.261398738250136 ], [ -7770543.609681887552142, 1145527.746885518776253 ], [ -7773268.521624409593642, 1033806.357242103433236 ], [ -7874586.610538611188531, 1036701.159782509203069 ], [ -7947838.401109046302736, 983427.130276737851091 ], [ -7970115.094372000545263, 967225.898812771076337 ], [ -8045379.960422550328076, 926698.663247090531513 ], [ -8074327.98582660779357, 918014.255625873338431 ], [ -8132224.036634722724557, 926698.663247090531513 ], [ -8131380.698009847663343, 930458.547949660453014 ], [ -8062748.775664986111224, 1236442.535070504527539 ], [ -8097486.406149855814874, 1187230.891883606556803 ], [ -8123539.629013507626951, 1135124.44615630293265 ], [ -8181435.679821622557938, 1036701.159782507224008 ], [ -8204594.100144868716598, 964331.096272363327444 ], [ -8204594.100144868716598, 909329.848004654049873 ], [ -8143803.246796347200871, 790642.94384801806882 ], [ -8285648.571276229806244, 605375.581262049730867 ], [ -8314153.247631792910397, 622974.760178859811276 ], [ -8326175.806841910816729, 669061.23715097643435 ], [ -8326175.806841910816729, 761694.918443960603327 ], [ -8355123.832245968282223, 805116.956550047034398 ], [ -8433283.500836923718452, 831170.179413698730059 ], [ -8497086.583004340529442, 831170.179413698730059 ], [ -8551530.77702347189188, 882810.520081275142729 ], [ -8551224.08297374099493, 882785.484961447771639 ], [ -8544652.775208620354533, 884377.602780874120072 ], [ -8543153.967497741803527, 886250.969916137284599 ], [ -8541761.361722750589252, 897866.198793548042886 ], [ -8542542.825835760682821, 903652.150784965837374 ], [ -8544142.834231646731496, 915670.625494879786856 ], [ -8545473.316259570419788, 931777.93422867055051 ], [ -8546423.087394151836634, 939717.308395074331202 ], [ -8551766.102869674563408, 947704.750672923400998 ], [ -8557872.518238589167595, 952113.353710378753021 ], [ -8563608.262538716197014, 953895.369021329213865 ], [ -8563624.292667500674725, 957397.796758563607 ], [ -8558768.208682585507631, 963464.146601679734886 ], [ -8551348.311806486919522, 964778.468875305145048 ], [ -8535299.279037721455097, 969588.14482709497679 ], [ -8508419.962820189073682, 992115.601314069936052 ], [ -8507787.771117143332958, 995472.140069843153469 ], [ -8506913.130714217200875, 995502.570482115144841 ], [ -8504685.969188962131739, 995941.670044553349726 ], [ -8501871.701864203438163, 996567.384622519137338 ], [ -8495625.997925724834204, 999102.792527367244475 ], [ -8489688.897293111309409, 1005488.646997174946591 ], [ -8480380.468364376574755, 1027660.299833349650726 ], [ -8479499.818995822221041, 1032610.315128726069815 ], [ -8472588.892704762518406, 1041602.522846033331007 ], [ -8470270.551657674834132, 1043889.980894163833 ], [ -8468229.724050849676132, 1044986.544948141206987 ], [ -8451222.895752409473062, 1053636.258456336567178 ], [ -8439803.509736061096191, 1055485.664108567871153 ], [ -8429692.585314644500613, 1053526.580208355793729 ], [ -8425540.819281611591578, 1052414.549488335615024 ], [ -8422062.299996241927147, 1054044.537408205680549 ], [ -8419573.636498125270009, 1056567.324542041867971 ], [ -8417980.663443984463811, 1059279.222474057460204 ], [ -8415539.082617489621043, 1064984.959241233766079 ], [ -8414764.635184835642576, 1067713.703080602223054 ], [ -8414145.487789144739509, 1071789.884177821921185 ], [ -8414115.424299649894238, 1074424.610282813897356 ], [ -8414795.706389054656029, 1077622.481517102336511 ], [ -8415908.783294321969151, 1081104.174096337752417 ], [ -8418738.07303312420845, 1084868.74460821878165 ], [ -8422527.173731068149209, 1091802.273213183740154 ], [ -8419680.846148746088147, 1099081.751605959841982 ], [ -8415321.677494833245873, 1114086.467512262286618 ], [ -8414671.458894925191998, 1116566.477741873590276 ], [ -8413543.359575601294637, 1124055.347352593904361 ], [ -8413527.329446820542216, 1127023.435995570616797 ], [ -8413807.847369896247983, 1128910.038138269679621 ], [ -8412600.586459985002875, 1134090.035183665342629 ], [ -8408410.751203766092658, 1139509.990142643917352 ], [ -8408147.252462821081281, 1145683.09975653863512 ], [ -8409861.468528278172016, 1166157.512991762254387 ], [ -8402984.599262874573469, 1169414.352405639132485 ], [ -8403137.883870391175151, 1174431.091644380707294 ], [ -8405070.494111858308315, 1181129.010012300917879 ], [ -8401962.6832180544734, 1185958.873367132386193 ], [ -8394479.673541555181146, 1193414.444680740358308 ], [ -8381029.499742940999568, 1200872.63487924891524 ], [ -8378060.940095952711999, 1200526.96170023852028 ], [ -8376996.942630391567945, 1198834.334009447367862 ], [ -8374187.676556526683271, 1201406.953709649387747 ], [ -8375191.565704488195479, 1205129.06942294142209 ], [ -8376884.731728888116777, 1203327.109730428783223 ], [ -8378817.360631748102605, 1204114.36438654945232 ], [ -8378365.512542902491987, 1209319.731969279237092 ], [ -8376126.314425013028085, 1209469.663134949281812 ], [ -8373761.879759643226862, 1210063.276968992780894 ], [ -8353353.678336950950325, 1221429.586580496514216 ], [ -8352499.080260365270078, 1224850.819554601097479 ], [ -8351528.277746097184718, 1228311.197057529352605 ], [ -8340180.028925271704793, 1239920.511267560534179 ], [ -8334273.962174122221768, 1245685.8456523232162 ], [ -8333467.454483878798783, 1246340.352351796114817 ], [ -8330549.000652708113194, 1244078.770362738519907 ], [ -8293859.320263147354126, 1231351.4417355353944 ], [ -8290643.292003998532891, 1230657.442325623240322 ], [ -8287829.024679252877831, 1230279.833002920961007 ], [ -8284799.36766130104661, 1230184.91807941137813 ], [ -8279913.220186880789697, 1230184.91807941137813 ], [ -8275677.291312380693853, 1230594.158629577141255 ], [ -8272816.930369345471263, 1231176.928243673173711 ], [ -8270172.985495635308325, 1231996.465192119590938 ], [ -8271580.61368468310684, 1230232.87926187668927 ], [ -8274069.277182799763978, 1229256.199348303955048 ], [ -8277131.013119711540639, 1228830.646581807173789 ], [ -8284288.400308202020824, 1228231.608528736280277 ], [ -8289437.038808820769191, 1228854.12246127310209 ], [ -8303515.392112924717367, 1218233.123308673501015 ], [ -8305269.674169671721756, 1212109.373002274893224 ], [ -8303688.719046773388982, 1207541.012056673876941 ], [ -8295437.270903231576085, 1210881.294032069388777 ], [ -8289437.038808820769191, 1205577.783846052130684 ], [ -8288602.483058555051684, 1202918.179818701464683 ], [ -8281613.402891643345356, 1202879.431546012172475 ], [ -8279433.305376631207764, 1204381.548065355978906 ], [ -8277524.749659024178982, 1207552.220190073829144 ], [ -8274625.311778062954545, 1216643.669955063378438 ], [ -8269986.632915807887912, 1228421.408568409271538 ], [ -8266988.009779321961105, 1234028.589097155025229 ], [ -8263231.995715072378516, 1245560.267202867893502 ], [ -8264235.86620163731277, 1254416.935165905859321 ], [ -8264020.45784704759717, 1258766.996555980993435 ], [ -8261639.003999554552138, 1262644.647454713936895 ], [ -8258670.444352546706796, 1267248.17229567351751 ], [ -8254898.38149812631309, 1269708.566022181184962 ], [ -8241786.837172125466168, 1272547.236312386346981 ], [ -8239065.746137289330363, 1272420.507887907093391 ], [ -8234256.744823993183672, 1270576.073446730850264 ], [ -8232215.935878563672304, 1268321.002019143430516 ], [ -8222831.368503426201642, 1264409.983928718371317 ], [ -8214358.503039685077965, 1262250.327433461556211 ], [ -8201184.834966608323157, 1262203.347288115648553 ], [ -8196609.268904773518443, 1262880.636651395121589 ], [ -8192527.632352510467172, 1263087.000156038207933 ], [ -8188353.827225071378052, 1263180.982086904579774 ], [ -8186128.662467888556421, 1262890.854896582197398 ], [ -8182973.750241071917117, 1262707.99255694122985 ], [ -8169104.796325930394232, 1263180.982086904579774 ], [ -8164727.600775157101452, 1263812.336845548823476 ], [ -8161605.756520640105009, 1264536.662084359209985 ], [ -8157987.985988466069102, 1265641.068323217798024 ], [ -8156100.442989153787494, 1266871.171603263821453 ], [ -8149283.682041355408728, 1271711.347970323171467 ], [ -8148124.511517811566591, 1274833.267778006382287 ], [ -8142248.508256148546934, 1280275.620712905656546 ], [ -8130188.943464463576674, 1289172.429125592811033 ], [ -8100581.519531732425094, 1310195.017519921995699 ], [ -8096366.622036905027926, 1312358.938436569646001 ], [ -8072627.195632124319673, 1321533.910020915558562 ], [ -8069256.875050731003284, 1321147.03991835960187 ], [ -8065931.659034264273942, 1321249.390175488544628 ], [ -8061341.07055835891515, 1322702.727597716031596 ], [ -8046142.623668638058007, 1331579.745831005973741 ], [ -8043792.222363973036408, 1333097.032695266185328 ], [ -8040908.81461180280894, 1336060.17485042870976 ], [ -8030445.227357061579823, 1357818.340797529555857 ], [ -8030465.269683394581079, 1360158.757646891986951 ], [ -8031237.720347975380719, 1369309.057434007991105 ], [ -8033800.506863025948405, 1370933.809319440973923 ], [ -8032582.235736611299217, 1373160.419644889421761 ], [ -8030435.206193896941841, 1374109.750286626629531 ], [ -8018190.296537121757865, 1375059.130005335435271 ], [ -8011080.981073608621955, 1374398.867274414282292 ], [ -8013056.680450546555221, 1371404.330481440993026 ], [ -8016317.794613250531256, 1367639.278530514566228 ], [ -8013449.409275136888027, 1363590.814833657117561 ], [ -8010890.634957622736692, 1363195.225988038582727 ], [ -8008078.364400956779718, 1364238.547127785626799 ], [ -7999891.03677256219089, 1369703.695265708724037 ], [ -7993822.67196546215564, 1381387.61881883861497 ], [ -7980820.334058142267168, 1387434.372088066069409 ], [ -7973969.516084694303572, 1393727.555067425128073 ], [ -7976600.435312433168292, 1395698.357601116644219 ], [ -7982095.727680750191212, 1395195.6360010614153 ], [ -7985674.421275, 1392879.141158503247425 ], [ -7984313.875757578760386, 1395935.341233846498653 ], [ -7980587.906521441414952, 1398026.348739602370188 ], [ -7977325.803305375389755, 1398548.59336479823105 ], [ -7966425.390375857241452, 1397375.839701272081584 ], [ -7962530.106403420679271, 1396521.186827770201489 ], [ -7934374.388848545029759, 1385123.620731117436662 ] ], [ [ -8181435.679821622557938, 1250916.547772533260286 ], [ -8250910.940791361033916, 1224863.324908881448209 ], [ -8236436.928089331835508, 1184336.089343200903386 ], [ -8198804.495064057409763, 1169862.076641171937808 ], [ -8155382.456957970745862, 1169862.076641171937808 ], [ -8169856.469659999012947, 1175651.681721983477473 ], [ -8129329.234094318933785, 1221968.522368475561962 ], [ -8181435.679821622557938, 1250916.547772533260286 ] ] ], [ [ [ -7771941.336449265480042, 1310559.246511012082919 ], [ -7776486.839021601714194, 1310400.656882802955806 ], [ -7792890.550053149461746, 1305933.128894589142874 ], [ -7812403.079693236388266, 1300629.570700939046219 ], [ -7816191.172676434740424, 1301260.632472995435819 ], [ -7818632.734841552563012, 1303502.684665257809684 ], [ -7817581.763021975755692, 1306478.361656069755554 ], [ -7819515.399639563634992, 1320144.086144871544093 ], [ -7825095.843902706168592, 1329969.364117447054014 ], [ -7825065.780413208529353, 1334266.285259014926851 ], [ -7824275.302851761691272, 1336636.659928722539917 ], [ -7821092.342564918100834, 1344475.016320871422067 ], [ -7815339.579082662239671, 1354844.90970072709024 ], [ -7813236.646390157751739, 1357976.143064078409225 ], [ -7799941.753967143595219, 1365472.523998863762245 ], [ -7793957.552001524716616, 1368193.811984539031982 ], [ -7785097.966678814962506, 1365029.757251898292452 ], [ -7781866.916005601175129, 1361645.696771429153159 ], [ -7776719.285219711251557, 1353897.213391901459545 ], [ -7774616.35252720117569, 1349438.760095778619871 ], [ -7772744.839656674303114, 1344349.0286132437177 ], [ -7771952.365327156148851, 1336162.574262588983402 ], [ -7772203.827475475147367, 1332180.709470859495923 ], [ -7771979.405672456137836, 1328753.195173393934965 ], [ -7771118.753208458423615, 1324822.465833607595414 ], [ -7771049.462154244072735, 1308795.183518135920167 ], [ -7771941.336449265480042, 1310559.246511012082919 ] ] ], [ [ [ -7342479.425094510428607, 1159228.198620666516945 ], [ -7339932.650046856142581, 1152624.039391091791913 ], [ -7326431.38137908373028, 1144709.823848433792591 ], [ -7323338.592899335548282, 1143813.959248372120783 ], [ -7320959.135819914750755, 1143420.987334652571008 ], [ -7316507.798590824939311, 1143677.544944449327886 ], [ -7296776.874774724245071, 1139022.418003739090636 ], [ -7283264.577229060232639, 1134719.020300993928686 ], [ -7266505.198881378397346, 1131953.834527716506273 ], [ -7244827.631463116034865, 1125735.228790521388873 ], [ -7216287.209478747099638, 1128184.487644165521488 ], [ -7212174.501722258515656, 1129001.607243027538061 ], [ -7209546.586977331899107, 1129880.841591045958921 ], [ -7206020.985020339488983, 1131718.742414876585826 ], [ -7204011.228617738932371, 1139210.726698896382004 ], [ -7194130.7349649425596, 1146782.644100658129901 ], [ -7188982.096464323811233, 1148133.710206344956532 ], [ -7183959.683564524166286, 1147154.261377016082406 ], [ -7178159.837410634383559, 1145809.338372143916786 ], [ -7166587.166786788962781, 1152942.761182240908965 ], [ -7168512.779009304940701, 1157028.376865553436801 ], [ -7167276.462324623018503, 1160612.329041951335967 ], [ -7165418.982814822345972, 1162340.779982360778376 ], [ -7146991.48201996088028, 1169792.316938020288944 ], [ -7144713.225625541061163, 1170532.963105153525248 ], [ -7134745.564648457802832, 1170530.932616491569206 ], [ -7132334.047311459667981, 1169383.782201512716711 ], [ -7130014.717211009003222, 1168911.076486019883305 ], [ -7110656.479893177747726, 1168691.035479211481288 ], [ -7103234.586249012500048, 1168911.076486019883305 ], [ -7101441.227254340425134, 1169414.352405639132485 ], [ -7092784.024640248157084, 1172276.171438852557912 ], [ -7090773.260522919707, 1173817.70741589833051 ], [ -7099709.973345370963216, 1178314.374520812183619 ], [ -7106512.719593852758408, 1181302.261693680891767 ], [ -7120706.288282280787826, 1184338.320860766572878 ], [ -7140998.266605914570391, 1183378.254816834349185 ], [ -7146820.170515581965446, 1181144.309731643646955 ], [ -7148475.267316796816885, 1179304.86084251338616 ], [ -7150684.401945183053613, 1177080.34413771214895 ], [ -7153268.238501294516027, 1179383.329561611404642 ], [ -7157797.710944860242307, 1189780.234864722471684 ], [ -7153901.419257689267397, 1193319.632695539155975 ], [ -7150793.608363884501159, 1191180.858985135564581 ], [ -7140789.874931673519313, 1188805.740321242948994 ], [ -7121570.907522023655474, 1190142.110174077795818 ], [ -7106945.533071085810661, 1191967.854424908058718 ], [ -7090155.102180582471192, 1191935.232692743651569 ], [ -7087341.823909186758101, 1191494.842324728379026 ], [ -7072622.284114982001483, 1189843.442677465733141 ], [ -7069406.255855838768184, 1191306.254504885757342 ], [ -7051471.676855828613043, 1195002.797837123973295 ], [ -7044978.522966573946178, 1194797.878619953757152 ], [ -7041298.647348714061081, 1195649.181539400946349 ], [ -7038762.901178958825767, 1196780.885488308034837 ], [ -7032299.792117818258703, 1200337.298765347106382 ], [ -7012432.602876339107752, 1199960.027245632139966 ], [ -7010098.231700465083122, 1198717.077607528306544 ], [ -7007948.216336326673627, 1198087.975549702299759 ], [ -7002738.461803363636136, 1197631.211943581933156 ], [ -6998610.731632829643786, 1198827.212010544026271 ], [ -6989905.438632369972765, 1201627.202159225707874 ], [ -6985112.467447859235108, 1202886.573381215566769 ], [ -6979453.869308870285749, 1203515.763516408158466 ], [ -6961765.769867674447596, 1202130.952686760341749 ], [ -6954128.46786892786622, 1201156.108480690745637 ], [ -6941668.149857562035322, 1199015.841024248162284 ], [ -6935328.280575817450881, 1198134.884799925843254 ], [ -6923238.652294621802866, 1197441.565007045632228 ], [ -6916489.016344778239727, 1198252.13921403628774 ], [ -6900015.17583245690912, 1201281.521368931978941 ], [ -6888404.435985413379967, 1201312.11967622092925 ], [ -6888821.219333873130381, 1197504.76787544740364 ], [ -6893026.095665536820889, 1193791.644393146736547 ], [ -6896582.750165373086929, 1192313.441606400767341 ], [ -6905766.931599977426231, 1190457.10939457686618 ], [ -6911332.353449068963528, 1189858.727251498261467 ], [ -6914563.404122269712389, 1189968.81435824977234 ], [ -6916898.783012889325619, 1190707.876648881938308 ], [ -6919898.395202727988362, 1190928.056621101219207 ], [ -6929546.442657419480383, 1189835.27824935875833 ], [ -6932545.065793906338513, 1186823.210372122935951 ], [ -6933782.371531919576228, 1184919.274978437228128 ], [ -6935359.333118651993573, 1181710.935585448518395 ], [ -6938667.529952989891171, 1179037.871113781118765 ], [ -6951871.242854172363877, 1179227.417286978336051 ], [ -6960499.389693514443934, 1180028.396956000477076 ], [ -6966373.396187081001699, 1181710.935585448518395 ], [ -6974135.916071931831539, 1183173.404420434962958 ], [ -6976516.380866094492376, 1183158.103809102904052 ], [ -6994296.648882464505732, 1180484.947275587823242 ], [ -7003365.633594129234552, 1178706.689764386275783 ], [ -7013599.797794972546399, 1170129.524390496080741 ], [ -7010578.12784933205694, 1171395.893455747049302 ], [ -7005861.313772608526051, 1174383.208572042174637 ], [ -7003240.397046655416489, 1177221.992728506214917 ], [ -6998935.346406108699739, 1178220.609761405270547 ], [ -6995162.275836954824626, 1176773.646442522061989 ], [ -6994821.63093489035964, 1169603.846516866004094 ], [ -6994311.689957899041474, 1167323.912580501055345 ], [ -6995062.082866695709527, 1163825.854021187406033 ], [ -6998858.200244983658195, 1162985.53445732803084 ], [ -7000789.802771718241274, 1164573.527747436659411 ], [ -7003295.504113366827369, 1166003.689715316984802 ], [ -7005815.220154319889843, 1166223.732913980958983 ], [ -7008056.415040301159024, 1165798.940912993159145 ], [ -7010963.858654956333339, 1164918.843867619987577 ], [ -7013537.674047905020416, 1163472.409281864529476 ], [ -7012950.568248416297138, 1149603.948328624246642 ], [ -7005800.197740274481475, 1150475.529704884393141 ], [ -7005073.822032586671412, 1153147.435788410948589 ], [ -7006774.004737350158393, 1155841.944043186958879 ], [ -7008088.47529786452651, 1161303.892804563278332 ], [ -7007190.788085804320872, 1164234.324353360105306 ], [ -7002800.566889046691358, 1163196.376122273039073 ], [ -7000296.880976866930723, 1161234.627683027880266 ], [ -6997219.133572559803724, 1162136.052404182730243 ], [ -6993359.903393853455782, 1162506.805413 ], [ -6989761.167473282665014, 1164284.242715351749212 ], [ -6983782.974473279900849, 1161169.441568024689332 ], [ -6978125.384049018844962, 1153979.404351169709116 ], [ -6975990.391098932363093, 1150617.071701132459566 ], [ -6972009.936570285819471, 1131004.338628429919481 ], [ -6976315.994925560429692, 1127368.390914666233584 ], [ -6980752.30974059458822, 1126332.512476051226258 ], [ -6991018.51553763076663, 1125137.954875668277964 ], [ -6994111.304017372429371, 1124950.723624790320173 ], [ -7001069.33164145424962, 1128122.413081631064415 ], [ -7003943.707283812575042, 1129630.504239898640662 ], [ -7008334.936195290647447, 1130681.735556673258543 ], [ -7014087.699677540920675, 1130383.568625937215984 ], [ -7014998.412535591982305, 1130047.740433802362531 ], [ -7014906.243960410356522, 1129707.840043985052034 ], [ -7011330.536187591962516, 1126681.535820308374241 ], [ -7007530.425273139029741, 1127619.717267973348498 ], [ -7003172.264333959668875, 1127588.178179534384981 ], [ -6998811.098911966197193, 1124134.699198494665325 ], [ -6991452.336729598231614, 1119863.589464485878125 ], [ -6977783.750093605369329, 1124729.928818311076611 ], [ -6975588.630164533853531, 1125578.52730813389644 ], [ -6973672.050051850266755, 1126740.556443259119987 ], [ -6970354.83976907748729, 1129425.963203244144097 ], [ -6969203.693640612997115, 1133272.782207956071943 ], [ -6971197.419914434663951, 1140216.427805810235441 ], [ -6969651.529531921260059, 1144214.046387477079406 ], [ -6966095.864085423760116, 1144347.409757016692311 ], [ -6961396.069190842099488, 1141755.550083794863895 ], [ -6957614.992887994274497, 1138590.820910704089329 ], [ -6956231.400561432354152, 1136194.815175967058167 ], [ -6954159.520411769859493, 1129189.882840855047107 ], [ -6949335.496684417128563, 1116534.948169550392777 ], [ -6943313.225495599210262, 1105476.872383245034143 ], [ -6938636.076462302356958, 1094901.171572906663641 ], [ -6956348.429603833705187, 1098307.393330893479288 ], [ -7341089.447198749519885, 764077.623441246571019 ], [ -7356416.955805978737772, 773274.128605584148318 ], [ -7483788.267583832144737, 640113.211746919434518 ], [ -7454840.242179773747921, 524321.110130689223297 ], [ -7320497.63853722717613, 542475.516028330661356 ], [ -7282226.407824139110744, 519591.687354525667615 ], [ -7240624.854189747944474, 553269.135534746805206 ], [ -7362206.560886790044606, 454845.849160951096565 ], [ -7269572.87959380634129, 379580.983110401546583 ], [ -7200097.618624067865312, 333264.142463909462094 ], [ -7142201.567815952934325, 292736.906898228917271 ], [ -7153780.777977575547993, 211682.435766867594793 ], [ -7217466.433866502717137, 107469.544312260579318 ], [ -7497793.335255512967706, 279844.163857426960021 ], [ -7661485.981150205247104, 216885.453897929750383 ], [ -8001463.014931490644813, -135683.321875255554914 ], [ -8253297.854769481346011, -47541.127931958995759 ], [ -8598287.245640048757195, -63323.805571677978151 ], [ -8523022.379589499905705, 17730.665559683460742 ], [ -8424599.093215703964233, 116153.951933479052968 ], [ -8349334.227165154181421, 223261.645928491954692 ], [ -8208633.359503571875393, 409875.428300695901271 ], [ -8204594.100144866853952, 414318.613595271483064 ], [ -8074327.98582660779357, 588006.766019616858102 ], [ -8001957.922316463664174, 671956.039691383833997 ], [ -7973009.89691240619868, 747220.905741933500394 ], [ -8004852.724856869317591, 767484.523524773772806 ], [ -8016431.935018492862582, 828275.376873294822872 ], [ -7860112.597836581990123, 938277.873408713610843 ], [ -7773268.521624409593642, 1033806.357242103433236 ], [ -7770543.609681887552142, 1145527.746885518543422 ], [ -7770543.609681887552142, 1145527.746885518776253 ], [ -7765259.437356326729059, 1151054.869662828976288 ], [ -7677740.037791019305587, 1126440.03853508643806 ], [ -7564842.738715195097029, 1062754.382646159734577 ], [ -7506946.687907080166042, 1080123.197888594586402 ], [ -7437471.426937341690063, 1111966.025833057705313 ], [ -7391154.586290850304067, 1149598.458858332596719 ], [ -7348685.130898965522647, 1164197.334149292903021 ], [ -7342479.425094510428607, 1159228.198620666516945 ] ] ], [ [ [ -6930195.672203970141709, 1096602.908897951478139 ], [ -6928169.867011213675141, 1102503.396235277177766 ], [ -6928293.1067906152457, 1105233.823399094399065 ], [ -6929453.285028887912631, 1108686.552476164186373 ], [ -6929692.729245962575078, 1115160.633697450393811 ], [ -6924706.38880128134042, 1109172.69726300588809 ], [ -6921927.186216920614243, 1101121.495645661838353 ], [ -6920779.326096039265394, 1091467.18111785617657 ], [ -6931356.556171961128712, 1093501.263824764173478 ], [ -6930195.672203970141709, 1096602.908897951478139 ] ] ], [ [ [ -6916280.62467055208981, 1090880.241119395941496 ], [ -6916372.793245715089142, 1093910.739222610834986 ], [ -6916669.341297592967749, 1099276.976751075359061 ], [ -6904862.246368951164186, 1103793.841424033278599 ], [ -6907077.389962963759899, 1106315.878098993096501 ], [ -6914301.92081078607589, 1110915.990455269813538 ], [ -6916498.029793214052916, 1111856.838354962179437 ], [ -6920191.938771778717637, 1112587.143501891754568 ], [ -6924243.530495916493237, 1111919.889528445433825 ], [ -6927604.81896750908345, 1114902.268605269957334 ], [ -6925100.125340601429343, 1120137.263039643643424 ], [ -6921722.806740223430097, 1120553.367516402155161 ], [ -6910220.265597153455019, 1117351.807765254052356 ], [ -6907807.759206804446876, 1116346.737648542039096 ], [ -6897603.658495457842946, 1108937.770057844696566 ], [ -6880844.280147795565426, 1091532.879359035752714 ], [ -6876782.654539016075432, 1083006.282741505419835 ], [ -6916429.246919443830848, 1090630.627430049236864 ], [ -6916280.62467055208981, 1090880.241119395941496 ] ] ], [ [ [ -6872123.964733272790909, 1084852.482037735404447 ], [ -6875617.50643268879503, 1091519.662503486033529 ], [ -6877550.116674164310098, 1093863.966036828001961 ], [ -6879647.040401048958302, 1097675.565982511732727 ], [ -6878741.347455292008817, 1099803.680644138017669 ], [ -6876421.0096401181072, 1099709.115820434642956 ], [ -6869835.687175682745874, 1097544.398673529969528 ], [ -6865444.458264197222888, 1095897.308939372189343 ], [ -6863310.454367455095053, 1095222.230056498199701 ], [ -6857025.692152426578104, 1094343.838966616196558 ], [ -6854450.887706141918898, 1096368.060940419323742 ], [ -6855579.994740188121796, 1098454.397920920746401 ], [ -6859368.087723397649825, 1101294.344060657080263 ], [ -6862630.190939445048571, 1107290.176719117676839 ], [ -6859492.316556144505739, 1108184.141364681301638 ], [ -6854219.449222760275006, 1105924.351106043672189 ], [ -6852179.629330680705607, 1104826.036575734382495 ], [ -6843985.285021935589612, 1098956.696686447365209 ], [ -6840274.338199850171804, 1094892.83808940788731 ], [ -6837885.867671987973154, 1088821.74115425744094 ], [ -6835821.004202675074339, 1085527.375117629067972 ], [ -6833129.976657336577773, 1082766.879433089168742 ], [ -6818984.498355272226036, 1072448.307396659860387 ], [ -6812478.318820040673018, 1071260.523144157603383 ], [ -6799857.680859418585896, 1071695.389356793370098 ], [ -6795659.821208111010492, 1071062.395509589696303 ], [ -6795313.1860017972067, 1070942.505036840215325 ], [ -6789105.551286516711116, 1068261.295532784424722 ], [ -6786005.764787783846259, 1066083.139767428394407 ], [ -6785183.111290900968015, 1065390.985963021637872 ], [ -6871874.442306991666555, 1082062.395773808471859 ], [ -6872123.964733272790909, 1084852.482037735404447 ] ] ], [ [ [ -5065755.61548023764044, -163085.890649785433197 ], [ -5060948.610935033299029, -168120.02121478706249 ], [ -5060832.387835981324315, -172070.809104919375386 ], [ -5059919.678209863603115, -171870.368990154209314 ], [ -5052204.240996640175581, -157409.489736187359085 ], [ -5050740.593543854542077, -153461.23521233163774 ], [ -5043360.66441348195076, -151099.657890612405026 ], [ -5042679.41465997043997, -153697.43916963780066 ], [ -5042696.433842106722295, -157873.497446012799628 ], [ -5044689.171062565408647, -160410.032999455463141 ], [ -5048927.096705150790513, -164460.922702101350296 ], [ -5050844.703193947672844, -171545.636576053715544 ], [ -5050241.567265667021275, -191002.916749760246603 ], [ -5048417.155728164128959, -193370.403901142795803 ], [ -5045091.921050312928855, -194220.392934648669325 ], [ -5040972.215274864807725, -193222.071113270620117 ], [ -5034122.386354748159647, -186579.687270965310745 ], [ -5036110.122324320487678, -182944.361808889021631 ], [ -5037454.637712956406176, -179386.272423529851949 ], [ -5036488.817788192071021, -175095.595693263428984 ], [ -5031487.45492946729064, -169225.460164808609989 ], [ -5027049.143346355296671, -164817.716568521515001 ], [ -5019582.182460013777018, -162992.683916280424455 ], [ -5009902.056086366996169, -165791.850643801852129 ], [ -5004367.686780123971403, -167245.07852895418182 ], [ -4993668.667505847290158, -159273.552494641189696 ], [ -4992478.444439467974007, -163332.432241572154453 ], [ -4993329.030318512581289, -165852.987332240969408 ], [ -4995908.854677088558674, -167329.251652904669754 ], [ -4999946.413040525279939, -172132.955469113512663 ], [ -5003965.944507104344666, -178319.859049324732041 ], [ -5002110.461765369400382, -180268.279954163124785 ], [ -4999760.060460705310106, -182495.334007473022211 ], [ -4999049.733543198555708, -179836.302124837558949 ], [ -4990143.065548861399293, -175497.489707680535503 ], [ -4986898.000176319852471, -179001.39748592019896 ], [ -4986031.365507107228041, -181135.243789316009497 ], [ -4987021.221294349990785, -189828.181831014575437 ], [ -4978177.666100412607193, -199696.256199426890817 ], [ -4975425.522522735409439, -202388.620704675966408 ], [ -4969303.058363658376038, -199201.076966779044596 ], [ -4961416.29098467156291, -202264.329362348857103 ], [ -4958046.978118000552058, -203996.442676678358112 ], [ -4956809.672379986383021, -206997.61192093056161 ], [ -4954985.26084247790277, -212381.605118523555575 ], [ -4952573.743505486287177, -221199.18080218884279 ], [ -4953331.153094627894461, -227990.105338093795581 ], [ -4963612.399967092089355, -241652.907995279936586 ], [ -4968962.413461593911052, -247593.404956455342472 ], [ -4971683.504496430046856, -253999.320978447998641 ], [ -4970965.171845209784806, -258742.021629539958667 ], [ -4968653.847478484734893, -254309.159161969175329 ], [ -4966659.113489935174584, -251322.224418192781741 ], [ -4954203.796729468740523, -239230.657053572183941 ], [ -4948244.638341070152819, -238991.044555101223523 ], [ -4945716.897905020974576, -240111.928248263371643 ], [ -4942028.997892070561647, -244824.158315820357529 ], [ -4938844.040837141685188, -255515.367357771901879 ], [ -4938319.058784727007151, -258363.014972874079831 ], [ -4938194.829951968044043, -260776.510936093778582 ], [ -4940258.685706552118063, -267191.01113364729099 ], [ -4943296.367119587957859, -268359.216173621476628 ], [ -4947208.688935544341803, -268590.859721199027263 ], [ -4954553.455079961568117, -275137.038734228524845 ], [ -4962855.979431302286685, -285831.369281908206176 ], [ -4962376.083282410167158, -291387.452205655223224 ], [ -4965777.45640666410327, -297856.449292322329711 ], [ -4970616.521209444850683, -308258.616417417710181 ], [ -4974032.916747743263841, -324357.512297253008001 ], [ -4975030.778268693946302, -333568.955311574740335 ], [ -4973499.910300238057971, -335984.804406392795499 ], [ -4967477.639111421070993, -337919.121734592248686 ], [ -4967740.130137637257576, -340257.783120986947324 ], [ -4982258.313599336892366, -355664.496203722141217 ], [ -4985320.030874858610332, -356911.769829470606055 ], [ -4985598.552029861137271, -367278.823615761648398 ], [ -4981918.676412002183497, -364707.79781440453371 ], [ -4971528.223120835609734, -355075.46959146874724 ], [ -4966642.075646427460015, -346374.074918541882653 ], [ -4958912.605072497390211, -340397.251335610635579 ], [ -4951522.771685910411179, -335024.674349470820744 ], [ -4948924.901769092306495, -332222.608182827185374 ], [ -4946698.747958551160991, -329094.568300697603263 ], [ -4945152.857576050795615, -326804.255569253466092 ], [ -4943761.240854410454631, -322747.428714327514172 ], [ -4943204.198544406332076, -319403.947376372176223 ], [ -4940823.752411634661257, -300829.269092872622423 ], [ -4938967.261955170892179, -284546.686759590636939 ], [ -4937792.079964219592512, -281358.595053573255427 ], [ -4929583.702294767834246, -276313.337672727240715 ], [ -4926599.112518968060613, -276468.783547414757777 ], [ -4921650.859958883374929, -275430.874435960373376 ], [ -4916703.596452128142118, -273217.67888361075893 ], [ -4911833.479106499813497, -270107.048527851293329 ], [ -4909730.546414001844823, -268792.413429816369899 ], [ -4905107.897680525667965, -267894.9402135295677 ], [ -4901830.75338903721422, -268761.333311222842894 ], [ -4901288.733493089675903, -280492.128319061303046 ], [ -4902726.425171636044979, -283695.256809090264142 ], [ -4912854.387436584569514, -297114.244597160140984 ], [ -4916101.468238582834601, -299574.544688986556139 ], [ -4918884.683020493015647, -300163.28963068727171 ], [ -4923971.197774049825966, -302160.247693363693543 ], [ -4927805.384375535883009, -304419.016297340916935 ], [ -4935725.201065444387496, -309678.938332473335322 ], [ -4935945.610670926980674, -314868.855849281302653 ], [ -4930711.820275470614433, -315757.606836526654661 ], [ -4928948.524770301766694, -312964.994533623685129 ], [ -4927503.816411392763257, -309937.740829842863604 ], [ -4919279.408613162115216, -307740.047003414598294 ], [ -4917739.527196277864277, -313665.155164405412506 ], [ -4921921.356718794442713, -317337.501241332793143 ], [ -4920136.022119218483567, -319497.240558586781844 ], [ -4917847.744561615400016, -317175.002366022148635 ], [ -4911539.935537453740835, -308568.570789685647469 ], [ -4900439.155328780412674, -295225.675041782553308 ], [ -4898645.796334107406437, -293213.779948335548397 ], [ -4890079.754580455832183, -283788.525315006088931 ], [ -4883927.245593259111047, -286155.301716025394853 ], [ -4875769.962792977690697, -284143.53647571685724 ], [ -4865496.740315604023635, -279501.318571448675357 ], [ -4849108.070359489880502, -280956.443710171035491 ], [ -4836646.744633396156132, -282597.11016599443974 ], [ -4837759.821538663469255, -273713.071099933062214 ], [ -4840018.05426814686507, -268467.510702122875955 ], [ -4839916.853583144955337, -265326.888587441761047 ], [ -4835533.649066745303571, -263670.368421446823049 ], [ -4825421.716930581256747, -263438.75099999649683 ], [ -4822545.34452015068382, -263639.289343982993159 ], [ -4818279.35215615388006, -264274.020975481078494 ], [ -4805578.582212978042662, -267012.507877454976551 ], [ -4799632.449470557272434, -270123.09303408744745 ], [ -4791160.591721538454294, -273249.768563998222817 ], [ -4786831.486557127907872, -274525.329627459461335 ], [ -4782626.610225457698107, -274564.44277273787884 ], [ -4779402.576232613995671, -275291.474716478260234 ], [ -4774494.389663786627352, -278727.138153552543372 ], [ -4764048.847967285662889, -285173.49412147392286 ], [ -4759466.265225100331008, -284855.578877221094444 ], [ -4754085.180526372045279, -285383.084322453476489 ], [ -4751372.113886614330113, -287649.610980722587556 ], [ -4745086.34395685326308, -294700.131503167795017 ], [ -4731573.05735782533884, -304202.372540172305889 ], [ -4726347.272696081548929, -306322.75387021584902 ], [ -4713723.630252647213638, -308351.901583830243908 ], [ -4710237.105233573354781, -307328.795028255321085 ], [ -4707855.651386080309749, -306709.939064552017953 ], [ -4705460.164177874103189, -306973.724104220804293 ], [ -4701439.64365794416517, -312453.431616118410602 ], [ -4701672.071194663643837, -316029.444376603991259 ], [ -4701423.613529158756137, -315502.828561260248534 ], [ -4698982.032702663913369, -312801.492229916504584 ], [ -4687663.847371328622103, -312128.427657785301562 ], [ -4682283.789048712700605, -313986.145902883436065 ], [ -4678479.665936723351479, -315162.776205462461803 ], [ -4670084.95434882864356, -316833.936636156053282 ], [ -4668383.76392933819443, -314109.516419608728029 ], [ -4668221.465873394161463, -310372.056360413786024 ], [ -4672991.390248756855726, -307004.831305806234013 ], [ -4669790.403065048158169, -305751.039365357777569 ], [ -4661040.02416102681309, -304264.548291088314727 ], [ -4656978.411273707635701, -305089.03361636569025 ], [ -4657636.654268707148731, -308131.23453610955039 ], [ -4656092.760654272511601, -307607.63987012434518 ], [ -4652382.802885551005602, -309000.882688249403145 ], [ -4645054.085531284101307, -313305.041121207061224 ], [ -4641961.297051535919309, -315193.866669376497157 ], [ -4639781.218197907321155, -316772.745197760406882 ], [ -4638296.44384774658829, -318870.273568959033582 ], [ -4641412.279136623255908, -318962.557385777647141 ], [ -4639209.153473865240812, -321076.172179263667203 ], [ -4631324.382862957194448, -323474.718003806483466 ], [ -4621984.901391361840069, -324342.451768992235884 ], [ -4619233.76552842464298, -323676.352196118445136 ], [ -4617060.684693762101233, -322677.209447955712676 ], [ -4608782.196204924955964, -323909.079302157566417 ], [ -4601067.748045052401721, -326354.842143907095306 ], [ -4594031.585206500254571, -332470.412828791653737 ], [ -4591714.251874146983027, -336737.250149638624862 ], [ -4590375.745451127178967, -335783.150115181459114 ], [ -4590646.242211038246751, -331324.715292298933491 ], [ -4593475.550611224025488, -326571.523080923769157 ], [ -4588898.976834653876722, -320766.20652768452419 ], [ -4554111.86185846850276, -319930.579223563720006 ], [ -4540814.972667374648154, -319156.168639234441798 ], [ -4525848.953314366750419, -316245.11738928995328 ], [ -4523003.633446771651506, -316245.11738928995328 ], [ -4520205.396250805817544, -316091.644413979141973 ], [ -4513881.557097851298749, -314232.905737778113689 ], [ -4509212.8147460995242, -312066.248205785639584 ], [ -4505409.699348844587803, -311355.054146314098034 ], [ -4488463.968421350233257, -312437.38224957435159 ], [ -4474054.991378339938819, -314047.336020315764472 ], [ -4452640.904039618559182, -317004.469387871038634 ], [ -4437550.674515249207616, -325084.810902778815944 ], [ -4433886.81036479678005, -329079.5258861805778 ], [ -4423682.7096534576267, -335814.245704514323734 ], [ -4421301.255805938504636, -336991.081343876081519 ], [ -4405500.66204129345715, -344545.977437198976986 ], [ -4394321.746618144214153, -351452.148503949458245 ], [ -4383854.147165853530169, -355246.056171694071963 ], [ -4365950.63937009498477, -366380.660683274385519 ], [ -4349500.853381647728384, -376788.753363949712366 ], [ -4344026.59239300340414, -377221.313682575128041 ], [ -4340841.635338074527681, -378212.905729690100998 ], [ -4336759.998785817064345, -381032.159393655601889 ], [ -4333699.270563647150993, -385584.863447622105014 ], [ -4325040.052520072087646, -394632.677128937793896 ], [ -4303751.201728850603104, -409782.056328564998694 ], [ -4300889.851732465438545, -411084.177162824955303 ], [ -4289155.890767404809594, -414492.676284389570355 ], [ -4285414.880455833859742, -414942.450340468494687 ], [ -4267959.208551346324384, -435814.786112184345257 ], [ -4264867.427786333486438, -438463.951814988511615 ], [ -4262624.217470907606184, -439300.484103060560301 ], [ -4259299.99050779081881, -440231.432329336530529 ], [ -4249900.400718596763909, -452025.239473846624605 ], [ -4248392.579559287987649, -455839.00097707263194 ], [ -4245880.869252017699182, -459217.996728844707832 ], [ -4242247.068591063842177, -463264.096460697590373 ], [ -4238180.454452863894403, -467604.733323465683497 ], [ -4231406.782640522345901, -473903.609150274191052 ], [ -4221111.502407351508737, -481109.209854108921718 ], [ -4208494.895305663347244, -489729.212464329146314 ], [ -4200300.550996911711991, -499747.97077415388776 ], [ -4198105.449729225598276, -504036.218978579039685 ], [ -4190638.470181519165635, -511163.024876900715753 ], [ -4185196.288111835252494, -514575.381628369854297 ], [ -4179938.44319251505658, -517025.961773024464492 ], [ -4171761.136727276723832, -517243.070852068020031 ], [ -4165854.080922782886773, -519073.506172578199767 ], [ -4157165.807104452047497, -522734.523664106847718 ], [ -4154845.46928928559646, -523882.50627070927294 ], [ -4151073.4064348670654, -526705.331087848055176 ], [ -4149186.871150283608586, -528660.644262538873591 ], [ -4145640.237813612446189, -538468.165563742164522 ], [ -4143915.011531635187566, -541632.371280956314877 ], [ -4142322.019816111307591, -543881.685783589025959 ], [ -4138240.383263866882771, -548210.576776866219006 ], [ -4136168.503114198334515, -549266.433307371218689 ], [ -4132767.129989956971258, -549498.730875800480135 ], [ -4126428.26842293376103, -549297.619803698384203 ], [ -4113874.77412167051807, -549251.355156188714318 ], [ -4105139.417631706222892, -552129.408362905494869 ], [ -4098506.004780914634466, -558919.760705863824114 ], [ -4097106.382325566839427, -561401.917516587418504 ], [ -4093125.927796914707869, -564755.199781772214919 ], [ -4083709.300164212938398, -568309.800663382746279 ], [ -4075716.349510728381574, -568418.447980699245818 ], [ -4072252.852639419492334, -567146.03501806803979 ], [ -4059899.744278669822961, -565997.388540093437769 ], [ -4054782.158320887479931, -566338.364704584702849 ], [ -4045443.684564032591879, -567827.999849050072953 ], [ -4039397.358851340133697, -569722.041270162095316 ], [ -4021278.44270098535344, -568015.091661864891648 ], [ -4015171.000955939758569, -565593.034116912633181 ], [ -4007996.575923948083073, -562986.020689639262855 ], [ -4004641.29641798324883, -562798.941919449018314 ], [ -4000235.045092448126525, -563140.895899245049804 ], [ -3990773.331556191667914, -566121.095255440217443 ], [ -4091727.126446704845876, -758974.550474277930334 ], [ -4236532.159353548660874, -1029697.003300116630271 ], [ -4349857.837280644103885, -1224869.004174558445811 ], [ -4519846.354171286337078, -1407449.263057101052254 ], [ -4519846.354171286337078, -1665579.973891040310264 ], [ -4582805.064130783081055, -2018148.74966422538273 ], [ -4696130.742057878524065, -2213320.750538667198271 ], [ -4941669.710899919271469, -2414788.622409059200436 ], [ -5218688.0347217079252, -2628848.236271350644529 ], [ -5364792.808006815612316, -2723647.34020456764847 ], [ -5567428.985835218802094, -2775753.785931870806962 ], [ -5677431.482370637357235, -2862597.862144043669105 ], [ -5868488.450037417002022, -2856808.25706323236227 ], [ -5874278.055118229240179, -2995758.779002708382905 ], [ -5856909.239875794388354, -3140498.906022996176034 ], [ -5775854.768744433298707, -3279449.42796247266233 ], [ -5710151.180990369990468, -3410856.603470598813146 ], [ -5712313.896900391206145, -3524312.311480325181037 ], [ -5823091.650332882069051, -3585820.627655710093677 ], [ -5999376.038219474256039, -3604708.240643559023738 ], [ -6339353.072000757791102, -3655075.208611159119755 ], [ -6628963.1378144454211, -3680258.69259495800361 ], [ -6997271.59107750095427, -3522861.917696214281023 ], [ -6997271.59107750095427, -3296210.561842023395002 ], [ -6959496.365101803094149, -3019192.238020235206932 ], [ -6934312.881118003278971, -2805132.6241579442285 ], [ -6833578.945182807743549, -2439972.106392859481275 ], [ -6695069.783271913416684, -2276279.460498167201877 ], [ -7049567.886522971093655, -2240215.315956805832684 ], [ -7043778.281442158855498, -2136002.424502198584378 ], [ -7043778.281442158855498, -2008631.112724345177412 ], [ -7182728.803381635807455, -1959419.469537447206676 ], [ -7350627.350725169293582, -1915997.431431361008435 ], [ -7385364.981210038997233, -1860996.183163651730865 ], [ -7509841.490447485819459, -1736519.673926204442978 ], [ -7170408.043466126546264, -1634100.618911292869598 ], [ -6943756.687611935660243, -1634100.618911292869598 ], [ -6641554.879806348122656, -1545958.424967996310443 ], [ -6427495.265944057144225, -1407449.263057101983577 ], [ -6276394.362041263841093, -1017105.261308218352497 ], [ -6263802.620049363933504, -513435.581632239744067 ], [ -5684582.488421988673508, -588986.033583636395633 ], [ -5231279.776713606901467, -437885.12968084262684 ], [ -5211874.694876776076853, -205024.147638866474153 ], [ -5060250.973046896979213, -156504.556653305276996 ], [ -5065755.61548023764044, -163085.890649785433197 ] ] ], [ [ [ -3972559.24234784161672, -569381.049042546539567 ], [ -3967612.986555822659284, -569691.857771760667674 ], [ -3963468.218541756272316, -569691.857771760667674 ], [ -3953109.844169551040977, -574053.477452731342055 ], [ -3949585.23126591462642, -575869.211514618131332 ], [ -3942317.629943993873894, -581722.130582762765698 ], [ -3937727.041468088515103, -588492.148313363431953 ], [ -3931311.033739953301847, -600525.665775791392662 ], [ -3926232.90385729726404, -611689.253019598778337 ], [ -3990773.331556191667914, -566121.095255440217443 ], [ -3972559.24234784161672, -569381.049042546539567 ] ] ], [ [ [ -8855511.682559989392757, -839816.64738458825741 ], [ -8859624.371655095368624, -833080.635850812192075 ], [ -8860197.444093879312277, -829228.998114771209657 ], [ -8859268.70433896780014, -825954.544619541615248 ], [ -8861589.060815531760454, -818830.513391621992923 ], [ -8862455.676823366433382, -816586.020604454679415 ], [ -8865237.88389054313302, -810070.310930086416192 ], [ -8866474.200575210154057, -808199.877407646039501 ], [ -8873149.694846736267209, -801545.892980298958719 ], [ -8873338.044194649904966, -798288.401437182445079 ], [ -8873833.970472306013107, -794268.799286463996395 ], [ -8875596.276924131438136, -791401.46846841450315 ], [ -8885274.387868316844106, -779623.833219634718262 ], [ -8887803.117357710376382, -777841.306079728761688 ], [ -8891891.789251713082194, -775294.825401041191071 ], [ -8898031.272592924535275, -768908.446340683149174 ], [ -8899607.226464936509728, -766681.255867422791198 ], [ -8901416.615588387474418, -760095.132646212121472 ], [ -8903334.203415799885988, -755237.013268408947624 ], [ -8918516.62017672881484, -741428.858604338369332 ], [ -8921455.116334240883589, -739668.788093806477264 ], [ -8926989.485640482977033, -737273.36440692585893 ], [ -8940842.409426834434271, -730673.619729233672842 ], [ -8955933.665327336639166, -722302.039918686728925 ], [ -8964335.393595572561026, -716964.324123833910562 ], [ -8967712.712195945903659, -713246.159583261352964 ], [ -8970342.623708948493004, -711223.840753685217351 ], [ -8973279.123098375275731, -709388.104036363307387 ], [ -8980112.921889692544937, -705032.359512615366839 ], [ -9004635.827836953103542, -694953.205122663057409 ], [ -9024641.279271891340613, -686524.345762765500695 ], [ -9033114.126074247062206, -681486.124575352412648 ], [ -9036329.14661867544055, -678842.239770252024755 ], [ -9038741.671670401468873, -668022.070039161015302 ], [ -9038818.817831525579095, -665690.032826846116222 ], [ -9036809.042767548933625, -657746.691552731092088 ], [ -9033747.325492026284337, -652989.834759175078943 ], [ -9029372.126709319651127, -650489.180300956475548 ], [ -9024223.488208701834083, -650456.953171035740525 ], [ -9020884.238831516355276, -652585.967752354219556 ], [ -9018084.993920827284455, -653752.23487776867114 ], [ -9015040.295827435329556, -654576.082442663842812 ], [ -9012334.245868040248752, -654312.208413978223689 ], [ -9010092.043267343193293, -653487.351323310518637 ], [ -9007989.110574832186103, -651747.045506128342822 ], [ -9005592.615651877596974, -647877.842165646725334 ], [ -9004511.599004194140434, -645701.644055093987845 ], [ -9003660.005410421639681, -642562.872111300239339 ], [ -9002794.378455923870206, -637062.057515553198755 ], [ -9002725.256689883768559, -629370.97692373173777 ], [ -9007124.49133506976068, -616104.277191260131076 ], [ -9008314.714401461184025, -613479.237084120861255 ], [ -9012008.623380027711391, -606505.467101565212943 ], [ -9014777.804801231250167, -603135.090610346058384 ], [ -9022631.504207912832499, -595494.243960882071406 ], [ -9027113.893979838117957, -591519.690364046487957 ], [ -9029542.449160356074572, -590742.926442457945086 ], [ -9032046.135072534903884, -589345.350618170341477 ], [ -9039568.221686966717243, -580154.73858207045123 ], [ -9036770.973544349893928, -565601.090083377552219 ], [ -9033932.67035711184144, -564258.341504037263803 ], [ -9029788.910057779401541, -564740.118440671940334 ], [ -9027500.632500192150474, -564024.985467596328817 ], [ -9026434.638266550377011, -561961.121208215481602 ], [ -9026341.461976634338498, -559291.875580854015425 ], [ -9029063.560726216062903, -553766.602590240654536 ], [ -9030393.035039411857724, -551967.513494008337148 ], [ -9040690.312040649354458, -540576.603724730666727 ], [ -9053630.544862283393741, -526612.829395914450288 ], [ -9055315.686491599306464, -524596.245044845039956 ], [ -9056413.740982798859477, -522392.734816082695033 ], [ -9055207.487787632271647, -519942.006138483295217 ], [ -9053507.305082876235247, -517801.947871480428148 ], [ -9050616.899311739951372, -507284.44918582146056 ], [ -9048034.070470357313752, -488660.062520954874344 ], [ -9048080.145427249372005, -485790.35985637048725 ], [ -9049030.924276566132903, -480651.061437828408089 ], [ -9047647.331950005143881, -476984.896344632550608 ], [ -9045560.429386284202337, -473697.655006385815796 ], [ -9029935.177984945476055, -459280.26287678303197 ], [ -9023616.358744256198406, -455098.742518132959958 ], [ -9019104.913197567686439, -446151.744489021017216 ], [ -9015596.34908408857882, -441207.583727185614407 ], [ -9010262.365718377754092, -437394.433776749938261 ], [ -9003815.286786016076803, -433513.149733731348533 ], [ -9001727.376507561653852, -430979.621093484340236 ], [ -9000862.75726779922843, -426269.190960424137302 ], [ -8999778.736137295141816, -422704.656655740633141 ], [ -8998232.84575479477644, -419512.755209913069848 ], [ -8996532.663050038740039, -417390.240300995588768 ], [ -8985926.801404295489192, -410463.726572248036973 ], [ -8977947.8654501195997, -406281.363298850890715 ], [ -8972598.859670352190733, -403259.646241263486445 ], [ -8967620.543620763346553, -396584.076143863378093 ], [ -8966539.508311694487929, -394507.20086385763716 ], [ -8964813.274314984679222, -390999.012611074722372 ], [ -8961575.225622799247503, -389658.989828262187075 ], [ -8955067.030658109113574, -389550.589200272050221 ], [ -8952314.887080425396562, -389396.009126947727054 ], [ -8949870.301771115511656, -388776.700225798063911 ], [ -8947691.230632228776813, -387149.669308614102192 ], [ -8946100.25434616021812, -384904.36830743891187 ], [ -8944242.774836353957653, -380930.7781149657676 ], [ -8943455.301757715642452, -376535.843126160325482 ], [ -8941584.796601925045252, -374216.495525786769576 ], [ -8940921.47468339651823, -373569.303493809187785 ], [ -8905136.31492305919528, -425174.123122398625128 ], [ -8910925.920003870502114, -506228.59425375983119 ], [ -8899346.709842247888446, -607546.683167961193249 ], [ -8876188.289519002661109, -703075.167001351132058 ], [ -8815397.436170481145382, -778340.033051900798455 ], [ -8854905.72544858045876, -840462.980591790867038 ], [ -8855511.682559989392757, -839816.64738458825741 ] ] ], [ [ [ -8621943.468750359490514, 956116.141781959217042 ], [ -8620427.623195959255099, 957209.341212864383124 ], [ -8613005.729551795870066, 966154.631443679216318 ], [ -8612418.623752299696207, 969407.733658347977325 ], [ -8610223.522484613582492, 967968.643756164587103 ], [ -8605028.790365705266595, 958523.451881758403033 ], [ -8603289.549384413287044, 951566.305893943528645 ], [ -8598425.441004399210215, 945734.585705561796203 ], [ -8596091.06982852704823, 944203.091593902325258 ], [ -8593802.792270936071873, 943359.382649841485545 ], [ -8589845.384551426395774, 942295.907484737574123 ], [ -8586575.256940292194486, 939600.840392340207472 ], [ -8584837.005012338981032, 936920.143751063151285 ], [ -8580693.244713006541133, 930137.55907667207066 ], [ -8568106.682439431548119, 920264.305740146199241 ], [ -8566653.968346824869514, 914827.462554885656573 ], [ -8565881.517682254314423, 911359.803354613133706 ], [ -8559109.842637998983264, 907142.496946622151881 ], [ -8553630.580398462712765, 908440.934489253209904 ], [ -8553133.6650674585253, 907978.427807036554441 ], [ -8552954.329167993739247, 903176.536626485642046 ], [ -8553420.191956162452698, 896437.536193706793711 ], [ -8557192.254810580983758, 897359.284749929909594 ], [ -8559680.918308703228831, 898710.062884924118407 ], [ -8562332.868916120380163, 897008.177940874244086 ], [ -8563083.969206778332591, 893768.727671496104449 ], [ -8624563.359100200235844, 952081.954551399219781 ], [ -8621943.468750359490514, 956116.141781959217042 ] ] ], [ [ [ -8727816.50112983956933, -943922.738363113021478 ], [ -8727816.501129837706685, -943922.738363119889982 ], [ -8815397.436170481145382, -778340.033051900798455 ], [ -8766185.792983584105968, -868078.911804479197599 ], [ -8748816.977741148322821, -899921.739748942432925 ], [ -8727816.50112983956933, -943922.738363113021478 ] ] ], [ [ [ -7072726.306846214458346, 257999.276413359679282 ], [ -6922196.574745114892721, 304316.11705985176377 ], [ -7027819.373137293383479, 238301.8680647406145 ], [ -7072726.306846214458346, 257999.276413359679282 ] ] ] ] } },
{ "type": "Feature", "properties": { "Id": null, "id1": 4, "nomi": "Qattiq bargli doimiy yashil o'rmonlar" }, "geometry": { "type": "MultiPolygon", "coordinates": [ [ [ [ -8218905.01332675665617, -4956819.972564791329205 ], [ -8213833.52098726388067, -4950141.880989613942802 ], [ -8209302.033114235848188, -4940282.850017729215324 ], [ -8210137.596579229459167, -4934823.647931984625757 ], [ -8213307.531220101751387, -4926840.549295025877655 ], [ -8207293.265764985233545, -4891465.790952498093247 ], [ -8201426.29461314715445, -4884417.830615393817425 ], [ -8199763.173416854813695, -4882345.158621383830905 ], [ -8200289.163184009492397, -4873817.952717829495668 ], [ -8201448.333707553334534, -4870020.266818323172629 ], [ -8204386.829865057952702, -4866467.310605423524976 ], [ -8205900.65998999401927, -4863279.105565913952887 ], [ -8203629.42027591727674, -4859728.561515660956502 ], [ -8201928.229856425896287, -4857791.727948623709381 ], [ -8180994.038666591979563, -4847553.139828062616289 ], [ -8171314.92000766005367, -4849245.118781759403646 ], [ -8168408.484107740223408, -4844853.859707898460329 ], [ -8168593.828972831368446, -4827709.387452443130314 ], [ -8160384.462250023148954, -4806599.643623653799295 ], [ -8158668.249416486360133, -4803391.552886075340211 ], [ -8154678.781439393758774, -4793026.803069031797349 ], [ -8151262.385901101864874, -4781563.899827581830323 ], [ -8153703.966727596707642, -4777090.78110019210726 ], [ -8150844.613499290309846, -4772120.810701838694513 ], [ -8151619.060931957326829, -4756228.197538596577942 ], [ -8157863.738494322635233, -4733894.576088873669505 ], [ -8166275.487925743684173, -4709821.408277297392488 ], [ -8177530.560456659644842, -4677482.865426030009985 ], [ -8181209.44702116958797, -4665208.927746778354049 ], [ -8184054.766888762824237, -4655598.140858303755522 ], [ -8184548.69639834202826, -4652673.134017522446811 ], [ -8186684.697063150815666, -4638692.247032971121371 ], [ -8186498.344483336433768, -4634075.80550979077816 ], [ -8184564.726527133025229, -4625854.17518066521734 ], [ -8182539.947710475884378, -4624915.527918986044824 ], [ -8184279.188691781833768, -4617540.873525338247418 ], [ -8182571.000253324396908, -4614015.603186154738069 ], [ -8180375.880324254743755, -4611653.359881225973368 ], [ -8178952.222006414085627, -4608701.293082965537906 ], [ -8176966.501466305926442, -4587503.180067257024348 ], [ -8178367.131636388599873, -4581701.429404439404607 ], [ -8180916.892505454830825, -4574306.716486399061978 ], [ -8185926.27975928876549, -4562155.107147620990872 ], [ -8193827.061837591230869, -4548511.661259700544178 ], [ -8200675.883042973466218, -4540904.912661948241293 ], [ -8202677.633711873553693, -4523618.742750027216971 ], [ -8201246.95871368329972, -4519892.633566290140152 ], [ -8197097.189448717981577, -4514597.194800931960344 ], [ -8193702.8330048462376, -4511155.98049487080425 ], [ -8192435.463777327910066, -4505777.834318584762514 ], [ -8192960.445829743519425, -4500528.656807453371584 ], [ -8195063.378522253595293, -4496177.562055718153715 ], [ -8197645.218310286290944, -4492908.806808437220752 ], [ -8200552.66192495636642, -4490300.324996221810579 ], [ -8201695.802319707348943, -4487625.706063003279269 ], [ -8197521.978530892170966, -4466944.953590717166662 ], [ -8196238.579174590297043, -4463799.696742502041161 ], [ -8191652.991949590854347, -4460395.154347174800932 ], [ -8186760.835509553551674, -4466011.709734523668885 ], [ -8183900.493227902799845, -4467875.77297489438206 ], [ -8174964.75079741794616, -4471953.424956878647208 ], [ -8170202.850817140191793, -4471913.15629256144166 ], [ -8167912.557830074802041, -4471797.367160287685692 ], [ -8165038.18218773137778, -4471331.785804285667837 ], [ -8158976.834060974419117, -4469545.123042907565832 ], [ -8154339.144252058118582, -4467388.973876509815454 ], [ -8151619.060931957326829, -4465294.871643103659153 ], [ -8149005.160886347293854, -4461684.927221236750484 ], [ -8147351.071799874305725, -4457902.807772700674832 ], [ -8144614.939689604565501, -4447163.349283716641366 ], [ -8142463.916610738262534, -4421813.747325395233929 ], [ -8140733.689077873714268, -4394942.743400674313307 ], [ -8136759.243514842353761, -4396756.846046925522387 ], [ -8134194.441570330411196, -4399359.887589243240654 ], [ -8130745.985774455592036, -4400227.266897587105632 ], [ -8128038.909438935108483, -4400169.785529632121325 ], [ -8125844.815885990858078, -4399206.151510305702686 ], [ -8124267.854299244470894, -4397239.181653779000044 ], [ -8122087.775445615872741, -4386800.496511015109718 ], [ -8117850.838856380432844, -4371257.543647900223732 ], [ -8112841.470263949595392, -4357801.037900518625975 ], [ -8108109.615111785009503, -4345473.021539474837482 ], [ -8105791.27406469732523, -4317300.241505934856832 ], [ -8103620.208659497089684, -4297191.432102966122329 ], [ -8101973.117591989226639, -4295218.252729444764555 ], [ -8099853.165717354975641, -4293744.176265524700284 ], [ -8094256.672664030455053, -4288589.535739277489483 ], [ -8082229.168129917234182, -4276340.102387165650725 ], [ -8080837.570069661363959, -4273479.999309070408344 ], [ -8079894.796954045072198, -4269133.842482613399625 ], [ -8080087.158499492332339, -4264152.539860124699771 ], [ -8082786.21043992228806, -4257631.488461509346962 ], [ -8087438.922662882134318, -4245958.872228334657848 ], [ -8087114.307889603078365, -4242165.618749463930726 ], [ -8084663.732276062481105, -4239182.665527428500354 ], [ -8080033.059147509746253, -4236578.500951829366386 ], [ -8072372.710339619778097, -4229997.56778612267226 ], [ -8065253.392374315299094, -4211963.592350201681256 ], [ -8061342.059611709788442, -4200520.974865270778537 ], [ -8059656.91798238735646, -4197207.032635144889355 ], [ -8054955.107658336870372, -4191585.04898180719465 ], [ -8051368.389669009484351, -4189221.353130848146975 ], [ -8047071.363423547707498, -4186704.937676095869392 ], [ -8040712.459530210122466, -4180475.833124599885195 ], [ -8038473.261412318795919, -4175476.938340438529849 ], [ -8037438.319721521809697, -4169393.624818908050656 ], [ -8037144.776152475737035, -4165353.793123744893819 ], [ -8037020.547319711185992, -4160561.019360693637282 ], [ -8036788.10112162027508, -4156561.070665684062988 ], [ -8035853.352401087991893, -4149234.806324730627239 ], [ -8029753.935051146894693, -4135577.517306806053966 ], [ -8027281.301681815646589, -4132970.744675864931196 ], [ -8025115.25618889182806, -4129564.701941929757595 ], [ -8022454.273471655324101, -4121500.664751119911671 ], [ -8021342.185619739815593, -4116250.470689256675541 ], [ -8019673.074119209311903, -4098278.28644814202562 ], [ -8020508.637584208510816, -4090287.730557649862021 ], [ -8020848.274771544151008, -4085095.790090458001941 ], [ -8018513.903595665469766, -4081187.012563051655889 ], [ -8014377.15997669659555, -4078873.243336202576756 ], [ -8013258.0554444110021, -4075353.69631555583328 ], [ -8013333.204837470315397, -4068445.239533977117389 ], [ -8014044.539469704031944, -4058493.315412153489888 ], [ -8016395.929827719926834, -4055333.799307396635413 ], [ -8017277.58691100217402, -4052661.976100380998105 ], [ -8016874.836923241615295, -4048205.10283119045198 ], [ -8003593.977860939688981, -4023879.875795425381511 ], [ -8000532.241924033500254, -4019929.313629320356995 ], [ -7999851.959834634326398, -4017321.324878892861307 ], [ -7997162.929057362489402, -4007637.11642166832462 ], [ -7993335.759136226028204, -3998499.835819868370891 ], [ -7990367.218150620348752, -3997412.738872638437897 ], [ -7986432.838578862138093, -3996622.169224966317415 ], [ -7983190.777689147740602, -3995003.847537336405367 ], [ -7979289.466089705005288, -3991528.196424213703722 ], [ -7977218.593654771335423, -3986248.66012145485729 ], [ -7976600.435312433168292, -3983574.891158712562174 ], [ -7975888.111626842059195, -3979302.464758930262178 ], [ -7974898.255839603953063, -3969168.162800511810929 ], [ -7976969.128274538554251, -3960859.032018220517784 ], [ -7980990.656509190797806, -3944703.754465340636671 ], [ -7982288.08922619279474, -3929201.114976949058473 ], [ -7987869.541204056702554, -3909304.931668644305319 ], [ -7986748.439903711900115, -3906841.377603899687529 ], [ -7981407.43985765054822, -3907164.230756130069494 ], [ -7967082.625656122341752, -3896557.418983899056911 ], [ -7961941.99288918543607, -3882038.532273055054247 ], [ -7959220.901854349300265, -3863859.131031302269548 ], [ -7954628.316610370762646, -3854762.678560998756438 ], [ -7953407.022339764982462, -3850922.800808147992939 ], [ -7952944.164034400135279, -3846864.055504770949483 ], [ -7952851.976797840557992, -3827949.975602710153908 ], [ -7948922.635799754410982, -3815135.812582850921899 ], [ -7950414.823754694312811, -3812531.563636352308095 ], [ -7892702.039528926834464, -3879123.237743007019162 ], [ -7894850.228321450762451, -3887357.961447682231665 ], [ -7883271.018159828148782, -4006044.865604318212718 ], [ -7900639.833402263000607, -4121836.967220548074692 ], [ -7941167.06896794307977, -4249208.278998401015997 ], [ -7961430.686750783585012, -4376579.590776254422963 ], [ -7987483.909614435397089, -4503950.902554107829928 ], [ -7987483.909614436328411, -4541583.335579383186996 ], [ -8013537.132478088140488, -4657375.437195613048971 ], [ -8033800.75026092864573, -4764483.131190625950694 ], [ -8045379.960422551259398, -4871590.825185638852417 ], [ -8068538.380745797418058, -4946855.69123618863523 ], [ -8219021.76453198865056, -4957135.988481157459319 ], [ -8218905.01332675665617, -4956819.972564791329205 ] ] ] ] } },
{ "type": "Feature", "properties": { "Id": null, "id1": 7, "nomi": "Aralash o'rmonlar" }, "geometry": { "type": "MultiPolygon", "coordinates": [ [ [ [ -7485895.892792758531868, -7537542.051515402272344 ], [ -7497337.299242130480707, -7531314.015252819284797 ], [ -7504202.150576290674508, -7525501.317593014799058 ], [ -7503490.81594404950738, -7522722.356255886144936 ], [ -7502316.623006454668939, -7521841.406989789567888 ], [ -7500274.806346277706325, -7521126.411397787742317 ], [ -7494059.165897291153669, -7521620.305256934836507 ], [ -7485895.892792758531868, -7524261.551948420703411 ], [ -7482031.661363170482218, -7529769.853181173093617 ], [ -7481659.963918258436024, -7536755.912931696511805 ], [ -7485895.892792758531868, -7537542.051515402272344 ] ] ], [ [ [ -7513424.419895484112203, -7524716.406355760991573 ], [ -7516678.498716448433697, -7533930.010949139483273 ], [ -7517915.82311583776027, -7535446.42584671266377 ], [ -7523158.645621102303267, -7533628.160900718532503 ], [ -7524517.175709065981209, -7533765.678510676138103 ], [ -7526527.939826394431293, -7538976.989580495283008 ], [ -7530099.635401678271592, -7529330.75835825689137 ], [ -7531321.918725633062422, -7528502.607236762531102 ], [ -7537846.125157736241817, -7528557.923136388882995 ], [ -7545576.603446387685835, -7530871.274385587312281 ], [ -7550988.740687952376902, -7532415.657205076888204 ], [ -7552440.447065826505423, -7531781.790600161068141 ], [ -7553508.456728923134506, -7530155.407508311793208 ], [ -7553631.67784695327282, -7526987.524807906709611 ], [ -7551976.581045744940639, -7522888.213970464654267 ], [ -7548451.986803480423987, -7521950.183265226893127 ], [ -7547215.670118804089725, -7521786.139265566132963 ], [ -7544246.102757081389427, -7522888.213970464654267 ], [ -7542083.061746971681714, -7523437.499872271902859 ], [ -7537597.667492231354117, -7524318.631547499448061 ], [ -7525909.781484057195485, -7524593.303956804797053 ], [ -7521657.822480766102672, -7521372.474258026108146 ], [ -7520374.423124476335943, -7520741.275186167098582 ], [ -7515334.991042540408671, -7522226.598158936016262 ], [ -7513424.419895484112203, -7524716.406355760991573 ] ] ], [ [ [ -7486422.871613271534443, -7510980.707649305462837 ], [ -7486946.845950963906944, -7513178.344846610911191 ], [ -7489483.599835442379117, -7515348.101515226997435 ], [ -7491927.177430016919971, -7516312.047403355129063 ], [ -7496132.053761687129736, -7516889.377414111979306 ], [ -7495975.746009980328381, -7510868.537136220373213 ], [ -7496998.669769516214728, -7509851.879673955030739 ], [ -7502964.844838277436793, -7508315.556680330075324 ], [ -7509614.287817866541445, -7510072.644301927648485 ], [ -7519910.557104382663965, -7506391.572135122492909 ], [ -7520344.378296355716884, -7501340.958779932931066 ], [ -7518859.585284812375903, -7491768.318151135928929 ], [ -7506180.854436049237847, -7477773.692396252416074 ], [ -7499671.67041799146682, -7474407.508634089492261 ], [ -7497708.996687036007643, -7474325.973186855204403 ], [ -7488246.294097423553467, -7503151.626145470887423 ], [ -7486422.871613271534443, -7510980.707649305462837 ] ] ], [ [ [ -7539515.255319651216269, -7484015.431994072161615 ], [ -7540628.332224905490875, -7482509.089979673735797 ], [ -7536609.808473061770201, -7462301.97743864171207 ], [ -7535000.80529014300555, -7459846.339137603528798 ], [ -7532589.287953145802021, -7458263.330511822365224 ], [ -7530965.243694779463112, -7458371.215199178084731 ], [ -7529064.693710879422724, -7460391.193028708919883 ], [ -7527858.440515702590346, -7461864.922403021715581 ], [ -7526095.126349149271846, -7464158.343951656483114 ], [ -7525013.101986723951995, -7465744.339692912995815 ], [ -7523853.931463185697794, -7468966.88665190897882 ], [ -7524147.493693629279733, -7475694.232027295045555 ], [ -7529806.073171234689653, -7480071.870159833692014 ], [ -7532218.598222967237234, -7481824.326907905749977 ], [ -7535186.150155234150589, -7482920.677540176548064 ], [ -7539515.255319651216269, -7484015.431994072161615 ] ] ], [ [ [ -7656168.611238032579422, -7396257.615837071090937 ], [ -7651080.874552262015641, -7396485.696184813976288 ], [ -7625284.72292348369956, -7422367.015812579542398 ], [ -7623568.825840481556952, -7422444.134782602079213 ], [ -7626745.543117042630911, -7422916.668928899802268 ], [ -7632775.838700950145721, -7423027.571338189765811 ], [ -7635187.337376564741135, -7422752.941570240072906 ], [ -7637801.23742217477411, -7421992.456408423371613 ], [ -7640050.456703215837479, -7418870.37286405544728 ], [ -7642144.375947297550738, -7413632.101343640126288 ], [ -7644912.549653765745461, -7411054.743056129664183 ], [ -7648221.735541441477835, -7411107.490010273642838 ], [ -7652118.045890003442764, -7414215.936785563826561 ], [ -7636580.950866283848882, -7431017.404814752750099 ], [ -7630426.42644963786006, -7429221.800864106975496 ], [ -7627178.356594287790358, -7427102.481527152471244 ], [ -7624411.171941170468926, -7425825.545278239063919 ], [ -7620993.768688144162297, -7425254.973029558546841 ], [ -7615490.470586126670241, -7426232.391487242653966 ], [ -7608008.468624351546168, -7429494.88755464553833 ], [ -7587877.780641932040453, -7439345.368337882682681 ], [ -7585867.016524603590369, -7443374.157878637313843 ], [ -7586702.579989603720605, -7448879.823268842883408 ], [ -7588468.898638970218599, -7452865.844128970056772 ], [ -7583765.091546827927232, -7454387.660556145012379 ], [ -7577139.68442973587662, -7453556.904303289018571 ], [ -7581794.393420776352286, -7463901.734919618815184 ], [ -7574886.471612530760467, -7475520.536957552656531 ], [ -7571518.166460588574409, -7476897.889905758202076 ], [ -7566108.044648488052189, -7477608.801068540662527 ], [ -7567437.518961682915688, -7493386.628025511279702 ], [ -7575693.98701748996973, -7501394.324556067585945 ], [ -7577139.68442973587662, -7502529.039161719381809 ], [ -7577673.679930593818426, -7502794.090543877333403 ], [ -7580710.372290284372866, -7502121.739188920706511 ], [ -7582188.129960094578564, -7499200.039975918829441 ], [ -7585835.963981768116355, -7493386.628025511279702 ], [ -7594588.339653861708939, -7483248.905827556736767 ], [ -7598947.508307768963277, -7473560.407176609151065 ], [ -7597644.066625147126615, -7466277.210164782591164 ], [ -7609862.943651350215077, -7455915.078188345767558 ], [ -7612074.075047828257084, -7455177.839123404584825 ], [ -7615847.145616982132196, -7459846.339137603528798 ], [ -7622277.186705823987722, -7460308.025863557122648 ], [ -7629778.223279193043709, -7453516.246187597513199 ], [ -7637414.51756321080029, -7453077.942213176749647 ], [ -7650896.751619384624064, -7453240.533829875290394 ], [ -7655379.141391322948039, -7458836.371895089745522 ], [ -7661471.542060908861458, -7461482.762541087344289 ], [ -7664308.856194795109332, -7461429.671628391370177 ], [ -7669265.133149978704751, -7457607.226343417540193 ], [ -7674274.520403794012964, -7451605.8517692880705 ], [ -7677455.465261187404394, -7445180.114732581190765 ], [ -7673771.577445786446333, -7439576.48522075265646 ], [ -7666326.636992468498647, -7437329.130604019388556 ], [ -7663435.223506604321301, -7436895.256627362221479 ], [ -7660698.102342982776463, -7438064.639770600013435 ], [ -7656926.039488557726145, -7437166.8726254273206 ], [ -7655372.124710966832936, -7427252.225204707123339 ], [ -7669635.82288016192615, -7432323.398681283928454 ], [ -7671304.953042071312666, -7428569.923629186116159 ], [ -7669171.956860061734915, -7417431.175856592133641 ], [ -7665784.617096539586782, -7407527.633217584341764 ], [ -7661240.122238910757005, -7402567.447799426503479 ], [ -7660158.07921511400491, -7398842.358229219913483 ], [ -7677697.913961071521044, -7412517.384230762720108 ], [ -7684695.018523074686527, -7414282.757219158113003 ], [ -7697295.614157360978425, -7410321.790664745494723 ], [ -7700124.903896164149046, -7408587.169019037857652 ], [ -7703171.598757622763515, -7405603.963304463773966 ], [ -7705644.232126966118813, -7401403.369767779484391 ], [ -7708767.08409621194005, -7388545.336382011882961 ], [ -7723130.975235673598945, -7391195.89994310028851 ], [ -7726067.455963708460331, -7392223.389476353302598 ], [ -7728595.196399758569896, -7394029.761904284358025 ], [ -7721553.005934205837548, -7393414.153922894969583 ], [ -7713884.651392616331577, -7394252.50875405408442 ], [ -7710730.746880522929132, -7405928.931797863915563 ], [ -7722512.816893342882395, -7410376.267793472856283 ], [ -7724274.115630420856178, -7418462.142857006751001 ], [ -7714750.278347101993859, -7433301.741478100419044 ], [ -7714410.641159766353667, -7445307.220341049134731 ], [ -7704630.340477243065834, -7447625.775589557364583 ], [ -7696907.886583670042455, -7448143.286634596064687 ], [ -7697820.596209788694978, -7459763.210775546729565 ], [ -7699816.319251677021384, -7461838.392068582586944 ], [ -7717070.616162269376218, -7457333.146880280226469 ], [ -7728596.204114493913949, -7459517.323427533730865 ], [ -7735870.822116757743061, -7442449.278515850193799 ], [ -7732934.322727344930172, -7435643.147183811292052 ], [ -7727042.289336896501482, -7434199.061002221889794 ], [ -7725001.461730080656707, -7432349.860938654281199 ], [ -7732901.254755033180118, -7427972.702016972005367 ], [ -7735915.908020311966538, -7427701.407963857986033 ], [ -7744868.650971555151045, -7435533.804976567625999 ], [ -7749150.673464324325323, -7427141.262368651106954 ], [ -7759217.519696953706443, -7422483.600696586072445 ], [ -7758567.301097045652568, -7416454.832868161611259 ], [ -7755196.999177023768425, -7409887.656969506293535 ], [ -7746600.89393388107419, -7403055.598178846761584 ], [ -7743585.251615251414478, -7402135.51344851963222 ], [ -7739921.406126184388995, -7400455.393982573412359 ], [ -7737277.442591083236039, -7396648.862381169572473 ], [ -7741791.892620591446757, -7396610.266268981620669 ], [ -7746694.070223791524768, -7399697.090107455849648 ], [ -7756905.187615481205285, -7407555.745558131486177 ], [ -7773594.436482381075621, -7412383.774332843720913 ], [ -7776425.722989269532263, -7412545.514646969735622 ], [ -7783274.544194649904966, -7405874.48586624674499 ], [ -7777152.098696956411004, -7404788.951632225885987 ], [ -7774769.637134716846049, -7402825.566777097061276 ], [ -7781603.417264656163752, -7395417.28015950601548 ], [ -7793942.529587467201054, -7394794.537515157833695 ], [ -7795844.087286095134914, -7392724.936009212397039 ], [ -7793415.532105577178299, -7387139.786111101508141 ], [ -7784688.20001070946455, -7377152.249469102360308 ], [ -7783666.608186606317759, -7376644.547234554775059 ], [ -7668702.916612111963332, -7388874.727189288474619 ], [ -7656168.611238032579422, -7396257.615837071090937 ] ] ], [ [ [ -7865031.597379523329437, -7368096.993274863809347 ], [ -7846974.786314852535725, -7370443.314916242845356 ], [ -7845009.068220419809222, -7370118.753613935783505 ], [ -7823399.086910715326667, -7372417.687795819714665 ], [ -7821771.616939583793283, -7383893.27284718491137 ], [ -7825079.813773913308978, -7387139.786111101508141 ], [ -7828018.309931417927146, -7387462.220520980656147 ], [ -7829533.147771089337766, -7386920.735497079789639 ], [ -7830894.682341848500073, -7385650.38974279910326 ], [ -7831882.541361019015312, -7382675.943261034786701 ], [ -7834696.808685765601695, -7379515.325737961567938 ], [ -7836949.032449631951749, -7379074.171056435443461 ], [ -7838136.251033198088408, -7378619.021127561107278 ], [ -7841902.304922001436353, -7381717.984425384551287 ], [ -7842273.983705523423851, -7386218.059128846973181 ], [ -7841253.075375432148576, -7387840.783028459176421 ], [ -7838253.463185594417155, -7389518.144130991771817 ], [ -7835841.945848602801561, -7389896.806779786944389 ], [ -7834589.599035148508847, -7390682.173456190153956 ], [ -7833862.252935499884188, -7392549.562525244429708 ], [ -7835006.382383602671325, -7395308.503265124745667 ], [ -7851457.176086778752506, -7402946.714273085817695 ], [ -7853513.026107667945325, -7402676.293681642971933 ], [ -7854611.080598872154951, -7401104.913806804455817 ], [ -7855260.310145428404212, -7398449.23602559696883 ], [ -7855538.831300430931151, -7394876.97232629545033 ], [ -7855507.76009620539844, -7389896.806779786944389 ], [ -7853590.172268785536289, -7385569.782353648915887 ], [ -7859898.989007676020265, -7378004.632160319015384 ], [ -7870196.266008933074772, -7386731.490658943541348 ], [ -7872607.783345942385495, -7386218.059128846973181 ], [ -7896695.860386476852, -7377084.01985823456198 ], [ -7904581.620050734840333, -7370605.943616009317338 ], [ -7904972.000929557718337, -7363739.718219346366823 ], [ -7865375.607576628215611, -7367952.100490935146809 ], [ -7865031.597379523329437, -7368096.993274863809347 ] ] ], [ [ [ -7939785.518375393003225, -7352222.8418880822137 ], [ -7941548.832541951909661, -7353084.686069480143487 ], [ -7948985.748600155115128, -7350958.11412656866014 ], [ -7954257.608218810521066, -7339309.88026322145015 ], [ -7951954.620109748095274, -7335026.455080574378371 ], [ -7938121.896538350731134, -7351164.632580538280308 ], [ -7939785.518375393003225, -7352222.8418880822137 ] ] ], [ [ [ -8056625.245534986257553, -7243410.693946827203035 ], [ -8057923.667305333539844, -7243304.04643702507019 ], [ -8066582.885348899289966, -7252017.645371339283884 ], [ -8067926.39302278868854, -7251354.560628176666796 ], [ -8073461.751382389105856, -7243863.192894984036684 ], [ -8075161.934087145142257, -7235873.63087881822139 ], [ -8062686.59366172272712, -7228716.391735079698265 ], [ -8060244.00512049999088, -7228980.854861971922219 ], [ -8048291.63131804112345, -7233885.240185271948576 ], [ -8047765.660212276503444, -7235901.131795487366617 ], [ -8048870.731383829377592, -7239865.665424396283925 ], [ -8056625.245534986257553, -7243410.693946827203035 ] ] ], [ [ [ -7849263.082533832639456, -7200676.125987838022411 ], [ -7848242.155542363412678, -7198405.80293638445437 ], [ -7846726.328649347648025, -7197981.594155265949667 ], [ -7844499.167124091647565, -7198458.822676255367696 ], [ -7824972.604123304598033, -7206329.93958935700357 ], [ -7818494.472648094408214, -7210504.038836599327624 ], [ -7818373.504592028446496, -7210699.452505967579782 ], [ -7849727.286766671575606, -7202989.506069579161704 ], [ -7849263.082533832639456, -7200676.125987838022411 ] ] ], [ [ [ -8062871.938526814803481, -7219922.27613693010062 ], [ -8067137.912229435518384, -7219285.921364321373403 ], [ -8069550.437281160615385, -7217699.539936555549502 ], [ -8070787.743019173853099, -7216322.652693732641637 ], [ -8071901.827639176510274, -7208653.948719055391848 ], [ -8058077.959627576172352, -7187484.248752580955625 ], [ -8055805.712198765017092, -7185216.040751728229225 ], [ -8051956.503183233551681, -7183266.017405331134796 ], [ -8049034.037154515273869, -7183532.359499888494611 ], [ -8047998.08774898853153, -7184427.080461803823709 ], [ -8047752.634566297754645, -7185113.551603251136839 ], [ -8041566.049892067909241, -7190805.786675873212516 ], [ -8038171.69344817660749, -7197745.539550567045808 ], [ -8043050.824242241680622, -7208232.600517225451767 ], [ -8048600.215962541289628, -7218282.612330438569188 ], [ -8050874.478820801712573, -7219181.294211816973984 ], [ -8062871.938526814803481, -7219922.27613693010062 ] ] ], [ [ [ -7831760.30929633975029, -7199777.835557041689754 ], [ -7832904.457405839115381, -7199620.439728927798569 ], [ -7834450.347788345068693, -7198510.154026802629232 ], [ -7842738.85744035243988, -7192388.440108153037727 ], [ -7845890.765184347517788, -7189013.278076192364097 ], [ -7847375.53953452128917, -7186640.434444014914334 ], [ -7847931.574129777960479, -7184005.341652641072869 ], [ -7847160.131179944612086, -7182159.752586581744254 ], [ -7846046.046559942886233, -7181318.193547634407878 ], [ -7827214.806723988614976, -7177683.333937427960336 ], [ -7826208.920807953923941, -7179290.656048179604113 ], [ -7824956.573994499631226, -7182897.255802920088172 ], [ -7824307.363109327852726, -7186718.986395438201725 ], [ -7826874.161821931600571, -7194183.437118770554662 ], [ -7828544.299698580987751, -7197824.202391794882715 ], [ -7829904.845215988345444, -7199091.773409219458699 ], [ -7831760.30929633975029, -7199777.835557041689754 ] ] ], [ [ [ -8156658.493013893254101, -7195872.774149113334715 ], [ -8163585.449433743953705, -7192073.94701037928462 ], [ -8177252.039301657117903, -7185743.744198778644204 ], [ -8178442.262368050403893, -7183767.988330665975809 ], [ -8169691.88346404209733, -7175656.699655629694462 ], [ -8165564.153293495997787, -7175472.494681308977306 ], [ -8161915.33021848462522, -7175735.173934549093246 ], [ -8154292.061580437235534, -7176787.662606274709105 ], [ -8152916.493648965843022, -7177420.589738979935646 ], [ -8146731.905742801725864, -7180845.404499521479011 ], [ -8146206.923690393567085, -7182844.308956327848136 ], [ -8144350.451895308680832, -7192164.52406429219991 ], [ -8145958.466024889610708, -7194132.133980739861727 ], [ -8147937.169884635135531, -7194604.033552728593349 ], [ -8156658.493013893254101, -7195872.774149113334715 ] ] ], [ [ [ -7923319.702258161269128, -7186534.522583461366594 ], [ -7913348.029083534143865, -7182106.810696833766997 ], [ -7905786.884192555211484, -7187458.63486894313246 ], [ -7904767.972630548290908, -7189645.469690284691751 ], [ -7902725.148255654610693, -7204109.352440936490893 ], [ -7902231.218746077269316, -7221510.800097632221878 ], [ -7915683.407974141649902, -7242349.250493614934385 ], [ -7917041.95672348421067, -7243596.497368224896491 ], [ -7919067.743254869244993, -7243464.018245351500809 ], [ -7921032.413753916509449, -7241473.703773256391287 ], [ -7925267.353575065732002, -7235926.90398761536926 ], [ -7931638.275399651378393, -7234441.987467686645687 ], [ -7942088.837008423171937, -7229590.516602001152933 ], [ -7952742.7890405356884, -7209606.348391775041819 ], [ -7953313.846049855463207, -7206381.322324737906456 ], [ -7952448.237756742164493, -7203238.056773863732815 ], [ -7951088.681292666122317, -7201969.817637978121638 ], [ -7947609.172953960485756, -7201680.601542048156261 ], [ -7945925.020377989858389, -7200782.196426004171371 ], [ -7945166.603074114769697, -7199276.56358393188566 ], [ -7949464.637034311890602, -7192256.821403215639293 ], [ -7958632.807001508772373, -7199883.925754471682012 ], [ -7962870.732644095085561, -7212462.516109175048769 ], [ -7963487.901933081448078, -7214524.353012387640774 ], [ -7963827.520459039136767, -7218731.940424551256001 ], [ -7975115.660962266847491, -7216113.478666070848703 ], [ -7977078.334693234413862, -7214762.60399641469121 ], [ -7979442.750697214156389, -7208811.525411234237254 ], [ -7980030.86421143822372, -7206805.98430057708174 ], [ -7980587.906521441414952, -7204848.915132648311555 ], [ -7981453.514814542606473, -7201256.216171168722212 ], [ -7980957.588536884635687, -7198669.248291325755417 ], [ -7974403.318615278229117, -7190648.570165174081922 ], [ -7977201.55581125151366, -7168722.754055905155838 ], [ -7975888.111626842059195, -7164477.082100045867264 ], [ -7973536.702607449144125, -7161587.170534518547356 ], [ -7971759.373741567134857, -7160140.05916746892035 ], [ -7967042.541003459133208, -7159169.780040514655411 ], [ -7955881.65247717499733, -7159431.916757090948522 ], [ -7945553.322933084331453, -7163952.481972572393715 ], [ -7937019.341437003575265, -7168632.414364084601402 ], [ -7936014.463235702365637, -7169552.746832362376153 ], [ -7935009.585034408606589, -7172735.407271063886583 ], [ -7932349.610031886957586, -7184585.890377391129732 ], [ -7923319.702258161269128, -7186534.522583461366594 ] ] ], [ [ [ -7983988.271930948831141, -7165371.324035875499249 ], [ -7982782.018735764548182, -7167528.201618283055723 ], [ -7980340.43790927529335, -7169999.301700100302696 ], [ -7976383.030189777724445, -7185586.628721912391484 ], [ -7976760.736600304953754, -7188657.899449411779642 ], [ -7983247.881523945368826, -7198299.732666029594839 ], [ -7985287.701416030526161, -7200886.579037526622415 ], [ -7986833.591798542067409, -7201256.216171168722212 ], [ -7987978.747622758150101, -7201098.758892280980945 ], [ -7992090.42900313436985, -7199830.86454270966351 ], [ -7993760.566879777237773, -7198828.345772522501647 ], [ -7995152.164940034039319, -7197560.817184866406024 ], [ -7996852.347644796594977, -7195395.702417778782547 ], [ -8004799.223341388627887, -7182740.165296553634107 ], [ -8006253.952863440848887, -7180316.312453876249492 ], [ -8006492.389365782961249, -7177354.047061653807759 ], [ -8006020.517611994408071, -7173262.307213566266 ], [ -8006918.186162672005594, -7171576.065567655488849 ], [ -8008681.50032923836261, -7171681.776544004678726 ], [ -8009932.839427950792015, -7174418.466267966665328 ], [ -8010057.0682607088238, -7176893.411729769781232 ], [ -8009500.02595071028918, -7179474.950300051830709 ], [ -8005665.839349217712879, -7192785.028785452246666 ], [ -8001614.266286459751427, -7197849.881885658949614 ], [ -8000084.406032730825245, -7198828.345772522501647 ], [ -7997386.343145653605461, -7200292.843709883280098 ], [ -7986470.907802052795887, -7214100.966073947958648 ], [ -7986416.808450082316995, -7216986.202322363853455 ], [ -7987451.750140868127346, -7219285.921364321373403 ], [ -7996296.31304953340441, -7233806.183608163148165 ], [ -7997456.472626410424709, -7234601.810743226669729 ], [ -7999109.572659550234675, -7234548.546626347117126 ], [ -8008572.293910535983741, -7232374.949142298661172 ], [ -8010612.113802622072399, -7228451.937513853423297 ], [ -8009500.02595071028918, -7220507.206962245516479 ], [ -8009129.336220534518361, -7218176.273616998456419 ], [ -8018220.341365228407085, -7208919.428502740338445 ], [ -8026662.154286127537489, -7200359.580525541678071 ], [ -8036772.070992829278111, -7189382.358002388849854 ], [ -8038242.830643686465919, -7187562.840940379537642 ], [ -8039308.82487731333822, -7185427.798626556061208 ], [ -8039989.088305335491896, -7183583.593620990402997 ], [ -8043174.064021648839116, -7163479.020342110656202 ], [ -8043622.907627672888339, -7159261.691765619441867 ], [ -8043111.940274581313133, -7156176.306876446120441 ], [ -8038412.145379973575473, -7155228.665327854454517 ], [ -8037205.892184808850288, -7155177.61513427272439 ], [ -8036062.751790050417185, -7155388.56769888382405 ], [ -8029243.975412775762379, -7158276.209121266379952 ], [ -8027714.115159061737359, -7160012.370692667551339 ], [ -8026353.569641639478505, -7163741.3002988724038 ], [ -8021683.838236537761986, -7163688.513694598339498 ], [ -8015869.940060557797551, -7149823.868210908956826 ], [ -8014107.652270129881799, -7144551.914201923646033 ], [ -8011232.268913043662906, -7142953.330809481441975 ], [ -8008959.013769498094916, -7142010.660013024695218 ], [ -7984359.969375859946012, -7151083.742298884317279 ], [ -7976768.760995383374393, -7155033.02224419824779 ], [ -7977278.701972376555204, -7158065.179346531629562 ], [ -7978391.79753902181983, -7159537.43336568120867 ], [ -7983988.271930948831141, -7165371.324035875499249 ] ] ], [ [ [ -7835130.629877744242549, -7160272.823128069750965 ], [ -7831064.015739526599646, -7171576.065567655488849 ], [ -7831473.782407643273473, -7174444.069555463269353 ], [ -7833769.07664558943361, -7177052.069852308370173 ], [ -7836151.538207830861211, -7177865.874493633396924 ], [ -7840325.343335269019008, -7178104.734435616992414 ], [ -7841499.536272869445384, -7177947.771239189431071 ], [ -7843572.424137266352773, -7177367.679684724658728 ], [ -7845365.783131933771074, -7176524.94826958142221 ], [ -7848396.447864606045187, -7174367.323473729193211 ], [ -7851828.873531695455313, -7171262.402230644598603 ], [ -7854796.425463964231312, -7166476.948398387059569 ], [ -7856220.102443167939782, -7164661.030344559811056 ], [ -7866717.746723580174148, -7154206.266706672497094 ], [ -7867444.103769871406257, -7156281.811649580486119 ], [ -7867414.058941751718521, -7158749.358580287545919 ], [ -7866083.55825244449079, -7165003.398702837526798 ], [ -7865341.171077360399067, -7166896.068241401575506 ], [ -7864505.607612366788089, -7168579.595009724609554 ], [ -7862280.442855195142329, -7171524.909458168782294 ], [ -7860361.847313042730093, -7173524.881051486358047 ], [ -7859249.778122503310442, -7175051.203144788742065 ], [ -7857085.710736287757754, -7178683.163973019458354 ], [ -7852322.803041274659336, -7194287.700392364524305 ], [ -7851519.299833851866424, -7197348.700851459056139 ], [ -7850856.854040721431375, -7202711.743625140748918 ], [ -7865902.202917383983731, -7199012.067671863362193 ], [ -7870371.690668760798872, -7204533.199600035324693 ], [ -7871340.395457048900425, -7203686.525887886062264 ], [ -7881452.327593212947249, -7194183.437118770554662 ], [ -7883585.323775208555162, -7191756.028207854367793 ], [ -7890194.700763508677483, -7179486.90192158613354 ], [ -7892304.650136381387711, -7160431.147151223383844 ], [ -7892459.931511976756155, -7158065.179346531629562 ], [ -7892335.702679216861725, -7147408.399807063862681 ], [ -7891471.083439466543496, -7145627.437882349826396 ], [ -7885470.851345056667924, -7141171.665003250353038 ], [ -7879935.492985463701189, -7139072.922809612005949 ], [ -7878144.130758875980973, -7139388.724830655381083 ], [ -7870443.715959709137678, -7142008.95169042609632 ], [ -7868526.12813229020685, -7142691.740723793394864 ], [ -7866130.640924084000289, -7144893.411279299296439 ], [ -7864723.012735035270452, -7145469.410525231622159 ], [ -7863578.864625536836684, -7145627.437882349826396 ], [ -7861507.003137269988656, -7144473.749493362382054 ], [ -7860053.281329933553934, -7141983.485073348507285 ], [ -7859977.124222164973617, -7139651.913367186672986 ], [ -7861043.11845579277724, -7136901.738274240866303 ], [ -7861802.150097048841417, -7135927.708962939679623 ], [ -7837309.337212973274291, -7154689.912772941403091 ], [ -7835130.629877744242549, -7160272.823128069750965 ] ] ], [ [ [ -7869391.755086787976325, -7130903.995883793570101 ], [ -7870427.685830931179225, -7129359.054273203015327 ], [ -7870439.671900402754545, -7129311.117179265245795 ], [ -7866576.214214134961367, -7132270.637625698000193 ], [ -7869391.755086787976325, -7130903.995883793570101 ] ] ], [ [ [ -8220017.101178680546582, -7093147.127705871127546 ], [ -8221300.500534976832569, -7092444.959357170388103 ], [ -8223634.87171083688736, -7083307.322014356963336 ], [ -8222367.483821961097419, -7068673.977536928839982 ], [ -8221284.470406191423535, -7067141.1234011342749 ], [ -8219801.692824090830982, -7067348.0503612998873 ], [ -8205390.719013008289039, -7077481.408432381227612 ], [ -8203026.284347637556493, -7079614.447604709304869 ], [ -8203257.722830998711288, -7082005.94861105363816 ], [ -8204169.424742389470339, -7083723.752595087513328 ], [ -8215472.587659674696624, -7091428.978378837928176 ], [ -8217110.646617368794978, -7092313.329365756362677 ], [ -8218936.065869606100023, -7092939.526636835187674 ], [ -8220017.101178680546582, -7093147.127705871127546 ] ] ], [ [ [ -8112214.298473176546395, -7083268.572252695448697 ], [ -8114047.723459127359092, -7091741.187144213356078 ], [ -8116096.5567996352911, -7098932.21334726549685 ], [ -8112547.926694896072149, -7109535.652610815130174 ], [ -8105915.50289744976908, -7089814.094745865091681 ], [ -8105017.815685381181538, -7083904.167625322006643 ], [ -8108049.506794166751206, -7076908.64098693896085 ], [ -8110726.519640196114779, -7069769.524812855757773 ], [ -8102590.286880982108414, -7072738.889011143706739 ], [ -8096792.41883379407227, -7080028.989334790036082 ], [ -8090020.743789530359209, -7095699.748001210391521 ], [ -8080497.932882324792445, -7088044.352200169116259 ], [ -8069180.736604328267276, -7089657.178245160728693 ], [ -8064062.161593208089471, -7092939.526636835187674 ], [ -8059732.048714043572545, -7100418.859689948149025 ], [ -8060226.985938369296491, -7105634.41309979557991 ], [ -8063628.340401226654649, -7105218.529929253272712 ], [ -8066861.406503896228969, -7106390.156472716480494 ], [ -8068878.179586834274232, -7110266.403825737535954 ], [ -8064170.360297174192965, -7122846.825718782842159 ], [ -8060421.344251890666783, -7117332.078304287977517 ], [ -8056346.724379983730614, -7112316.919284872710705 ], [ -8044071.732572326436639, -7117304.988065638579428 ], [ -8041504.933859733864665, -7119318.37034628726542 ], [ -8030843.983808657154441, -7133221.105607038363814 ], [ -8034732.251100743189454, -7135981.854035367257893 ], [ -8036680.910132374614477, -7136506.274194316007197 ], [ -8038798.865238948725164, -7144288.562348512001336 ], [ -8042463.737104129046202, -7146728.589906637556851 ], [ -8045308.049256988801062, -7146414.203555693849921 ], [ -8054183.66470848955214, -7144473.749493362382054 ], [ -8061418.216719490475953, -7150690.987870339304209 ], [ -8061294.976940083317459, -7164213.064539379440248 ], [ -8059192.044247577898204, -7166054.455491250380874 ], [ -8054614.481417656876147, -7168156.989431346766651 ], [ -8051028.771143058314919, -7169249.3541194293648 ], [ -8051506.651862468570471, -7178050.135423057712615 ], [ -8062932.046844426542521, -7179263.352385426871479 ], [ -8074715.105910572223365, -7189460.937311094254255 ], [ -8077528.365520589053631, -7189488.276347198523581 ], [ -8079954.905271643772721, -7188406.754100923426449 ], [ -8084563.539305790327489, -7182661.653017217293382 ], [ -8094011.219481339678168, -7187696.06762707605958 ], [ -8106717.998390131630003, -7196030.126889283768833 ], [ -8112454.750404987484217, -7195924.088634264655411 ], [ -8125858.830585306510329, -7189172.180505828000605 ], [ -8129253.18702919781208, -7185386.795342851430178 ], [ -8126972.915205309167504, -7182187.066289264708757 ], [ -8114295.192071279510856, -7181949.767748801037669 ], [ -8101492.23238977137953, -7173419.177116749808192 ], [ -8096043.033639738336205, -7140974.693457091227174 ], [ -8104291.458639077842236, -7136586.067255296744406 ], [ -8107338.172161933034658, -7138550.039847686886787 ], [ -8114510.600425857119262, -7144946.072322565130889 ], [ -8117990.108764580450952, -7146545.059181067161262 ], [ -8127737.360136188566685, -7145902.703580451197922 ], [ -8128456.700502124615014, -7141577.580425853841007 ], [ -8128850.437041442841291, -7136676.009290446527302 ], [ -8132895.01208524312824, -7134975.535198818892241 ], [ -8137578.776851051487029, -7154679.172186468727887 ], [ -8137703.005683791823685, -7159275.324848126620054 ], [ -8141073.326265196315944, -7172367.138144733384252 ], [ -8151185.23973997682333, -7167737.802564276382327 ], [ -8155081.531427146866918, -7157963.074281722307205 ], [ -8158884.665485799312592, -7147408.399807063862681 ], [ -8161304.188556503504515, -7139938.862746856175363 ], [ -8160679.013533816672862, -7137818.346403014846146 ], [ -8155227.818015703000128, -7133979.489198395051062 ], [ -8154137.769258192740381, -7115847.329401808790863 ], [ -8168810.245042136870325, -7116678.53245981130749 ], [ -8173588.17515120562166, -7120244.772744472138584 ], [ -8177623.736746571026742, -7122219.962668398395181 ], [ -8180931.933580907993019, -7123265.340635417960584 ], [ -8190548.928492751903832, -7123466.952738778665662 ], [ -8185478.443867987021804, -7119292.945180648006499 ], [ -8182260.418840751983225, -7117409.94354628585279 ], [ -8180167.488650026731193, -7114914.63181484118104 ], [ -8181147.323274107649922, -7107304.936119686812162 ], [ -8184426.464333674870431, -7107042.821814242750406 ], [ -8188847.738073254935443, -7107539.97076947055757 ], [ -8192265.141326299868524, -7107069.876950763165951 ], [ -8194708.718920873478055, -7104655.593622512184083 ], [ -8194583.482373387552798, -7097108.089780396781862 ], [ -8193068.644533716142178, -7093278.80298796761781 ], [ -8191104.963088021613657, -7091364.853251875378191 ], [ -8186347.056643894873559, -7090543.028805937618017 ], [ -8183423.601561831310391, -7092924.309689234942198 ], [ -8181111.269480370916426, -7093140.367930705659091 ], [ -8178572.51882781367749, -7091245.028669776394963 ], [ -8175024.877776401117444, -7087835.188064105808735 ], [ -8172768.641814998351038, -7088069.67723951023072 ], [ -8164202.618722730316222, -7092677.887237916700542 ], [ -8162068.614825993776321, -7095674.430020834319293 ], [ -8160632.93857691064477, -7099270.078750587999821 ], [ -8157787.600047939456999, -7104043.707914412021637 ], [ -8154585.605149496346712, -7106079.070438205264509 ], [ -8144891.464076520875096, -7109158.472368919290602 ], [ -8141722.537150382064283, -7109418.955433938652277 ], [ -8131364.144116780720651, -7109106.049140314571559 ], [ -8121251.204265899956226, -7107394.545800428837538 ], [ -8121407.512017606757581, -7102490.466055990196764 ], [ -8124762.79152355901897, -7102608.760997819714248 ], [ -8127128.215242280624807, -7104773.920910380780697 ], [ -8134719.42362274415791, -7105374.054515537805855 ], [ -8142063.163391056470573, -7104511.921860232017934 ], [ -8145649.881380395963788, -7103991.287055439315736 ], [ -8153642.850695264525712, -7101878.716125972568989 ], [ -8157130.383429065346718, -7099467.713722300715744 ], [ -8170788.9489019010216, -7077272.522690856829286 ], [ -8173263.579039311036468, -7070050.598594072274864 ], [ -8168408.484107740223408, -7069478.367197068408132 ], [ -8164512.192420567385852, -7070880.397995750419796 ], [ -8158296.551971575245261, -7074050.536329409107566 ], [ -8137810.215334425680339, -7078027.260965353809297 ], [ -8140763.733905981294811, -7068438.399768845178187 ], [ -8145514.623669745400548, -7061424.575970439240336 ], [ -8134685.366597102023661, -7057834.266724139451981 ], [ -8126277.629363223910332, -7058785.473658926784992 ], [ -8116428.188253276050091, -7062833.547892967239022 ], [ -8112214.298473176546395, -7083268.572252695448697 ] ] ], [ [ [ -8171160.646346800029278, -7081122.74649516493082 ], [ -8170341.113010592758656, -7083958.12021057587117 ], [ -8180853.779705042019486, -7089866.390460438095033 ], [ -8183127.034848586656153, -7089034.634072745218873 ], [ -8198062.99071210436523, -7080081.220555698499084 ], [ -8211746.618423538282514, -7069607.957349359057844 ], [ -8213492.876085193827748, -7066934.170497035607696 ], [ -8215457.565245617181063, -7063220.308042369782925 ], [ -8215100.890214756131172, -7061224.504624023102224 ], [ -8213245.407473034225404, -7061327.060522777959704 ], [ -8209256.947210675105453, -7065687.615856341086328 ], [ -8205608.124135663732886, -7068544.402630694210529 ], [ -8203287.767659119330347, -7070153.268556658178568 ], [ -8201403.247803999111056, -7070932.5690294848755 ], [ -8200258.11064116191119, -7071141.287947406992316 ], [ -8195620.420832245610654, -7071504.905277012847364 ], [ -8186142.677167216315866, -7067867.976973368786275 ], [ -8186265.916946604847908, -7065921.451360161416233 ], [ -8187302.855405488051474, -7065013.12533011380583 ], [ -8189064.154142578132451, -7064077.994260367937386 ], [ -8190765.344562070444226, -7063196.784920022822917 ], [ -8189218.446464834734797, -7056088.445537148974836 ], [ -8176479.588637071661651, -7056399.266967945732176 ], [ -8175212.219409571960568, -7056505.109259823337197 ], [ -8174169.271985080093145, -7056782.365164592862129 ], [ -8171717.688656805083156, -7057904.851275305263698 ], [ -8170326.071935151703656, -7060264.58298806194216 ], [ -8178256.917502950876951, -7071011.672759425826371 ], [ -8171160.646346800029278, -7081122.74649516493082 ] ] ], [ [ [ -8259488.988635416142642, -7044713.900079333223403 ], [ -8261483.722623960115016, -7044507.530493964441121 ], [ -8262628.859786790795624, -7043705.664871252141893 ], [ -8264606.555931808426976, -7041220.026555676944554 ], [ -8264885.077086816541851, -7039201.196817780844867 ], [ -8258792.676417225971818, -7033097.603480680845678 ], [ -8254092.881522631272674, -7028860.356598751619458 ], [ -8249394.075681381858885, -7025321.531708157621324 ], [ -8248032.541110615245998, -7025346.657604170963168 ], [ -8246456.587238606065512, -7026379.31947064306587 ], [ -8244106.185933954082429, -7028550.609580876305699 ], [ -8243889.788526013493538, -7029789.669974586926401 ], [ -8244445.823121288791299, -7031998.706168198958039 ], [ -8249394.075681381858885, -7040393.318789611570537 ], [ -8252500.897521841339767, -7042462.748604466207325 ], [ -8259488.988635416142642, -7044713.900079333223403 ] ] ], [ [ [ -8168098.910409901291132, -6965856.012910888530314 ], [ -8169521.561013005673885, -6974114.721392787992954 ], [ -8172149.494419322349131, -6974475.577149623073637 ], [ -8175366.511731822043657, -6974884.680289866402745 ], [ -8176881.349571486935019, -6974653.533047921955585 ], [ -8180622.341221679002047, -6970753.041188343428075 ], [ -8181456.915633321739733, -6969112.616121392697096 ], [ -8180251.651491495780647, -6966650.087466856464744 ], [ -8178397.176464501768351, -6966444.088374114595354 ], [ -8177315.152102082967758, -6965777.946476195007563 ], [ -8181210.454735903069377, -6963215.142020022496581 ], [ -8185632.736190224066377, -6961652.648893957957625 ], [ -8194600.520216907374561, -6960883.96320888120681 ], [ -8196671.392651835456491, -6961242.552367087453604 ], [ -8206504.803632996045053, -6963291.544036504812539 ], [ -8208885.249765775166452, -6964676.650467618368566 ], [ -8210060.450418110005558, -6963291.544036504812539 ], [ -8204154.402328345924616, -6957758.492349587380886 ], [ -8190424.69966000597924, -6954430.220576813444495 ], [ -8174036.029703892767429, -6959140.97142281010747 ], [ -8172598.338025346398354, -6960243.144178198650479 ], [ -8168098.910409901291132, -6965856.012910888530314 ] ] ], [ [ [ -8265411.066853954456747, -6976373.265145555138588 ], [ -8263989.405304212123156, -6973856.959557900205255 ], [ -8259473.947559976018965, -6972626.557159394025803 ], [ -8251959.885340634733438, -6971188.550736477598548 ], [ -8240333.115364800207317, -6975704.622340718284249 ], [ -8226078.43064403347671, -6984128.366936257109046 ], [ -8219120.42168134637177, -6990247.88075967784971 ], [ -8214513.78441528044641, -6993177.721809532493353 ], [ -8206133.106188097037375, -6997397.711225488223135 ], [ -8199145.015074510127306, -6997656.234132933430374 ], [ -8198989.733698916621506, -6994092.88507903367281 ], [ -8193656.73938655667007, -6995443.341585038229823 ], [ -8188939.925309833139181, -7001721.724692138843238 ], [ -8188166.466930523514748, -7003217.001515777781606 ], [ -8186172.740656708367169, -7011153.617677006870508 ], [ -8187239.742605075240135, -7013370.843712657690048 ], [ -8188939.925309833139181, -7015538.558892565779388 ], [ -8189921.756701977923512, -7018014.538814257830381 ], [ -8185818.081055321730673, -7029116.533848466351628 ], [ -8184626.850274195894599, -7031055.751771247945726 ], [ -8182941.689983495511115, -7032013.806826527230442 ], [ -8178697.755375294946134, -7024314.098478298634291 ], [ -8179849.909218489192426, -7020829.136337847448885 ], [ -8180962.986123743467033, -7016673.644318689592183 ], [ -8182052.027166523970664, -7010211.416462315246463 ], [ -8180653.41242590546608, -7008267.249394218437374 ], [ -8179045.398296331055462, -7008113.614083963446319 ], [ -8177035.641893729567528, -7008729.884067382663488 ], [ -8173819.613634567707777, -7010147.943238157778978 ], [ -8161575.693031148985028, -7025448.720681780949235 ], [ -8161079.766753485426307, -7027567.838252027519047 ], [ -8167264.335998252034187, -7033047.334017919376493 ], [ -8159843.450068822130561, -7031598.393171167932451 ], [ -8158512.968040892854333, -7032038.922654370777309 ], [ -8150349.676274983212352, -7037546.631971340626478 ], [ -8137734.058226645924151, -7046500.858418012969196 ], [ -8136481.730074569582939, -7048597.046684210188687 ], [ -8137672.960855690762401, -7051266.325095846317708 ], [ -8139278.959555808454752, -7052201.638276350684464 ], [ -8140425.10443337354809, -7052252.028959093615413 ], [ -8153133.898771626874804, -7051476.216759482398629 ], [ -8180870.817548568360507, -7044120.023882213979959 ], [ -8181890.718163925223053, -7039006.742857744917274 ], [ -8182602.052796159870923, -7036847.708331627771258 ], [ -8190239.354794913902879, -7033305.331126911565661 ], [ -8193454.3753393413499, -7026484.794195796363056 ], [ -8206319.458767917007208, -7014196.431096820160747 ], [ -8208081.746558345854282, -7014661.06005647778511 ], [ -8218842.889579696580768, -7003911.332495466805995 ], [ -8225769.864660929888487, -6994979.831028576940298 ], [ -8235138.401907277293503, -6997090.86205490026623 ], [ -8239869.249344705604017, -6999559.440507882274687 ], [ -8245188.210296372883022, -7002908.249764897860587 ], [ -8271364.216276742517948, -7001930.314275971613824 ], [ -8273946.037403391674161, -7000383.567801993340254 ], [ -8276698.199642466381192, -6989474.76360987033695 ], [ -8284892.525289821438491, -6979196.51384108979255 ], [ -8287086.637504157610238, -6979146.583065348677337 ], [ -8294076.725385815836489, -6977373.018705759197474 ], [ -8301588.790837083943188, -6971394.672123421914876 ], [ -8303043.50169775262475, -6970214.492416948080063 ], [ -8303986.274813368916512, -6968110.552589955739677 ], [ -8303073.565187250263989, -6964932.445776965469122 ], [ -8300955.61008068267256, -6956067.636647277511656 ], [ -8304032.368431657552719, -6951154.725346934981644 ], [ -8305161.475465703755617, -6950362.156351564452052 ], [ -8307990.765204507857561, -6949773.594242016784847 ], [ -8313216.54986625071615, -6947162.906217820942402 ], [ -8314794.50050634611398, -6946140.40752356313169 ], [ -8320476.145454470068216, -6938460.114537604153156 ], [ -8315752.296036005951464, -6931323.079576946794987 ], [ -8314360.697975750081241, -6931194.053020044229925 ], [ -8309197.037061068229377, -6934693.047187303192914 ], [ -8293180.045888476073742, -6950438.435735633596778 ], [ -8286902.300353799015284, -6957861.363985657691956 ], [ -8282634.311221729032695, -6968009.189409666694701 ], [ -8277780.224004885181785, -6973549.341198674403131 ], [ -8265411.066853954456747, -6976373.265145555138588 ] ] ], [ [ [ -7603430.905794430524111, -6968830.09788285382092 ], [ -7602534.226297102868557, -6970521.982448059134185 ], [ -7601760.767917787656188, -6972265.784880585968494 ], [ -7599751.011515187099576, -6977862.127383147366345 ], [ -7598885.384560695849359, -6980790.743481373414397 ], [ -7598391.473712493665516, -6982844.753368942067027 ], [ -7594680.526890422217548, -7002676.258605021052063 ], [ -7594633.425557403825223, -7004916.189387210644782 ], [ -7596442.814680861309171, -7004749.279667856171727 ], [ -7597927.607692419551313, -7000178.37479835934937 ], [ -7598451.582030110992491, -6998119.900203212164342 ], [ -7599071.737140515819192, -6994928.155539945699275 ], [ -7599936.356380279175937, -6989474.76360987033695 ], [ -7600679.751270096749067, -6986389.744196350686252 ], [ -7602148.495491477660835, -6983730.450403437949717 ], [ -7604622.13657555077225, -6982047.393762320280075 ], [ -7606151.996829265728593, -6981920.895121628418565 ], [ -7610729.559659180231392, -6983717.115534514188766 ], [ -7613342.451990061439574, -6985517.09002654440701 ], [ -7630242.089299274608493, -7006412.065381567925215 ], [ -7632326.99509490840137, -7011360.773744919337332 ], [ -7632869.014990861527622, -7015281.167898656800389 ], [ -7632900.067533689551055, -7017859.033685568720102 ], [ -7632405.130309382453561, -7019924.294648685492575 ], [ -7631786.971967058256269, -7021938.209193332120776 ], [ -7630242.089299274608493, -7025552.499660759232938 ], [ -7628230.317467210814357, -7028652.7449267860502 ], [ -7627087.177072463557124, -7030049.245873412117362 ], [ -7625169.589245045557618, -7031960.205859025008976 ], [ -7620718.252015955746174, -7035218.758679303340614 ], [ -7617654.519310971722007, -7037286.842624197714031 ], [ -7614718.019921545870602, -7038166.87002214603126 ], [ -7610233.6333815343678, -7038839.085952437482774 ], [ -7604204.345512361265719, -7038995.001450730487704 ], [ -7601265.849354857578874, -7038761.956843720749021 ], [ -7594864.864040778949857, -7036227.604326490312815 ], [ -7592051.604430754669011, -7035838.784060060977936 ], [ -7589733.263383666984737, -7036098.557343376800418 ], [ -7587892.821717373095453, -7037519.812800971791148 ], [ -7586548.306328738108277, -7039461.079918716102839 ], [ -7580796.531899838708341, -7051629.0336376093328 ], [ -7580024.081235256977379, -7053546.844397108070552 ], [ -7579373.862635349854827, -7055466.839150667190552 ], [ -7579003.172905165702105, -7057644.364528367295861 ], [ -7577085.585077746771276, -7068699.209471276961267 ], [ -7574518.786365161649883, -7080290.180268625728786 ], [ -7570654.554935560561717, -7089034.634072745218873 ], [ -7569385.170278592966497, -7091636.539883926510811 ], [ -7568458.427291768603027, -7093304.113315560854971 ], [ -7566418.626061054877937, -7096376.884599165059626 ], [ -7547894.944493475370109, -7115373.368326378054917 ], [ -7540658.395714403130114, -7122428.332947193644941 ], [ -7531660.548198241740465, -7130800.535475227981806 ], [ -7528413.4673962444067, -7133365.331302053295076 ], [ -7523590.451383618637919, -7138288.595533058978617 ], [ -7523435.151346647180617, -7141117.320989884436131 ], [ -7523962.148828537203372, -7143216.638142780400813 ], [ -7523962.148828537203372, -7145785.468401895835996 ], [ -7523682.619958801195025, -7148144.33823568187654 ], [ -7522880.124466118402779, -7151240.171748198568821 ], [ -7522228.898151475936174, -7153182.289772714488208 ], [ -7521147.881503785029054, -7154759.117400327697396 ], [ -7513046.71348493732512, -7162218.878523467108607 ], [ -7498389.278776441700757, -7175629.408581437543035 ], [ -7488153.117807525210083, -7183634.796272352337837 ], [ -7457757.213081421330571, -7205482.38021129462868 ], [ -7443935.341837899759412, -7213519.927690942771733 ], [ -7441028.905937978997827, -7214524.353012387640774 ], [ -7431381.847536636516452, -7220507.206962245516479 ], [ -7428320.111599725671113, -7222835.380104011856019 ], [ -7426866.389792400412261, -7223947.380302434787154 ], [ -7425411.660270335152745, -7225112.769693607464433 ], [ -7423402.91158246807754, -7227073.196723371744156 ], [ -7419986.516044177114964, -7232189.37918339855969 ], [ -7410477.701174909248948, -7246225.840725679881871 ], [ -7408266.569778431206942, -7248616.777976369485259 ], [ -7406301.090558017604053, -7250043.2034906540066 ], [ -7449000.335036891512573, -7261822.305415861308575 ], [ -7512736.292987881228328, -7285856.143884036689997 ], [ -7698294.762455746531487, -7240227.012047676369548 ], [ -7711441.092459425330162, -7232479.752186572179198 ], [ -7726685.614306040108204, -7225270.676728313788772 ], [ -7729655.18166777677834, -7224211.682899623177946 ], [ -7737046.022769086062908, -7221035.557669256813824 ], [ -7738870.434306606650352, -7220241.303583823144436 ], [ -7740415.316974379122257, -7219129.827748109586537 ], [ -7741900.109985929913819, -7217356.597048949450254 ], [ -7744127.271511198952794, -7213679.325869187712669 ], [ -7745952.690763437189162, -7212885.814810310490429 ], [ -7756310.076082291081548, -7208707.037577890790999 ], [ -7759433.917104874737561, -7207862.6354038156569 ], [ -7761628.029319217428565, -7207439.607033105567098 ], [ -7764133.711999475955963, -7207227.256071262992918 ], [ -7766327.824213810265064, -7206805.98430057708174 ], [ -7769328.444118383340538, -7205800.854088243097067 ], [ -7779223.960185236297548, -7201839.75992745347321 ], [ -7797483.153958512470126, -7188985.940689283423126 ], [ -7799399.734071196056902, -7186903.486344513483346 ], [ -7800342.507186812348664, -7184637.131351873278618 ], [ -7804970.914216671139002, -7169196.19406259059906 ], [ -7778327.299349273554981, -7105189.780729997903109 ], [ -7775884.710808062925935, -7105347.005172879435122 ], [ -7774554.228780139237642, -7105401.103950587101281 ], [ -7772265.951222537085414, -7105189.780729997903109 ], [ -7766515.184508365578949, -7103261.11473686248064 ], [ -7721893.650836270302534, -7078261.42893576901406 ], [ -7720440.936743673868477, -7077168.066193703562021 ], [ -7718979.190541259013116, -7074426.080848725512624 ], [ -7718415.131550905294716, -7070750.787068019621074 ], [ -7718399.101422112435102, -7068803.554558210074902 ], [ -7718709.682834691368043, -7065376.4307408509776 ], [ -7720224.520674362778664, -7049661.279684533365071 ], [ -7721244.439951084554195, -7047160.368974178098142 ], [ -7723362.395057658664882, -7045103.123193928040564 ], [ -7603823.102391895838082, -6968158.28044391144067 ], [ -7603430.905794430524111, -6968830.09788285382092 ] ] ], [ [ [ -7933185.173496900126338, -7280456.637223736383021 ], [ -7941053.895317626185715, -7269819.180222320370376 ], [ -7943171.869085577316582, -7269979.726211478933692 ], [ -7948520.874865345656872, -7276003.334198396652937 ], [ -7956899.556324453093112, -7297978.277997540310025 ], [ -7957706.064014685340226, -7302199.726690143346786 ], [ -7958880.275613662786782, -7302040.261676195077598 ], [ -7960582.455086505040526, -7301024.559780867770314 ], [ -7978300.618017190136015, -7287609.382028594613075 ], [ -7979660.174481267109513, -7285846.535742978565395 ], [ -7982782.018735764548182, -7285419.280858931131661 ], [ -7986030.088591112755239, -7286593.844871822744608 ], [ -7990730.891200442798436, -7290814.34125966951251 ], [ -7993080.284790378063917, -7294086.379392226226628 ], [ -7995182.22842953260988, -7294981.665513167157769 ], [ -8004583.814986798912287, -7295676.166679194197059 ], [ -8005790.086843361146748, -7295729.848003490827978 ], [ -8006996.340038537979126, -7295570.514908815734088 ], [ -8009670.348401746712625, -7294820.60579735878855 ], [ -8011416.606063381768763, -7292938.423948653042316 ], [ -8012622.877919950522482, -7289318.987929770722985 ], [ -8015190.684347270987928, -7278109.55878363084048 ], [ -8016039.273458253592253, -7266836.800090237520635 ], [ -8015174.654218492098153, -7257920.57620092574507 ], [ -8013844.153529184870422, -7256617.603017897345126 ], [ -8012190.064442698843777, -7256378.078297988511622 ], [ -8006252.94514870736748, -7258639.345856221392751 ], [ -8000997.115658850409091, -7264485.156142180785537 ], [ -7999450.217561614699662, -7268567.754567081108689 ], [ -7999033.434213160537183, -7270697.898707448504865 ], [ -7997563.682277031242847, -7273123.914053410291672 ], [ -7995460.749584533274174, -7274377.805358223617077 ], [ -7987173.228985878638923, -7277684.464120489545166 ], [ -7980185.15653368178755, -7280135.118600697256625 ], [ -7978856.671273836866021, -7280190.431999564170837 ], [ -7968436.154493185691535, -7274750.887798674404621 ], [ -7981360.357186024077237, -7259702.996735491789877 ], [ -7983850.00973747856915, -7258318.72156172990799 ], [ -7985318.753958872519433, -7258665.19286821782589 ], [ -7989168.970689150504768, -7260634.02245450951159 ], [ -7990946.299555032514036, -7260742.640227041207254 ], [ -7995805.388022755272686, -7257693.050714432261884 ], [ -7997210.011728989891708, -7255697.389125945977867 ], [ -7998058.600839962251484, -7249734.136626899242401 ], [ -7991750.791815799660981, -7246039.975020087324083 ], [ -7988875.408458707854152, -7245747.400932032614946 ], [ -7986400.778321296907961, -7245960.795900229364634 ], [ -7985257.637926525436342, -7246172.497651054523885 ], [ -7983255.90591902192682, -7248322.376204649917781 ], [ -7982041.628328766673803, -7253293.992720054462552 ], [ -7974357.2436583917588, -7264547.267539406195283 ], [ -7972485.730787865817547, -7266011.992502754554152 ], [ -7970694.38722266908735, -7266864.409811085090041 ], [ -7966548.630155264399946, -7267875.654764129780233 ], [ -7958539.630711599253118, -7264626.63460420165211 ], [ -7957998.61853039264679, -7262710.257124308496714 ], [ -7959931.228771868161857, -7260742.640227041207254 ], [ -7964200.225618680007756, -7260208.140975234098732 ], [ -7966548.630155264399946, -7259835.750497446395457 ], [ -7968342.97820327617228, -7258932.401383878663182 ], [ -7969610.347430787049234, -7257599.981306148692966 ], [ -7971403.706425439566374, -7254198.393030097708106 ], [ -7972601.953886924311519, -7249945.940250676125288 ], [ -7970769.517954330891371, -7247606.250988771207631 ], [ -7969270.710243450477719, -7247446.162626239471138 ], [ -7953655.480005269870162, -7254355.185614069923759 ], [ -7945739.675512897782028, -7250636.458505104295909 ], [ -7950979.4748739823699, -7247475.435499504208565 ], [ -7948891.564595528878272, -7244472.281022227369249 ], [ -7944655.635721009224653, -7241394.602761269547045 ], [ -7942956.460730982013047, -7241446.183322618715465 ], [ -7924401.726620580069721, -7252761.701552481390536 ], [ -7912384.206329457461834, -7256431.013063248246908 ], [ -7933091.167217611335218, -7282010.200042732991278 ], [ -7933185.173496900126338, -7280456.637223736383021 ] ] ], [ [ [ -7897778.892463629133999, -7237943.320066540502012 ], [ -7896634.74435414839536, -7235767.053731351159513 ], [ -7894613.817122655920684, -7234479.35580778773874 ], [ -7897705.343966918066144, -7238298.300733053125441 ], [ -7897778.892463629133999, -7237943.320066540502012 ] ] ], [ [ [ -7885038.037867811508477, -7220610.126318558119237 ], [ -7886583.928250317461789, -7219500.291575971990824 ], [ -7888687.86865755636245, -7217368.574405287392437 ], [ -7890264.830244289711118, -7214709.474231517873704 ], [ -7894592.927693971432745, -7196926.269312576390803 ], [ -7890356.998819465748966, -7195556.421844698488712 ], [ -7887604.855241786688566, -7197981.594155265949667 ], [ -7879195.102578445337713, -7204217.191038262099028 ], [ -7876628.30386586021632, -7205590.23763479012996 ], [ -7872828.670132677070796, -7207568.291878989897668 ], [ -7883693.750606180168688, -7220989.861875670030713 ], [ -7885038.037867811508477, -7220610.126318558119237 ] ] ], [ [ [ -8218177.648565730080009, -6928362.89268243405968 ], [ -8220032.123592718504369, -6927698.248427149839699 ], [ -8221193.290884359739721, -6927851.978313789702952 ], [ -8224933.293481201864779, -6930095.870919692330062 ], [ -8228396.771691121160984, -6932651.360503253526986 ], [ -8229417.698682590387762, -6932547.148275811225176 ], [ -8230995.649322673678398, -6931526.51320231333375 ], [ -8232044.605712794698775, -6930300.936870601959527 ], [ -8245496.794940866529942, -6914543.859642993658781 ], [ -8246394.463491544127464, -6912405.00399044342339 ], [ -8246302.294916362501681, -6910571.884864415973425 ], [ -8243858.717321787029505, -6903802.465119962580502 ], [ -8242744.632701799273491, -6902378.383750692941248 ], [ -8236313.602559612132609, -6894802.417863820679486 ], [ -8218548.33829590305686, -6877948.116110889241099 ], [ -8211638.401058186776936, -6873435.813995913602412 ], [ -8210060.450418110005558, -6873232.194517153315246 ], [ -8208514.560035604052246, -6873664.092940831556916 ], [ -8207075.860642311163247, -6874805.493004056625068 ], [ -8205886.645290671847761, -6876832.525565656833351 ], [ -8201092.666391427628696, -6886955.59303786419332 ], [ -8207524.704248354770243, -6909806.454789191484451 ], [ -8213740.344697346910834, -6923361.18228841945529 ], [ -8214637.024194680154324, -6925096.373768056742847 ], [ -8216213.96712002903223, -6927392.367978566326201 ], [ -8218177.648565730080009, -6928362.89268243405968 ] ] ], [ [ [ -8320977.072983028367162, -6857789.712989555671811 ], [ -8327780.808284854516387, -6850863.10151903424412 ], [ -8328986.072426687926054, -6841719.218412144109607 ], [ -8311485.314618651755154, -6837227.14923183619976 ], [ -8309567.726791239343584, -6836774.331541236490011 ], [ -8306939.812046314589679, -6837454.405017888173461 ], [ -8306397.792150367051363, -6839321.597856943495572 ], [ -8314345.675561686977744, -6854527.172824851237237 ], [ -8317748.037739278748631, -6856803.129231877624989 ], [ -8319958.180082404986024, -6857637.31715396232903 ], [ -8320977.072983028367162, -6857789.712989555671811 ] ] ], [ [ [ -8216276.090867104008794, -6872269.957990662194788 ], [ -8219044.264573566615582, -6872169.829115920700133 ], [ -8219862.808856430463493, -6871611.589120172895491 ], [ -8224469.427461101673543, -6865734.46682437043637 ], [ -8228150.31079369597137, -6855110.44520229101181 ], [ -8237705.200619868002832, -6846971.548166851513088 ], [ -8246332.358405859209597, -6835715.115667555481195 ], [ -8247198.97441368829459, -6834151.040515168569982 ], [ -8248133.723134228028357, -6830216.910440044477582 ], [ -8246517.703270951285958, -6827745.966070957481861 ], [ -8243023.153856799937785, -6825732.876685256138444 ], [ -8241786.837172125466168, -6825781.832512135617435 ], [ -8236546.03009632602334, -6829334.932382653467357 ], [ -8231908.358948793262243, -6836780.878048679791391 ], [ -8225039.49541708920151, -6840592.273003066889942 ], [ -8216461.435732183046639, -6845356.214938402175903 ], [ -8214173.158174593001604, -6848030.62681062053889 ], [ -8212844.672914748080075, -6850407.870819129049778 ], [ -8212348.746637078933418, -6852328.859704377129674 ], [ -8209535.468365683220327, -6864722.313345458358526 ], [ -8210006.351066126488149, -6867646.000529651530087 ], [ -8211514.172225441783667, -6869635.123938975855708 ], [ -8216276.090867104008794, -6872269.957990662194788 ] ] ], [ [ [ -8251867.716765454038978, -6832484.344326293095946 ], [ -8247259.08273130748421, -6837882.746128818951547 ], [ -8230329.400593975558877, -6858787.928123887628317 ], [ -8230407.535808449611068, -6861332.32394093554467 ], [ -8235078.293589658103883, -6864874.843250137753785 ], [ -8249146.625730605795979, -6872219.067655557766557 ], [ -8252764.396262786351144, -6872347.150435123592615 ], [ -8253747.235369673930109, -6871468.747798328287899 ], [ -8258739.584779970347881, -6867572.154202633537352 ], [ -8262875.320684215985239, -6859509.18924658279866 ], [ -8263679.831606375053525, -6845202.377484951168299 ], [ -8262907.380941793322563, -6843386.177329070866108 ], [ -8261159.107850661501288, -6842048.00014135427773 ], [ -8259874.70077964477241, -6841518.013405007310212 ], [ -8257495.243700217455626, -6841819.000163932330906 ], [ -8254835.268697715364397, -6843183.315676384605467 ], [ -8253567.899470197968185, -6844444.75482711289078 ], [ -8250753.632145457901061, -6846087.737390011548996 ], [ -8249410.105810173787177, -6845632.776153308339417 ], [ -8253877.473168035969138, -6835865.484252629801631 ], [ -8255052.673820370808244, -6834504.048925002105534 ], [ -8257865.933430400677025, -6832285.012710582464933 ], [ -8267607.175836380571127, -6828957.662224838510156 ], [ -8273947.045118132606149, -6829916.355961610563099 ], [ -8275771.4566556410864, -6830519.088644206523895 ], [ -8278383.341271775774658, -6830318.162610095925629 ], [ -8280562.431072067469358, -6829259.793314755894244 ], [ -8283671.249680592678487, -6826665.064832027070224 ], [ -8283901.680449239909649, -6824319.275918563827872 ], [ -8276389.614997967146337, -6817222.356090245768428 ], [ -8274423.936784192919731, -6816113.522994551807642 ], [ -8272244.865645296871662, -6815308.061310732737184 ], [ -8271100.717535810545087, -6815259.168889640830457 ], [ -8269432.595088618807495, -6816164.060631258413196 ], [ -8268038.981598892249167, -6817271.290761495009065 ], [ -8264638.616189385764301, -6820190.896907115355134 ], [ -8259256.542437307536602, -6824875.863290416076779 ], [ -8251867.716765454038978, -6832484.344326293095946 ] ] ], [ [ [ -8323668.119189743883908, -6834301.379969521425664 ], [ -8325615.770506673492491, -6833747.399473495781422 ], [ -8326637.667890102602541, -6832285.012710582464933 ], [ -8327070.481367347761989, -6830367.176661653444171 ], [ -8326922.216672104783356, -6826601.384945631027222 ], [ -8325461.478184415958822, -6822670.929619488306344 ], [ -8305794.656222085468471, -6811057.165310067124665 ], [ -8304397.049196214415133, -6814703.213012018240988 ], [ -8313680.415886343456805, -6830772.261348219588399 ], [ -8320606.383252845145762, -6833796.434345487505198 ], [ -8322523.971080263145268, -6834250.728745264932513 ], [ -8323668.119189743883908, -6834301.379969521425664 ] ] ], [ [ [ -8318008.531997404061258, -6815987.969920704141259 ], [ -8319169.699289034120739, -6815006.451412010937929 ], [ -8318288.042205763049424, -6811937.150762064382434 ], [ -8317298.186418519355357, -6807916.090714374557137 ], [ -8316618.930705232545733, -6805955.130784148350358 ], [ -8315334.523634208366275, -6804093.993336680345237 ], [ -8298219.477970412932336, -6786765.002430462278426 ], [ -8294339.216412019915879, -6789184.439581475220621 ], [ -8292143.10742961242795, -6791994.756831645034254 ], [ -8292236.283719521947205, -6797340.153696347028017 ], [ -8293503.652947032824159, -6800942.585385108366609 ], [ -8299919.660675168968737, -6805302.149254684336483 ], [ -8313154.444780566729605, -6813521.372002826072276 ], [ -8318008.531997404061258, -6815987.969920704141259 ] ] ], [ [ [ -8203505.191443160176277, -6843435.240324455313385 ], [ -8205267.479233601130545, -6843373.073598194867373 ], [ -8206965.665170276537538, -6840803.26435034070164 ], [ -8207586.827995427884161, -6839246.396242704242468 ], [ -8210678.608760436065495, -6833595.457180238328874 ], [ -8215781.172304173931479, -6825755.712565110065043 ], [ -8223481.587103339843452, -6817623.531933950260282 ], [ -8225614.564623951911926, -6815961.88160942774266 ], [ -8232356.194840095005929, -6811283.686164988204837 ], [ -8239529.612157370895147, -6806959.972358497790992 ], [ -8246703.048136043362319, -6802636.961201345548034 ], [ -8248249.946233278140426, -6801632.656307503581047 ], [ -8250198.586603526957333, -6799873.384211014956236 ], [ -8250320.818668205291033, -6793498.665704669430852 ], [ -8248249.946233278140426, -6786175.294699675403535 ], [ -8244307.560927824117243, -6783168.87008090224117 ], [ -8242929.97756689041853, -6783467.662550378590822 ], [ -8240797.000046266242862, -6785122.684723602607846 ], [ -8221934.689006092958152, -6802487.209540314041078 ], [ -8220666.312063854187727, -6803693.488035665825009 ], [ -8216120.790830112993717, -6808065.942892209626734 ], [ -8212101.278024917468429, -6812165.335505140013993 ], [ -8211051.313920082524419, -6814201.13037259504199 ], [ -8205360.655523509718478, -6827319.804679569788277 ], [ -8202948.149133161641657, -6837227.14923183619976 ], [ -8202901.047800156287849, -6840103.291452737525105 ], [ -8203505.191443160176277, -6843435.240324455313385 ] ] ], [ [ [ -8136867.442218809388578, -6811761.152082009240985 ], [ -8138073.69541398063302, -6811032.73191075772047 ], [ -8138967.370428506284952, -6809470.179639516398311 ], [ -8139465.312135628424585, -6805702.734192671254277 ], [ -8138861.168492618948221, -6802361.867802173830569 ], [ -8138073.69541398063302, -6799925.457247191108763 ], [ -8137331.308238890953362, -6798117.767199820838869 ], [ -8133165.886847840622067, -6789163.096708867698908 ], [ -8117461.273926216177642, -6791681.017003361135721 ], [ -8125194.597286077216268, -6807964.938760543242097 ], [ -8128210.239604699425399, -6809222.558930981904268 ], [ -8134486.996086033061147, -6811384.731749613769352 ], [ -8136867.442218809388578, -6811761.152082009240985 ] ] ], [ [ [ -8334553.491043847054243, -6825781.832512135617435 ], [ -8335294.889165591448545, -6825479.831482648849487 ], [ -8337560.119914046488702, -6821197.478875501081347 ], [ -8326126.719198382459581, -6782266.02597932331264 ], [ -8325276.133319336920977, -6779860.021732947789133 ], [ -8322924.724299944005907, -6774451.538741825148463 ], [ -8321689.415329997427762, -6771798.080226470716298 ], [ -8320405.008258980698884, -6769946.402961407788098 ], [ -8318998.369123262353241, -6769795.623584885150194 ], [ -8304527.286994569003582, -6771872.687728290446103 ], [ -8304991.153014669194818, -6774651.052234574221075 ], [ -8323327.474287691526115, -6815259.168889640830457 ], [ -8324473.619165264070034, -6816666.295566575601697 ], [ -8333780.051325926557183, -6825328.01424671523273 ], [ -8334553.491043847054243, -6825781.832512135617435 ] ] ], [ [ [ -8222026.857581274583936, -6782516.090114123187959 ], [ -8230979.619193894788623, -6780811.282375534065068 ], [ -8232246.988421405665576, -6779559.729571879841387 ], [ -8233205.773004417307675, -6771172.159376695752144 ], [ -8229805.407594897784293, -6764345.228841219097376 ], [ -8228412.801819912157953, -6763243.610150348395109 ], [ -8226975.110141367651522, -6763444.477619869634509 ], [ -8225707.740913862362504, -6764643.358776674605906 ], [ -8224593.656293866224587, -6765994.722729186527431 ], [ -8222460.660111870616674, -6768746.738106772303581 ], [ -8217574.512637450359762, -6776755.322570098564029 ], [ -8218077.455595470964909, -6779322.726728361099958 ], [ -8220450.903709257021546, -6781614.921544040553272 ], [ -8222026.857581274583936, -6782516.090114123187959 ] ] ], [ [ [ -8359508.202753616496921, -6782366.710042360238731 ], [ -8361046.087402422912419, -6782030.577142634429038 ], [ -8361949.783580093644559, -6781062.934584219940007 ], [ -8362522.856018895283341, -6779283.786242698319256 ], [ -8359569.318785950541496, -6762342.981167799793184 ], [ -8357528.50984051451087, -6755198.183515462093055 ], [ -8356848.227751102298498, -6753300.111196837387979 ], [ -8355146.04827827308327, -6751203.509307485073805 ], [ -8352750.561070066876709, -6749307.996592295356095 ], [ -8350570.482216437347233, -6748509.176509718410671 ], [ -8347756.214891686104238, -6749033.07988694217056 ], [ -8345420.836001071147621, -6751353.943769010715187 ], [ -8345004.052652611397207, -6754149.585006537847221 ], [ -8345994.916154596023262, -6760893.434823397547007 ], [ -8347912.50398201495409, -6768193.995960044674575 ], [ -8349657.772590312175453, -6773625.889699543826282 ], [ -8350724.774538680911064, -6775754.221114413812757 ], [ -8351994.140534270554781, -6777055.510873336344957 ], [ -8356940.396326277405024, -6781389.259482488036156 ], [ -8359508.202753616496921, -6782366.710042360238731 ] ] ], [ [ [ -8255795.060995466075838, -6791641.994499590247869 ], [ -8263408.308470338582993, -6790224.589866519905627 ], [ -8279310.084258599206805, -6780486.613580670207739 ], [ -8285294.286224231123924, -6772873.310119826346636 ], [ -8293673.975398068316281, -6748334.549556694924831 ], [ -8279264.998355058021843, -6753201.414526233449578 ], [ -8256783.909067976288497, -6771648.897486266680062 ], [ -8247692.903923286125064, -6777956.172701706178486 ], [ -8247862.218659568578005, -6779960.645678288303316 ], [ -8252547.980193463154137, -6790036.045148320496082 ], [ -8253753.244335296563804, -6791341.265389127656817 ], [ -8255795.060995466075838, -6791641.994499590247869 ] ] ], [ [ [ -8216120.790830112993717, -6767493.785177553072572 ], [ -8218811.837036848068237, -6766945.988525746390224 ], [ -8220851.656928946264088, -6765793.792131531983614 ], [ -8221717.283883424475789, -6764244.798426860012114 ], [ -8231257.132634156383574, -6744441.836741850711405 ], [ -8231381.361466914415359, -6740925.788618926890194 ], [ -8230514.745459066703916, -6739255.534174827858806 ], [ -8227965.973643351346254, -6739131.195733422413468 ], [ -8220635.240859621204436, -6743119.908614474348724 ], [ -8214853.42160261515528, -6750829.89072348177433 ], [ -8211576.295972509309649, -6758396.628768752329051 ], [ -8211745.610708810389042, -6760619.754528364166617 ], [ -8215007.713924857787788, -6767493.785177553072572 ], [ -8216120.790830112993717, -6767493.785177553072572 ] ] ], [ [ [ -8330192.325621851719916, -6789987.305175612680614 ], [ -8336098.392373007722199, -6808368.932512490078807 ], [ -8341663.795560710132122, -6818228.598779005929828 ], [ -8343333.933437353000045, -6820342.587265260517597 ], [ -8344695.486669507808983, -6821450.389995587058365 ], [ -8345592.166166835464537, -6821499.350272522307932 ], [ -8347509.753994254395366, -6817825.752519264817238 ], [ -8355610.903351704590023, -6794802.808436901308596 ], [ -8345931.784692787565291, -6768493.86756391171366 ], [ -8344078.317380513995886, -6765918.539354298263788 ], [ -8340690.977616991847754, -6769596.199288740754128 ], [ -8340289.235343966633081, -6771447.826811955310404 ], [ -8341648.773146658204496, -6773951.915402378886938 ], [ -8341448.405867516063154, -6775953.796881060115993 ], [ -8338697.251343176700175, -6776505.436071538366377 ], [ -8335016.368010588921607, -6775952.164957525208592 ], [ -8332698.026963502168655, -6775201.001252004876733 ], [ -8330115.179460741579533, -6772098.115292674861848 ], [ -8333470.458966692909598, -6750454.632389375008643 ], [ -8336747.603258181363344, -6741473.458125258795917 ], [ -8339716.162905183620751, -6739979.159659430384636 ], [ -8341310.143674045801163, -6738457.701305499300361 ], [ -8341556.604571484029293, -6736489.250183001160622 ], [ -8340334.321247515268624, -6734545.509418525733054 ], [ -8338201.325065518729389, -6733002.46086005307734 ], [ -8336656.423736356198788, -6732205.241080913692713 ], [ -8334368.146178753115237, -6731632.376841853372753 ], [ -8327348.013468999415636, -6734321.151666113175452 ], [ -8325524.590984836220741, -6736787.983745801262558 ], [ -8325059.717250019311905, -6738682.20327793713659 ], [ -8323389.598034760914743, -6754599.432828984223306 ], [ -8322849.593568282201886, -6760443.238196431659162 ], [ -8324594.843515204265714, -6767946.003391133621335 ], [ -8330192.325621851719916, -6789987.305175612680614 ] ] ], [ [ [ -8229324.522392679937184, -6756797.248672369867563 ], [ -8229379.610798015259206, -6759631.982051721774042 ], [ -8230963.58906510937959, -6761494.278837425634265 ], [ -8232387.24738294351846, -6762493.622131585143507 ], [ -8235184.476864169351757, -6763993.667475302703679 ], [ -8237519.855754775926471, -6764594.74103104416281 ], [ -8238662.996149541810155, -6764643.358776674605906 ], [ -8240142.769248815253377, -6764408.42097089625895 ], [ -8242684.524384200572968, -6763693.962119371630251 ], [ -8244353.654546108096838, -6762794.912446442060173 ], [ -8259845.645004881545901, -6751229.389982795342803 ], [ -8262164.993766698054969, -6749207.75197415612638 ], [ -8263989.405304212123156, -6746761.38953401427716 ], [ -8264159.727755247615278, -6743443.086280894465744 ], [ -8263293.093086027540267, -6741772.344759029336274 ], [ -8258114.409757290035486, -6740677.002371781505644 ], [ -8253259.314825717359781, -6740727.071948013268411 ], [ -8247508.548111539334059, -6730761.05970571283251 ], [ -8249300.918052861467004, -6719912.888984334655106 ], [ -8248589.583420613780618, -6718071.372526213526726 ], [ -8247538.611601024866104, -6717277.20376621093601 ], [ -8245883.514799822121859, -6717599.386669049039483 ], [ -8244122.216062732040882, -6719252.297144657000899 ], [ -8229324.522392679937184, -6756797.248672369867563 ] ] ], [ [ [ -8251867.716765454038978, -6702077.44374106824398 ], [ -8252666.200060592964292, -6701529.183357207104564 ], [ -8259411.842474278062582, -6697662.011939690448344 ], [ -8263835.112981968559325, -6694437.5525539861992 ], [ -8265163.598241813480854, -6692754.337400664575398 ], [ -8266710.496339054778218, -6683241.382769696414471 ], [ -8267019.080983548425138, -6677797.310577425174415 ], [ -8266563.220697153359652, -6674521.409232259728014 ], [ -8257928.057177462615073, -6671467.838397394865751 ], [ -8256474.335370137356222, -6672408.126418284140527 ], [ -8250630.392366044223309, -6688491.63972330186516 ], [ -8250042.297513217665255, -6690275.111319023184478 ], [ -8249826.889158627949655, -6699796.30241811927408 ], [ -8250476.100043800659478, -6701730.149988903664052 ], [ -8251867.716765454038978, -6702077.44374106824398 ] ] ], [ [ [ -8349549.573886345140636, -6693597.517063140869141 ], [ -8351281.816848672926426, -6694933.901650492101908 ], [ -8352766.591198839247227, -6694935.517400022596121 ], [ -8354420.680285325273871, -6693472.228205079212785 ], [ -8356429.447634575888515, -6693077.138140321709216 ], [ -8357497.438636288046837, -6693843.253948478959501 ], [ -8364361.300917110405862, -6709275.476792653091252 ], [ -8363897.416235631331801, -6712306.196919143199921 ], [ -8363713.079085281118751, -6715536.112411347217858 ], [ -8363944.517568650655448, -6718419.333333406597376 ], [ -8364733.987415360286832, -6720907.13404714781791 ], [ -8366092.5361647028476, -6724064.700765821151435 ], [ -8381105.638189331628382, -6733723.906733539886773 ], [ -8382390.045260368846357, -6734198.452060596086085 ], [ -8383503.122165629640222, -6734246.888267952948809 ], [ -8384336.688862550072372, -6731558.137983397580683 ], [ -8384027.096503315493464, -6717599.386669049039483 ], [ -8379420.477898626588285, -6712555.736746636219323 ], [ -8374628.514428868889809, -6704955.876429572701454 ], [ -8373639.666356354020536, -6696026.341044486500323 ], [ -8373338.098392216488719, -6683465.952349386177957 ], [ -8373514.429808866232634, -6680519.699597251601517 ], [ -8373266.961196712218225, -6678045.797228672541678 ], [ -8372710.92660144995898, -6676016.561424740590155 ], [ -8371814.247104116715491, -6674385.190554834902287 ], [ -8366681.638732276856899, -6669688.467622234486043 ], [ -8364902.313098322600126, -6668452.24087723530829 ], [ -8363464.621419777162373, -6668402.613170602358878 ], [ -8349488.457854012027383, -6680915.765560258179903 ], [ -8348575.74822789337486, -6686361.917393954470754 ], [ -8348994.528344433754683, -6691564.413489920087159 ], [ -8349549.573886345140636, -6693597.517063140869141 ] ] ], [ [ [ -8213950.733139660209417, -6687425.916929514147341 ], [ -8222011.835167217999697, -6685643.03769289329648 ], [ -8223108.881943699903786, -6684877.720945832319558 ], [ -8225862.033236112445593, -6682102.555099973455071 ], [ -8228212.434540770016611, -6675077.440173939801753 ], [ -8227501.099908522330225, -6673247.596575764939189 ], [ -8224933.293481201864779, -6670231.372414571233094 ], [ -8220543.072284452617168, -6666031.600819518789649 ], [ -8218687.608204101212323, -6665538.614631787873805 ], [ -8216739.956887185573578, -6666180.471495774574578 ], [ -8214760.245312704704702, -6667339.50733379740268 ], [ -8213275.47096251975745, -6668897.382663250900805 ], [ -8212256.559400511905551, -6670330.650332829914987 ], [ -8211389.943392682820559, -6671861.88450320251286 ], [ -8210648.563932334072888, -6674954.046929109841585 ], [ -8210879.983754319138825, -6678736.744499821215868 ], [ -8212566.151759747415781, -6685469.75327546428889 ], [ -8213307.531220101751387, -6687252.564777265302837 ], [ -8213950.733139660209417, -6687425.916929514147341 ] ] ], [ [ [ -8243193.476307835429907, -6688790.203376269899309 ], [ -8246334.355173945426941, -6688366.429216063581407 ], [ -8247692.903923286125064, -6687401.822583610191941 ], [ -8248993.341123096644878, -6685618.978494773618877 ], [ -8250986.059682171791792, -6673643.340033967979252 ], [ -8250877.860978198237717, -6671861.88450320251286 ], [ -8249656.566707598976791, -6663314.061699735932052 ], [ -8248789.950699750334024, -6661637.245601695030928 ], [ -8247568.675090522505343, -6661042.109793561510742 ], [ -8245435.678908513858914, -6660846.938991085626185 ], [ -8237256.357013830915093, -6662179.616158526390791 ], [ -8234443.09740381501615, -6664043.767617945559323 ], [ -8233746.785185623914003, -6666574.262854783795774 ], [ -8232356.194840095005929, -6675671.986524019390345 ], [ -8232633.708280369639397, -6679777.291933305561543 ], [ -8243193.476307835429907, -6688790.203376269899309 ] ] ], [ [ [ -8298172.395298785530031, -6685569.246414323337376 ], [ -8299548.970944985747337, -6687995.682239978574216 ], [ -8304156.597264404408634, -6693322.859355743043125 ], [ -8305269.674169671721756, -6694042.415750321000814 ], [ -8307852.521672433242202, -6694042.415750321000814 ], [ -8309243.112017960287631, -6692951.887185282073915 ], [ -8313155.433833916671574, -6679875.073113344609737 ], [ -8317669.883863424882293, -6682301.430685659870505 ], [ -8320019.2961147390306, -6687648.987314918078482 ], [ -8324874.372384927235544, -6698108.748698346316814 ], [ -8326452.32302501052618, -6698952.481917177326977 ], [ -8331243.297441436909139, -6699993.992849808186293 ], [ -8335480.234030670486391, -6700341.212677283212543 ], [ -8341603.687243111431599, -6701135.319892636500299 ], [ -8343550.330845286138356, -6702201.217694200575352 ], [ -8347725.143687459640205, -6705998.184398408047855 ], [ -8348716.007189431227744, -6705948.297982803545892 ], [ -8351219.693101610988379, -6704211.242623611353338 ], [ -8350602.542474001646042, -6699571.253127507865429 ], [ -8342745.838584518991411, -6693398.366119112819433 ], [ -8336965.008380836807191, -6690822.615936524234712 ], [ -8334615.614790920168161, -6689533.430923414416611 ], [ -8326389.210224597714841, -6680421.880832732655108 ], [ -8325462.485899151302874, -6678242.961625033058226 ], [ -8326667.73137960024178, -6677946.395689492113888 ], [ -8338634.138542763888836, -6684728.509271854534745 ], [ -8341015.592390265315771, -6686634.726868838071823 ], [ -8343288.847533809952438, -6685854.851357208564878 ], [ -8344571.239175365306437, -6683836.523585234768689 ], [ -8345036.112910193391144, -6681385.663292506709695 ], [ -8344648.385336496867239, -6679257.793042954057455 ], [ -8343751.705839157104492, -6677600.156934891827404 ], [ -8326018.520494413562119, -6658425.360899293795228 ], [ -8317298.186418519355357, -6655910.15961054712534 ], [ -8305949.956259070895612, -6655417.753131814301014 ], [ -8300940.569005255587399, -6661387.648024998605251 ], [ -8300105.005540248006582, -6662920.427275645546615 ], [ -8297322.798473079688847, -6670823.955367479473352 ], [ -8298172.395298785530031, -6685569.246414323337376 ] ] ], [ [ [ -8284582.951591983437538, -6658228.643995905295014 ], [ -8285295.293938966467977, -6657932.803068586625159 ], [ -8300137.065797824412584, -6650779.847993697039783 ], [ -8301730.057513349689543, -6649274.899695402011275 ], [ -8305007.183143460191786, -6639619.298531309701502 ], [ -8304557.350484073162079, -6634620.327783143147826 ], [ -8292730.213229101151228, -6625915.356619520112872 ], [ -8290813.614455033093691, -6625644.563556988723576 ], [ -8289592.338845798745751, -6626307.216859810985625 ], [ -8288292.890699340961874, -6628618.941188892349601 ], [ -8281429.047079902142286, -6642943.511916120536625 ], [ -8280840.952227056957781, -6644667.592484668828547 ], [ -8280531.378529223613441, -6646687.460162139497697 ], [ -8280516.337453783489764, -6651666.627546635456383 ], [ -8283191.353531727567315, -6657883.239142500795424 ], [ -8284582.951591983437538, -6658228.643995905295014 ] ] ], [ [ [ -8266956.957236473448575, -6665240.89935540035367 ], [ -8268487.825204935856164, -6665068.047010665759444 ], [ -8269353.452159414999187, -6663510.871112309396267 ], [ -8269153.066218893975019, -6660549.394418973475695 ], [ -8269023.836135255172849, -6659984.756917839869857 ], [ -8273668.523963131010532, -6636344.262253873050213 ], [ -8275244.477835135534406, -6626405.963726977817714 ], [ -8276418.670772735029459, -6609682.321971791796386 ], [ -8275600.145151255652308, -6607965.547709341160953 ], [ -8272692.701536600477993, -6607830.460560785606503 ], [ -8270544.682940535247326, -6612504.58869659062475 ], [ -8269956.569426311179996, -6614271.583040802739561 ], [ -8263895.221299573779106, -6634079.808953169733286 ], [ -8259938.821294791065156, -6649990.589023577049375 ], [ -8259056.175158170983195, -6656500.12754740472883 ], [ -8265411.066853954456747, -6664400.641092693433166 ], [ -8266956.957236473448575, -6665240.89935540035367 ] ] ], [ [ [ -8278946.411208779551089, -6625520.31089538987726 ], [ -8281180.589414391666651, -6635727.048724232241511 ], [ -8282340.748991286382079, -6637033.301768844947219 ], [ -8283747.388126984238625, -6636294.828799453563988 ], [ -8284243.314404647797346, -6632751.695947649888694 ], [ -8286004.613141737878323, -6626358.192407852038741 ], [ -8289113.43175027705729, -6621614.076076338067651 ], [ -8290828.636869090609252, -6620924.7294214759022 ], [ -8292064.953553759492934, -6621294.081791398115456 ], [ -8304743.684402515180409, -6629012.503703813068569 ], [ -8306923.781917529180646, -6636368.176982721313834 ], [ -8307789.390210635960102, -6637894.675195065326989 ], [ -8316988.612720682285726, -6641071.376635218970478 ], [ -8317855.228728516958654, -6641119.263482764363289 ], [ -8336175.538534132763743, -6632356.350517955608666 ], [ -8344571.239175365306437, -6617119.315953761339188 ], [ -8345036.112910193391144, -6615253.065179523080587 ], [ -8345005.060367346741259, -6612429.853980429470539 ], [ -8344510.123143032193184, -6609658.455275701358914 ], [ -8341510.51095319353044, -6601834.301739098504186 ], [ -8340149.965435774065554, -6600805.201032581739128 ], [ -8333717.9275788590312, -6601367.375957919284701 ], [ -8320731.6198003385216, -6604850.907529875636101 ], [ -8314577.095383683219552, -6607350.494318610057235 ], [ -8306228.477414066903293, -6602741.220519972965121 ], [ -8305640.363899842835963, -6588879.794071337208152 ], [ -8305950.945312421768904, -6585429.974734659306705 ], [ -8307016.939546055160463, -6582959.235692737624049 ], [ -8309969.469064264558256, -6579855.612229824066162 ], [ -8311267.909495995379984, -6579244.220695344731212 ], [ -8313155.433833916671574, -6578045.319358700886369 ], [ -8313849.730622644536197, -6576407.978966931812465 ], [ -8313278.673613323830068, -6574550.942927373573184 ], [ -8310835.096018750220537, -6573086.840944495983422 ], [ -8306876.68058451730758, -6574014.330843252129853 ], [ -8299177.273500079289079, -6577630.415837068110704 ], [ -8292174.159972448833287, -6582349.177857306785882 ], [ -8283222.406074568629265, -6591376.125118331052363 ], [ -8282264.610544896684587, -6593676.44281128142029 ], [ -8281798.747756728902459, -6596664.660419006831944 ], [ -8278946.411208779551089, -6625520.31089538987726 ] ] ], [ [ [ -8315443.730052896775305, -6602055.053508300334215 ], [ -8324363.423693219199777, -6601295.907651747576892 ], [ -8328830.791051094420254, -6599996.925646803341806 ], [ -8340598.80904181022197, -6595807.601648038253188 ], [ -8341989.418048717081547, -6593605.041319032199681 ], [ -8344818.707787532359362, -6581344.70264636259526 ], [ -8344293.725735103711486, -6575407.383357530459762 ], [ -8343690.589806829579175, -6573452.429311383515596 ], [ -8336981.038509629666805, -6564761.324869469739497 ], [ -8329264.593581690452993, -6562005.959279397502542 ], [ -8327657.587166843935847, -6562567.081001341342926 ], [ -8320807.758246728219092, -6569131.057241408154368 ], [ -8311610.551166145130992, -6589515.709952338598669 ], [ -8311377.115914697758853, -6591547.43149587046355 ], [ -8312552.316567027010024, -6598134.559649077244103 ], [ -8314097.199234805069864, -6601662.780937972478569 ], [ -8315443.730052896775305, -6602055.053508300334215 ] ] ], [ [ [ -8348777.123221765272319, -6588511.925186788663268 ], [ -8352410.92388273216784, -6588132.968023528344929 ], [ -8356199.016865928657353, -6585772.373089041560888 ], [ -8357621.667469034902751, -6584182.616087710484862 ], [ -8358485.29765544552356, -6582616.983843548223376 ], [ -8361176.325200796127319, -6574796.321922897361219 ], [ -8361416.777132594026625, -6571547.013756047002971 ], [ -8357775.95979127753526, -6560883.830363364890218 ], [ -8356307.21556989569217, -6560005.20385074056685 ], [ -8347818.31997736915946, -6560321.233703933656216 ], [ -8346844.494318905286491, -6561737.262060880661011 ], [ -8346550.950749858282506, -6564249.085097400471568 ], [ -8347416.577704349532723, -6587484.489967186935246 ], [ -8348777.123221765272319, -6588511.925186788663268 ] ] ], [ [ [ -8370825.399031594395638, -6550939.947141353040934 ], [ -8372648.802854382432997, -6551377.17854968085885 ], [ -8373885.119539051316679, -6551231.961407110095024 ], [ -8375895.883656372316182, -6550693.71881503239274 ], [ -8377627.1189039722085, -6549915.597386982291937 ], [ -8379545.714446124620736, -6548162.358946629799902 ], [ -8379884.343918725848198, -6553083.752269179560244 ], [ -8379390.433070531114936, -6564445.12481081392616 ], [ -8378941.589464499615133, -6577386.545147128403187 ], [ -8380725.916349347680807, -6582970.33343826700002 ], [ -8382667.558700636029243, -6584328.444437481462955 ], [ -8384429.86515246052295, -6584916.448191678151488 ], [ -8385488.842705732211471, -6584700.879331898875535 ], [ -8396305.092793794348836, -6581686.901608883403242 ], [ -8398592.362636655569077, -6580783.894207153469324 ], [ -8399752.540874926373363, -6579488.146402198821306 ], [ -8406230.672350138425827, -6561323.178723763674498 ], [ -8405271.869105730205774, -6559128.260148071683943 ], [ -8400185.354352174326777, -6553838.496442350558937 ], [ -8396566.576105276122689, -6551523.986004614271224 ], [ -8395035.708136819303036, -6551377.17854968085885 ], [ -8393428.701721973717213, -6551694.495276923291385 ], [ -8390645.486940063536167, -6553619.003848277963698 ], [ -8390011.298468947410583, -6548577.369515468366444 ], [ -8393443.724136030301452, -6540227.678230275399983 ], [ -8396675.782523965463042, -6537504.118341224268079 ], [ -8400493.920335283502936, -6534756.249946042895317 ], [ -8400254.47611821256578, -6532289.610842450521886 ], [ -8394912.48701879568398, -6527441.946828383021057 ], [ -8392408.801106616854668, -6527101.990008916705847 ], [ -8369742.366954442113638, -6532106.917420810088515 ], [ -8360094.300838377326727, -6532666.010740596801043 ], [ -8358996.246347167529166, -6533858.335567759349942 ], [ -8359691.550850624218583, -6536191.49586127512157 ], [ -8370825.399031594395638, -6550939.947141353040934 ] ] ], [ [ [ -8268193.273921147920191, -6554740.144917915575206 ], [ -8264020.45784704759717, -6564639.608351240865886 ], [ -8257803.828344715759158, -6580760.111226030625403 ], [ -8257293.868706345558167, -6584257.124014887027442 ], [ -8257556.359732544049621, -6588440.56850228458643 ], [ -8258901.882835927419364, -6594166.724184756167233 ], [ -8259968.884784288704395, -6594950.63218638766557 ], [ -8260926.680313949473202, -6595098.218126561492682 ], [ -8263927.281557137146592, -6586921.668502701446414 ], [ -8265226.729703616350889, -6585258.795660447329283 ], [ -8267638.228379229083657, -6583448.878914338536561 ], [ -8272662.638047102838755, -6586138.525090756826103 ], [ -8273203.650228301994503, -6588048.915202599018812 ], [ -8282849.700914922170341, -6584377.566147510893643 ], [ -8293859.320263147354126, -6575530.880891267210245 ], [ -8294973.404883150011301, -6574210.602978275157511 ], [ -8300292.365834803320467, -6562298.365499099716544 ], [ -8301155.97735983133316, -6559712.878923355601728 ], [ -8301698.986309128813446, -6556226.293095719069242 ], [ -8301219.090160250663757, -6554154.290147344581783 ], [ -8292808.348443577066064, -6545970.908287378959358 ], [ -8285015.765069228596985, -6537917.008544380776584 ], [ -8293395.454243065789342, -6534390.75809115730226 ], [ -8294570.65489540155977, -6534294.663646654225886 ], [ -8296720.670259533450007, -6535096.521663420833647 ], [ -8298465.938867831602693, -6535679.441197473555803 ], [ -8300137.065797824412584, -6535655.817249442450702 ], [ -8311957.205033830367029, -6529556.055474549531937 ], [ -8305269.674169671721756, -6523459.207914656959474 ], [ -8303847.023566565476358, -6522391.057266600430012 ], [ -8302425.362016811966896, -6521420.570320097729564 ], [ -8300259.297862505540252, -6520013.046493586152792 ], [ -8298249.541459903120995, -6519115.149761985056102 ], [ -8296797.816420651972294, -6519382.464194471947849 ], [ -8278150.913735055364668, -6531815.578461213968694 ], [ -8268193.273921147920191, -6554740.144917915575206 ] ] ], [ [ [ -8321997.999974497593939, -6533371.62705101724714 ], [ -8324425.528778903186321, -6532593.55147472769022 ], [ -8325198.987158206291497, -6531232.902011067606509 ], [ -8321789.6083002705127, -6514408.790009039454162 ], [ -8315535.898628078401089, -6509607.716350152157247 ], [ -8314298.574228682555258, -6509149.139817338436842 ], [ -8312227.701793741434813, -6509196.236645482480526 ], [ -8305486.090238977223635, -6509972.114991204813123 ], [ -8298481.968996623530984, -6512249.852794178761542 ], [ -8298173.403013520874083, -6514045.776648495346308 ], [ -8299704.252320579253137, -6516808.790172250941396 ], [ -8309010.684481247328222, -6524964.88580984249711 ], [ -8318164.821087745949626, -6532593.55147472769022 ], [ -8319834.94030299782753, -6533321.223888394422829 ], [ -8321997.999974497593939, -6533371.62705101724714 ] ] ], [ [ [ -8352086.309109453111887, -6479294.605906324461102 ], [ -8333748.980121695436537, -6474853.19303522631526 ], [ -8331800.339751427061856, -6470436.049317418597639 ], [ -8333076.722427372820675, -6468435.439470668323338 ], [ -8328398.966627192683518, -6466288.403509959578514 ], [ -8326775.930083566345274, -6468241.631327048875391 ], [ -8325647.830764243379235, -6471991.56451368611306 ], [ -8325956.396747346036136, -6477845.665293128229678 ], [ -8327904.048064263537526, -6483304.693722342140973 ], [ -8349303.112988927401602, -6495925.205637152306736 ], [ -8350849.003371427766979, -6496748.416545188054442 ], [ -8355093.945694368332624, -6498297.887001514434814 ], [ -8357466.386093439534307, -6502025.33306113537401 ], [ -8371072.848982371389866, -6520352.712109118700027 ], [ -8372478.480403346940875, -6521978.941642746329308 ], [ -8374998.196444304659963, -6522925.906487417407334 ], [ -8383100.372177882120013, -6522342.303146223537624 ], [ -8384279.585027746856213, -6521864.123663282953203 ], [ -8384739.438850298523903, -6520255.198882196098566 ], [ -8384770.49139313492924, -6517635.689623881131411 ], [ -8383524.153545307926834, -6514809.522322055883706 ], [ -8379605.822763723321259, -6512298.547501230612397 ], [ -8376451.918251642026007, -6508373.338559317402542 ], [ -8371521.692588407546282, -6501143.528972264379263 ], [ -8373121.682322898879647, -6499648.429033108986914 ], [ -8380626.731093809939921, -6501785.262160076759756 ], [ -8386069.920878227800131, -6505366.676386763341725 ], [ -8397418.169699054211378, -6510311.368857241235673 ], [ -8398931.999823991209269, -6510334.92054267693311 ], [ -8400139.260733896866441, -6509124.011867679655552 ], [ -8400045.095390636473894, -6506288.202628706581891 ], [ -8399118.352403810247779, -6498296.309428295120597 ], [ -8398593.370351383462548, -6494134.75221227388829 ], [ -8395839.211344236508012, -6484488.358542972244322 ], [ -8392841.595922484993935, -6476010.654817969538271 ], [ -8391943.927371807396412, -6473742.81760435551405 ], [ -8390645.486940063536167, -6472004.057802454568446 ], [ -8389129.660047054290771, -6471184.840700656175613 ], [ -8387058.787612115032971, -6471039.450626923702657 ], [ -8385203.304870380088687, -6471714.824055360630155 ], [ -8377751.347736717201769, -6474876.644245439209044 ], [ -8377302.522792077623308, -6476590.975949570536613 ], [ -8378493.753573197871447, -6478474.66944298427552 ], [ -8379590.800349673256278, -6479149.073806723579764 ], [ -8382729.682447704486549, -6479778.147556546144187 ], [ -8387198.038858930580318, -6479801.612678828649223 ], [ -8387878.320948322303593, -6481225.851149735040963 ], [ -8386255.284404696896672, -6484295.779503394849598 ], [ -8384615.210017539560795, -6485720.760202966630459 ], [ -8379915.415122952312231, -6488234.666282451711595 ], [ -8371018.749630387872458, -6490417.126094832085073 ], [ -8365102.680377464741468, -6489514.609661649912596 ], [ -8365475.385537105612457, -6480936.266911829821765 ], [ -8366742.754764604382217, -6475575.782907890155911 ], [ -8374381.045816708356142, -6473115.773621382191777 ], [ -8382760.734990545548499, -6467710.326772934757173 ], [ -8391604.290184464305639, -6460191.059782218188047 ], [ -8393543.917106291279197, -6453904.708947324194014 ], [ -8384461.925410024821758, -6446661.349204627797008 ], [ -8382574.382410725578666, -6446421.305308572947979 ], [ -8364949.395769950002432, -6450800.756267829798162 ], [ -8363587.842537795193493, -6451906.503074961714447 ], [ -8348931.415544007904828, -6469834.234881074167788 ], [ -8354373.59761369228363, -6475237.946910472586751 ], [ -8356012.664286114275455, -6477218.311495548114181 ], [ -8356832.197622323408723, -6479028.581104551441967 ], [ -8352086.309109453111887, -6479294.605906324461102 ] ] ], [ [ [ -8371072.848982371389866, -6414539.021908898837864 ], [ -8370514.817619029432535, -6416264.261273096315563 ], [ -8368241.562475495971739, -6428736.730926578864455 ], [ -8368938.86374703142792, -6429792.903462500311434 ], [ -8370825.399031594395638, -6426455.322926842607558 ], [ -8377209.34650216717273, -6418612.792332224547863 ], [ -8379861.297109584324062, -6417702.493568550795317 ], [ -8378926.548389052040875, -6422977.651089473627508 ], [ -8378106.025999493896961, -6426096.131684658117592 ], [ -8378028.879838368855417, -6427920.196763549000025 ], [ -8379528.676602598279715, -6428735.166497450321913 ], [ -8382157.599062265828252, -6427704.039782765321434 ], [ -8385636.118347626179457, -6424127.92129878886044 ], [ -8387770.103582971729338, -6421538.509422766044736 ], [ -8390662.52478358335793, -6415736.261869422160089 ], [ -8390707.610687125474215, -6413604.326304509304464 ], [ -8390259.774795835837722, -6411496.237309384159744 ], [ -8396582.606234055012465, -6406586.664560698904097 ], [ -8409059.962088940665126, -6418539.787691840901971 ], [ -8411255.063356626778841, -6417654.349829585291445 ], [ -8414332.829422317445278, -6410658.117132991552353 ], [ -8414856.82242139428854, -6408934.035584700293839 ], [ -8416141.210831040516496, -6387865.554701355285943 ], [ -8411611.738387474790215, -6381823.688088626600802 ], [ -8391634.335012571886182, -6379936.959554679691792 ], [ -8390335.913242226466537, -6380343.656641507521272 ], [ -8389006.420267647132277, -6381441.66461494192481 ], [ -8387399.413852800615132, -6383398.318125130608678 ], [ -8383331.810661249794066, -6389274.138712653890252 ], [ -8371072.848982371389866, -6414539.021908898837864 ] ] ], [ [ [ -8283932.732992076314986, -6382157.760455727577209 ], [ -8285370.424670620821416, -6379782.350716865621507 ], [ -8286437.426618983969092, -6373092.722666470333934 ], [ -8287704.795846500433981, -6357559.353671882301569 ], [ -8286902.300353799015284, -6350756.457995646633208 ], [ -8286376.310586649924517, -6348117.251993483863771 ], [ -8285077.888816303573549, -6347595.053494527004659 ], [ -8278460.487432906404138, -6353467.382174224592745 ], [ -8275662.250236940570176, -6356132.942110382020473 ], [ -8274565.203460464254022, -6357941.812561522237957 ], [ -8269600.902110196650028, -6368634.910457732155919 ], [ -8270126.891877345740795, -6370183.904057183302939 ], [ -8283932.732992076314986, -6382157.760455727577209 ] ] ], [ [ [ -8340760.118044409900904, -6325564.542603559792042 ], [ -8342315.021875345148146, -6324306.381103321909904 ], [ -8343644.514849931001663, -6322166.879837773740292 ], [ -8354064.023915853351355, -6309766.021815566346049 ], [ -8370530.847747820429504, -6304206.065236167050898 ], [ -8375524.18621146120131, -6300777.175064580515027 ], [ -8375269.719580341130495, -6297988.220768942497671 ], [ -8374227.761209180578589, -6295720.65727558080107 ], [ -8372493.521478787064552, -6292555.369714670814574 ], [ -8371194.073332316242158, -6290241.847433157265186 ], [ -8369711.314411612227559, -6288115.562324260361493 ], [ -8362429.679728985764086, -6278868.627609045244753 ], [ -8346287.452008913271129, -6279930.553867178969085 ], [ -8343273.825119754299521, -6282265.678758008405566 ], [ -8338264.437865938991308, -6287880.015712580643594 ], [ -8337182.413503512740135, -6289154.176774887368083 ], [ -8336718.547483418136835, -6295201.699653553776443 ], [ -8336779.663515765219927, -6297421.664901400916278 ], [ -8340760.118044409900904, -6325564.542603559792042 ] ] ], [ [ [ -8382946.079855626448989, -6295815.584351823665202 ], [ -8384863.667683043517172, -6298697.239306935109198 ], [ -8385914.639502634294331, -6299974.547268930822611 ], [ -8401808.390895809978247, -6317341.567401119507849 ], [ -8406199.601145911961794, -6321131.883275091648102 ], [ -8407220.528137380257249, -6320941.487515586428344 ], [ -8416557.994179494678974, -6315871.314601663500071 ], [ -8419680.846148746088147, -6314120.569908347912133 ], [ -8421366.006439445540309, -6312842.659202487207949 ], [ -8422032.255168138071895, -6311232.123807603493333 ], [ -8415939.835837157443166, -6299029.563238290138543 ], [ -8410016.749903870746493, -6294918.510529899038374 ], [ -8408432.790298173204064, -6294558.806759076192975 ], [ -8406321.833210585638881, -6295544.607304055243731 ], [ -8400692.290846345946193, -6290171.489813217893243 ], [ -8398581.352420140057802, -6284352.275126693770289 ], [ -8397583.472237806767225, -6281579.44662893563509 ], [ -8392315.62481670640409, -6274768.914641741663218 ], [ -8390366.965785067528486, -6273212.952234270051122 ], [ -8388389.269640044309199, -6272386.978215697221458 ], [ -8387058.787612115032971, -6272835.829414996318519 ], [ -8385451.762535884976387, -6276842.962149114347994 ], [ -8381184.781118536368012, -6288920.139749712310731 ], [ -8380734.948459159582853, -6291303.666148061864078 ], [ -8382946.079855626448989, -6295815.584351823665202 ] ] ], [ [ [ -8371458.579787996597588, -6280543.300488620996475 ], [ -8371443.557373939082026, -6282666.17029245570302 ], [ -8375648.415044219233096, -6287314.13813737500459 ], [ -8376915.784271718002856, -6288352.653976609930396 ], [ -8377658.19010819774121, -6288777.880093209445477 ], [ -8383811.706810123287141, -6269584.50061968062073 ], [ -8384863.667683043517172, -6267135.364423893392086 ], [ -8395987.494700863957405, -6272704.532854252494872 ], [ -8399612.281913390383124, -6279718.146551528945565 ], [ -8400572.07421113550663, -6281133.176566641777754 ], [ -8402179.080625981092453, -6282453.694171614013612 ], [ -8404621.65050582960248, -6282736.465391620993614 ], [ -8418908.395484160631895, -6271516.813949387520552 ], [ -8420207.824969239532948, -6270478.858851003460586 ], [ -8421011.32817666977644, -6268972.519588185474277 ], [ -8421660.55772322230041, -6267370.333406374789774 ], [ -8422062.299996241927147, -6264500.850805901922286 ], [ -8422093.352539088577032, -6262428.294511658139527 ], [ -8421845.902588319033384, -6260075.755510749295354 ], [ -8421413.089111067354679, -6258004.282690773718059 ], [ -8419465.437794150784612, -6252598.627926211804152 ], [ -8418228.132056137546897, -6250835.054057788103819 ], [ -8409632.026812994852662, -6247945.311570459976792 ], [ -8390058.399801950901747, -6249306.315375192090869 ], [ -8388232.980549714528024, -6249918.378990002907813 ], [ -8383966.988185716792941, -6251751.828351944684982 ], [ -8382667.558700636029243, -6252831.66160118766129 ], [ -8380287.112567857839167, -6256218.267655707895756 ], [ -8371458.579787996597588, -6280543.300488620996475 ] ] ], [ [ [ -8370129.086813417263329, -6274744.480971147306263 ], [ -8371952.509297574870288, -6273956.52585581317544 ], [ -8374163.640694039873779, -6269254.840045131742954 ], [ -8383416.962556069716811, -6241005.114560679532588 ], [ -8379854.299090618267655, -6240805.864141506142914 ], [ -8374287.869526798836887, -6242590.162215190939605 ], [ -8372617.750311539508402, -6243343.235965802334249 ], [ -8369493.890627560205758, -6245032.206436486914754 ], [ -8365721.846434531733394, -6247380.56882575713098 ], [ -8361996.866251740604639, -6250224.455745870247483 ], [ -8360651.343148369342089, -6251751.828351944684982 ], [ -8359691.550850624218583, -6253114.976092196069658 ], [ -8358115.596978625282645, -6256075.053069987334311 ], [ -8357558.554668622091413, -6257771.106592827476561 ], [ -8355532.768137228675187, -6266313.024391628801823 ], [ -8355842.341835080645978, -6268264.457461214624345 ], [ -8356755.051461198367178, -6269773.740749631077051 ], [ -8368134.352824866771698, -6274672.716361078433692 ], [ -8370129.086813417263329, -6274744.480971147306263 ] ] ], [ [ [ -8289963.028575983829796, -6347880.020649855025113 ], [ -8292064.953553759492934, -6355752.116503684781492 ], [ -8294725.936270996928215, -6360371.209931634366512 ], [ -8295745.85554773081094, -6366942.615279958583415 ], [ -8293180.045888476073742, -6374665.71177694760263 ], [ -8298698.385065942071378, -6380784.392267432063818 ], [ -8304155.589549669064581, -6392618.554671534337103 ], [ -8303881.08059221599251, -6397639.24602607358247 ], [ -8296503.26513687055558, -6390110.11736452486366 ], [ -8296991.185680822469294, -6386740.385950141586363 ], [ -8296672.579873171634972, -6383135.335776434279978 ], [ -8289700.537549766711891, -6381655.101265242323279 ], [ -8286994.468928987160325, -6384854.134094155393541 ], [ -8284397.606726891361177, -6390348.547060959041119 ], [ -8283747.388126984238625, -6401204.035420327447355 ], [ -8289470.106781132519245, -6434546.495653236284852 ], [ -8290951.876648492179811, -6437333.007122064009309 ], [ -8298034.133105320855975, -6445941.267308037728071 ], [ -8307542.929313209839165, -6454481.977689303457737 ], [ -8311052.5011414187029, -6455542.960565415211022 ], [ -8322556.031337847001851, -6455901.854326767846942 ], [ -8323900.546726475469768, -6455589.783290189690888 ], [ -8332311.288443149067461, -6450895.888175503350794 ], [ -8334498.383977141231298, -6448044.0299456352368 ], [ -8331383.556402972899377, -6441972.484524416737258 ], [ -8327967.1608646819368, -6438726.6123699080199 ], [ -8320947.028154915198684, -6434018.874154122546315 ], [ -8318086.667211879976094, -6432792.544119532220066 ], [ -8315651.114012395963073, -6434401.744298529811203 ], [ -8311847.998615141026676, -6437093.231911452487111 ], [ -8317158.935171716846526, -6429839.552670860663056 ], [ -8320097.431329208426178, -6429239.130656871013343 ], [ -8323267.365970081649721, -6430656.274824279360473 ], [ -8332465.58076539169997, -6438222.074248561635613 ], [ -8336276.720557743683457, -6438991.322198320180178 ], [ -8339098.00456284545362, -6434031.310562250204384 ], [ -8338388.666698689572513, -6425858.24333952460438 ], [ -8336160.497458692640066, -6409723.884720870293677 ], [ -8340041.766731812618673, -6392093.575976701453328 ], [ -8336145.475044635124505, -6366513.41948742326349 ], [ -8331506.796182381920516, -6361654.845146261155605 ], [ -8324967.548674844205379, -6356322.614644788205624 ], [ -8310627.712059251964092, -6336297.981659455224872 ], [ -8315009.908860923722386, -6337877.95834516454488 ], [ -8321781.583905179984868, -6346994.335850798524916 ], [ -8334151.748770827427506, -6361583.859021892771125 ], [ -8343095.478273633867502, -6367549.393276819959283 ], [ -8344796.668693113140762, -6363998.903051611036062 ], [ -8345677.318061667494476, -6357024.216261901892722 ], [ -8349627.709100821055472, -6362034.415562367998064 ], [ -8350013.439906439743936, -6366704.851036719046533 ], [ -8349891.207841766066849, -6375524.960886780172586 ], [ -8349642.731514878571033, -6382134.568557763472199 ], [ -8347788.275149255059659, -6386550.052488777786493 ], [ -8344974.007824510335922, -6390515.751813598908484 ], [ -8347416.577704349532723, -6413293.835018547251821 ], [ -8350879.048199540935457, -6428879.819491611793637 ], [ -8354652.118768694810569, -6428041.515947879292071 ], [ -8365011.500855634920299, -6420183.516123292036355 ], [ -8373051.552842129953206, -6403858.492905930615962 ], [ -8382033.370229506865144, -6382969.834302641451359 ], [ -8379358.372812947258353, -6372854.783880240283906 ], [ -8381523.410591148771346, -6360750.722257561981678 ], [ -8385358.604907364584506, -6353754.099213754758239 ], [ -8390034.345278082415462, -6348890.595814416185021 ], [ -8393900.592137146741152, -6350721.010929202660918 ], [ -8397363.062632335349917, -6352742.938427921384573 ], [ -8400123.23060511238873, -6343531.048927367664874 ], [ -8400696.303043894469738, -6338258.002855266444385 ], [ -8400819.542823301628232, -6328682.314692243002355 ], [ -8396614.666491638869047, -6323264.970576450228691 ], [ -8394139.028639480471611, -6322315.8543098308146 ], [ -8391712.488888425752521, -6322861.05814419593662 ], [ -8385884.57601313572377, -6333415.748557125218213 ], [ -8384570.124113998375833, -6338021.049777793698013 ], [ -8380596.686265694908798, -6346382.874785948544741 ], [ -8371706.048400148749352, -6357964.966333260759711 ], [ -8368537.102812627330422, -6360226.214147512800992 ], [ -8367608.363057723268867, -6360559.426588544622064 ], [ -8367470.119525643065572, -6359132.533603467047215 ], [ -8371627.894524295814335, -6351756.58618981949985 ], [ -8375587.299011879600585, -6346144.172056131996214 ], [ -8377597.074075858108699, -6343483.301104291342199 ], [ -8379922.413141918368638, -6339718.300572635605931 ], [ -8384677.315103230066597, -6328339.601184294559062 ], [ -8384301.624122153036296, -6320170.710419736802578 ], [ -8379033.758039670065045, -6318833.521979438140988 ], [ -8376638.27083146199584, -6321724.605956354178488 ], [ -8370575.933651369065046, -6331801.242913289926946 ], [ -8367115.441262873820961, -6332988.263319946825504 ], [ -8361424.80152768548578, -6325255.750545988790691 ], [ -8357621.667469034902751, -6320041.734911910258234 ], [ -8356476.53030620329082, -6316726.112744796089828 ], [ -8359043.329018788412213, -6309670.937522656284273 ], [ -8355270.277111032046378, -6312463.760985303670168 ], [ -8346364.598170038312674, -6323455.447519103065133 ], [ -8339840.391737935133278, -6332085.674933197908103 ], [ -8336624.363478786312044, -6324212.677489303052425 ], [ -8329728.459601772017777, -6291138.424140605144203 ], [ -8336718.547483418136835, -6282832.755537475459278 ], [ -8340800.184035687707365, -6278491.252309528179467 ], [ -8343288.847533809952438, -6276771.179715748876333 ], [ -8345592.166166835464537, -6272976.285152013413608 ], [ -8351621.435374630615115, -6259415.711475265212357 ], [ -8355750.17325990460813, -6247826.564463689923286 ], [ -8354420.680285325273871, -6240383.042672033421695 ], [ -8346364.598170038312674, -6234236.254783752374351 ], [ -8331120.076323417946696, -6223595.192817393690348 ], [ -8320189.599904390983284, -6220784.526456132531166 ], [ -8297890.869660968892276, -6226132.002562787383795 ], [ -8295915.170284031890333, -6233064.561456287279725 ], [ -8293210.109377974644303, -6258287.770344163291156 ], [ -8290583.183686399832368, -6265771.491019231267273 ], [ -8290079.251675027422607, -6269279.257853363640606 ], [ -8290952.884363220073283, -6290524.879637228325009 ], [ -8287458.33494907617569, -6308867.462398208677769 ], [ -8286933.352896647527814, -6312534.333450979553163 ], [ -8286995.476643709465861, -6327057.984434232115746 ], [ -8289963.028575983829796, -6347880.020649855025113 ] ] ], [ [ [ -8349612.68668676353991, -6231610.452221006155014 ], [ -8352287.684103323146701, -6231353.692462193779647 ], [ -8353771.469400151632726, -6230156.563871429301798 ], [ -8353894.690518170595169, -6227999.776095451787114 ], [ -8349891.207841766066849, -6218117.362566355615854 ], [ -8348003.664842449128628, -6215493.489622983150184 ], [ -8338574.011563769541681, -6215542.016529593616724 ], [ -8333036.656436095945537, -6216291.196411399170756 ], [ -8329706.420507363975048, -6217964.166385472752154 ], [ -8339903.504538347944617, -6227812.966101194731891 ], [ -8341819.095597681589425, -6229406.187942462041974 ], [ -8343273.825119754299521, -6230203.675014802254736 ], [ -8346673.182814526371658, -6231280.766523387283087 ], [ -8349612.68668676353991, -6231610.452221006155014 ] ] ], [ [ [ -8363342.389355104416609, -6246817.39465412683785 ], [ -8364115.829073023051023, -6246394.273164039477706 ], [ -8376189.427225425839424, -6238506.451467950828373 ], [ -8376521.05867906101048, -6235937.087501171976328 ], [ -8369773.419497296214104, -6227109.863044675439596 ], [ -8358054.480946280062199, -6213599.659692750312388 ], [ -8356569.706596112810075, -6213317.661860056221485 ], [ -8355797.255931532010436, -6215353.983371663838625 ], [ -8355394.505943777039647, -6217132.937377014197409 ], [ -8354960.703413181006908, -6219989.449804077856243 ], [ -8355054.868756442330778, -6222191.269835777580738 ], [ -8355270.277111032046378, -6224533.315766530111432 ], [ -8358176.713010959327221, -6236887.195049366913736 ], [ -8360897.804045795463026, -6244562.011177942156792 ], [ -8362057.982284067198634, -6246418.625110885128379 ], [ -8363342.389355104416609, -6246817.39465412683785 ] ] ], [ [ [ -8382482.213835544884205, -6229078.115608720108867 ], [ -8384369.738173466175795, -6230625.989288257434964 ], [ -8403662.865922810509801, -6237755.336544900201261 ], [ -8417177.160236567258835, -6240478.852027412503958 ], [ -8418196.071798574179411, -6240290.265573047101498 ], [ -8419557.606369333341718, -6239680.426604953594506 ], [ -8421243.774374766275287, -6237755.336544900201261 ], [ -8421813.842330737039447, -6235292.596085456199944 ], [ -8421056.414080211892724, -6225034.29931241646409 ], [ -8418414.46597458049655, -6224718.526648620143533 ], [ -8413372.02940982952714, -6226968.638482191599905 ], [ -8408332.597327914088964, -6228186.561913441866636 ], [ -8406138.503774955868721, -6228514.628070968203247 ], [ -8404344.13706555403769, -6228093.918123234063387 ], [ -8403075.760123321786523, -6227064.296440987847745 ], [ -8396427.324858460575342, -6220925.64818730019033 ], [ -8387708.987550638616085, -6213247.940425937995315 ], [ -8382467.191421487368643, -6216922.127055903896689 ], [ -8381461.305505458265543, -6219801.318177726119757 ], [ -8380935.31573829613626, -6221487.105833765119314 ], [ -8380502.502261063084006, -6223314.389649573713541 ], [ -8380271.082439066842198, -6225773.655395708978176 ], [ -8382482.213835544884205, -6229078.115608720108867 ] ] ], [ [ [ -8389717.754899881780148, -6212359.571694975718856 ], [ -8392253.501069644466043, -6214465.422699810937047 ], [ -8399335.757526466622949, -6220034.978453510440886 ], [ -8402736.122935986146331, -6222423.469347118400037 ], [ -8404220.897286159917712, -6223174.754882376641035 ], [ -8405921.079990915954113, -6223736.361268742009997 ], [ -8409292.38962565921247, -6224158.353861479088664 ], [ -8413280.868549397215247, -6223828.957512074150145 ], [ -8415475.969817075878382, -6222963.794542039744556 ], [ -8416278.48397115431726, -6222235.283791582100093 ], [ -8414624.376223284751177, -6219974.273641839623451 ], [ -8413382.050573008134961, -6218240.243609761819243 ], [ -8409941.619172209873796, -6218948.687915305607021 ], [ -8406847.822977740317583, -6218021.805347339250147 ], [ -8405087.531955372542143, -6217600.117566909641027 ], [ -8402117.964593648910522, -6216056.113702376373112 ], [ -8400850.595366138964891, -6215026.453501210547984 ], [ -8398715.602416062727571, -6212406.55597382877022 ], [ -8398082.421659676358104, -6210090.602297547273338 ], [ -8399133.374817868694663, -6209061.636316662654281 ], [ -8401159.180010624229908, -6211002.956195672042668 ], [ -8403075.760123321786523, -6212687.027027028612792 ], [ -8404529.481930647045374, -6213481.420527739450336 ], [ -8406863.853106519207358, -6213880.141884628683329 ], [ -8408426.781332544982433, -6213904.400696851313114 ], [ -8416035.027556542307138, -6213046.290846446529031 ], [ -8417696.133323365822434, -6212177.679478092119098 ], [ -8421289.84933165833354, -6210395.217507878318429 ], [ -8423498.983960058540106, -6205343.899654633365571 ], [ -8421381.028853483498096, -6187411.30266251321882 ], [ -8418135.944819577038288, -6181465.803437075577676 ], [ -8415971.896094733849168, -6180884.306711920537055 ], [ -8392253.501069644466043, -6178601.042795613408089 ], [ -8386833.358094373717904, -6179683.713226337917149 ], [ -8386193.160657629370689, -6182095.648251204751432 ], [ -8384027.096503315493464, -6205858.903954680077732 ], [ -8384585.146528054028749, -6207635.843343834392726 ], [ -8389717.754899881780148, -6212359.571694975718856 ] ] ], [ [ [ -8283917.710578018799424, -6195555.8605164764449 ], [ -8285295.293938966467977, -6195344.062735345214605 ], [ -8286023.647753343917429, -6194738.93512734118849 ], [ -8288261.838156492449343, -6189137.537870268337429 ], [ -8293055.817055731080472, -6180369.319975484162569 ], [ -8293859.320263147354126, -6178927.201986731030047 ], [ -8294416.362573152408004, -6177248.30580869410187 ], [ -8294601.707438244484365, -6175477.667589817196131 ], [ -8292638.025992541573942, -6173381.437331225723028 ], [ -8290858.700358576141298, -6173475.005041665397584 ], [ -8287953.272173382341862, -6174778.876290990039706 ], [ -8279634.699031891301274, -6179532.698128084652126 ], [ -8274039.213693302124739, -6183354.014282601885498 ], [ -8272089.565608318895102, -6184940.419023536145687 ], [ -8271193.893825720064342, -6186852.061716464348137 ], [ -8271348.186147964559495, -6188718.800075573846698 ], [ -8272863.023987628519535, -6190118.728113772347569 ], [ -8275059.132970043458045, -6191331.383460283279419 ], [ -8281119.473382057622075, -6194410.676680193282664 ], [ -8283917.710578018799424, -6195555.8605164764449 ] ] ], [ [ [ -8244971.812888439744711, -6188996.942621271125972 ], [ -8245899.54492861405015, -6188950.087440050207078 ], [ -8248249.946233278140426, -6187458.149379849433899 ], [ -8257695.629640749655664, -6180906.980683710426092 ], [ -8264398.16425758227706, -6173998.626532950438559 ], [ -8265395.036725182086229, -6171332.508408445864916 ], [ -8264668.67967888340354, -6168958.308915025554597 ], [ -8262442.507206970825791, -6168121.316880954429507 ], [ -8260371.634772036224604, -6168027.807867264375091 ], [ -8259195.426404973492026, -6168121.316880954429507 ], [ -8256768.886653918772936, -6168748.659929585643113 ], [ -8245959.653246212750673, -6176268.596260190941393 ], [ -8244632.175701103173196, -6177295.096694178879261 ], [ -8243504.05772040784359, -6179017.793038992211223 ], [ -8243054.22506101988256, -6180813.331381281837821 ], [ -8244971.812888439744711, -6188996.942621271125972 ] ] ], [ [ [ -8268038.981598892249167, -6185032.593853000551462 ], [ -8269585.879696139134467, -6182702.917080736719072 ], [ -8270760.072633740492165, -6181582.107542982324958 ], [ -8272831.952783402986825, -6180089.939960275776684 ], [ -8280625.543872479349375, -6174827.171647113747895 ], [ -8282974.937462402507663, -6173567.055983733385801 ], [ -8288648.558015462011099, -6171403.432970972731709 ], [ -8290210.49718813598156, -6170075.943195204250515 ], [ -8291864.586274610832334, -6167700.576520081609488 ], [ -8292358.515784190036356, -6165978.647541453130543 ], [ -8277934.516327135264874, -6155003.914989779703319 ], [ -8276064.011171337217093, -6154052.358518081717193 ], [ -8274565.203460464254022, -6153891.280282751657069 ], [ -8272152.67840873170644, -6154493.516425071284175 ], [ -8270574.727768648415804, -6156353.15861342381686 ], [ -8270682.926472608931363, -6159071.842871959321201 ], [ -8272228.835516505874693, -6163863.664790695533156 ], [ -8272290.94060218334198, -6165933.435121631249785 ], [ -8270947.432928282767534, -6168539.044185614213347 ], [ -8267762.475873365998268, -6173475.005041665397584 ], [ -8265628.471976628527045, -6175942.538752321153879 ], [ -8263293.093086027540267, -6177714.792048727162182 ], [ -8261770.24951265566051, -6179369.619452551007271 ], [ -8262287.225831377319992, -6181675.737158706411719 ], [ -8263556.591826966963708, -6182748.218486896716058 ], [ -8266663.41366742644459, -6184753.060924525372684 ], [ -8268038.981598892249167, -6185032.593853000551462 ] ] ], [ [ [ -8305346.820330796763301, -6192731.741086072288454 ], [ -8304806.815864305943251, -6200297.10288742557168 ], [ -8304086.467783641070127, -6203169.144618351012468 ], [ -8298575.145286533050239, -6210604.341562090441585 ], [ -8296982.172232393175364, -6210978.705663751810789 ], [ -8295946.222826867364347, -6209669.307894627563655 ], [ -8295977.275369715876877, -6207985.834748960100114 ], [ -8296596.441426768898964, -6206348.15024954918772 ], [ -8296534.317679706960917, -6204385.184317129664123 ], [ -8295142.719619449228048, -6203755.18347523920238 ], [ -8293952.496553057804704, -6204268.568301917985082 ], [ -8292653.067067983560264, -6205296.954390988685191 ], [ -8291602.095248393714428, -6206558.726682294160128 ], [ -8291339.604222184047103, -6209014.670522863045335 ], [ -8292220.253590738400817, -6213716.403773562051356 ], [ -8292931.588222972117364, -6216709.768208811059594 ], [ -8293859.320263147354126, -6218117.362566355615854 ], [ -8295127.697205393575132, -6219192.921623172238469 ], [ -8300817.347887231037021, -6222774.070414603687823 ], [ -8302858.156832673586905, -6223549.673348574899137 ], [ -8305207.569083986803889, -6223687.787521116435528 ], [ -8306995.90816636942327, -6222792.276509674265981 ], [ -8320591.360838800668716, -6212990.210466634482145 ], [ -8322540.001209055073559, -6212991.735305896960199 ], [ -8324409.49865011125803, -6213949.896746766753495 ], [ -8326110.689069602638483, -6214465.422699810937047 ], [ -8328213.621762100607157, -6214510.893510738387704 ], [ -8341201.944970091804862, -6211774.464119974523783 ], [ -8348436.478319695219398, -6207635.843343834392726 ], [ -8349999.40654572006315, -6206280.009588794782758 ], [ -8350617.564888057298958, -6204666.886009750887752 ], [ -8352456.998839624226093, -6192309.81242068298161 ], [ -8351977.102690750733018, -6189161.72623142041266 ], [ -8350972.22448945697397, -6187178.536855977959931 ], [ -8350013.439906439743936, -6185732.226281153969467 ], [ -8342036.500720350071788, -6176757.663723320700228 ], [ -8340274.19426853209734, -6175710.114060522988439 ], [ -8332966.526955333538353, -6174840.749494383111596 ], [ -8331602.976955104619265, -6175189.395535885356367 ], [ -8330707.286511115729809, -6177467.190380942076445 ], [ -8328367.914084356278181, -6181349.500918217934668 ], [ -8327919.070478319190443, -6183633.501317799091339 ], [ -8327007.368566936813295, -6185546.370698592625558 ], [ -8322068.129455260001123, -6189686.340535105206072 ], [ -8316727.129409198649228, -6183121.359291753731668 ], [ -8316433.567178755998611, -6181304.178813371807337 ], [ -8317808.146056889556348, -6179251.854849721305072 ], [ -8318937.253090935759246, -6178552.726059909909964 ], [ -8322176.328159233555198, -6177817.46237903740257 ], [ -8325993.47691719327122, -6170504.330752586945891 ], [ -8326861.10063977073878, -6168513.397370269522071 ], [ -8328152.505729766562581, -6162211.842007976025343 ], [ -8328182.56921926420182, -6160117.380055212415755 ], [ -8327967.1608646819368, -6157839.665712523274124 ], [ -8323204.253169668838382, -6133006.558868465945125 ], [ -8322153.281350092031062, -6130456.78118524607271 ], [ -8321318.725599826313555, -6128928.498012080788612 ], [ -8319880.026206552051008, -6127490.505989659577608 ], [ -8318566.563360752537847, -6128186.951242805458605 ], [ -8316464.638382988981903, -6131198.49655803013593 ], [ -8315659.119746089912951, -6132682.148048276081681 ], [ -8315195.253726015798748, -6135462.431701434776187 ], [ -8315165.208897895179689, -6138616.303486607037485 ], [ -8314577.095383683219552, -6145111.025333169847727 ], [ -8313231.590941697359085, -6156863.696343718096614 ], [ -8303073.565187250263989, -6175104.861196208745241 ], [ -8305361.842744834721088, -6183027.685654191300273 ], [ -8305346.820330796763301, -6192731.741086072288454 ] ] ], [ [ [ -8296146.608767399564385, -6163654.16898259986192 ], [ -8297183.547226277180016, -6162909.604875505901873 ], [ -8304064.428689221851528, -6147991.638853547163308 ], [ -8304372.994672331959009, -6146132.301941444166005 ], [ -8304558.33953742403537, -6143116.982306519523263 ], [ -8304652.523542067967355, -6138940.939302856102586 ], [ -8304512.264580530114472, -6132634.090303494594991 ], [ -8300693.119054466485977, -6127004.24961809348315 ], [ -8298822.613898693583906, -6127026.753112614154816 ], [ -8296611.463840832002461, -6128880.461328276433051 ], [ -8294293.122793744318187, -6131150.447139719501138 ], [ -8293116.933088065125048, -6132309.721567664295435 ], [ -8281089.409892567433417, -6144554.577006947249174 ], [ -8278460.487432906404138, -6149964.255160589702427 ], [ -8283037.061209476552904, -6156631.76256422046572 ], [ -8284274.385608874261379, -6157701.100390247069299 ], [ -8296146.608767399564385, -6163654.16898259986192 ] ] ], [ [ [ -8333579.665385394357145, -6169726.017067392356694 ], [ -8336702.517354640178382, -6169540.481970154680312 ], [ -8342500.366740439087152, -6173426.717341697774827 ], [ -8345128.281485369428992, -6175384.077905629761517 ], [ -8348251.133454614318907, -6177994.094235369004309 ], [ -8351806.798901099711657, -6181163.712765493430197 ], [ -8353368.719412391074002, -6181068.569643517956138 ], [ -8354883.557252062484622, -6180301.358790669590235 ], [ -8370670.098994623869658, -6145065.923209270462394 ], [ -8377597.074075858108699, -6123761.624842012301087 ], [ -8377210.335555518046021, -6118879.739218190312386 ], [ -8373422.261233685538173, -6118507.912227971479297 ], [ -8366218.761765528470278, -6120035.846041830256581 ], [ -8353260.520708430558443, -6123230.564878631383181 ], [ -8350200.781539604999125, -6124897.373708624392748 ], [ -8348869.29179694596678, -6125962.751936236396432 ], [ -8340892.352610856294632, -6132519.961233929730952 ], [ -8328368.921799078583717, -6135740.35583137255162 ], [ -8327139.621794773265719, -6137317.967328427359462 ], [ -8326946.252534589730203, -6140099.729553937911987 ], [ -8327285.889721924439073, -6143533.516788152977824 ], [ -8331011.858958073891699, -6167677.965718781575561 ], [ -8331955.639788418076932, -6169121.188635228201747 ], [ -8333579.665385394357145, -6169726.017067392356694 ] ] ], [ [ [ -8374009.348371796309948, -6157003.762934923171997 ], [ -8371351.370137373916805, -6164352.049746197648346 ], [ -8370004.857980659231544, -6165864.072433780878782 ], [ -8368134.352824866771698, -6168027.807867264375091 ], [ -8364052.716272616758943, -6175243.709361574612558 ], [ -8358269.889300868846476, -6191844.019343360327184 ], [ -8357041.597011284902692, -6206348.15024954918772 ], [ -8357837.075823622755706, -6209460.1786152087152 ], [ -8358763.818810448050499, -6210909.003414179198444 ], [ -8370175.180431693792343, -6222892.439001074060798 ], [ -8371337.355438051745296, -6224074.886727818287909 ], [ -8372710.92660144995898, -6225000.903259916231036 ], [ -8375384.934964658692479, -6225773.655395708978176 ], [ -8380409.325971152633429, -6213716.403773562051356 ], [ -8382079.463847795501351, -6205531.711513646878302 ], [ -8384538.06385641451925, -6189604.67542267870158 ], [ -8384214.45679787080735, -6186898.93350975215435 ], [ -8381801.931746145710349, -6179812.059880183078349 ], [ -8393088.056819910183549, -6173055.518289522267878 ], [ -8398715.602416062727571, -6175989.350588288158178 ], [ -8400230.440255727618933, -6176735.028902366757393 ], [ -8401869.506928144022822, -6177295.096694178879261 ], [ -8404499.418441148474813, -6177947.299513689242303 ], [ -8406602.369795037433505, -6177994.094235369004309 ], [ -8408101.177505917847157, -6177597.02218162920326 ], [ -8410204.110198426991701, -6176178.034413584508002 ], [ -8410976.54220163077116, -6174686.81226905900985 ], [ -8411192.958270935341716, -6172752.23589348886162 ], [ -8410667.976218521595001, -6170819.615483039058745 ], [ -8408517.942192992195487, -6168958.308915025554597 ], [ -8406509.193505126982927, -6167515.085455735214055 ], [ -8403354.281278310343623, -6166213.840234600007534 ], [ -8399365.821015970781446, -6165933.435121631249785 ], [ -8396551.553691217675805, -6165514.31896535679698 ], [ -8394850.363271728157997, -6164956.512197494506836 ], [ -8392654.25428930670023, -6163792.830936973914504 ], [ -8390862.892062719911337, -6162118.425777720287442 ], [ -8388976.375439532101154, -6159282.741540662012994 ], [ -8387614.822207377292216, -6156574.537491338327527 ], [ -8389129.660047054290771, -6156121.238694222643971 ], [ -8394294.328676464036107, -6159236.049316298216581 ], [ -8408997.838341865688562, -6161025.913505580276251 ], [ -8410250.18515533208847, -6159095.946115081198514 ], [ -8414299.780111402273178, -6122767.014574917033315 ], [ -8413588.445479154586792, -6120914.656329810619354 ], [ -8408950.755670238286257, -6115015.218159094452858 ], [ -8405766.806330043822527, -6112517.252756168134511 ], [ -8389579.492706429213285, -6107963.720660940743983 ], [ -8387661.904879017733037, -6108357.573272399604321 ], [ -8386347.452979872003198, -6109952.582243228331208 ], [ -8379575.777935617603362, -6131476.310267895460129 ], [ -8378786.289427516050637, -6134349.314566133543849 ], [ -8378029.868891719728708, -6144138.020807472988963 ], [ -8375617.362501377239823, -6151985.493107249960303 ], [ -8374009.348371796309948, -6157003.762934923171997 ] ] ], [ [ [ -8327502.287129865027964, -6113305.366353755816817 ], [ -8333378.290391510352492, -6117744.787425417453051 ], [ -8334461.322468664497137, -6118368.474282539449632 ], [ -8336439.018613695167005, -6118555.890799702145159 ], [ -8337984.908996201120317, -6118462.92208828125149 ], [ -8343985.141090605407953, -6116613.001290624029934 ], [ -8350754.819366794079542, -6113558.597301634959877 ], [ -8352270.664921181276441, -6112727.007425582967699 ], [ -8353117.238602689467371, -6110743.473630893044174 ], [ -8351497.206541878171265, -6107454.584163870662451 ], [ -8353806.534140536561608, -6105529.18109437264502 ], [ -8356767.06939244735986, -6104827.073224645107985 ], [ -8359700.564299059100449, -6105090.538187332451344 ], [ -8361898.68871093634516, -6106403.494419684633613 ], [ -8364421.409234709106386, -6109428.374731682240963 ], [ -8366308.933572630397975, -6112310.489236221648753 ], [ -8367949.007959787733853, -6112866.353670377284288 ], [ -8370670.098994623869658, -6113420.74696946516633 ], [ -8374536.345853686332703, -6113835.811844436451793 ], [ -8376899.754142945632339, -6113396.772011307999492 ], [ -8378454.676635270938277, -6111870.020578756928444 ], [ -8372060.708001540973783, -6102558.051402381621301 ], [ -8368938.86374703142792, -6099972.444948894903064 ], [ -8367578.318229604512453, -6099047.907041207887232 ], [ -8360001.124548467807472, -6096786.372739428654313 ], [ -8356476.53030620329082, -6095956.405973847955465 ], [ -8354281.429038509726524, -6096049.10334535036236 ], [ -8344230.61293469183147, -6089174.524151775985956 ], [ -8336564.255161175504327, -6078251.388195747509599 ], [ -8330070.09355718549341, -6074958.513867073692381 ], [ -8328430.037831425666809, -6076132.595444492064416 ], [ -8327564.410876926966012, -6081753.048930887132883 ], [ -8327410.118554684333503, -6083688.094952104613185 ], [ -8327285.889721924439073, -6089911.20398807618767 ], [ -8327502.287129865027964, -6113305.366353755816817 ] ] ], [ [ [ -8226619.442825252190232, -6088136.132111412473023 ], [ -8224965.353738778270781, -6087584.843437161296606 ], [ -8223124.912072485312819, -6085993.982040469534695 ], [ -8221626.104361605830491, -6084655.767318507656455 ], [ -8220202.446043765172362, -6083825.468925025314093 ], [ -8219060.294702352024615, -6083918.035576746799052 ], [ -8217636.636384517885745, -6084839.445156789384782 ], [ -8215859.307518631219864, -6087030.612861776724458 ], [ -8215409.474859261885285, -6088783.052990192547441 ], [ -8216059.693459163419902, -6091157.56353313010186 ], [ -8218162.626151674427092, -6097432.46862355992198 ], [ -8220202.446043765172362, -6098771.169696254655719 ], [ -8223852.276833511888981, -6100087.6185970492661 ], [ -8225399.174930746667087, -6100204.32649695686996 ], [ -8229510.856311123818159, -6100341.964714098721743 ], [ -8241478.271189021877944, -6100295.59273386746645 ], [ -8243641.312199131585658, -6100018.815184282138944 ], [ -8246209.118626452051103, -6099003.018813248723745 ], [ -8247754.01995562016964, -6098171.333380087278783 ], [ -8250166.526345962658525, -6097710.667244319804013 ], [ -8251650.311642785556614, -6097894.624275001697242 ], [ -8269648.003443208523095, -6103066.869669910520315 ], [ -8271317.114943738095462, -6103622.135670025832951 ], [ -8272987.252820380963385, -6104175.959929295815527 ], [ -8277162.065662547014654, -6101957.950535980984569 ], [ -8289158.51765383221209, -6097064.550436995923519 ], [ -8290828.636869090609252, -6096325.753010019659996 ], [ -8292962.640765820629895, -6094432.752696169540286 ], [ -8293024.764512882567942, -6092587.975124633871019 ], [ -8284025.909281992353499, -6082536.871030031703413 ], [ -8282882.768887233920395, -6081384.327407727017999 ], [ -8280840.952227056957781, -6080093.092435368336737 ], [ -8270266.161785545758903, -6074428.962444567121565 ], [ -8268085.075217181816697, -6073854.686448472552001 ], [ -8243023.153856799937785, -6082260.664729942567647 ], [ -8229619.073676473461092, -6087722.307498270645738 ], [ -8226619.442825252190232, -6088136.132111412473023 ] ] ], [ [ [ -8371342.356688944622874, -6083226.674647306092083 ], [ -8369335.604769145138562, -6079919.941550253890455 ], [ -8368830.665043057873845, -6077099.418406322598457 ], [ -8369107.17076859716326, -6075258.354607859626412 ], [ -8370144.109227474778891, -6073991.931316283531487 ], [ -8374906.027869136072695, -6072173.892107026651502 ], [ -8376915.784271718002856, -6071759.334574493579566 ], [ -8379203.072775969281793, -6071529.69079059921205 ], [ -8381120.660603388212621, -6070976.493283525109291 ], [ -8382467.191421487368643, -6069021.978177590295672 ], [ -8378276.348450528457761, -6064491.418224946595728 ], [ -8364453.469492285512388, -6056814.290043788030744 ], [ -8362536.870718217454851, -6057734.273885398171842 ], [ -8359166.568798203021288, -6062283.644408661872149 ], [ -8357744.907248442061245, -6065318.355187854729593 ], [ -8355720.109770406968892, -6071920.377736488357186 ], [ -8356291.185441111214459, -6074440.881786106154323 ], [ -8357930.252113534137607, -6077238.188049007207155 ], [ -8358951.160443613305688, -6078482.712402407079935 ], [ -8360418.91561165638268, -6079931.896300292573869 ], [ -8363650.95533820707351, -6081753.048930887132883 ], [ -8371342.356688944622874, -6083226.674647306092083 ] ] ], [ [ [ -8348652.894389018416405, -6071435.757471080869436 ], [ -8349582.623197260312736, -6071346.296796772629023 ], [ -8353940.784136439673603, -6067619.32608528714627 ], [ -8354869.523891350254416, -6066285.463669155724347 ], [ -8357497.438636288046837, -6056631.181215156801045 ], [ -8356307.21556989569217, -6055529.726675077341497 ], [ -8353724.386728518642485, -6055482.09848225209862 ], [ -8344633.362922440283, -6057481.211699165403843 ], [ -8343551.338560021482408, -6058146.687436113134027 ], [ -8341479.458410358987749, -6060628.90632289275527 ], [ -8339005.835987670347095, -6064857.94610483571887 ], [ -8338340.57631232123822, -6066836.860960916616023 ], [ -8339561.87058294005692, -6069114.385764412581921 ], [ -8343922.028290192596614, -6070837.824531535618007 ], [ -8348652.894389018416405, -6071435.757471080869436 ] ] ], [ [ [ -8288788.835638382472098, -5971097.00274601764977 ], [ -8289692.513154688291252, -5969297.514885828830302 ], [ -8289437.038808820769191, -5968322.023734577000141 ], [ -8292128.085015555843711, -5962683.440374215133488 ], [ -8292097.013811323791742, -5956891.03955300245434 ], [ -8291246.427932278253138, -5955437.286109103821218 ], [ -8284519.838791565038264, -5951646.603962887078524 ], [ -8282882.768887233920395, -5951102.489099042490125 ], [ -8279109.716979464516044, -5950649.588145351968706 ], [ -8275771.4566556410864, -5950921.627189093269408 ], [ -8273372.964964607730508, -5951533.38999077770859 ], [ -8272415.169434941373765, -5952782.029987776651978 ], [ -8272740.791922955773771, -5955232.793989242985845 ], [ -8273728.632280735298991, -5958389.172283368185163 ], [ -8274687.435525137931108, -5959819.866085950285196 ], [ -8286995.476643709465861, -5970003.40822930354625 ], [ -8288788.835638382472098, -5971097.00274601764977 ] ] ], [ [ [ -8256689.743724714964628, -5970594.386802290566266 ], [ -8258083.357214440591633, -5969685.068382457830012 ], [ -8262983.519388183020055, -5963297.483833777718246 ], [ -8263153.841839218512177, -5961138.909556959755719 ], [ -8262968.496974127367139, -5958911.672878280282021 ], [ -8261174.130264724604785, -5953598.372395694255829 ], [ -8259380.771270065568388, -5948333.875081285834312 ], [ -8258345.848240650258958, -5946520.003730974160135 ], [ -8257139.576384101994336, -5945475.040875122882426 ], [ -8255856.177027800120413, -5945113.526906124316156 ], [ -8241353.034641541540623, -5945929.151253974065185 ], [ -8235045.225617366842926, -5950830.444408657960594 ], [ -8244137.238476789556444, -5963818.79786457773298 ], [ -8246610.879560861736536, -5966456.815744677558541 ], [ -8247847.196245530620217, -5967457.125404983758926 ], [ -8249238.79430578649044, -5968274.87268977239728 ], [ -8254835.268697715364397, -5970276.052774197421968 ], [ -8256689.743724714964628, -5970594.386802290566266 ] ] ], [ [ [ -8212378.791465192101896, -5814379.326086171902716 ], [ -8215996.561997373588383, -5810983.408970765769482 ], [ -8217048.541531684808433, -5809822.787177179940045 ], [ -8230391.505679670721292, -5791841.017847434617579 ], [ -8230284.314690439961851, -5789166.909933052957058 ], [ -8228829.585168366320431, -5784846.978756970725954 ], [ -8227563.223655584268272, -5783331.982534555718303 ], [ -8225970.23194007948041, -5782776.531775740906596 ], [ -8220697.364606696180999, -5782576.019108631648123 ], [ -8218626.492171755991876, -5782842.90456367097795 ], [ -8208699.904900683090091, -5787208.01990105304867 ], [ -8203938.993973756209016, -5790861.949145416729152 ], [ -8202391.106823169626296, -5792642.562987453304231 ], [ -8201788.978609623387456, -5795431.844909673556685 ], [ -8202546.38819876499474, -5798330.433827084489167 ], [ -8208607.736325501464307, -5810359.667341572232544 ], [ -8210184.679250856861472, -5813351.434740125201643 ], [ -8211484.127397328615189, -5814244.677864115685225 ], [ -8212378.791465192101896, -5814379.326086171902716 ] ] ], [ [ [ -8202979.20167601108551, -5785160.110090429894626 ], [ -8204061.226038435474038, -5785069.20679020229727 ], [ -8214884.492806834168732, -5782040.821363177150488 ], [ -8217597.559446591883898, -5779960.92913624458015 ], [ -8218442.136360027827322, -5777901.720883253030479 ], [ -8218286.854984432458878, -5775677.217371336184442 ], [ -8212936.841489930637181, -5765140.351568068377674 ], [ -8211404.96580674033612, -5763962.685362378135324 ], [ -8210153.626708020456135, -5763584.098685413599014 ], [ -8205205.374147916212678, -5768383.360924988985062 ], [ -8201966.299079618416727, -5784266.922112943604589 ], [ -8202979.20167601108551, -5785160.110090429894626 ] ] ], [ [ [ -8322491.910822693258524, -5778837.538386447355151 ], [ -8323204.253169668838382, -5780438.323309700004756 ], [ -8324100.932667008601129, -5781818.669242206960917 ], [ -8327070.481367347761989, -5785558.407630790024996 ], [ -8339005.835987670347095, -5797102.110957339406013 ], [ -8340783.16485355142504, -5798061.62773700710386 ], [ -8348684.954646594822407, -5798664.258964299224317 ], [ -8351373.985423853620887, -5798352.103409874252975 ], [ -8355333.389911444857717, -5797058.751050503924489 ], [ -8356910.351498177275062, -5795980.877503146417439 ], [ -8358209.780983257107437, -5794562.186903196386993 ], [ -8358966.201519060879946, -5792643.988762468099594 ], [ -8360218.529671124182642, -5787586.191165298223495 ], [ -8359615.412404233589768, -5785871.564103499054909 ], [ -8358347.035461993888021, -5784936.45524244196713 ], [ -8345205.427646494470537, -5781238.810726011171937 ], [ -8343613.462307089008391, -5781929.744606848806143 ], [ -8344463.040471404790878, -5778510.207238775677979 ], [ -8347243.250770506449044, -5777787.822333701886237 ], [ -8350292.950114785693586, -5778955.774860646575689 ], [ -8354345.549553657881916, -5779288.897548305802047 ], [ -8356159.939928002655506, -5778788.519865211099386 ], [ -8357157.801448953337967, -5776477.275133327580988 ], [ -8361207.39640502166003, -5762072.7014334294945 ], [ -8360559.174573188647628, -5760519.853888575918972 ], [ -8358749.785449743270874, -5759052.152058507315814 ], [ -8356307.21556989569217, -5758341.424542934633791 ], [ -8346148.200762110762298, -5762429.668488582596183 ], [ -8344663.426411936990917, -5763227.085237209685147 ], [ -8342778.887895439751446, -5764738.678941948339343 ], [ -8335913.047507915645838, -5760830.680459020659328 ], [ -8326419.27371409535408, -5752083.896223848685622 ], [ -8320606.383252845145762, -5749288.072606424801052 ], [ -8318049.605703415349126, -5748901.463950186036527 ], [ -8316865.391602657735348, -5751596.536460406146944 ], [ -8316866.380656008608639, -5754147.196693156845868 ], [ -8317298.186418519355357, -5756656.87280254624784 ], [ -8322491.910822693258524, -5778837.538386447355151 ] ] ], [ [ [ -8204247.578618255443871, -5763339.376016370952129 ], [ -8205978.813865846954286, -5762161.948554771021008 ], [ -8206998.714481191709638, -5760986.124627566896379 ], [ -8208777.051061808131635, -5760564.456136311404407 ], [ -8213507.917160633951426, -5761029.281707816757262 ], [ -8215735.07868589181453, -5762006.51062089856714 ], [ -8217790.92870675586164, -5769538.565423872321844 ], [ -8221354.599886953830719, -5776488.821668971329927 ], [ -8227470.047365687787533, -5778614.016128757037222 ], [ -8228722.394179141148925, -5778146.845406490378082 ], [ -8229726.264665707014501, -5776477.275133327580988 ], [ -8231427.455085185356438, -5771362.429510580375791 ], [ -8231581.747407427988946, -5768916.286533558741212 ], [ -8230592.880673542618752, -5766429.05544160399586 ], [ -8229850.493498458527029, -5764960.403847003355622 ], [ -8226789.765276288613677, -5760118.363325024023652 ], [ -8225041.492185169830918, -5757987.515712758526206 ], [ -8208793.081190599128604, -5748246.152200495824218 ], [ -8207216.138265244662762, -5748556.549968022853136 ], [ -8205793.469000762328506, -5751020.093959305435419 ], [ -8205236.426690764725208, -5752615.845078544691205 ], [ -8204680.392095487564802, -5755191.255263222381473 ], [ -8204247.578618255443871, -5763339.376016370952129 ] ] ], [ [ [ -8240208.886532042175531, -5767360.793525294400752 ], [ -8245373.555161451920867, -5755011.482124009169638 ], [ -8248002.47762112505734, -5750265.430610340088606 ], [ -8249345.985295025631785, -5746271.862609120085835 ], [ -8248095.653911035507917, -5743436.183604649268091 ], [ -8247135.861613277345896, -5742193.900369935669005 ], [ -8243038.194932241924107, -5738714.963914178311825 ], [ -8241446.2109314519912, -5738294.376523694954813 ], [ -8233808.908932697027922, -5741042.243401409126818 ], [ -8233469.271745362319052, -5746451.432427850551903 ], [ -8233838.972422195598483, -5758253.6628427952528 ], [ -8234349.92111390363425, -5760629.215567612089217 ], [ -8235895.811496417038143, -5764717.064546067267656 ], [ -8239314.222464178688824, -5767183.644176608882844 ], [ -8240208.886532042175531, -5767360.793525294400752 ] ] ], [ [ [ -8307187.261997089721262, -5741485.936131552793086 ], [ -8308671.047293912619352, -5741307.884014634415507 ], [ -8314345.675561686977744, -5739956.761807657778263 ], [ -8315458.752466959878802, -5738869.995350772514939 ], [ -8315717.231295628473163, -5737526.434655759483576 ], [ -8315999.764648159965873, -5735680.816281197592616 ], [ -8316061.888395234942436, -5732715.090628113597631 ], [ -8315659.119746089912951, -5730765.772965218871832 ], [ -8314298.574228682555258, -5725145.329530443064868 ], [ -8313619.299854011274874, -5722359.361877176910639 ], [ -8312938.028711261227727, -5720767.580296208150685 ], [ -8312134.525503837503493, -5719309.29690043348819 ], [ -8310649.751153658144176, -5717453.093943473882973 ], [ -8309443.497958492487669, -5716480.768296290189028 ], [ -8308052.888951567932963, -5715683.205848223529756 ], [ -8301821.218373796902597, -5712679.757358788512647 ], [ -8299132.187596530653536, -5712747.04896920453757 ], [ -8297895.870911861769855, -5713740.459037669934332 ], [ -8297430.997177033685148, -5715375.36430835723877 ], [ -8298914.782473869621754, -5730511.906786561012268 ], [ -8302269.054265098646283, -5738869.995350772514939 ], [ -8303722.776072423905134, -5740199.424512029625475 ], [ -8305022.205557517707348, -5741085.303816387429833 ], [ -8307187.261997089721262, -5741485.936131552793086 ] ] ], [ [ [ -8237179.210852718912065, -5736345.254723872058094 ], [ -8243023.153856799937785, -5735238.829242279753089 ], [ -8244460.845535333268344, -5733908.723808692768216 ], [ -8247941.361588777974248, -5725057.894450858235359 ], [ -8250043.305227932520211, -5719220.478269524872303 ], [ -8250134.4660883853212, -5715948.091947649605572 ], [ -8244570.051954041235149, -5708990.558871828950942 ], [ -8240859.105131949298084, -5706717.397996684536338 ], [ -8238971.580794028006494, -5706541.47723170183599 ], [ -8233608.541653549298644, -5709388.312889060936868 ], [ -8228428.831948705017567, -5714623.713365940377116 ], [ -8226155.576805158518255, -5719309.29690043348819 ], [ -8226108.494133531115949, -5721827.802384144626558 ], [ -8227069.294146005995572, -5726694.901442185044289 ], [ -8229263.406360347755253, -5732768.18450643401593 ], [ -8236190.362780198454857, -5736345.254723872058094 ], [ -8237179.210852718912065, -5736345.254723872058094 ] ] ], [ [ [ -8288695.65934847202152, -5745030.601703372783959 ], [ -8290396.831106579862535, -5744376.992992895655334 ], [ -8291632.158737891353667, -5742238.410808191634715 ], [ -8292838.411933068186045, -5739269.084032665006816 ], [ -8293101.892012623138726, -5737143.223729879595339 ], [ -8292158.129843669012189, -5735238.829242279753089 ], [ -8289592.338845798745751, -5732271.834553966298699 ], [ -8287667.734338037669659, -5729427.734073744155467 ], [ -8287613.634986047632992, -5723287.938880614005029 ], [ -8288695.65934847202152, -5716523.710243563167751 ], [ -8289778.672764241695404, -5711466.089306155219674 ], [ -8289807.728539005853236, -5708926.173689119517803 ], [ -8289592.338845798745751, -5706761.758391014300287 ], [ -8289035.296535807661712, -5703849.972317822277546 ], [ -8288540.359311494976282, -5702039.877708564512432 ], [ -8287366.166373893618584, -5698597.985859878361225 ], [ -8285913.452281290665269, -5695554.583675869740546 ], [ -8284072.991953612305224, -5692645.007179054431617 ], [ -8281583.33940214663744, -5691696.787699700333178 ], [ -8271317.114943738095462, -5696657.512045463547111 ], [ -8269462.658578116446733, -5698157.85767528694123 ], [ -8268271.427797000855207, -5699656.99081096611917 ], [ -8266678.436081483960152, -5702879.09946427680552 ], [ -8266030.232911026105285, -5704333.290796091780066 ], [ -8264947.200833878479898, -5707512.721366183832288 ], [ -8262349.330917054787278, -5715729.024287168867886 ], [ -8261020.845657209865749, -5722227.543272307142615 ], [ -8263123.778349720872939, -5728109.952724730595946 ], [ -8264020.45784704759717, -5729483.639723778702319 ], [ -8281243.702214810065925, -5742993.838242966681719 ], [ -8282541.134931818582118, -5743878.577703460119665 ], [ -8288695.65934847202152, -5745030.601703372783959 ] ] ], [ [ [ -8198959.670209438540041, -5742150.807843980379403 ], [ -8199948.518281946890056, -5741972.74242979567498 ], [ -8201881.147184799425304, -5740798.140252499841154 ], [ -8213369.654967163689435, -5727668.340968608856201 ], [ -8213956.742105275392532, -5710823.519300047308207 ], [ -8213987.813309506513178, -5708285.225308236666024 ], [ -8213678.220950284972787, -5705658.994984909892082 ], [ -8213090.126097438856959, -5703937.199968433007598 ], [ -8211947.993417410179973, -5701731.067976999096572 ], [ -8205900.65998999401927, -5692777.82657400239259 ], [ -8204695.414509545080364, -5691808.181257460266352 ], [ -8202391.106823169626296, -5691409.772147986106575 ], [ -8200444.463220987468958, -5691543.982889557257295 ], [ -8192280.16374034434557, -5694188.951527024619281 ], [ -8191113.995197834447026, -5695974.599045224487782 ], [ -8190797.404819633811712, -5701552.396181436255574 ], [ -8194445.220179928466678, -5731962.00392721965909 ], [ -8195218.678559231571853, -5734617.502466925419867 ], [ -8196996.007425112649798, -5740266.897364686243236 ], [ -8198187.23820623382926, -5741883.697684242390096 ], [ -8198959.670209438540041, -5742150.807843980379403 ] ] ], [ [ [ -8237581.979501850903034, -5690221.804910548962653 ], [ -8235061.255746152251959, -5690177.553064943291247 ], [ -8233777.856389855965972, -5690618.725024708546698 ], [ -8232541.539705187082291, -5691588.268088274635375 ], [ -8231520.631375101394951, -5692777.82657400239259 ], [ -8228489.947981031611562, -5694233.223209856078029 ], [ -8226991.14027015119791, -5695488.858270297758281 ], [ -8225505.358205251395702, -5696260.324012952856719 ], [ -8223898.351790403947234, -5695886.012054434977472 ], [ -8221193.290884359739721, -5693704.744294250383973 ], [ -8219337.826804009266198, -5692999.205479867756367 ], [ -8217596.570393234491348, -5694310.353305457159877 ], [ -8217142.706874940544367, -5696746.106675940565765 ], [ -8217945.221029018983245, -5699965.7289226539433 ], [ -8219151.474224182777107, -5702700.378094463609159 ], [ -8219924.91394211538136, -5704796.630933361127973 ], [ -8220790.540896593593061, -5706166.734653497114778 ], [ -8221903.617801867425442, -5708129.285566747188568 ], [ -8222568.877477209083736, -5711242.839902605861425 ], [ -8224036.61398386862129, -5711663.593042286112905 ], [ -8226293.83899862319231, -5710073.69060330092907 ], [ -8227407.923618612810969, -5709984.990447434596717 ], [ -8229108.106323374435306, -5709409.76679165288806 ], [ -8230252.254432856105268, -5707820.292026675306261 ], [ -8231087.817897848784924, -5706518.591534854844213 ], [ -8233344.03519787453115, -5705879.254393227398396 ], [ -8235509.091637447476387, -5705746.240291435271502 ], [ -8237534.878168833442032, -5704886.718019123189151 ], [ -8239064.757083938457072, -5704180.269967374391854 ], [ -8242729.610287741757929, -5703340.926062951795757 ], [ -8243920.841068862006068, -5703716.988410904072225 ], [ -8245683.128859302960336, -5705215.642149545252323 ], [ -8248156.769943367689848, -5705923.583986946381629 ], [ -8249888.005190960131586, -5707755.915276426821947 ], [ -8251063.205843289382756, -5710823.519300047308207 ], [ -8252100.144302172586322, -5712635.394228941760957 ], [ -8253135.085992964915931, -5713209.38590201176703 ], [ -8253723.180845791473985, -5712171.67407806776464 ], [ -8253566.891755469143391, -5710359.893205508589745 ], [ -8253320.430858043953776, -5708681.53554532956332 ], [ -8253011.864874940365553, -5706099.492589027620852 ], [ -8252469.844978987239301, -5703692.671719796955585 ], [ -8251497.027035270817578, -5702458.75972618162632 ], [ -8249879.999457266181707, -5701189.285382735542953 ], [ -8249803.842349492013454, -5697782.029038058593869 ], [ -8248868.104575616307557, -5695643.140775305218995 ], [ -8247352.259021216072142, -5693571.911142348311841 ], [ -8246239.182115949690342, -5691499.72450746409595 ], [ -8245651.068601726554334, -5689780.652509992010891 ], [ -8244337.624417321756482, -5688348.818777215667069 ], [ -8242730.618002476170659, -5688106.151926837861538 ], [ -8241137.626286951825023, -5689165.351820172742009 ], [ -8239622.788447286933661, -5689957.679950492456555 ], [ -8237581.979501850903034, -5690221.804910548962653 ] ] ], [ [ [ -8227069.294146005995572, -5690266.0835687732324 ], [ -8228799.540340266190469, -5690134.710891545750201 ], [ -8236715.344832624308765, -5687755.018495171330869 ], [ -8239651.84422205016017, -5686720.255943982861936 ], [ -8240302.062821958214045, -5685243.248683760873973 ], [ -8239652.851936785504222, -5683130.17968063428998 ], [ -8238106.961554266512394, -5681963.290155493654311 ], [ -8233066.521757614798844, -5680180.434228710830212 ], [ -8230793.26661407481879, -5679849.586621647700667 ], [ -8219477.078050812706351, -5680049.235952355898917 ], [ -8218084.472275821492076, -5680840.758094359189272 ], [ -8217760.865217257291079, -5683130.17968063428998 ], [ -8217977.281286582350731, -5686036.665238546207547 ], [ -8225784.887074987404048, -5690001.930709294974804 ], [ -8227069.294146005995572, -5690266.0835687732324 ] ] ], [ [ [ -8277439.579102821648121, -5685992.407489381730556 ], [ -8280276.893236702308059, -5685099.112241678871214 ], [ -8280810.888737571425736, -5684362.864499661140144 ], [ -8291323.574093404226005, -5678111.343142219819129 ], [ -8292528.819573841057718, -5677143.284082316793501 ], [ -8294137.841418149881065, -5675471.143426383845508 ], [ -8296209.721567812375724, -5672656.438139135949314 ], [ -8296658.565173849463463, -5671030.723952738568187 ], [ -8295846.029856607317924, -5668841.251145121641457 ], [ -8294323.186283241957426, -5667337.264972600154579 ], [ -8292064.953553759492934, -5666457.204830366186798 ], [ -8290272.602273820899427, -5666193.779152847826481 ], [ -8288324.950956905260682, -5666105.51259225141257 ], [ -8283314.574649739079177, -5666105.51259225141257 ], [ -8281118.465667329728603, -5666787.585295677185059 ], [ -8279634.699031891301274, -5668084.955522426404059 ], [ -8277750.160515394061804, -5670502.178849339485168 ], [ -8276434.700901521369815, -5672920.053626075387001 ], [ -8272228.835516505874693, -5683526.785606227815151 ], [ -8273388.995093400590122, -5684759.525003095157444 ], [ -8275244.477835135534406, -5685551.46339654084295 ], [ -8277439.579102821648121, -5685992.407489381730556 ] ] ], [ [ [ -8230902.473032756708562, -5663864.554126276634634 ], [ -8228954.821715859696269, -5663777.715780707076192 ], [ -8224996.406281614676118, -5663028.978701540268958 ], [ -8221842.501769533380866, -5662590.567359926179051 ], [ -8218842.889579696580768, -5663030.410413696430624 ], [ -8217358.115229522809386, -5663820.432187096215785 ], [ -8216245.038324255496264, -5664875.334708424285054 ], [ -8214699.129280359484255, -5667600.724214809015393 ], [ -8213648.176122171804309, -5670767.163982109166682 ], [ -8213400.707510012201965, -5673735.181982040405273 ], [ -8214544.85561949852854, -5676198.111240453086793 ], [ -8215625.872267182916403, -5676702.748648858629167 ], [ -8223727.040286031551659, -5676748.367889727465808 ], [ -8233376.095455451868474, -5677100.504195229150355 ], [ -8237705.200619868002832, -5677935.983731592074037 ], [ -8239205.016045476309955, -5677714.976802517659962 ], [ -8252469.844978987239301, -5672590.88051684293896 ], [ -8253660.068045378662646, -5671074.88135433755815 ], [ -8256134.698182802647352, -5661053.48642129637301 ], [ -8253613.974427109584212, -5657759.623960795812309 ], [ -8246812.25455473177135, -5654774.101465743966401 ], [ -8245063.981463614851236, -5654599.197403114289045 ], [ -8243534.121209893375635, -5655323.072808676399291 ], [ -8242529.224347209557891, -5656486.502775169909 ], [ -8241739.754500503651798, -5658835.147875468246639 ], [ -8241137.626286951825023, -5660834.326292106881738 ], [ -8240147.770499715581536, -5662018.40594498347491 ], [ -8238817.288471785373986, -5662896.599339378997684 ], [ -8236993.865987626835704, -5663381.982199884951115 ], [ -8235045.225617366842926, -5663732.162443988956511 ], [ -8230902.473032756708562, -5663864.554126276634634 ] ] ], [ [ [ -8272507.356671508401632, -5669819.823760978877544 ], [ -8273883.932317708618939, -5669534.914210861548781 ], [ -8275091.193227619864047, -5668601.950491460040212 ], [ -8280840.952227056957781, -5663910.108134732581675 ], [ -8282541.134931818582118, -5662372.801323147490621 ], [ -8283530.990719062276185, -5661185.838615308515728 ], [ -8284413.63685567677021, -5659428.467562154866755 ], [ -8284274.385608874261379, -5656970.108603200875223 ], [ -8282742.509925683028996, -5648631.294854351319373 ], [ -8281319.840661199763417, -5645891.752326398156583 ], [ -8278398.382347216829658, -5645692.861033766530454 ], [ -8276944.660539891570807, -5646461.458908065222204 ], [ -8267947.820738445036113, -5654973.22022960614413 ], [ -8271286.062400889582932, -5668873.989668718539178 ], [ -8272507.356671508401632, -5669819.823760978877544 ] ] ], [ [ [ -8213772.404954911209643, -5627252.941638516262174 ], [ -8212689.372877764515579, -5628346.11270206887275 ], [ -8211699.517090520821512, -5629484.796367514878511 ], [ -8210802.837593194097281, -5630754.102583236992359 ], [ -8206350.511310753412545, -5638067.07165389508009 ], [ -8204618.2683484274894, -5642626.136047430336475 ], [ -8204432.923483334481716, -5644509.50112407002598 ], [ -8204494.039515662007034, -5646570.863214681856334 ], [ -8204802.605498784221709, -5650912.488407992757857 ], [ -8207742.109371023252606, -5666413.07014630548656 ], [ -8214544.85561949852854, -5664217.616996022872627 ], [ -8218679.583809011615813, -5659291.87441367097199 ], [ -8223375.385167452506721, -5659146.749781966209412 ], [ -8229666.156348095275462, -5660790.219239616766572 ], [ -8231643.85249312594533, -5660834.326292106881738 ], [ -8235972.957657542079687, -5660481.42292589135468 ], [ -8237456.742954364046454, -5659735.796489246189594 ], [ -8238694.048692378215492, -5658769.691117840819061 ], [ -8239838.196801871061325, -5656706.961065262556076 ], [ -8249886.997476226650178, -5644992.489608911797404 ], [ -8253320.430858043953776, -5646877.779302050359547 ], [ -8260835.500792130827904, -5648632.697803650982678 ], [ -8262658.923276288434863, -5648258.965136955492198 ], [ -8263756.977767486125231, -5647184.679395721293986 ], [ -8264453.271324299275875, -5643238.254581298679113 ], [ -8265116.51557017955929, -5638241.654558544047177 ], [ -8265008.316866218112409, -5636666.168396613560617 ], [ -8264251.896330429241061, -5633423.768893103115261 ], [ -8262628.859786790795624, -5631236.327311307191849 ], [ -8258825.744389523752034, -5627383.371507369913161 ], [ -8257309.89883513841778, -5626115.965713875368237 ], [ -8255207.973857342265546, -5625634.014852252788842 ], [ -8252640.167430034838617, -5625764.421300427056849 ], [ -8251557.135352869518101, -5626376.820844993926585 ], [ -8249547.378950287587941, -5627077.14554838091135 ], [ -8244476.875664125196636, -5626596.542820966802537 ], [ -8235787.612792450003326, -5625021.665758668445051 ], [ -8233344.03519787453115, -5624321.474294703453779 ], [ -8231953.444852347485721, -5623490.988135492429137 ], [ -8229177.246750799939036, -5621674.348513719625771 ], [ -8227839.729381130076945, -5620647.165606747381389 ], [ -8226124.524262322112918, -5620275.990852667018771 ], [ -8223727.040286031551659, -5620647.165606747381389 ], [ -8221728.294099945574999, -5621368.289979048073292 ], [ -8220575.132542022503912, -5621959.145083662122488 ], [ -8213772.404954911209643, -5627252.941638516262174 ] ] ], [ [ [ -8242311.819224553182721, -5621041.024423390626907 ], [ -8244199.362223851494491, -5621172.789540071971714 ], [ -8253073.96996062528342, -5621128.850027307868004 ], [ -8258824.73667480237782, -5620669.833463557995856 ], [ -8260835.500792130827904, -5621259.217734824866056 ], [ -8262195.038594811223447, -5622004.487448738887906 ], [ -8268503.855333720333874, -5626376.820844993926585 ], [ -8269615.943185624666512, -5626290.34358854405582 ], [ -8277795.24641892965883, -5624080.55679780151695 ], [ -8278367.31114299595356, -5622680.400752632878721 ], [ -8276790.368217635899782, -5618637.051380568183959 ], [ -8259998.92961238976568, -5602346.007861515507102 ], [ -8258390.934144206345081, -5601166.926310235634446 ], [ -8256381.159080226905644, -5600556.234370940364897 ], [ -8254371.402677633799613, -5600643.88731190841645 ], [ -8234288.805081570520997, -5605923.773056669160724 ], [ -8232850.105688297189772, -5607233.640734101645648 ], [ -8228614.176813789643347, -5612647.59692451544106 ], [ -8227856.767224649898708, -5614506.300671900622547 ], [ -8229108.106323374435306, -5615882.532774358987808 ], [ -8233066.521757614798844, -5618285.771961595863104 ], [ -8235446.96789038553834, -5619074.725361524149776 ], [ -8242311.819224553182721, -5621041.024423390626907 ] ] ], [ [ [ -8358485.29765544552356, -5610071.816321672871709 ], [ -8359569.318785950541496, -5609985.495185208506882 ], [ -8361254.479076650924981, -5608893.123064510524273 ], [ -8364949.395769950002432, -5597938.675655321218073 ], [ -8365443.325279529206455, -5596367.367085821926594 ], [ -8365690.775230305269361, -5594625.376051432453096 ], [ -8365413.261790031567216, -5592574.452818208374083 ], [ -8364237.053422967903316, -5590439.253523888066411 ], [ -8361803.496991562657058, -5587084.950117936357856 ], [ -8359244.722674055956304, -5586410.300465984269977 ], [ -8357558.554668622091413, -5587475.955497583374381 ], [ -8351529.266799448058009, -5597610.810244490392506 ], [ -8351529.266799448058009, -5604921.008838619105518 ], [ -8356693.935428858734667, -5609810.035192069597542 ], [ -8358485.29765544552356, -5610071.816321672871709 ] ] ], [ [ [ -8242311.819224553182721, -5599333.578924643807113 ], [ -8245126.086549297906458, -5599117.3362667998299 ], [ -8256659.680235216394067, -5594362.647326751612127 ], [ -8258189.540488944388926, -5592574.452818208374083 ], [ -8256165.750725637190044, -5591180.591290382668376 ], [ -8251681.364185634069145, -5590570.573141261935234 ], [ -8249920.065448543988168, -5590265.566333508118987 ], [ -8246517.703270951285958, -5589568.089605038054287 ], [ -8244971.812888439744711, -5589044.300744366832078 ], [ -8242250.703192219138145, -5587521.125173643231392 ], [ -8240302.062821958214045, -5586168.945732017047703 ], [ -8238261.235215125605464, -5585624.192756440490484 ], [ -8233809.916647432371974, -5586736.340678248554468 ], [ -8232834.094220883212984, -5588653.253923401236534 ], [ -8233560.451267193071544, -5594864.114537513814867 ], [ -8234828.828209438361228, -5596324.969224769622087 ], [ -8236190.362780198454857, -5597110.585703900083899 ], [ -8240163.800628500059247, -5598896.834104376845062 ], [ -8242311.819224553182721, -5599333.578924643807113 ] ] ], [ [ [ -8216879.22679537255317, -5616385.222063944675028 ], [ -8218254.794726855121553, -5616058.137194560840726 ], [ -8219708.516534187830985, -5615313.332078993320465 ], [ -8220324.659447054378688, -5614823.439955129288137 ], [ -8223450.515899114310741, -5611774.29044414870441 ], [ -8224563.611465745605528, -5610684.548779230564833 ], [ -8228057.134503786452115, -5606622.538735360838473 ], [ -8229202.290328013710678, -5604570.288919484242797 ], [ -8229850.493498458527029, -5603129.329569413326681 ], [ -8230614.938429339788854, -5591485.602632072754204 ], [ -8229911.609530786052346, -5589044.300744366832078 ], [ -8228196.404411984607577, -5586976.264558615162969 ], [ -8226541.307610783725977, -5585951.624192398041487 ], [ -8224902.240938354283571, -5585560.684625831432641 ], [ -8222506.753730148077011, -5585408.277443773113191 ], [ -8220202.446043765172362, -5586452.625616653822362 ], [ -8219120.42168134637177, -5588041.98620567843318 ], [ -8212070.225482089444995, -5606141.601307734847069 ], [ -8211513.183172090910375, -5610902.491864231415093 ], [ -8212163.383110615424812, -5613041.106769697740674 ], [ -8212936.841489930637181, -5614527.555459289811552 ], [ -8214669.084452256560326, -5616012.824702594429255 ], [ -8216879.22679537255317, -5616385.222063944675028 ] ] ], [ [ [ -8199300.315111501142383, -5597087.97689247969538 ], [ -8202128.615796959958971, -5596586.360071117989719 ], [ -8203375.942698130384088, -5595909.580705295316875 ], [ -8207308.306840427219868, -5593491.105665219016373 ], [ -8209396.217118880711496, -5591769.449171125888824 ], [ -8210230.77286914549768, -5585429.437652917578816 ], [ -8209442.292075767181814, -5583239.499936592765152 ], [ -8196903.820188554935157, -5580007.758284612558782 ], [ -8195371.96316675376147, -5579985.192143887281418 ], [ -8193857.125327088870108, -5581205.236676650121808 ], [ -8193502.465725696645677, -5582903.704791291616857 ], [ -8195202.648430452682078, -5594536.386859784834087 ], [ -8197166.311214764602482, -5596628.759157391265035 ], [ -8199300.315111501142383, -5597087.97689247969538 ] ] ], [ [ [ -8280501.315039720386267, -5599552.643749076873064 ], [ -8282541.134931818582118, -5599247.360298386774957 ], [ -8289405.986265986226499, -5594830.222919371910393 ], [ -8296270.8376001464203, -5583905.450749173760414 ], [ -8296433.135656101629138, -5581639.709822409786284 ], [ -8295249.929270072840154, -5579769.411186566576362 ], [ -8294013.612585390917957, -5578899.272889104671776 ], [ -8287382.196502679027617, -5576722.178559149615467 ], [ -8285201.109934320673347, -5577766.944187347777188 ], [ -8272492.31559606641531, -5595977.398473239503801 ], [ -8272539.416929072700441, -5597633.420362908393145 ], [ -8279604.635542393662035, -5599422.615327659994364 ], [ -8280501.315039720386267, -5599552.643749076873064 ] ] ], [ [ [ -8289592.338845798745751, -5574328.537728442810476 ], [ -8293798.204230815172195, -5574067.78849183395505 ], [ -8307650.138963820412755, -5574155.185381848365068 ], [ -8312722.620356671512127, -5571545.219366903416812 ], [ -8312629.462728151120245, -5569502.321322921663523 ], [ -8311979.244128243997693, -5567937.353680930100381 ], [ -8307494.838926842436194, -5563198.994184801355004 ], [ -8305825.727426311932504, -5562199.532679250463843 ], [ -8303600.544007756747305, -5561808.226193822920322 ], [ -8302022.593367661349475, -5561895.478869241662323 ], [ -8299177.273500079289079, -5562459.941087128594518 ], [ -8290798.592040977440774, -5564371.727938828058541 ], [ -8289004.225331574678421, -5565348.898871877230704 ], [ -8288161.645186232402921, -5572850.095361955463886 ], [ -8289592.338845798745751, -5574328.537728442810476 ] ] ], [ [ [ -8266926.91240837238729, -5591266.706766111776233 ], [ -8268967.721353801898658, -5590961.702801187522709 ], [ -8271998.404747871682048, -5589873.046612217091024 ], [ -8274069.277182799763978, -5588608.078598742373288 ], [ -8275244.477835135534406, -5587650.982674424536526 ], [ -8276853.481018059886992, -5585995.366732168011367 ], [ -8279295.061844543553889, -5582804.950065205805004 ], [ -8283686.272094655781984, -5573196.805976126343012 ], [ -8283747.388126984238625, -5571240.878540759906173 ], [ -8283392.728525604121387, -5564567.421211496926844 ], [ -8282078.257965074852109, -5563198.994184801355004 ], [ -8266926.91240837238729, -5559158.194508443586528 ], [ -8265194.669446032494307, -5558855.657792680896819 ], [ -8258391.923197557218373, -5558899.269845006987453 ], [ -8255392.311007718555629, -5558941.493011039681733 ], [ -8237658.117948240600526, -5559940.595991518348455 ], [ -8233902.085222595371306, -5561201.596830330789089 ], [ -8232447.355700547806919, -5561939.131739369593561 ], [ -8229758.324923275969923, -5563677.630417231470346 ], [ -8228675.292846123687923, -5564720.894684594124556 ], [ -8227190.518495957367122, -5566458.535969184711576 ], [ -8225923.149268439039588, -5568413.432528585195541 ], [ -8224285.090310757979751, -5571023.888402607291937 ], [ -8223626.847315764985979, -5573395.498552646487951 ], [ -8239405.383324624039233, -5577723.24135678075254 ], [ -8258268.702079532667994, -5586126.621907236985862 ], [ -8260989.793114374391735, -5587650.982674424536526 ], [ -8266926.91240837238729, -5591266.706766111776233 ] ] ], [ [ [ -8325121.840997081249952, -5572502.033077722415328 ], [ -8326187.835230714641511, -5571915.817189265973866 ], [ -8328430.037831425666809, -5568328.924479689449072 ], [ -8328924.956394348293543, -5566762.742653253488243 ], [ -8329481.998704346828163, -5563242.627100520767272 ], [ -8329544.122451420873404, -5560331.822008864022791 ], [ -8329327.706382103264332, -5554209.238306527025998 ], [ -8328523.214121334254742, -5552170.210095150396228 ], [ -8327502.287129865027964, -5551020.130365408025682 ], [ -8325832.167914600111544, -5551020.130365408025682 ], [ -8319865.003792496398091, -5554600.217593897134066 ], [ -8318875.148005252704024, -5556250.112771981395781 ], [ -8318473.387070848606527, -5558420.885385380126536 ], [ -8318658.731935927644372, -5560548.556680730544031 ], [ -8320236.701237407512963, -5570024.981884056702256 ], [ -8322803.49995, -5571719.939130731858313 ], [ -8324164.045467420481145, -5572458.329368313774467 ], [ -8325121.840997081249952, -5572502.033077722415328 ] ] ], [ [ [ -8209319.070957755669951, -5581248.956302035599947 ], [ -8210771.78505034558475, -5581161.517262239009142 ], [ -8217854.041507174260914, -5571284.550139429047704 ], [ -8218223.742184006609023, -5556380.938240178860724 ], [ -8217744.835088484920561, -5553971.567794685252011 ], [ -8216090.746002011932433, -5552451.440816986374557 ], [ -8205314.561905233189464, -5549805.550001464784145 ], [ -8203395.985024470835924, -5549955.946495107375085 ], [ -8201526.48758340626955, -5550868.302219797857106 ], [ -8199733.128588747233152, -5552572.363797487691045 ], [ -8196223.556760527193546, -5561635.086648497730494 ], [ -8191955.567628460936248, -5574633.008443616330624 ], [ -8192156.942622332833707, -5576307.688250808045268 ], [ -8193377.229178216308355, -5577201.55508725810796 ], [ -8205514.947845753282309, -5580988.007916168309748 ], [ -8209319.070957755669951, -5581248.956302035599947 ] ] ], [ [ [ -8273883.932317708618939, -5555902.660163342952728 ], [ -8274841.727847380563617, -5555686.03630369156599 ], [ -8276109.097074897959828, -5554579.102972917258739 ], [ -8277717.092543076723814, -5552430.357377745211124 ], [ -8278583.727212307974696, -5550693.98317236546427 ], [ -8278692.933631002902985, -5548807.560524748638272 ], [ -8277995.632359461858869, -5547288.29661379288882 ], [ -8270189.015624420717359, -5543602.945031228475273 ], [ -8259072.205286943353713, -5542628.109215944074094 ], [ -8253135.085992964915931, -5551042.624609527178109 ], [ -8258762.612927727401257, -5552604.709723422303796 ], [ -8270513.611736315302551, -5555207.820999032817781 ], [ -8273883.932317708618939, -5555902.660163342952728 ] ] ], [ [ [ -8242684.524384200572968, -5552213.816263129934669 ], [ -8245405.61541903577745, -5551561.421741747297347 ], [ -8248899.157118451781571, -5550521.055276054888964 ], [ -8251063.205843289382756, -5549350.107826 ], [ -8252053.061630546115339, -5548221.458355610258877 ], [ -8252578.043682959862053, -5546183.798504693433642 ], [ -8252053.061630546115339, -5535087.236720505170524 ], [ -8240456.355144201777875, -5536775.690680740401149 ], [ -8237581.979501850903034, -5537296.472681541927159 ], [ -8235323.746772368438542, -5538336.713944996707141 ], [ -8234117.493577190674841, -5539290.037226332351565 ], [ -8232943.281978205777705, -5540806.553635961376131 ], [ -8232201.902517851442099, -5542670.256885514594615 ], [ -8231550.676203215494752, -5545097.700755502097309 ], [ -8231335.286510010249913, -5547917.898040601052344 ], [ -8231799.15253010392189, -5550303.171856832690537 ], [ -8233344.03519787453115, -5551433.467712354846299 ], [ -8235169.454450112767518, -5551606.41296430490911 ], [ -8239838.196801871061325, -5551997.280306566506624 ], [ -8242684.524384200572968, -5552213.816263129934669 ] ] ], [ [ [ -8282356.779120077379048, -5551084.811287278309464 ], [ -8294757.007475222460926, -5548134.336869793944061 ], [ -8296704.640130742453039, -5546313.065857246518135 ], [ -8297322.798473079688847, -5544839.202423538081348 ], [ -8298760.4901516251266, -5539591.92369326017797 ], [ -8298042.15750041231513, -5537307.715918945148587 ], [ -8295592.570940216071904, -5534653.572741761803627 ], [ -8294029.642714183777571, -5533571.672431421466172 ], [ -8272723.754079435952008, -5527077.22100736387074 ], [ -8267135.285421214997768, -5528947.939153269864619 ], [ -8263277.062957235611975, -5535346.869907104410231 ], [ -8262008.704676381312311, -5537772.361382308416069 ], [ -8262087.847605585120618, -5539419.206689755432308 ], [ -8264731.792479283176363, -5540374.029602000489831 ], [ -8274565.203460464254022, -5542887.95754696149379 ], [ -8282108.32145457342267, -5544535.728787926957011 ], [ -8283563.050976626574993, -5545142.660012505948544 ], [ -8282356.779120077379048, -5551084.811287278309464 ] ] ], [ [ [ -8103904.738780113868415, -5563113.118716144934297 ], [ -8104925.647110206075013, -5564242.203446628525853 ], [ -8106192.027284366078675, -5565110.936691442504525 ], [ -8108295.967691604979336, -5565567.14345068950206 ], [ -8115316.100401358678937, -5564850.452233582735062 ], [ -8116552.417086035013199, -5563894.444965236820281 ], [ -8118068.262640433385968, -5562199.532679250463843 ], [ -8123949.267152978107333, -5560027.856937430799007 ], [ -8123758.902375609613955, -5562157.294363326393068 ], [ -8122752.027406229637563, -5563786.037043981254101 ], [ -8115995.374776029959321, -5568457.090518816374242 ], [ -8112595.009366523474455, -5569544.593833834864199 ], [ -8108164.722178496420383, -5570468.760553990490735 ], [ -8107212.935614450834692, -5572937.480517405085266 ], [ -8108775.863840477541089, -5576330.245237538591027 ], [ -8110506.091373342089355, -5578985.297935114242136 ], [ -8111896.700380260124803, -5580377.283549500629306 ], [ -8112377.60424386151135, -5580988.007916168309748 ], [ -8117850.838856380432844, -5585210.714448311366141 ], [ -8123030.548561232164502, -5587934.70899473130703 ], [ -8130528.580651787109673, -5595998.583406021818519 ], [ -8131673.71781463176012, -5598461.558190369978547 ], [ -8132910.034499298781157, -5600512.421384039334953 ], [ -8133961.006318882107735, -5601646.177089062519372 ], [ -8141381.892248319461942, -5607648.127004444599152 ], [ -8148216.680092986673117, -5610858.628682234324515 ], [ -8151339.532062221318483, -5611951.212219084613025 ], [ -8155344.022453371435404, -5612583.898719164542854 ], [ -8157153.411576822400093, -5612255.527890241704881 ], [ -8158761.425706397742033, -5611120.440209100954235 ], [ -8170603.604036808945239, -5597370.577936968766153 ], [ -8171485.242458696477115, -5595627.02530260104686 ], [ -8171748.74119964055717, -5593838.58090687263757 ], [ -8170975.282820325344801, -5592379.548136288300157 ], [ -8159997.742391066625714, -5588392.092123491689563 ], [ -8158080.154563647694886, -5589175.600126195698977 ], [ -8156873.901368463411927, -5590134.251141113229096 ], [ -8155065.501298368908465, -5592074.480359710752964 ], [ -8150395.769893272779882, -5590963.123113167472184 ], [ -8149360.828202474862337, -5590155.448697947897017 ], [ -8152360.440392311662436, -5587432.179513174109161 ], [ -8159595.981456662528217, -5584318.895754644647241 ], [ -8164187.577647290192544, -5587193.636981850489974 ], [ -8165408.871917901560664, -5588653.253923401236534 ], [ -8166585.080284965224564, -5589655.609847428277135 ], [ -8167928.58795886579901, -5589741.737113979645073 ], [ -8169645.808507130481303, -5588697.009516789577901 ], [ -8170835.023858793079853, -5587193.636981850489974 ], [ -8174406.719434076920152, -5579724.280148350633681 ], [ -8175861.430294752120972, -5575939.746817826293409 ], [ -8177863.180963645689189, -5565981.14325947035104 ], [ -8173479.976447232998908, -5559376.29033784288913 ], [ -8172521.19186422880739, -5558160.592760786414146 ], [ -8169118.811025258153677, -5557421.949531133286655 ], [ -8167867.471926533617079, -5557618.908198825083673 ], [ -8156967.07765837945044, -5555598.843251793645322 ], [ -8155576.468651474453509, -5548352.168328052386642 ], [ -8155096.572502582333982, -5542215.171796419657767 ], [ -8155329.000039313919842, -5539896.618704321794212 ], [ -8154958.31030912976712, -5537989.971084889955819 ], [ -8152762.201326722279191, -5531840.303346825763583 ], [ -8151619.060931957326829, -5530238.302527023479342 ], [ -8150194.394899389706552, -5529588.891888126730919 ], [ -8147876.053852306678891, -5528807.685321648605168 ], [ -8136033.875521883368492, -5524870.460960493423045 ], [ -8126107.306912194937468, -5522448.400404418818653 ], [ -8124839.937684690579772, -5522838.01813253108412 ], [ -8111604.145864551886916, -5533700.760810450650752 ], [ -8102761.598385362885892, -5536819.223129265010357 ], [ -8100657.657978122122586, -5538531.873747047036886 ], [ -8095773.525933165103197, -5546833.006654002703726 ], [ -8094968.00729628559202, -5548655.769318635575473 ], [ -8095277.59965549968183, -5550456.404549564234912 ], [ -8103904.738780113868415, -5563113.118716144934297 ] ] ], [ [ [ -8230176.115986465476453, -5535174.233403574675322 ], [ -8232340.164711304008961, -5534589.034641589038074 ], [ -8234000.262763411737978, -5532980.931520964019001 ], [ -8245590.960284107364714, -5526774.364759292453527 ], [ -8247197.966698960401118, -5524946.158271048218012 ], [ -8249501.285332003608346, -5516156.544667238369584 ], [ -8247568.675090522505343, -5515356.898378669284284 ], [ -8229982.746726294979453, -5520902.702208638191223 ], [ -8229464.781354230828583, -5533658.654640887863934 ], [ -8230176.115986465476453, -5535174.233403574675322 ] ] ], [ [ [ -8221594.044104028493166, -5517950.767103343270719 ], [ -8232633.708280369639397, -5515854.050755114294589 ], [ -8233994.253797789104283, -5514298.254101833328605 ], [ -8234566.318521844223142, -5508941.186679781414568 ], [ -8217327.062686680816114, -5507320.814318832941353 ], [ -8215487.610073731280863, -5507839.917289084754884 ], [ -8214605.971651826053858, -5513542.165944377891719 ], [ -8214822.369059773162007, -5515940.864125796593726 ], [ -8216369.267157014459372, -5517041.702150953002274 ], [ -8218008.333829430863261, -5517475.912018509581685 ], [ -8220605.196031520143151, -5517907.350755054503679 ], [ -8221594.044104028493166, -5517950.767103343270719 ] ] ], [ [ [ -8238447.587794952094555, -5517041.702150953002274 ], [ -8240396.246826603077352, -5516914.258184166625142 ], [ -8241723.724371712654829, -5516265.795536221005023 ], [ -8246053.837250858545303, -5512462.740897411480546 ], [ -8247909.301331213675439, -5509859.221141212619841 ], [ -8251497.027035270817578, -5496434.889975661411881 ], [ -8244693.291733442805707, -5488920.881555408239365 ], [ -8243039.183985579758883, -5489309.072470534592867 ], [ -8236065.126232723705471, -5497738.83819127175957 ], [ -8232169.842260275036097, -5502745.341606197878718 ], [ -8238600.872402461245656, -5505118.824791142717004 ], [ -8239002.633336876519024, -5507579.658443375490606 ], [ -8238941.517304531298578, -5509524.742283122614026 ], [ -8238447.587794952094555, -5517041.702150953002274 ] ] ], [ [ [ -8222800.297299194149673, -5496316.114709724672139 ], [ -8231335.286510010249913, -5494678.407078331336379 ], [ -8235153.42432133294642, -5493490.847665066830814 ], [ -8236715.344832624308765, -5492349.547233727760613 ], [ -8237705.200619868002832, -5491186.04190260451287 ], [ -8238447.587794952094555, -5489848.093419381417334 ], [ -8238926.494890486821532, -5487866.697881881147623 ], [ -8234798.764719940721989, -5483557.702431709505618 ], [ -8231876.298691228032112, -5481168.884042355231941 ], [ -8229447.74351071100682, -5480672.210065212100744 ], [ -8228241.490315527655184, -5481146.561330722644925 ], [ -8223481.587103339843452, -5484484.397481711581349 ], [ -8218518.29346780013293, -5490753.079072249121964 ], [ -8219275.703056941740215, -5493685.050998193211854 ], [ -8220017.101178680546582, -5495152.07897391077131 ], [ -8221254.406916693784297, -5495799.04509146604687 ], [ -8222800.297299194149673, -5496316.114709724672139 ] ] ], [ [ [ -8199392.483686671592295, -5486745.652311384677887 ], [ -8207216.138265244662762, -5472624.713010314851999 ], [ -8210416.117734231986105, -5464970.030230524018407 ], [ -8210516.310704492032528, -5462444.031428173184395 ], [ -8209875.105553017929196, -5460027.283194727264345 ], [ -8208360.267713348381221, -5457193.708127678371966 ], [ -8207432.535673172213137, -5455991.529646006412804 ], [ -8204942.883121704682708, -5456055.515738499350846 ], [ -8196948.906092108227313, -5466989.684682878665626 ], [ -8194514.360607353970408, -5477830.878152523189783 ], [ -8195140.524683378636837, -5481899.976401777006686 ], [ -8198248.335577183403075, -5485797.798453256487846 ], [ -8199392.483686671592295, -5486745.652311384677887 ] ] ], [ [ [ -8144722.149340219795704, -5469955.851422715932131 ], [ -8147969.230142218060791, -5469225.710579829290509 ], [ -8156604.393661909736693, -5464915.735789082013071 ], [ -8157926.869956132024527, -5462819.951120774261653 ], [ -8158512.968040892854333, -5459856.088238744065166 ], [ -8158218.416757099330425, -5457321.723417299799621 ], [ -8156318.855826557613909, -5453199.536713792011142 ], [ -8154927.257766294293106, -5451353.97016354650259 ], [ -8147536.416664971970022, -5447320.622909605503082 ], [ -8145386.382639450952411, -5446934.20367556065321 ], [ -8144010.814707972109318, -5447234.431243483908474 ], [ -8142804.561512800864875, -5448178.311521520838141 ], [ -8141909.878783547319472, -5449380.867337114177644 ], [ -8141567.237113391049206, -5452082.691940407268703 ], [ -8143253.405118826776743, -5468484.494844604283571 ], [ -8144722.149340219795704, -5469955.851422715932131 ] ] ], [ [ [ -8214236.270975011400878, -5437887.155068148858845 ], [ -8212008.101735020056367, -5444875.878808123990893 ], [ -8211374.92097862623632, -5448328.4443802209571 ], [ -8221378.635749440640211, -5449165.35437608230859 ], [ -8222862.421046269126236, -5447775.155550007708371 ], [ -8224717.885126613080502, -5446977.285056421533227 ], [ -8225287.95308259408921, -5445406.7314384104684 ], [ -8223634.87171083688736, -5444081.029021434485912 ], [ -8222552.847348430193961, -5442655.472003203816712 ], [ -8224192.903074197471142, -5441487.121371075510979 ], [ -8227160.473667836748064, -5441059.290243761613965 ], [ -8233677.663419595919549, -5442676.303944977000356 ], [ -8234311.851890712045133, -5446054.39344126265496 ], [ -8232975.342235783115029, -5447620.863086509518325 ], [ -8232559.566602057777345, -5449361.392754855565727 ], [ -8229847.489015644416213, -5450961.812642102129757 ], [ -8233377.103170187212527, -5455345.966247425414622 ], [ -8235231.578197185881436, -5456033.254021923989058 ], [ -8236838.584612033329904, -5456161.253149453550577 ], [ -8239778.088484260253608, -5452728.026237178593874 ], [ -8248759.90587164927274, -5450023.214996939525008 ], [ -8250877.860978198237717, -5449380.867337114177644 ], [ -8256041.521892892196774, -5447341.465413310565054 ], [ -8256907.148847370408475, -5446118.310436713509262 ], [ -8254672.970641771331429, -5437683.032619686797261 ], [ -8253229.269997596740723, -5436215.434342449530959 ], [ -8251449.925702264532447, -5435379.674789427779615 ], [ -8244724.344276278279722, -5436257.09500930365175 ], [ -8242929.97756689041853, -5436730.529614291153848 ], [ -8228227.456954821012914, -5434500.967785461805761 ], [ -8222065.934519201517105, -5429018.258886042051017 ], [ -8214236.270975011400878, -5437887.155068148858845 ] ] ], [ [ [ -8310426.337065380066633, -5406054.263112117536366 ], [ -8312906.976168412715197, -5406311.662847218103707 ], [ -8315906.588358250446618, -5405926.957800228148699 ], [ -8317546.662745407782495, -5406311.662847218103707 ], [ -8319740.774959749542177, -5407209.83423222322017 ], [ -8321071.256987673230469, -5407935.075341160409153 ], [ -8325090.788454245775938, -5411267.192786782048643 ], [ -8326018.520494413562119, -5411096.901388718746603 ], [ -8327749.755742019042373, -5410091.748322741128504 ], [ -8331552.871139273047447, -5404005.038414187729359 ], [ -8332265.213486257009208, -5402681.122630214318633 ], [ -8332883.371828594245017, -5401230.129865362308919 ], [ -8333377.301338172517717, -5399736.503054449334741 ], [ -8333084.74682246427983, -5397237.969640870578587 ], [ -8323730.242936823517084, -5392548.328407214023173 ], [ -8322370.686472754925489, -5392653.340485338121653 ], [ -8312938.028711261227727, -5397431.543049589730799 ], [ -8311856.004348842427135, -5398456.053372181952 ], [ -8309352.3184366626665, -5401230.129865362308919 ], [ -8308276.303039859049022, -5404027.174862022511661 ], [ -8310426.337065380066633, -5406054.263112117536366 ] ] ], [ [ [ -8172829.757847331464291, -5244838.826666702516377 ], [ -8174914.663642977364361, -5244471.610703580081463 ], [ -8175953.617531310766935, -5240495.57356246188283 ], [ -8176479.588637071661651, -5239026.053626434877515 ], [ -8177190.923269324935973, -5237726.652444545179605 ], [ -8178952.222006414085627, -5236343.192512525245547 ], [ -8189342.675297586247325, -5230807.255520293489099 ], [ -8190857.513137251138687, -5230178.473032812587917 ], [ -8194445.220179928466678, -5229424.783485437743366 ], [ -8195975.080433643423021, -5228312.73515279404819 ], [ -8199037.824085291475058, -5219579.602654096670449 ], [ -8198727.242672718130052, -5218052.322040658444166 ], [ -8196948.906092108227313, -5217318.594462379813194 ], [ -8194352.043890019878745, -5216984.981321878731251 ], [ -8190517.875949916429818, -5216944.287739618681371 ], [ -8187857.900947394780815, -5217570.851897551678121 ], [ -8185740.934894196689129, -5219119.757900060154498 ], [ -8172613.360439403913915, -5239656.792896244674921 ], [ -8172829.757847331464291, -5244838.826666702516377 ] ] ], [ [ [ -8227144.443539057858288, -5137541.181545767001808 ], [ -8230244.230037776753306, -5137530.435191106982529 ], [ -8233082.551886393688619, -5135464.954579474404454 ], [ -8235385.870519430376589, -5134780.617060787975788 ], [ -8237143.157058977521956, -5137929.862016141414642 ], [ -8233344.03519787453115, -5142191.478708622045815 ], [ -8223496.609517384320498, -5145742.920354755595326 ], [ -8220635.240859621204436, -5143477.846471486613154 ], [ -8216059.693459163419902, -5140364.459438782185316 ], [ -8204347.752927131950855, -5133080.027719045989215 ], [ -8193363.195817496627569, -5131606.873723902739584 ], [ -8190115.125962161459029, -5131980.517273142933846 ], [ -8182354.584184006787837, -5137272.225713864900172 ], [ -8184859.277810914441943, -5156945.556830986402929 ], [ -8176335.317478003911674, -5170367.536633746698499 ], [ -8178148.718798996880651, -5175303.867944818921387 ], [ -8181195.4136604629457, -5176493.472864537499845 ], [ -8181943.828462557867169, -5179775.384734273888171 ], [ -8180653.41242590546608, -5183913.859964162111282 ], [ -8173170.402749394997954, -5188982.980032107792795 ], [ -8170271.972583181224763, -5189680.716375020332634 ], [ -8167425.645000839605927, -5198355.182489612139761 ], [ -8168655.952719892375171, -5203766.521029124036431 ], [ -8170071.605304032564163, -5207143.240670043043792 ], [ -8181767.497045895084739, -5209893.728483721613884 ], [ -8187858.890000752173364, -5208993.95587155688554 ], [ -8190516.868235181085765, -5209244.653932485729456 ], [ -8198093.054201588965952, -5213302.45335141569376 ], [ -8200597.747828497551382, -5214871.0158252697438 ], [ -8202423.167080733925104, -5217779.690574072301388 ], [ -8203211.629212729632854, -5230513.892686732113361 ], [ -8199717.098459960892797, -5234199.082143249921501 ], [ -8196781.606785271316767, -5235767.015296438708901 ], [ -8194978.226627435535192, -5237789.181633649393916 ], [ -8207037.791419131681323, -5242824.698202737607062 ], [ -8213254.43958284612745, -5237244.178998839110136 ], [ -8211142.47478052880615, -5231236.426063940860331 ], [ -8214706.145960721187294, -5232305.376947895623744 ], [ -8217712.774830902926624, -5238334.190421705134213 ], [ -8216399.311985121108592, -5252156.486810168251395 ], [ -8195450.098381229676306, -5273260.879109223373234 ], [ -8190023.946440324187279, -5275134.166882579214871 ], [ -8183900.493227902799845, -5279556.243566791526973 ], [ -8182053.034881240688264, -5281632.881776748225093 ], [ -8180515.150232440792024, -5289759.552960756234825 ], [ -8181348.716929367743433, -5293176.773144560866058 ], [ -8189991.88618275988847, -5294568.643497767858207 ], [ -8194227.815057259984314, -5294147.500304944813251 ], [ -8197907.709336509928107, -5296215.068136268295348 ], [ -8198913.59525253251195, -5302146.801094264723361 ], [ -8195466.128510002046824, -5306477.592967305332422 ], [ -8189745.425285334698856, -5311084.353107613511384 ], [ -8189080.184271370060742, -5313452.971655018627644 ], [ -8185229.967541097663343, -5320855.860229698009789 ], [ -8182370.61431279219687, -5324938.78626886755228 ], [ -8181048.138018575496972, -5329620.512040674686432 ], [ -8183653.024615743197501, -5331823.611593634821475 ], [ -8208614.753005863167346, -5329602.693620122037828 ], [ -8213175.277992265298963, -5331387.082065442577004 ], [ -8211498.142096650786698, -5344149.96457595191896 ], [ -8208808.103604656644166, -5347237.873559136874974 ], [ -8205654.199092568829656, -5349413.502427381463349 ], [ -8203605.365752034820616, -5354912.591974940150976 ], [ -8205886.645290671847761, -5368502.981461555697024 ], [ -8208035.671601453796029, -5369438.856224348768592 ], [ -8222777.250490059144795, -5372779.24045585654676 ], [ -8226719.635795512236655, -5369786.206979630514979 ], [ -8229649.118504575453699, -5366908.509556720964611 ], [ -8232572.592248022556305, -5365993.57527475245297 ], [ -8242930.985281606204808, -5365493.438339588232338 ], [ -8254649.923832622356713, -5363910.490423971787095 ], [ -8269013.814972078427672, -5359745.720875698141754 ], [ -8278923.364399643614888, -5354433.685011654160917 ], [ -8280965.181059814989567, -5352735.67747341748327 ], [ -8282819.65608680807054, -5349497.404435181990266 ], [ -8274780.611815046519041, -5328603.561594104394317 ], [ -8264221.8328409306705, -5315672.809119520708919 ], [ -8265750.704041307792068, -5310704.919547778554261 ], [ -8262303.25596016831696, -5307322.359726810827851 ], [ -8257464.191157381050289, -5294801.100437229499221 ], [ -8253768.266749352216721, -5258597.119322828017175 ], [ -8254371.402677633799613, -5247945.901646735146642 ], [ -8256444.271880647167563, -5240075.50288497004658 ], [ -8258438.016815833747387, -5238418.471113829873502 ], [ -8261205.201468951068819, -5236446.464680705219507 ], [ -8259288.60269488953054, -5223641.836464806459844 ], [ -8257000.325137286446989, -5196246.704221528023481 ], [ -8255902.270646076649427, -5193594.863733877427876 ], [ -8253783.30782479327172, -5190444.751511831767857 ], [ -8251497.027035270817578, -5187544.424243172630668 ], [ -8248929.22060794942081, -5184977.484742481261492 ], [ -8246270.234658778645098, -5182412.57236937340349 ], [ -8242807.745502217672765, -5170637.427071064710617 ], [ -8239065.746137289330363, -5148005.823207159526646 ], [ -8243344.764147264882922, -5139284.279907710850239 ], [ -8244616.145572312176228, -5136088.85481942538172 ], [ -8244522.969282395206392, -5133080.027719045989215 ], [ -8240836.058322814293206, -5127231.735985963605344 ], [ -8227856.767224649898708, -5128371.017423461191356 ], [ -8224957.348005071282387, -5134470.044255011714995 ], [ -8227144.443539057858288, -5137541.181545767001808 ] ] ], [ [ [ -7901079.064902876503766, -7125003.956329457461834 ], [ -7903437.490602631121874, -7129857.607597760856152 ], [ -7908910.725215150974691, -7136769.366728228516877 ], [ -7929843.908690263517201, -7146572.249821376986802 ], [ -7935379.285711228847504, -7148669.598224409855902 ], [ -7954073.271068459376693, -7139074.630497383885086 ], [ -7957458.614063908345997, -7138079.775156881660223 ], [ -7962251.585248419083655, -7137451.703038236126304 ], [ -7967322.069873184897006, -7137085.076686233282089 ], [ -7969796.700010607019067, -7137085.076686233282089 ], [ -7974280.097497266717255, -7136506.274194316007197 ], [ -7981454.522529277950525, -7134332.412984502501786 ], [ -7998707.830386530607939, -7121538.908167097717524 ], [ -8007768.790703105740249, -7119135.443463133648038 ], [ -8020631.858702232129872, -7115215.944614306092262 ], [ -8027806.283734231255949, -7111220.549551986157894 ], [ -8047101.408251660875976, -7091167.388840005733073 ], [ -8053750.851231244392693, -7081225.559826460666955 ], [ -8059083.845543605275452, -7072518.337025839835405 ], [ -8061758.842960164882243, -7067608.85558464191854 ], [ -8065376.613492345437407, -7058136.767415598966181 ], [ -8062068.435319398529828, -7042254.781713058240712 ], [ -8046552.390336749143898, -7028446.791514222510159 ], [ -8027481.687622336670756, -7030796.143047096207738 ], [ -8024311.752981462515891, -7039511.389920985326171 ], [ -8023570.354859731160104, -7043730.817638082429767 ], [ -8024003.168336976319551, -7050567.883331600576639 ], [ -8025502.983762583695352, -7055013.244882914237678 ], [ -8032598.265865391120315, -7059847.722044677473605 ], [ -8040313.703078613616526, -7063968.667868045158684 ], [ -8036031.680585823953152, -7065738.092159046791494 ], [ -8026723.270318454131484, -7062884.006056909449399 ], [ -8022857.023459409363568, -7060394.022856081835926 ], [ -8016373.890733312815428, -7055554.175291307270527 ], [ -8015652.534937902353704, -7051603.82459288276732 ], [ -8016272.708709702827036, -7045465.550637554377317 ], [ -8017292.609325046651065, -7037855.074540353380144 ], [ -8017586.152894104830921, -7033848.157146071083844 ], [ -8016604.321501947939396, -7027852.444332156330347 ], [ -8013937.329819082282484, -7024364.281652632169425 ], [ -8007463.376602070406079, -7024346.992128290235996 ], [ -7996064.29772231169045, -7033079.016587897203863 ], [ -7991185.743772095069289, -7062845.324567979201674 ], [ -7992477.167523475363851, -7067374.97037895116955 ], [ -7994657.246377103962004, -7069687.047879559919238 ], [ -7998151.777129872702062, -7072647.976821802556515 ], [ -8008633.409942869096994, -7078675.899965001270175 ], [ -8011665.082390283234417, -7080028.989334790036082 ], [ -8015552.360629024915397, -7082877.442633797414601 ], [ -8015653.542652636766434, -7088277.150800279341638 ], [ -8014602.570833059959114, -7089189.841293099336326 ], [ -8009129.336220534518361, -7085752.237015271559358 ], [ -7995908.585475829429924, -7080679.487177520059049 ], [ -7992447.104033989831805, -7078418.120101573877037 ], [ -7987762.331553433090448, -7068998.73903242405504 ], [ -7988348.429638206958771, -7056658.022878762334585 ], [ -7989864.275192606262863, -7047667.190576810389757 ], [ -7989258.138507752679288, -7038292.731605085544288 ], [ -7898276.422148107551038, -7107987.360531651414931 ], [ -7901079.064902876503766, -7125003.956329457461834 ] ] ], [ [ [ -8072566.079599790275097, -6994541.345322692766786 ], [ -8075730.994328387081623, -6998239.976245195604861 ], [ -8066705.098752190358937, -6997037.495485293678939 ], [ -8055551.226906261406839, -6997140.874123425222933 ], [ -8038427.167794030159712, -7011978.944271066226065 ], [ -8036100.821013249456882, -7016865.903088715858757 ], [ -8037430.313987827859819, -7020337.386180237866938 ], [ -8052991.444874019362032, -7025087.234985984861851 ], [ -8056594.174330753274262, -7024314.098478298634291 ], [ -8060877.204538277350366, -7020452.812643415294588 ], [ -8068964.339196407236159, -7017910.858009680174291 ], [ -8074390.491137298755348, -7020768.943291556090117 ], [ -8071545.1712696980685, -7025629.500858753919601 ], [ -8067464.5237707933411, -7027464.064182632602751 ], [ -8065113.13341277744621, -7027517.634882470592856 ], [ -8061658.668651287443936, -7029299.050353823229671 ], [ -8072597.132142626680434, -7050891.905392057262361 ], [ -8076151.789874388836324, -7052356.126924391835928 ], [ -8081911.570036983117461, -7050490.640373608097434 ], [ -8085198.716830269433558, -7045827.963347870856524 ], [ -8087114.307889603078365, -7043522.817583542317152 ], [ -8086202.605978219769895, -7050593.057818154804409 ], [ -8076872.137955064885318, -7061587.636749313212931 ], [ -8073817.418698515743017, -7058824.135381276719272 ], [ -8070579.351344947703183, -7058123.307392438873649 ], [ -8059254.167994639836252, -7075505.576252117753029 ], [ -8057646.153865058906376, -7080133.483509822748601 ], [ -8059562.733977755531669, -7083566.956582223065197 ], [ -8070262.760966747067869, -7085283.434060499072075 ], [ -8071436.972565744072199, -7085337.396030916832387 ], [ -8074498.689841265790164, -7081616.576591714285314 ], [ -8096267.436781360767782, -7063612.13018958363682 ], [ -8111171.351048683747649, -7055208.1220289953053 ], [ -8119698.297203037887812, -7049208.047901237383485 ], [ -8122194.985096238553524, -7045671.913835545070469 ], [ -8133961.006318882107735, -7036098.557343376800418 ], [ -8136203.208919580094516, -7035037.791793543845415 ], [ -8139573.510839588940144, -7034855.143635789863765 ], [ -8142402.800578391179442, -7033744.269956883974373 ], [ -8149978.986544812098145, -7026534.99105288553983 ], [ -8159594.992403317242861, -7012791.003909865394235 ], [ -8134797.577498610131443, -7014351.864757674746215 ], [ -8126045.183165126480162, -7012468.498144676908851 ], [ -8120077.011328287422657, -7013422.669979989528656 ], [ -8109346.920849798247218, -7022299.551968628540635 ], [ -8101462.168900273740292, -7035632.675820093601942 ], [ -8098926.422730511054397, -7038218.826715867035091 ], [ -8094071.327798951417208, -7037573.451232108287513 ], [ -8092302.023328156210482, -7027865.853218445554376 ], [ -8098555.733000346459448, -7022247.699083050712943 ], [ -8103192.415094527415931, -7017125.026921592652798 ], [ -8099351.211812685243785, -7009439.722128458321095 ], [ -8094349.848953948356211, -7010585.60761443991214 ], [ -8088010.987386937253177, -7010625.685007473453879 ], [ -8093361.000881439074874, -7006824.488165001384914 ], [ -8100937.18684783950448, -7005330.213953292928636 ], [ -8104052.014422013424337, -7006256.786469892598689 ], [ -8106843.234937625005841, -7009554.959725430235267 ], [ -8109757.695232624188066, -7010483.703660088591278 ], [ -8119365.676696051843464, -7002070.49600635189563 ], [ -8116489.304285610094666, -6998581.915491458028555 ], [ -8115160.819025765173137, -6996677.264946136623621 ], [ -8112760.311905281618237, -6988311.923654159530997 ], [ -8117324.867750615812838, -6982072.352676855400205 ], [ -8120711.199799415655434, -6971240.072844175621867 ], [ -8121686.033172596246004, -6956684.848590511828661 ], [ -8116955.167073782533407, -6950640.718593570403755 ], [ -8098117.078113502822816, -6938175.689702434465289 ], [ -8051588.61883005220443, -6989165.010841358453035 ], [ -8072566.079599790275097, -6994541.345322692766786 ] ] ], [ [ [ -8115067.642735849134624, -6914033.855373893864453 ], [ -8113088.938876102678478, -6916277.175639344379306 ], [ -8111269.256542481482029, -6915063.705648553557694 ], [ -8111295.368498819880188, -6923733.946071393787861 ], [ -8100892.90119691286236, -6935133.737813106738031 ], [ -8103967.85158053226769, -6938269.73328850325197 ], [ -8111358.692681861110032, -6944760.171928435564041 ], [ -8118068.262640433385968, -6946140.40752356313169 ], [ -8120896.544664507731795, -6946983.924792470410466 ], [ -8124221.779342358000576, -6951307.269062446430326 ], [ -8126973.922920037060976, -6956069.274571017362177 ], [ -8123386.215877359732985, -6967497.441036786884069 ], [ -8120447.701058470644057, -6979863.8061618860811 ], [ -8120841.437597788870335, -6987830.489908268675208 ], [ -8124143.62546650506556, -6994979.831028576940298 ], [ -8135846.533888724632561, -6999199.09607613272965 ], [ -8136527.805031474679708, -6999818.002406518906355 ], [ -8140238.751853553578258, -7001851.894395977258682 ], [ -8148974.108343511819839, -7002676.258605021052063 ], [ -8161775.071256928145885, -6997230.927700628526509 ], [ -8176343.34187308140099, -6983375.812490520067513 ], [ -8160986.590463574975729, -6971702.20755934342742 ], [ -8152482.67245699185878, -6962625.633756124414504 ], [ -8166089.13534592371434, -6960679.751455525867641 ], [ -8188266.659900777041912, -6946516.579257169738412 ], [ -8182617.075210216455162, -6941998.717426924966276 ], [ -8172305.783509631641209, -6942816.961751056835055 ], [ -8169584.692474802955985, -6945936.602485005743802 ], [ -8152136.018589293584228, -6943814.165415397845209 ], [ -8154463.373084822669625, -6938114.107532674446702 ], [ -8154864.126304485835135, -6931116.323840277269483 ], [ -8137577.769136317074299, -6892413.656187348999083 ], [ -8132913.038982112891972, -6889763.973160788416862 ], [ -8123355.144673126749694, -6891602.221378227695823 ], [ -8117526.242744485847652, -6893379.961239720694721 ], [ -8114147.916429387405515, -6894267.322611853480339 ], [ -8117201.627971208654344, -6890025.604142639786005 ], [ -8127777.42612745333463, -6887690.903800822794437 ], [ -8131239.915284040383995, -6887182.601341473869979 ], [ -8134549.101171710528433, -6887462.257173239253461 ], [ -8142990.914092615246773, -6889163.382037636823952 ], [ -8145958.466024889610708, -6892260.572728388942778 ], [ -8144320.388405811041594, -6902020.760586234740913 ], [ -8145279.191650218330324, -6905530.146668007597327 ], [ -8155931.128252847120166, -6922151.71690399479121 ], [ -8160120.963509078137577, -6922316.911630910821259 ], [ -8162796.987301755696535, -6920481.557877036742866 ], [ -8163638.559732376597822, -6916823.641982961446047 ], [ -8163924.097567727789283, -6908788.708676707930863 ], [ -8166955.770015142858028, -6906956.414963247254491 ], [ -8169706.924539476633072, -6908127.311997533775866 ], [ -8182260.418840751983225, -6919028.090492724440992 ], [ -8188554.194504207931459, -6925502.961094782687724 ], [ -8192620.808642406947911, -6932444.601315502077341 ], [ -8194415.1753518152982, -6936122.876515423879027 ], [ -8203535.236271273344755, -6931756.449017470702529 ], [ -8202361.043333671987057, -6909247.254541234113276 ], [ -8196423.924039681442082, -6901768.622802038677037 ], [ -8191932.520819308236241, -6900432.246643463149667 ], [ -8188987.007981460541487, -6901944.971077799797058 ], [ -8187541.291907835751772, -6898830.85242579691112 ], [ -8192900.337512144818902, -6897088.136917574331164 ], [ -8194815.909910100512207, -6893582.435494926758111 ], [ -8200490.538177881389856, -6876934.395512172952294 ], [ -8200397.361887965351343, -6871409.63651333283633 ], [ -8198627.049702445045114, -6868000.44787195045501 ], [ -8195371.96316675376147, -6868875.201172334142029 ], [ -8192125.890079478733242, -6869420.105326249264181 ], [ -8189219.435518172569573, -6859763.303984520956874 ], [ -8191291.315667835064232, -6842728.518205005675554 ], [ -8198059.986229290254414, -6830791.855865103192627 ], [ -8206797.339487328194082, -6817724.656782801263034 ], [ -8208606.728610773570836, -6812869.388399865478277 ], [ -8207772.172860508784652, -6806911.130380342714489 ], [ -8204649.320891256444156, -6804346.370074952021241 ], [ -8201772.948480832390487, -6807564.24179427139461 ], [ -8200011.649743742309511, -6814201.13037259504199 ], [ -8186713.752837914042175, -6835033.544820165261626 ], [ -8183320.404108757153153, -6835512.416306257247925 ], [ -8178056.550223821774125, -6831376.670630129985511 ], [ -8164760.650086072273552, -6840001.886018146760762 ], [ -8162147.757755197584629, -6840685.491139254532754 ], [ -8155637.584683801047504, -6839246.396242704242468 ], [ -8153101.838514057919383, -6837138.873518764972687 ], [ -8150320.620500213466585, -6829233.662118525244296 ], [ -8144691.096797371283174, -6820342.587265260517597 ], [ -8137208.087120860815048, -6816366.244709556922317 ], [ -8129044.795354964211583, -6812264.752848610281944 ], [ -8124792.83635167311877, -6812905.272696065716445 ], [ -8124452.210110985673964, -6825742.667826898396015 ], [ -8124839.937684690579772, -6834098.746540421620011 ], [ -8116445.207435417920351, -6845380.752390186302364 ], [ -8111449.872203686274588, -6847981.505365244112909 ], [ -8111065.890552509576082, -6847537.856416598893702 ], [ -8111156.42063766438514, -6877597.557559259235859 ], [ -8118406.892113021574914, -6882196.604151342995465 ], [ -8115128.758768200874329, -6883477.336642091162503 ], [ -8111169.720347186550498, -6882013.606575903482735 ], [ -8111251.817347044125199, -6909273.17753719072789 ], [ -8115067.642735849134624, -6914033.855373893864453 ] ] ], [ [ [ -8112463.763853414915502, -6836924.719859193079174 ], [ -8119922.719006043858826, -6831526.988863501697779 ], [ -8120015.895295953378081, -6816012.418298177421093 ], [ -8110900.835627395659685, -6792732.851952482014894 ], [ -8111023.651536196470261, -6833512.7706702016294 ], [ -8112463.763853414915502, -6836924.719859193079174 ] ] ], [ [ [ -8141914.898695824667811, -6789372.964478391222656 ], [ -8143732.293552963994443, -6794001.100915534421802 ], [ -8146855.145522216334939, -6817222.356090245768428 ], [ -8149360.828202474862337, -6817020.150599117390811 ], [ -8153125.874376530759037, -6815912.954863769002259 ], [ -8156967.07765837945044, -6806104.97697542887181 ], [ -8158946.770571488887072, -6785925.117625460959971 ], [ -8158982.878044996410608, -6785023.858995559625328 ], [ -8139947.634724358096719, -6788075.779199315235019 ], [ -8141914.898695824667811, -6789372.964478391222656 ] ] ], [ [ [ -8157253.604547083377838, -6822796.586552876979113 ], [ -8158265.499428738839924, -6829107.905017981305718 ], [ -8161589.726391856558621, -6830997.692444253712893 ], [ -8165223.527052810415626, -6828957.662224838510156 ], [ -8187024.33425048738718, -6810330.44740653783083 ], [ -8189203.405389381572604, -6807536.572682618163526 ], [ -8190826.441933025605977, -6802236.528005360625684 ], [ -8190363.583627660758793, -6795305.32457681093365 ], [ -8193833.070803206413984, -6783427.068717452697456 ], [ -8195361.327273542061448, -6779191.302914622239769 ], [ -8187467.349374911747873, -6780456.944242711178958 ], [ -8182818.468865478411317, -6790564.302337978966534 ], [ -8174376.65594457834959, -6804484.753019443713129 ], [ -8170789.937955246306956, -6803240.907848482020199 ], [ -8179386.043198394589126, -6784169.254114996641874 ], [ -8180523.88803920801729, -6781570.189268135465682 ], [ -8160919.802913579158485, -6784713.311867791227996 ], [ -8157253.604547083377838, -6822796.586552876979113 ] ] ], [ [ [ -8211204.598527590744197, -6748607.816193675622344 ], [ -8214420.60812536906451, -6735990.36282954365015 ], [ -8221501.875528847798705, -6734198.452060596086085 ], [ -8227160.473667836748064, -6732155.223938177339733 ], [ -8229726.264665707014501, -6698555.50992332585156 ], [ -8229263.406360347755253, -6694289.781655656173825 ], [ -8227044.250568791292608, -6688305.439120111055672 ], [ -8216848.155591139569879, -6691538.721756949089468 ], [ -8205391.708066358231008, -6704756.447979427874088 ], [ -8202329.990790837444365, -6711908.574202552437782 ], [ -8197641.189444767311215, -6723707.547212320379913 ], [ -8207529.146993281319737, -6755772.501659044064581 ], [ -8211204.598527590744197, -6748607.816193675622344 ] ] ], [ [ [ -8203721.588851093314588, -6695876.925433556549251 ], [ -8213083.109417082741857, -6660487.032402958720922 ], [ -8208614.753005863167346, -6657451.473792066797614 ], [ -8204416.893354542553425, -6664104.57689896505326 ], [ -8203253.710633469745517, -6669118.366907335817814 ], [ -8205546.000388601794839, -6649595.98806491214782 ], [ -8208041.68056708201766, -6646697.03812796343118 ], [ -8210778.801730708219111, -6648485.815510399639606 ], [ -8221563.98061453178525, -6661538.043360715731978 ], [ -8224285.090310757979751, -6663659.695912940427661 ], [ -8226572.360153612680733, -6664301.435142831876874 ], [ -8246965.539162241853774, -6658351.785125910304487 ], [ -8251936.838531482033432, -6654380.330340407788754 ], [ -8254588.80780028924346, -6634374.789591187611222 ], [ -8261337.436035410501063, -6629490.56212592497468 ], [ -8263888.223280594684184, -6627425.54714872688055 ], [ -8265178.639317253604531, -6608515.511218454688787 ], [ -8262504.630954032763839, -6604016.815590422600508 ], [ -8257695.629640749655664, -6600365.308586642146111 ], [ -8253042.917417771182954, -6598552.095139226876199 ], [ -8227470.047365687787533, -6598453.653027429245412 ], [ -8224934.301195937208831, -6600217.657657380215824 ], [ -8221099.125541099347174, -6606567.001455951482058 ], [ -8213154.246612592600286, -6584377.566147510893643 ], [ -8213291.501091310754418, -6566408.989076597616076 ], [ -8209998.345332426950336, -6561675.616316789761186 ], [ -8203905.774138664826751, -6559807.533732805401087 ], [ -8184330.482362027280033, -6657683.99261599034071 ], [ -8033800.750260927714407, -6605577.546888686716557 ], [ -8176438.948558987118304, -6654952.307838015258312 ], [ -8196138.882775174453855, -6718835.823735640384257 ], [ -8203721.588851093314588, -6695876.925433556549251 ] ] ], [ [ [ -8206427.657471872866154, -6545216.912453257478774 ], [ -8206760.277978864498436, -6541323.362046085298061 ], [ -8204680.392095487564802, -6537261.430954658426344 ], [ -8202327.053623794578016, -6536529.246642400510609 ], [ -8203682.607307951897383, -6548390.341378775425255 ], [ -8206427.657471872866154, -6545216.912453257478774 ] ] ], [ [ [ -8210664.594061119481921, -6537114.87682044878602 ], [ -8212456.945341045036912, -6540908.715857423841953 ], [ -8215317.287622702307999, -6552059.13642861880362 ], [ -8218410.076102450489998, -6566957.773063172586262 ], [ -8217497.385137709788978, -6571279.596931840293109 ], [ -8216816.09533357527107, -6576335.164062828756869 ], [ -8217961.251157802529633, -6579586.332374040037394 ], [ -8229703.217856558971107, -6591020.819053833372891 ], [ -8231799.15253010392189, -6592208.906140255741775 ], [ -8242483.149390323087573, -6590936.736727464012802 ], [ -8250978.053948475979269, -6580967.639231676235795 ], [ -8255547.611044697463512, -6569472.749194922856987 ], [ -8263556.591826966963708, -6551475.059697072952986 ], [ -8269840.364988643676043, -6529908.723406779579818 ], [ -8261468.681548519060016, -6527004.397191222757101 ], [ -8251311.682170189917088, -6530892.789298525080085 ], [ -8248465.335926471278071, -6532933.763505362905562 ], [ -8245975.683375003747642, -6535340.700783444568515 ], [ -8243302.68272652477026, -6537552.961947326548398 ], [ -8240008.519252905622125, -6539181.022306570783257 ], [ -8225498.360186285339296, -6541522.000214348547161 ], [ -8231025.694150788709521, -6537600.250112680718303 ], [ -8236700.322418568655849, -6535704.649932026863098 ], [ -8246177.058368881233037, -6528657.122337834909558 ], [ -8251017.130886402912438, -6522707.262839036993682 ], [ -8270110.861748567782342, -6521006.950421469286084 ], [ -8290395.842053228989244, -6506482.872261479496956 ], [ -8314314.604357461445034, -6482218.234094281680882 ], [ -8314824.563995824195445, -6477061.859266532585025 ], [ -8312258.754336589947343, -6472535.66610339935869 ], [ -8308361.473596073687077, -6467952.528509717434645 ], [ -8302858.156832673586905, -6464021.704925931058824 ], [ -8292343.474708748050034, -6460479.892814334481955 ], [ -8285754.14004676323384, -6462767.530263794586062 ], [ -8276465.753444356843829, -6461636.895895238034427 ], [ -8270266.161785545758903, -6469640.42322607524693 ], [ -8268007.929056056775153, -6475237.946910472586751 ], [ -8260307.514256895519793, -6484078.123611721210182 ], [ -8233577.470449323765934, -6496337.574870795942843 ], [ -8226481.19929316546768, -6497863.452206797897816 ], [ -8224438.374918272718787, -6497910.484933389350772 ], [ -8222874.438977518118918, -6496458.319202460348606 ], [ -8252346.605199598707259, -6482434.266659599728882 ], [ -8254759.130251323804259, -6482603.329403372481465 ], [ -8257309.89883513841778, -6481419.933343396522105 ], [ -8260741.316787473857403, -6477653.24028351996094 ], [ -8278924.35345299448818, -6444904.874437170103192 ], [ -8277794.238704213872552, -6437765.855388069525361 ], [ -8275174.348354353569448, -6433730.957651076838374 ], [ -8267513.999546476639807, -6434739.491706457920372 ], [ -8262257.16234187874943, -6436395.753798927180469 ], [ -8256877.085357872769237, -6442332.3606485882774 ], [ -8251497.027035270817578, -6448391.710690645501018 ], [ -8225413.189630075357854, -6459251.229532360099256 ], [ -8225041.492185169830918, -6454037.333369315601885 ], [ -8226511.244121286086738, -6449186.845765802077949 ], [ -8238570.827574359253049, -6443823.420968284830451 ], [ -8248620.635963449254632, -6439542.63946751691401 ], [ -8270713.997676834464073, -6427968.428749393671751 ], [ -8273806.78615658916533, -6423409.754689511843026 ], [ -8276481.783573147840798, -6411904.472280722111464 ], [ -8265071.429666638374329, -6405342.662645043805242 ], [ -8259165.381576859392226, -6403188.596991928294301 ], [ -8253738.221921244636178, -6402231.922880296595395 ], [ -8250274.725049929693341, -6403571.615024615079165 ], [ -8245760.275020428001881, -6402495.506353612989187 ], [ -8244693.291733442805707, -6397160.447907471098006 ], [ -8258855.789217638783157, -6399170.377595038153231 ], [ -8268719.263688297010958, -6401848.966241914778948 ], [ -8270938.419479853473604, -6401214.892624171450734 ], [ -8273435.088711682707071, -6394052.722122169099748 ], [ -8274131.382268483750522, -6385307.471327295526862 ], [ -8273420.066297627054155, -6381178.74372285977006 ], [ -8264723.786745589226484, -6372340.308962279930711 ], [ -8250074.357770786620677, -6367323.978132689371705 ], [ -8247414.38276828546077, -6366562.822614329867065 ], [ -8231822.199339238926768, -6370290.492754559963942 ], [ -8229858.51789353787899, -6373998.177790964953601 ], [ -8227437.987108109518886, -6383780.430901018902659 ], [ -8224423.33384283259511, -6388915.014484739862382 ], [ -8220388.779962196946144, -6390994.169660337269306 ], [ -8217080.6017892556265, -6392045.579568504355848 ], [ -8209796.97033854201436, -6399610.547187599353492 ], [ -8206875.493363181129098, -6409843.349872152321041 ], [ -8205639.176678512245417, -6404337.674875487573445 ], [ -8207896.401693266816437, -6396539.110481695272028 ], [ -8210617.492728102020919, -6390012.590387884527445 ], [ -8212751.496624839492142, -6387995.576778028160334 ], [ -8217929.190900226123631, -6387554.461298338137567 ], [ -8221169.255021856166422, -6387195.382041482254863 ], [ -8224021.591569818556309, -6375404.430412417277694 ], [ -8223618.84158206358552, -6365596.437582205981016 ], [ -8228135.288379652425647, -6362298.288484197109938 ], [ -8233112.615375891327858, -6362989.582360120490193 ], [ -8236592.123714595101774, -6363417.07428811583668 ], [ -8248186.814771481789649, -6359584.481294284574687 ], [ -8249980.173766142688692, -6357226.231650421395898 ], [ -8251202.475751489400864, -6345360.296034163795412 ], [ -8246920.453258706256747, -6322126.94780458137393 ], [ -8245249.326328706927598, -6319568.889283353462815 ], [ -8241817.908376358449459, -6319639.492728350684047 ], [ -8237782.346780987456441, -6323335.633643268607557 ], [ -8236475.900615549646318, -6326856.693174594081938 ], [ -8234102.452501750551164, -6330591.34018509183079 ], [ -8228458.895438196137547, -6333984.731470976024866 ], [ -8224996.406281614676118, -6335076.688443425111473 ], [ -8220705.389001780189574, -6333878.602809740230441 ], [ -8225734.799920545890927, -6330917.251125435344875 ], [ -8229279.436489138752222, -6330070.229624378494918 ], [ -8231289.192891733720899, -6328505.574458805844188 ], [ -8237526.872435132972896, -6318122.80707695055753 ], [ -8240859.105131949298084, -6290665.65835206117481 ], [ -8239529.612157370895147, -6287361.568525549024343 ], [ -8235972.957657542079687, -6282595.847307672724128 ], [ -8233979.231383733451366, -6280471.486607749946415 ], [ -8231289.192891733720899, -6279152.815626277588308 ], [ -8227764.598649468272924, -6278963.365372076630592 ], [ -8224594.664008601568639, -6281157.628720184788108 ], [ -8222367.483821961097419, -6283609.295118382200599 ], [ -8218517.285753066651523, -6284093.910453394986689 ], [ -8218849.90626004524529, -6280330.906227888539433 ], [ -8225714.757594212889671, -6276676.466530483216047 ], [ -8242466.111546796746552, -6278585.985840735957026 ], [ -8243363.79875885695219, -6285543.337971584871411 ], [ -8242297.804525223560631, -6300942.606001296080649 ], [ -8249732.723815366625786, -6314830.947053760290146 ], [ -8254341.339188136160374, -6329191.028966292738914 ], [ -8255453.427040052600205, -6338685.756186965852976 ], [ -8259279.589246454648674, -6362023.609049598686397 ], [ -8261685.097617823630571, -6365656.646487699821591 ], [ -8264281.959819913841784, -6366108.945930006913841 ], [ -8267128.287402243353426, -6364156.325717580504715 ], [ -8279264.998355058021843, -6347715.184965349733829 ], [ -8281830.808014299720526, -6333082.064751758240163 ], [ -8282078.257965074852109, -6302336.686013340950012 ], [ -8281707.568234886042774, -6268642.911295895464718 ], [ -8283437.814429146237671, -6262992.536515114828944 ], [ -8285766.176639404147863, -6257557.750697541981936 ], [ -8287751.878518121317029, -6249024.659591106697917 ], [ -8287751.878518121317029, -6243647.544917695224285 ], [ -8286577.685580519959331, -6239937.438581028953195 ], [ -8279758.927864638157189, -6228702.95288394484669 ], [ -8275180.357319987379014, -6231774.535766080021858 ], [ -8271814.048936130478978, -6233000.763122253119946 ], [ -8269188.130959278903902, -6232335.211509855464101 ], [ -8264777.886097572743893, -6228965.714991752058268 ], [ -8261298.359097484499216, -6227765.896514994092286 ], [ -8252161.260334506630898, -6228610.303456395864487 ], [ -8244839.559660595841706, -6231481.293138954788446 ], [ -8245145.121160903014243, -6229922.653136811219156 ], [ -8250568.287280359305441, -6226500.970870990306139 ], [ -8256659.680235216394067, -6225236.205425521358848 ], [ -8259721.416172135621309, -6225422.95871614292264 ], [ -8263802.045009664259851, -6226968.638482191599905 ], [ -8266122.401486208662391, -6228046.846978797577322 ], [ -8268534.907876555807889, -6229032.538436094298959 ], [ -8272615.555375475436449, -6228702.95288394484669 ], [ -8279001.499614113010466, -6220223.115255863405764 ], [ -8281899.929780339822173, -6209270.755792163312435 ], [ -8276883.544507545419037, -6201977.531748558394611 ], [ -8265889.955288110300899, -6190607.098463305272162 ], [ -8260045.02323067933321, -6186548.288075673393905 ], [ -8254371.402677633799613, -6190024.977503679692745 ], [ -8242837.808991707861423, -6198474.759918228723109 ], [ -8240673.760266870260239, -6196092.958905237726867 ], [ -8239993.478177465498447, -6175942.538752321153879 ], [ -8249856.952648123726249, -6172729.611700658686459 ], [ -8252773.409711216576397, -6168941.706482770852745 ], [ -8254713.036633047275245, -6166939.088932898826897 ], [ -8257220.734742769040167, -6166480.718073530122638 ], [ -8263529.551481666974723, -6165577.613312132656574 ], [ -8260710.264244643040001, -6162582.569678441621363 ], [ -8250908.913521052338183, -6160212.289818258956075 ], [ -8267081.18606923148036, -6154029.783826157450676 ], [ -8282016.152879391796887, -6140424.421658831648529 ], [ -8292098.021526057273149, -6128694.300753096118569 ], [ -8302517.530591987073421, -6121007.623700045049191 ], [ -8306707.36584821715951, -6120914.656329810619354 ], [ -8309597.771619353443384, -6119642.965058903209865 ], [ -8310765.974252716638148, -6111801.094749892130494 ], [ -8307974.735075714997947, -6106946.98389164544642 ], [ -8296240.774110660888255, -6099718.109775095246732 ], [ -8283832.540021814405918, -6104810.622616786509752 ], [ -8276558.929734267294407, -6110598.191011849790812 ], [ -8274285.674590728245676, -6114531.148434388451278 ], [ -8272739.784208227880299, -6117999.657467081211507 ], [ -8270667.904058557935059, -6124247.697204411961138 ], [ -8269368.474573470652103, -6132727.212918977253139 ], [ -8268502.847618986852467, -6138384.864173147827387 ], [ -8261598.938008276745677, -6145506.589555328711867 ], [ -8258198.572598750703037, -6144485.415676526725292 ], [ -8266710.496339054778218, -6123230.564878631383181 ], [ -8273544.295130372047424, -6110923.245792818255723 ], [ -8274130.393215132877231, -6107686.695785645395517 ], [ -8271271.039986839517951, -6106047.154905925504863 ], [ -8259753.476429698988795, -6105607.007626987993717 ], [ -8246084.889793705195189, -6106139.989154828712344 ], [ -8243232.553245761431754, -6108171.857798756100237 ], [ -8239778.088484260253608, -6112401.884292816743255 ], [ -8233484.294159406796098, -6114808.39441411010921 ], [ -8221780.396683850325644, -6114622.567156367003918 ], [ -8212240.529271740466356, -6111801.094749892130494 ], [ -8192372.350976916030049, -6129761.66137901507318 ], [ -8191939.53749966993928, -6137734.191580862738192 ], [ -8187921.013747826218605, -6147851.719888908788562 ], [ -8186328.022032302804291, -6141619.507858639582992 ], [ -8181117.278445987030864, -6136147.492358210496604 ], [ -8179499.689980646595359, -6136288.975384927354753 ], [ -8181435.679821621626616, -6240832.426797561347485 ], [ -8178540.877281215973198, -6373993.343656226061285 ], [ -8193014.889983244240284, -6455047.814787587150931 ], [ -8201337.27548514585942, -6527868.687929225154221 ], [ -8210664.594061119481921, -6537114.87682044878602 ] ] ], [ [ [ -8180484.097689604386687, -6127328.417465526610613 ], [ -8190797.404819633811712, -6115293.987276412546635 ], [ -8198156.167002007365227, -6104406.449448592960835 ], [ -8199149.027272059582174, -6091744.939194420352578 ], [ -8189814.54705136269331, -6091710.556888252496719 ], [ -8188840.740054294466972, -6097018.196147554554045 ], [ -8185136.79125118162483, -6101865.189371566288173 ], [ -8183065.918816254474223, -6103250.969348660670221 ], [ -8180622.341221679002047, -6104360.055512167513371 ], [ -8178917.1783307492733, -6104833.346290432848036 ], [ -8179347.655171695165336, -6128079.095701521262527 ], [ -8180484.097689604386687, -6127328.417465526610613 ] ] ], [ [ [ -8178976.27653029654175, -6101172.383243480697274 ], [ -8183792.275862553156912, -6097571.566807738505304 ], [ -8205762.416457906365395, -6070356.264432008378208 ], [ -8209025.508727313019335, -6062008.059242337010801 ], [ -8208429.408140772022307, -6057664.310848518274724 ], [ -8206195.211273775435984, -6054310.827114424668252 ], [ -8202746.755477900616825, -6050866.433450791984797 ], [ -8199561.798422982916236, -6046058.443440723232925 ], [ -8201672.755510572344065, -6035157.113810626789927 ], [ -8207173.049129776656628, -6029246.400144018232822 ], [ -8212287.630604744888842, -6039764.385366160422564 ], [ -8208019.641472660936415, -6042883.365995992906392 ], [ -8207385.453001552261412, -6046574.374019173905253 ], [ -8212178.424186055548489, -6071414.871195102110505 ], [ -8214389.55558252055198, -6073854.686448472552001 ], [ -8217110.646617368794978, -6075650.711338508874178 ], [ -8230344.423008038662374, -6081429.095920232124627 ], [ -8239375.338496510870755, -6079587.105736484751105 ], [ -8241486.276922715827823, -6078458.83474216144532 ], [ -8244322.583341881632805, -6071483.47391398716718 ], [ -8247847.196245530620217, -6070885.537661496549845 ], [ -8253320.430858043953776, -6070655.944948880001903 ], [ -8272052.504099855199456, -6066841.330243434756994 ], [ -8280856.98235584795475, -6064823.671049294061959 ], [ -8290425.886881330050528, -6067571.63104475941509 ], [ -8293210.109377974644303, -6069251.527336760424078 ], [ -8298590.167700590565801, -6070193.750918180681765 ], [ -8306538.051111903972924, -6068975.746989562176168 ], [ -8309597.771619353443384, -6067848.865631493739784 ], [ -8317097.819139371626079, -6063916.333627056330442 ], [ -8320173.569775599054992, -6058986.411524328403175 ], [ -8304922.031248635612428, -6035752.578633858822286 ], [ -8300043.889507915824652, -6032475.85925574041903 ], [ -8297786.664493161253631, -6032040.948292402550578 ], [ -8288170.677296039648354, -6033094.891694858670235 ], [ -8285123.963773196563125, -6034215.749628335237503 ], [ -8279016.540689554065466, -6039373.685735166072845 ], [ -8276504.830382282845676, -6047814.478233156725764 ], [ -8272565.449559643864632, -6058300.044197742827237 ], [ -8268007.929056056775153, -6063710.735557510517538 ], [ -8264081.573879394680262, -6065710.259328104555607 ], [ -8259906.761037209071219, -6066283.964751603081822 ], [ -8257224.746940306387842, -6065123.159159572795033 ], [ -8260385.668132749386132, -6065227.459288297221065 ], [ -8266013.195067519322038, -6063433.63408290874213 ], [ -8269075.920057768933475, -6060192.57468402851373 ], [ -8270884.320127869956195, -6053920.937589854001999 ], [ -8266268.66941337287426, -6046001.950500044040382 ], [ -8256343.089857016690075, -6043431.774261568672955 ], [ -8250476.100043800659478, -6045909.762568674050272 ], [ -8247615.757762162946165, -6045909.762568674050272 ], [ -8242837.808991707861423, -6043901.450926026329398 ], [ -8244538.999411187134683, -6030620.548254980705678 ], [ -8252223.384081567637622, -6034606.243741651065648 ], [ -8256303.023865758441389, -6038822.546772126108408 ], [ -8269368.474573470652103, -6041643.969813726842403 ], [ -8271595.636098728515208, -6041116.460366032086313 ], [ -8295157.74203350674361, -6016318.364602912217379 ], [ -8296433.135656101629138, -6013254.882535045966506 ], [ -8290303.654816669411957, -6002175.850489115342498 ], [ -8278808.149015326984227, -5990599.836902897804976 ], [ -8276280.408579277805984, -5985528.442287500947714 ], [ -8274688.424578487873077, -5981884.029221761971712 ], [ -8273218.672642365098, -5978036.088179862126708 ], [ -8259211.456533764488995, -5975782.408668256364763 ], [ -8256846.03281504381448, -5977067.006348419934511 ], [ -8255717.914834335446358, -5981633.147683990187943 ], [ -8255592.678286855109036, -5987270.755405892618001 ], [ -8250320.818668205291033, -5998021.722297398373485 ], [ -8249362.015423811040819, -5998979.870731260627508 ], [ -8250320.818668205291033, -5996654.223815099336207 ], [ -8253350.494347541593015, -5986848.449377287179232 ], [ -8253366.524476332589984, -5982657.362794366665184 ], [ -8252300.530242699198425, -5977124.507536316290498 ], [ -8250892.883392261341214, -5974486.218386121094227 ], [ -8242774.696191295050085, -5966501.020894122309983 ], [ -8230771.22751965560019, -5947698.844375397078693 ], [ -8239314.222464178688824, -5939127.198835402727127 ], [ -8241786.837172125466168, -5938062.581349815241992 ], [ -8244307.560927824117243, -5937836.452678947709501 ], [ -8246502.662195511162281, -5938990.623600902035832 ], [ -8249756.759677851572633, -5940998.300647324882448 ], [ -8253011.864874940365553, -5939874.721479500643909 ], [ -8265148.575827755965292, -5921129.811011183075607 ], [ -8267096.227144660428166, -5911500.858059978112578 ], [ -8267228.461711119860411, -5907468.752233835868537 ], [ -8275428.814985492266715, -5903979.656679265201092 ], [ -8306506.998569069430232, -5907142.465955159626901 ], [ -8306876.68058451730758, -5916359.420366114936769 ], [ -8303414.210089320316911, -5915499.659713129512966 ], [ -8298899.760059812106192, -5915364.926525884307921 ], [ -8286306.18110587541014, -5919218.995289459824562 ], [ -8287604.602876234799623, -5923640.588918029330671 ], [ -8290751.509369350038469, -5926130.101675202138722 ], [ -8293751.121559186838567, -5926265.000926746055484 ], [ -8300832.37030128762126, -5925383.755066922865808 ], [ -8309567.726791239343584, -5921424.380406443960965 ], [ -8336439.018613695167005, -5908542.813866681419313 ], [ -8349921.252669867128134, -5901679.223223516717553 ], [ -8357350.162994394078851, -5886461.628846798092127 ], [ -8357666.753372589126229, -5881753.833251140080392 ], [ -8356151.915532924234867, -5878016.849475939758122 ], [ -8350106.61619633808732, -5870324.697911436669528 ], [ -8342337.060969764366746, -5862413.649500228464603 ], [ -8342872.064185350202024, -5851579.537142568267882 ], [ -8345391.78022631444037, -5855686.39237024076283 ], [ -8347216.191763823851943, -5860885.256368348374963 ], [ -8358054.480946280062199, -5872842.808693734928966 ], [ -8362321.481025012210011, -5876351.605030913837254 ], [ -8369973.805437822826207, -5881371.601397007703781 ], [ -8388031.60555584449321, -5886528.759605214931071 ], [ -8392601.162652051076293, -5885524.543636264279485 ], [ -8397045.464539414271712, -5885130.457803638651967 ], [ -8405178.692815819755197, -5887699.538494748994708 ], [ -8412475.349912503734231, -5891259.577383599244058 ], [ -8415539.082617489621043, -5893738.423771555535495 ], [ -8421649.528845328837633, -5904105.442032384686172 ], [ -8419372.261504240334034, -5906644.99273198004812 ], [ -8413945.101848613470793, -5902062.368926666676998 ], [ -8401715.214605901390314, -5893650.747383368201554 ], [ -8398686.546641301363707, -5893852.360847958363593 ], [ -8395685.926736727356911, -5895712.354310916736722 ], [ -8387105.870283748023212, -5922316.939071357250214 ], [ -8388140.811974533833563, -5926401.377201745286584 ], [ -8394944.547276372089982, -5931290.232769913040102 ], [ -8400941.774887967854738, -5933962.434348463080823 ], [ -8403324.217788826674223, -5934868.031712616793811 ], [ -8404250.960775643587112, -5935004.542432714253664 ], [ -8405363.048627560958266, -5934868.031712616793811 ], [ -8412143.737120259553194, -5932581.459664016030729 ], [ -8420369.133971840143204, -5922657.006203494034708 ], [ -8428061.52437592856586, -5908450.627899026498199 ], [ -8428835.990469966083765, -5897347.658912546001375 ], [ -8427396.283361963927746, -5882608.820044704712927 ], [ -8420454.285866672173142, -5872169.502795153297484 ], [ -8418228.132056137546897, -5871764.371416590176523 ], [ -8415507.04102130793035, -5871987.333871060051024 ], [ -8411888.262774398550391, -5872504.696973281912506 ], [ -8406756.643455903977156, -5869738.994769501499832 ], [ -8398778.715216476470232, -5862771.76441341266036 ], [ -8392872.667126709595323, -5857516.501447756774724 ], [ -8393668.14593904837966, -5851860.161260000430048 ], [ -8388605.66704797744751, -5845893.585779005661607 ], [ -8385975.755534960888326, -5843495.029571262188256 ], [ -8378539.8285300899297, -5839517.258864380419254 ], [ -8373576.534894545562565, -5844189.387401603162289 ], [ -8373330.073997125029564, -5846118.816307907924056 ], [ -8372850.177848252467811, -5836458.538097026757896 ], [ -8371149.995143490843475, -5828646.000736188143492 ], [ -8358748.777735013514757, -5814971.500585718080401 ], [ -8354126.129001538269222, -5814535.685639275237918 ], [ -8344107.373155284672976, -5814961.36009265948087 ], [ -8329110.301259440369904, -5798441.716446713544428 ], [ -8325461.478184415958822, -5789478.741819122806191 ], [ -8318194.865915853530169, -5768072.243098970502615 ], [ -8314391.750518592074513, -5754925.199808859266341 ], [ -8312767.706260225735605, -5752638.849424311891198 ], [ -8288510.314483374357224, -5749553.959464051760733 ], [ -8278676.903502219356596, -5747138.246825011447072 ], [ -8274925.872027471661568, -5748457.401383953168988 ], [ -8272781.865628967061639, -5754022.085039057768881 ], [ -8266963.973916816525161, -5750067.069678580388427 ], [ -8254989.561019957996905, -5748158.490080153569579 ], [ -8252810.471219672821462, -5749888.845792703330517 ], [ -8249965.151352079585195, -5754081.038095404393971 ], [ -8244074.125676376745105, -5771728.385239525698125 ], [ -8247105.79812379181385, -5788587.995552511885762 ], [ -8248791.947467829100788, -5793223.168326712213457 ], [ -8251356.749412355013192, -5798061.62773700710386 ], [ -8253768.266749352216721, -5800627.139511896297336 ], [ -8255624.738544419407845, -5802412.57374663092196 ], [ -8253150.108407009392977, -5802077.152937665581703 ], [ -8246118.946819355711341, -5796249.593494936823845 ], [ -8244044.062186879105866, -5787853.254434977658093 ], [ -8244260.478256196714938, -5784445.837398556992412 ], [ -8245172.180167587473989, -5780917.167077695019543 ], [ -8243765.541031870990992, -5777911.819009642116725 ], [ -8235061.255746152251959, -5786451.725791465491056 ], [ -8234288.805081570520997, -5789903.212244624271989 ], [ -8234597.389726070687175, -5794562.186903196386993 ], [ -8236097.186490287072957, -5798842.038573296740651 ], [ -8237581.979501850903034, -5801341.26458234898746 ], [ -8240487.407687050290406, -5804554.153693025000393 ], [ -8246053.837250858545303, -5809465.361345668323338 ], [ -8251929.8218511370942, -5812948.99923194758594 ], [ -8259288.60269488953054, -5816413.726696827448905 ], [ -8272338.041935208253562, -5820369.513232668861747 ], [ -8275770.448940907604992, -5820647.688272298313677 ], [ -8279140.769522299058735, -5819162.732278435491025 ], [ -8283964.793249652720988, -5815520.264252438209951 ], [ -8286654.831741652451456, -5813171.9341053776443 ], [ -8291578.040724530816078, -5809886.452053375542164 ], [ -8282295.681749122217298, -5819565.477962852455676 ], [ -8279789.980407484807074, -5821531.521592753008008 ], [ -8277687.047714975662529, -5822829.917663345113397 ], [ -8274672.394449696876109, -5822986.426910078153014 ], [ -8263647.771348796784878, -5820101.493341170251369 ], [ -8254774.152665381319821, -5817507.150998471304774 ], [ -8251248.550708388909698, -5815542.002975450828671 ], [ -8245465.723736634477973, -5812681.204398632980883 ], [ -8242814.762182560749352, -5812110.886689535342157 ], [ -8238168.077586611732841, -5826943.674917136318982 ], [ -8226619.442825252190232, -5834645.881915172562003 ], [ -8223387.403098695911467, -5836033.285310983657837 ], [ -8222398.555026174522936, -5836211.791658606380224 ], [ -8221189.278686812147498, -5834593.633852654136717 ], [ -8224237.988977738656104, -5829942.526427974924445 ], [ -8227005.173630863428116, -5828152.978749545291066 ], [ -8230592.880673542618752, -5825535.964071688242257 ], [ -8239575.705775660462677, -5814629.804745124652982 ], [ -8235864.75895357504487, -5805737.226518307812512 ], [ -8233268.904466212727129, -5803326.394033966585994 ], [ -8225653.641561878845096, -5802612.108705802820623 ], [ -8211212.604261292144656, -5819104.801658694632351 ], [ -8211684.49467646330595, -5827951.407596956007183 ], [ -8212751.496624839492142, -5833929.059026690199971 ], [ -8214405.585711311548948, -5838654.850600490346551 ], [ -8216260.060738318599761, -5842531.996998280286789 ], [ -8224236.999924388714135, -5852556.64170937333256 ], [ -8227764.598649468272924, -5856304.623653675429523 ], [ -8236954.807711084373295, -5870436.892933798953891 ], [ -8227856.767224649898708, -5877443.752016286365688 ], [ -8223666.931968420743942, -5877612.914955567568541 ], [ -8220560.110127965919673, -5875745.07834711112082 ], [ -8218857.930655136704445, -5873473.922054971568286 ], [ -8212998.946575615555048, -5860480.644856144674122 ], [ -8211605.351747272536159, -5856799.250803723 ], [ -8209109.671568794175982, -5848193.985026647336781 ], [ -8204371.807451001368463, -5842261.841915261931717 ], [ -8189991.88618275988847, -5824303.854550349526107 ], [ -8185616.706061438657343, -5810772.120628032833338 ], [ -8173696.392516557127237, -5792287.283147034235299 ], [ -8175645.032886805012822, -5790505.315297332592309 ], [ -8186358.08552180044353, -5805737.226518307812512 ], [ -8190857.513137251138687, -5813664.147199392318726 ], [ -8192806.153507499024272, -5819116.403941470198333 ], [ -8196145.402884672395885, -5825960.738021981902421 ], [ -8199128.984945737756789, -5829674.215658796951175 ], [ -8202894.031119800172746, -5830972.351489269174635 ], [ -8203320.835631418973207, -5823857.455072739161551 ], [ -8202515.33565591648221, -5820592.635473409667611 ], [ -8201200.865095399320126, -5817844.614672114141285 ], [ -8198681.149054436013103, -5812325.118865366093814 ], [ -8196980.966349672526121, -5806026.499457947909832 ], [ -8195636.450961049646139, -5799177.336759292520583 ], [ -8195340.891962527297437, -5793870.267194320447743 ], [ -8198124.106744438409805, -5784313.095187735743821 ], [ -8200366.309345134533942, -5777224.07156430836767 ], [ -8186776.865638326853514, -5749998.076772795990109 ], [ -8175427.627764148637652, -5736833.196928325109184 ], [ -8173324.695071637630463, -5734574.473309899680316 ], [ -8169769.029625159688294, -5731518.758589387871325 ], [ -8166830.533467656001449, -5730189.20824321731925 ], [ -8164543.244963403791189, -5729859.362567133270204 ], [ -8158884.665485799312592, -5729880.892451922409236 ], [ -8152731.148783879354596, -5730566.403388982638717 ], [ -8149206.535880230367184, -5729880.892451922409236 ], [ -8146833.106427810154855, -5727358.670299401506782 ], [ -8162100.675083570182323, -5722183.132664481177926 ], [ -8166397.719990409910679, -5722625.88748480938375 ], [ -8171183.674494558945298, -5724239.516966282390058 ], [ -8175056.938033978454769, -5727469.067353677004576 ], [ -8178164.748927777633071, -5733357.796319018118083 ], [ -8179710.639310289174318, -5735725.294178697280586 ], [ -8188631.340665332973003, -5744365.514866958372295 ], [ -8190873.543266023509204, -5744886.94173517730087 ], [ -8189806.541317662224174, -5730189.20824321731925 ], [ -8183614.955392550677061, -5693549.058611802756786 ], [ -8170526.457875683903694, -5681214.441618217155337 ], [ -8159070.999404241330922, -5672898.660457375459373 ], [ -8150249.501966106705368, -5669106.160697096958756 ], [ -8146806.047421125695109, -5672425.581886270083487 ], [ -8145989.518567730672657, -5677462.639335699379444 ], [ -8142512.006997093558311, -5681060.407520085573196 ], [ -8137826.245463205501437, -5685156.203072084113955 ], [ -8127962.770992545410991, -5692447.923109193332493 ], [ -8120866.499836394563317, -5694938.885935170575976 ], [ -8112407.64907196816057, -5696260.324012952856719 ], [ -8110677.421539105474949, -5695886.012054434977472 ], [ -8107089.695835043676198, -5688283.146262229420245 ], [ -8108225.838210836052895, -5685177.59893792681396 ], [ -8115045.603641447611153, -5683779.320457649417222 ], [ -8117449.096583368256688, -5686300.674565512686968 ], [ -8120432.678644413128495, -5686741.655546453781426 ], [ -8131502.406310250982642, -5681489.733022118918598 ], [ -8137424.484528806991875, -5674372.227605276741087 ], [ -8142743.445480461232364, -5668787.129374551586807 ], [ -8151619.060931957326829, -5661625.586358373984694 ], [ -8155250.864824845455587, -5660175.47323789075017 ], [ -8157678.393629230558872, -5660877.028698921203613 ], [ -8160987.598178302869201, -5664656.081277471967041 ], [ -8163104.564231526106596, -5667523.823662890121341 ], [ -8167233.283455403521657, -5668062.167893004603684 ], [ -8172461.064885227009654, -5667469.709837144240737 ], [ -8175226.252770284190774, -5666831.72182138171047 ], [ -8177236.009172879159451, -5665006.311222605407238 ], [ -8177730.927735809236765, -5661416.379429998807609 ], [ -8176107.891192170791328, -5653261.107214267365634 ], [ -8173263.579039311036468, -5652537.424334147013724 ], [ -8166569.050156174227595, -5652184.820194946601987 ], [ -8164357.900098324753344, -5651198.211175678297877 ], [ -8160330.362898039631546, -5644810.658096962608397 ], [ -8163522.336633311584592, -5640105.669632654637098 ], [ -8168037.794377567246556, -5633271.952501747757196 ], [ -8171268.845050773583353, -5626432.087507801130414 ], [ -8170493.389903385192156, -5620658.486333700828254 ], [ -8168098.910409901291132, -5616471.604410887695849 ], [ -8164790.713575569912791, -5615008.91331916116178 ], [ -8162486.405889183282852, -5614746.989012255333364 ], [ -8159286.40775881242007, -5615511.553954178467393 ], [ -8155545.416108625940979, -5616318.675250211730599 ], [ -8152073.913503609597683, -5616297.44262061920017 ], [ -8142185.395455735735595, -5612780.663292647339404 ], [ -8119891.666463208384812, -5600315.923802460543811 ], [ -8113831.326051186770201, -5595060.493703001178801 ], [ -8100285.960533204488456, -5582772.52259058970958 ], [ -8095928.807308759540319, -5573415.23941895365715 ], [ -8094312.983387698419392, -5569176.817847481928766 ], [ -8097486.406149854883552, -5635818.695852757431567 ], [ -8106170.813771071843803, -5728452.377145742066205 ], [ -8135118.839175129309297, -5852928.886383188888431 ], [ -8155382.456957969814539, -5942667.765135767869651 ], [ -8184330.482362027280033, -6023722.236267128959298 ], [ -8178540.877281215973198, -6084513.089615650475025 ], [ -8178849.832649046555161, -6101196.679478518664837 ], [ -8178976.27653029654175, -6101172.383243480697274 ] ] ], [ [ [ -8097565.877213102765381, -5536301.265848132781684 ], [ -8109255.759989350102842, -5527380.113435481674969 ], [ -8118161.42026895377785, -5519290.01764059998095 ], [ -8118163.435698417015374, -5514903.17493034247309 ], [ -8128488.760759707540274, -5510042.562773668207228 ], [ -8135631.125534134916961, -5507753.15482931304723 ], [ -8139125.674948292784393, -5507320.814318832941353 ], [ -8143763.346095818094909, -5506370.826443734578788 ], [ -8146825.0820327186957, -5504601.25720046646893 ], [ -8157725.494962254539132, -5493039.613409618847072 ], [ -8158537.003903378732502, -5488199.007253234274685 ], [ -8157423.926998112350702, -5483225.587385141290724 ], [ -8149731.517932638525963, -5476023.572746427729726 ], [ -8141571.249310940504074, -5469051.567124190740287 ], [ -8141476.076252957805991, -5463165.281734383665025 ], [ -8137640.900598113425076, -5455002.328672633506358 ], [ -8128271.355637045577168, -5435958.595707898959517 ], [ -8125395.972279952839017, -5436044.656023458577693 ], [ -8120356.540198023431003, -5434802.212327630259097 ], [ -8109161.575984706170857, -5430946.761975551024079 ], [ -8109890.937513818964362, -5426694.874084028415382 ], [ -8109919.004235230386257, -5420351.887052664533257 ], [ -8111670.281809163279831, -5425599.268174992874265 ], [ -8113282.289474888704717, -5427188.614782122895122 ], [ -8120324.479940453544259, -5427776.735986982472241 ], [ -8131009.484515400603414, -5424344.336365973576903 ], [ -8131488.372949545271695, -5419006.216690836474299 ], [ -8130729.955645670183003, -5400952.133490488864481 ], [ -8138166.871703891083598, -5383147.159596013836563 ], [ -8139248.896066309884191, -5379633.328029019758105 ], [ -8135422.733859901316464, -5359935.743554160930216 ], [ -8133110.42043982539326, -5357194.627616887912154 ], [ -8128767.281914697028697, -5354264.408588404767215 ], [ -8125582.324859761632979, -5352266.518161890096962 ], [ -8122983.447228227742016, -5350782.109061937779188 ], [ -8120695.169670624658465, -5349976.057435440830886 ], [ -8116760.808760262094438, -5348223.840521994978189 ], [ -8116904.072204614058137, -5337052.737658356316388 ], [ -8118894.793995608575642, -5330595.02949944883585 ], [ -8118005.131178624927998, -5326803.246665290556848 ], [ -8113521.752353348769248, -5318442.851297131739557 ], [ -8109494.196491692215204, -5313874.958750150166452 ], [ -8105783.249669605866075, -5314002.388049874454737 ], [ -8097967.619486122392118, -5319332.571025108918548 ], [ -8097682.100312154740095, -5298715.352353754453361 ], [ -8101091.479170083999634, -5294358.069535905495286 ], [ -8104384.634928986430168, -5292279.987798558548093 ], [ -8107554.569569858722389, -5288958.72306174132973 ], [ -8109254.75227462220937, -5284573.176785724237561 ], [ -8110830.706146621145308, -5275659.507774399593472 ], [ -8110955.942694107070565, -5267598.228213376365602 ], [ -8110397.89266936853528, -5246267.089449563995004 ], [ -8106472.545207441784441, -5236299.707167938351631 ], [ -8103981.88494123890996, -5235273.784507419914007 ], [ -8094010.211766611784697, -5235839.048180632293224 ], [ -8090825.254711681976914, -5236466.840817907825112 ], [ -8088481.870087374933064, -5239509.985459578223526 ], [ -8079831.684153626672924, -5245279.530033714137971 ], [ -8076508.464905244298279, -5246245.323870264925063 ], [ -8075092.81232110504061, -5244357.357394212856889 ], [ -8077877.016156366094947, -5239686.6965192258358 ], [ -8083155.892455364577472, -5238271.682938764803112 ], [ -8086743.618159419856966, -5236571.481201718561351 ], [ -8091187.938708165660501, -5232913.932514602318406 ], [ -8109516.254247482866049, -5204342.08944689296186 ], [ -8104137.184978210367262, -5197896.366768663749099 ], [ -8098632.879161465913057, -5193887.085041283629835 ], [ -8082283.267481901682913, -5188638.198373068124056 ], [ -8078733.629662428051233, -5190630.020338620990515 ], [ -8075502.578989215195179, -5196518.691634121350944 ], [ -8075572.708469972014427, -5199850.874142741784453 ], [ -8065483.823142961598933, -5229287.645112730562687 ], [ -8063493.101351954042912, -5230739.359060782007873 ], [ -8063393.190399211831391, -5230566.595250395126641 ], [ -8068538.380745796486735, -5323180.02148893661797 ], [ -8091696.801069042645395, -5514236.989155716262758 ], [ -8092574.032783224247396, -5532658.85515352897346 ], [ -8097565.877213102765381, -5536301.265848132781684 ] ] ], [ [ [ -8062840.867322589270771, -5216818.166531974449754 ], [ -8066737.159009766764939, -5196874.598346902057528 ], [ -8068219.936591854318976, -5190401.47645893599838 ], [ -8069613.550081573426723, -5179389.070667854510248 ], [ -8069366.081469420343637, -5175263.377868715673685 ], [ -8068622.705240985378623, -5169555.171619083732367 ], [ -8067803.153243400156498, -5165559.178869626484811 ], [ -8066752.200085206888616, -5161811.57404275983572 ], [ -8066396.532769080251455, -5157006.200428534299135 ], [ -8068452.382789950817823, -5155447.159944336861372 ], [ -8073214.28277022857219, -5155552.265938495285809 ], [ -8077033.44695767108351, -5159980.795455093495548 ], [ -8084332.100822428241372, -5164308.917527358978987 ], [ -8098370.388135254383087, -5162186.401316976174712 ], [ -8107011.560620573349297, -5157485.966124093160033 ], [ -8111635.217068778350949, -5150873.911923803389072 ], [ -8110677.421539105474949, -5147051.330747851170599 ], [ -8104725.27983105648309, -5137582.889540114440024 ], [ -8087903.796397699043155, -5120351.957996253855526 ], [ -8083256.085425631143153, -5120547.972998552955687 ], [ -8079477.00589085649699, -5121365.558081722818315 ], [ -8068003.539183926768601, -5118612.328639607876539 ], [ -8064571.899154616519809, -5116872.21461503021419 ], [ -8062772.24116709176451, -5217653.06191641651094 ], [ -8062840.867322589270771, -5216818.166531974449754 ] ] ], [ [ [ -8067974.483409164473414, -5113662.245675443671644 ], [ -8079398.870676380582154, -5117471.532438635826111 ], [ -8083125.84762725699693, -5117554.723925767466426 ], [ -8085723.698882685042918, -5116478.464810095727444 ], [ -8090199.090635657310486, -5112968.7203423185274 ], [ -8093453.16945662163198, -5103027.354925844818354 ], [ -8097226.240025768056512, -5097694.24183083511889 ], [ -8104616.073412349447608, -5088872.487037280574441 ], [ -8108930.15616272110492, -5086457.625897383317351 ], [ -8119180.331830960698426, -5083888.22905483469367 ], [ -8127683.260784205049276, -5086456.280392665416002 ], [ -8131340.089592917822301, -5088005.479549562558532 ], [ -8138197.942908117547631, -5098913.050158105790615 ], [ -8136652.033864221535623, -5104825.822116645984352 ], [ -8134503.026214824058115, -5106772.094768235459924 ], [ -8132910.034499298781157, -5115515.040806676261127 ], [ -8140703.625588376075029, -5123770.430324849672616 ], [ -8148076.421131450682878, -5129304.850350765511394 ], [ -8151865.521829382516444, -5129968.647153345867991 ], [ -8159718.213521328754723, -5128164.106411240063608 ], [ -8163337.999482973478734, -5127003.380509220995009 ], [ -8170726.825154833495617, -5127211.592641924507916 ], [ -8172937.956551304087043, -5128165.457774916663766 ], [ -8178334.063664075918496, -5130735.971630622632802 ], [ -8181303.631025813519955, -5131773.528209872543812 ], [ -8183157.098338085226715, -5131855.517173860222101 ], [ -8190294.461861631833017, -5127272.047824105247855 ], [ -8203505.191443160176277, -5124597.696471752598882 ], [ -8209319.070957755669951, -5124256.560287380591035 ], [ -8207571.805581372231245, -5112874.824924238026142 ], [ -8202546.38819876499474, -5105219.868405829183757 ], [ -8200521.590720729902387, -5103771.108871304430068 ], [ -8196826.67402742896229, -5103606.263447408564389 ], [ -8193131.757334128953516, -5104165.11188133712858 ], [ -8188979.991301096975803, -5102913.464341972023249 ], [ -8181728.420107968151569, -5089336.788966845721006 ], [ -8185183.892584199085832, -5092631.785568060353398 ], [ -8187463.156693359836936, -5097703.621486900374293 ], [ -8189651.259942066855729, -5100690.659422054886818 ], [ -8192844.22273069806397, -5101671.363423244096339 ], [ -8206202.227954118512571, -5100339.667629664763808 ], [ -8212998.946575615555048, -5095957.367136775515974 ], [ -8223295.234523519873619, -5083278.424046072177589 ], [ -8223511.631931447423995, -5077790.496665460988879 ], [ -8221485.845400055870414, -5073027.046056636609137 ], [ -8221873.572973758913577, -5063022.736223828978837 ], [ -8223233.11077643930912, -5057311.611498753540218 ], [ -8227069.294146005995572, -5046449.629104658029974 ], [ -8228799.540340266190469, -5044189.193155886605382 ], [ -8230623.95187777467072, -5041969.216384253464639 ], [ -8232309.093507090583444, -5038229.593468531966209 ], [ -8234550.288393053226173, -5024066.993070777505636 ], [ -8237009.896116405725479, -5007467.409905942156911 ], [ -8231675.912750695832074, -4991387.559907864779234 ], [ -8219021.76453198865056, -4957135.988481157459319 ], [ -8068538.380745797418058, -4946855.69123618863523 ], [ -8065643.578205391764641, -5056858.187771607190371 ], [ -8064659.104743079282343, -5111988.701661127619445 ], [ -8067974.483409164473414, -5113662.245675443671644 ] ] ] ] } },
{ "type": "Feature", "properties": { "Id": null, "id1": 8, "nomi": "Balandlik mintaqalanish o'lkalari" }, "geometry": { "type": "MultiPolygon", "coordinates": [ [ [ [ -7446594.309125686064363, -7427211.704883902333677 ], [ -7449130.055295430123806, -7427102.481527152471244 ], [ -7458683.956068251281977, -7426558.225016796030104 ], [ -7464203.284299055114388, -7426096.773712699301541 ], [ -7465271.275300767272711, -7425144.005965866148472 ], [ -7466431.453539039008319, -7415489.194293854758143 ], [ -7463246.496484122239053, -7410321.790664745494723 ], [ -7460726.780443158000708, -7408829.678488484583795 ], [ -7452006.446367256343365, -7405414.26285301335156 ], [ -7448914.66560223698616, -7405115.652714762836695 ], [ -7446780.661705494858325, -7405603.963304463773966 ], [ -7444894.126420930027962, -7406417.293536310084164 ], [ -7443897.272614707238972, -7407090.154171420261264 ], [ -7441710.177080729044974, -7409481.666866600513458 ], [ -7439204.47573909163475, -7419169.479870408773422 ], [ -7440911.675124199129641, -7423786.419840377755463 ], [ -7444460.323890327475965, -7426612.816266506910324 ], [ -7446594.309125686064363, -7427211.704883902333677 ] ] ], [ [ [ -7411869.317896549589932, -7417487.472425777465105 ], [ -7417016.948682439513505, -7416129.423423573374748 ], [ -7418115.003173650242388, -7414527.180784828029573 ], [ -7418780.244187615811825, -7411133.847250768914819 ], [ -7418857.390348746441305, -7409181.165370132774115 ], [ -7416970.873725547455251, -7401185.682503319345415 ], [ -7407260.683862403035164, -7394117.448520499281585 ], [ -7404693.885149811394513, -7393956.091536737978458 ], [ -7402963.638955563306808, -7394173.576315077953041 ], [ -7395263.224156396463513, -7397771.861159517429769 ], [ -7393910.703034054487944, -7401185.682503319345415 ], [ -7404045.663317988626659, -7414119.211951557546854 ], [ -7410694.117244221270084, -7417323.859605033881962 ], [ -7411869.317896549589932, -7417487.472425777465105 ] ] ], [ [ [ -7438524.21231107134372, -7384921.559629093855619 ], [ -7440688.261035908944905, -7383893.27284718491137 ], [ -7465534.774041712284088, -7366721.372367013245821 ], [ -7466756.049650933593512, -7364023.222996127791703 ], [ -7466183.984926885925233, -7362001.973257422447205 ], [ -7465241.230472646653652, -7360896.358605515211821 ], [ -7463014.050286013633013, -7360464.975926483049989 ], [ -7460881.054104017093778, -7361004.622786487452686 ], [ -7460223.837485136464238, -7361308.538275616243482 ], [ -7454850.777181500568986, -7362781.046978862024844 ], [ -7442729.08864273596555, -7367312.145568669773638 ], [ -7441306.419378252699971, -7369201.905147093348205 ], [ -7436885.14563865493983, -7384029.884825745597482 ], [ -7438524.21231107134372, -7384921.559629093855619 ] ] ], [ [ [ -7607822.116044537164271, -7362676.239715360105038 ], [ -7606051.803859006613493, -7370376.870360913686454 ], [ -7607358.250024442560971, -7375463.538759282790124 ], [ -7632900.067533689551055, -7387301.001644344069064 ], [ -7634893.793807512149215, -7390315.783218004740775 ], [ -7641496.154115468263626, -7392062.07181538734585 ], [ -7655209.826655022799969, -7388301.696424335241318 ], [ -7660914.49975090380758, -7384650.003525669686496 ], [ -7664873.922899884171784, -7380595.573958189226687 ], [ -7668429.569684990681708, -7377462.044857062399387 ], [ -7670686.794699732214212, -7375736.50172539614141 ], [ -7683241.296715742908418, -7366936.338821535930037 ], [ -7685606.720434465445578, -7366922.372170041315258 ], [ -7687700.639678526669741, -7371658.731530820950866 ], [ -7677056.727470976300538, -7383651.540455415844917 ], [ -7669265.133149978704751, -7388543.573449919931591 ], [ -7668702.916612111963332, -7388874.727189288474619 ], [ -7783666.608186606317759, -7376644.547234554775059 ], [ -7780691.715353266336024, -7375166.109659594483674 ], [ -7769297.391575547866523, -7372494.743985685519874 ], [ -7764627.641509054228663, -7371954.299982247874141 ], [ -7752600.136974934488535, -7370605.943616009317338 ], [ -7721430.792530911043286, -7364725.622427701018751 ], [ -7702567.473776009865105, -7359817.084758608601987 ], [ -7680056.339660813100636, -7357877.246599638834596 ], [ -7662291.075397123582661, -7358577.335660620592535 ], [ -7659695.22090976126492, -7358011.67910975869745 ], [ -7655032.487523630261421, -7354363.703244985081255 ], [ -7651854.547149056568742, -7351898.354848640039563 ], [ -7642934.853508735075593, -7350258.709447863511741 ], [ -7626576.228380743414164, -7348535.708881218917668 ], [ -7614794.177029313519597, -7353205.061322670429945 ], [ -7607822.116044537164271, -7362676.239715360105038 ] ] ], [ [ [ -7636208.264368033967912, -7397152.426857441663742 ], [ -7619478.949509857222438, -7397420.890261354856193 ], [ -7612135.19108016230166, -7397991.217851306311786 ], [ -7600647.691012520343065, -7405658.407339264638722 ], [ -7592947.276213346980512, -7414228.219910339452326 ], [ -7593605.500546967610717, -7417987.114183923229575 ], [ -7623568.825840481556952, -7422444.134782602079213 ], [ -7625284.72292348369956, -7422367.015812579542398 ], [ -7651080.874552262015641, -7396485.696184813976288 ], [ -7636208.264368033967912, -7397152.426857441663742 ] ] ], [ [ [ -7810517.552123388275504, -7363700.001253737136722 ], [ -7811721.808550486341119, -7363537.516777403652668 ], [ -7813392.935480480082333, -7362567.91975109372288 ], [ -7815030.994438163004816, -7360842.194548659026623 ], [ -7815030.994438163004816, -7358765.92949678376317 ], [ -7813515.167545160278678, -7356962.490757959894836 ], [ -7812154.603366336785257, -7355669.100357444956899 ], [ -7796075.507108079269528, -7346947.330919029191136 ], [ -7794189.979538225568831, -7346194.223791266791523 ], [ -7792519.86032297834754, -7346302.316314360126853 ], [ -7791437.835960559546947, -7347215.821318958885968 ], [ -7790077.290443138219416, -7349289.042326371185482 ], [ -7789991.130833584815264, -7352170.492824365384877 ], [ -7793849.353297558613122, -7358039.613006689585745 ], [ -7804364.035421469248831, -7362298.932233181782067 ], [ -7810517.552123388275504, -7363700.001253737136722 ] ] ], [ [ [ -7529898.260407800786197, -7346947.330919029191136 ], [ -7522849.053261886350811, -7346248.286100413650274 ], [ -7520312.318038792349398, -7346087.886109231039882 ], [ -7507573.460211046971381, -7346032.10405190102756 ], [ -7506243.967236467637122, -7346032.10405190102756 ], [ -7501450.006998606026173, -7346516.719948088750243 ], [ -7493873.821032198145986, -7348291.596785984002054 ], [ -7489731.068447595462203, -7349475.624841899611056 ], [ -7485990.058136025443673, -7351036.609391184523702 ], [ -7483329.075418788939714, -7352330.985574300400913 ], [ -7479032.030511941760778, -7354698.759656773880124 ], [ -7477022.274109354242682, -7356639.561951799318194 ], [ -7475938.252978856675327, -7358256.095975088886917 ], [ -7464606.034286802634597, -7375867.755507155321538 ], [ -7464374.59580344054848, -7388382.332145344465971 ], [ -7465022.817635262385011, -7390382.398340285755694 ], [ -7467297.061832153238356, -7396878.710938833653927 ], [ -7468795.869543031789362, -7400020.078684820793569 ], [ -7469847.849077337421477, -7401645.654986387118697 ], [ -7484442.170985439792275, -7421151.101027387194335 ], [ -7485556.255605421960354, -7422047.048319053836167 ], [ -7490380.279332782141864, -7422647.322370137088001 ], [ -7491740.82485019043088, -7422647.322370137088001 ], [ -7502995.897381125949323, -7419222.282008877955377 ], [ -7504882.432665689848363, -7418462.142857006751001 ], [ -7507294.939056037925184, -7416887.564693043008447 ], [ -7508793.746766918338835, -7415014.314819508232176 ], [ -7509536.133942013606429, -7413060.656594907864928 ], [ -7509250.596106649376452, -7409861.303959962911904 ], [ -7506985.365358200855553, -7407067.31221133377403 ], [ -7505717.9961306899786, -7405008.50659307371825 ], [ -7505408.403771467506886, -7402920.384810447692871 ], [ -7506227.937107676640153, -7401076.824809172190726 ], [ -7508532.263455447740853, -7398666.846614871174097 ], [ -7510819.533298304304481, -7396934.858683756552637 ], [ -7513725.987859608605504, -7395904.981410866603255 ], [ -7516974.057714956812561, -7395092.718462740071118 ], [ -7519231.282729711383581, -7394983.978785889223218 ], [ -7521364.27891172003001, -7395526.025900514796376 ], [ -7525104.281508554704487, -7397152.426857441663742 ], [ -7526434.763536484912038, -7398503.629929251968861 ], [ -7527486.743070801720023, -7400130.654436857439578 ], [ -7528691.988551232032478, -7402946.714273085817695 ], [ -7529806.073171234689653, -7407828.103445309214294 ], [ -7529511.521887454204261, -7412654.500505028292537 ], [ -7530779.898829687386751, -7414038.308597029186785 ], [ -7532527.182867447845638, -7414337.2621557302773 ], [ -7547245.733608301728964, -7413305.07442581653595 ], [ -7548483.039346328005195, -7413197.815217822790146 ], [ -7550461.743206080980599, -7412490.989544115960598 ], [ -7556421.909309206530452, -7408912.295132842846215 ], [ -7554759.795827655121684, -7406770.405568786896765 ], [ -7553276.010530825704336, -7406742.296071588993073 ], [ -7553430.30285307019949, -7403273.337861339561641 ], [ -7556801.612487819977105, -7397257.699750335887074 ], [ -7558903.556126980111003, -7398070.15639712382108 ], [ -7573497.859373692423105, -7405983.378111231140792 ], [ -7577139.68442973587662, -7408154.899700917303562 ], [ -7577921.148542746901512, -7408260.354567959904671 ], [ -7580332.665879744105041, -7407987.981517223641276 ], [ -7582188.129960094578564, -7407176.253911508247256 ], [ -7583796.144089676439762, -7406092.304604042321444 ], [ -7585805.900492276996374, -7404084.657549619674683 ], [ -7586609.403699687682092, -7402242.619938869960606 ], [ -7590970.56912168674171, -7381380.034191219136119 ], [ -7590242.215307309292257, -7378111.406635638326406 ], [ -7592763.928116353228688, -7359658.194086378440261 ], [ -7594926.98778784647584, -7360196.028516256250441 ], [ -7605102.032724424265325, -7360735.689267752692103 ], [ -7608471.326929710805416, -7356531.325922718271613 ], [ -7609925.048737035132945, -7349786.075045850127935 ], [ -7608100.637199532240629, -7347297.75364944525063 ], [ -7606833.267972028814256, -7346570.784494276158512 ], [ -7593256.849911203607917, -7344257.774086427874863 ], [ -7592051.604430754669011, -7344095.694618389010429 ], [ -7577139.68442973587662, -7343881.35756894480437 ], [ -7566448.670889155007899, -7343989.385561736300588 ], [ -7555007.264439796097577, -7345333.141311598010361 ], [ -7545298.082291399128735, -7346248.286100413650274 ], [ -7529898.260407800786197, -7346947.330919029191136 ] ] ], [ [ [ -7848603.850485488772392, -7359366.57227267883718 ], [ -7849601.712006439454854, -7361165.330205705948174 ], [ -7859620.467852693982422, -7362838.706217800267041 ], [ -7861908.745410278439522, -7363160.135014781728387 ], [ -7865774.992269340902567, -7362891.094497001729906 ], [ -7868773.596744449809194, -7361865.71494772285223 ], [ -7871247.219167138449848, -7360304.315489236265421 ], [ -7872607.783345942385495, -7361058.787973213940859 ], [ -7873907.212831025011837, -7364358.695274766534567 ], [ -7865375.607576628215611, -7367952.100490935146809 ], [ -7904972.000929557718337, -7363739.718219346366823 ], [ -7905446.239290497265756, -7355398.563069088384509 ], [ -7903963.461708396673203, -7353515.660166152752936 ], [ -7902323.405982634983957, -7352519.395738419145346 ], [ -7890047.425121634267271, -7349852.344139209017158 ], [ -7880926.337826057337224, -7351952.424252120777965 ], [ -7876195.490388607606292, -7353461.547412404790521 ], [ -7870999.7692163689062, -7356046.086754217743874 ], [ -7857146.826768627390265, -7356531.325922718271613 ], [ -7855222.222260853275657, -7355426.487595825456083 ], [ -7858013.461437840946019, -7354213.634629842825234 ], [ -7861359.727495376951993, -7352721.784136573784053 ], [ -7860548.199892869219184, -7350795.927740436978638 ], [ -7849293.127361940219998, -7344257.774086427874863 ], [ -7847824.383140558376908, -7343801.18151090759784 ], [ -7841036.677967510186136, -7343504.926768720149994 ], [ -7831420.672109004110098, -7342213.767983463592827 ], [ -7828327.883629255928099, -7342644.141303020529449 ], [ -7827214.806723988614976, -7343801.18151090759784 ], [ -7841723.958075888454914, -7350563.927803022786975 ], [ -7846489.888915087096393, -7351062.796315142884851 ], [ -7848712.049189455807209, -7352936.396974065341055 ], [ -7848998.576078159734607, -7356056.555246721021831 ], [ -7848603.850485488772392, -7359366.57227267883718 ] ] ], [ [ [ -7832764.198444289155304, -7368096.993274863809347 ], [ -7831017.922121255658567, -7367906.447573606856167 ], [ -7825266.147692356258631, -7367693.212537824176252 ], [ -7824169.100915874354541, -7368284.059510202147067 ], [ -7823441.73615484777838, -7372116.960263452492654 ], [ -7823399.086910715326667, -7372417.687795819714665 ], [ -7845009.068220419809222, -7370118.753613935783505 ], [ -7832764.198444289155304, -7368096.993274863809347 ] ] ], [ [ [ -7781912.001909157261252, -7370228.25157829746604 ], [ -7781032.360255336388946, -7364697.664534624665976 ], [ -7781171.611502138897777, -7362351.316880572587252 ], [ -7783127.268552763387561, -7358053.5637331251055 ], [ -7786412.418577952310443, -7356962.490757959894836 ], [ -7787008.53782587684691, -7354080.990292523987591 ], [ -7784510.86087931226939, -7341919.325964611023664 ], [ -7783428.836516893468797, -7341030.810007132589817 ], [ -7776749.330047813244164, -7338557.510560443624854 ], [ -7775636.253142558969557, -7338289.318190270103514 ], [ -7763391.32482439186424, -7336192.915376450866461 ], [ -7757454.224191777408123, -7336464.50558627396822 ], [ -7725976.295103268697858, -7343234.843919607810676 ], [ -7722789.322618875652552, -7344041.679698190651834 ], [ -7704021.195583340711892, -7350122.656411457806826 ], [ -7699830.352612383663654, -7354094.966433316469193 ], [ -7701825.086600921116769, -7355452.656771721318364 ], [ -7705442.857133083045483, -7355775.568881980143487 ], [ -7726284.879747754894197, -7361004.622786487452686 ], [ -7737138.191344268620014, -7364294.027539868839085 ], [ -7753588.985047455877066, -7367259.694971298798919 ], [ -7765895.010736564174294, -7369362.749316750094295 ], [ -7781912.001909157261252, -7370228.25157829746604 ] ] ], [ [ [ -7867938.03327945061028, -7343290.605962210334837 ], [ -7873720.860251197591424, -7339848.063935785554349 ], [ -7875281.773047761060297, -7337080.847769357264042 ], [ -7873720.860251197591424, -7335494.801688891835511 ], [ -7869963.819810836575925, -7333265.141133242286742 ], [ -7857981.401180264540017, -7329800.937464062124491 ], [ -7849695.877349687740207, -7328889.470149580389261 ], [ -7844747.624789596535265, -7330608.134365332312882 ], [ -7844205.604893648996949, -7330867.345529564656317 ], [ -7841439.427955257706344, -7331681.620791118592024 ], [ -7839228.296558792702854, -7332781.348130669444799 ], [ -7836560.297161200083792, -7336462.754407171159983 ], [ -7837758.54462266433984, -7338585.374810471199453 ], [ -7839151.150397667661309, -7339041.662015164270997 ], [ -7859636.497981479391456, -7343290.605962210334837 ], [ -7867938.03327945061028, -7343290.605962210334837 ] ] ], [ [ [ -7911816.172061727382243, -7338665.464809996075928 ], [ -7909065.017537393607199, -7338155.225464096292853 ], [ -7906606.417528775520623, -7336678.638840212486684 ], [ -7904875.18228117749095, -7334420.790408204309642 ], [ -7903528.651463065296412, -7334098.794167361222208 ], [ -7897747.839920792728662, -7338397.301164243370295 ], [ -7894269.320635422132909, -7347538.359752514399588 ], [ -7896510.515521382912993, -7348563.608821282163262 ], [ -7900221.462343474850059, -7348669.980289146304131 ], [ -7910395.518226714804769, -7353192.874218629673123 ], [ -7912249.974592324346304, -7353002.69286772236228 ], [ -7920352.150325894355774, -7349100.710257910192013 ], [ -7926504.65931309107691, -7343775.051435361616313 ], [ -7938121.896538350731134, -7351164.632580538280308 ], [ -7951954.620109748095274, -7335026.455080574378371 ], [ -7948359.565862751565874, -7328339.861331360414624 ], [ -7943017.576763334684074, -7328835.560445808805525 ], [ -7925885.511917402967811, -7332487.2620296087116 ], [ -7918683.020163979381323, -7334796.782906358130276 ], [ -7915589.223969496786594, -7337052.988894772715867 ], [ -7911816.172061727382243, -7338665.464809996075928 ] ] ], [ [ [ -7109821.90548153501004, -7320117.683794725686312 ], [ -7119407.847850536927581, -7325455.025679466314614 ], [ -7121757.260101851075888, -7321377.387369754724205 ], [ -7125716.66458944696933, -7319017.992152100428939 ], [ -7128931.685133860446513, -7321215.782602867111564 ], [ -7139538.535832948982716, -7326795.59163354896009 ], [ -7153112.938464316539466, -7331063.955115250311792 ], [ -7154296.163511729799211, -7328513.794647553935647 ], [ -7153979.573133543133736, -7324328.516894965432584 ], [ -7160782.300720633938909, -7320946.470335468649864 ], [ -7163316.050122311338782, -7323737.495914801023901 ], [ -7171512.391199136152864, -7330822.106906279921532 ], [ -7174821.577086818404496, -7332217.528083943761885 ], [ -7176026.841228644363582, -7332433.327459335327148 ], [ -7178437.350850908085704, -7332271.493574042804539 ], [ -7188672.504105082713068, -7336246.875950022600591 ], [ -7195631.539443901740015, -7342752.152151817455888 ], [ -7199960.644608310423791, -7343881.35756894480437 ], [ -7198954.758692296221852, -7336516.749277275055647 ], [ -7202711.799132657237351, -7332299.335375275462866 ], [ -7205402.826677994802594, -7331735.550164442509413 ], [ -7207999.688880085013807, -7331413.664745518006384 ], [ -7208556.73119008820504, -7329237.332765235565603 ], [ -7206916.656802930869162, -7324408.460662073455751 ], [ -7201567.651023163460195, -7318694.883625579066575 ], [ -7198815.48878410179168, -7318319.698473742231727 ], [ -7196651.44005925860256, -7319447.087743999436498 ], [ -7193899.296481573954225, -7321966.481738560833037 ], [ -7192260.229809157550335, -7322932.757501614280045 ], [ -7191054.965667331591249, -7323038.779963854700327 ], [ -7181900.829060840420425, -7319928.307303001172841 ], [ -7166595.191181886009872, -7313122.605217572301626 ], [ -7162018.617405297234654, -7309212.753573076799512 ], [ -7143186.369854628108442, -7312103.748355241492391 ], [ -7127014.097306443378329, -7310069.891450019553304 ], [ -7115542.627367598004639, -7306589.924504024907947 ], [ -7114212.126678291708231, -7306482.412952708080411 ], [ -7104673.266980909742415, -7307765.928682254627347 ], [ -7103714.482397886924446, -7309374.110139074735343 ], [ -7109821.90548153501004, -7320117.683794725686312 ] ] ], [ [ [ -7824987.626537355594337, -7222516.215351309627295 ], [ -7827339.035556748509407, -7222145.609302208758891 ], [ -7842305.054909756407142, -7215952.338623454794288 ], [ -7844454.081220536492765, -7214762.60399641469121 ], [ -7848860.313884700648487, -7208126.397661544382572 ], [ -7849725.940839186310768, -7206381.322324737906456 ], [ -7849941.349193774163723, -7204056.294608064927161 ], [ -7849727.286766671575606, -7202989.506069579161704 ], [ -7818373.504592028446496, -7210699.452505967579782 ], [ -7816545.832277833484113, -7213651.902639773674309 ], [ -7816824.353432836011052, -7216667.275053387507796 ], [ -7818183.891235508956015, -7218915.435696362517774 ], [ -7821030.218817850574851, -7221962.006623805500567 ], [ -7822515.011829406954348, -7222464.758999272249639 ], [ -7823689.204767001792789, -7222516.215351309627295 ], [ -7824987.626537355594337, -7222516.215351309627295 ] ] ], [ [ [ -7849756.993382032960653, -7211616.018991987220943 ], [ -7850744.852401192300022, -7213573.049416506662965 ], [ -7851796.813274125568569, -7213255.984440002590418 ], [ -7861198.418492770753801, -7209395.629997355863452 ], [ -7865711.860807543620467, -7207278.644669529981911 ], [ -7869947.789682051166892, -7204903.700320524163544 ], [ -7870371.690668760798872, -7204533.199600035324693 ], [ -7865902.202917383983731, -7199012.067671863362193 ], [ -7850856.854040721431375, -7202711.743625140748918 ], [ -7849756.993382032960653, -7211616.018991987220943 ] ] ], [ [ [ -7382832.969634528271854, -7267074.94115031324327 ], [ -7378008.927245792001486, -7270166.160472361370921 ], [ -7376400.91311621107161, -7271179.60059268027544 ], [ -7373989.414440596476197, -7272671.459695165976882 ], [ -7372412.452853871509433, -7273469.335809856653214 ], [ -7354137.247613186948001, -7282377.36309792008251 ], [ -7352373.952108012512326, -7283231.53183579724282 ], [ -7325657.941661164164543, -7295676.166679194197059 ], [ -7314340.74538317322731, -7298402.734208240173757 ], [ -7312083.52036841865629, -7298723.261841035448015 ], [ -7310754.027393840253353, -7298669.559959930367768 ], [ -7283419.877266031689942, -7294126.212865457870066 ], [ -7272534.486750558950007, -7291453.046707460656762 ], [ -7268853.603417964652181, -7291079.167163695208728 ], [ -7261959.696309041231871, -7291079.167163695208728 ], [ -7260133.288003453053534, -7291188.208144150674343 ], [ -7253454.770587723702192, -7292896.855087750591338 ], [ -7251359.862290296703577, -7294860.443010916002095 ], [ -7262299.333496376872063, -7325776.665374465286732 ], [ -7271266.109808312729001, -7342858.444336886517704 ], [ -7273275.884872291237116, -7346087.886109231039882 ], [ -7274791.71176530700177, -7347862.6652766847983 ], [ -7277699.15537996776402, -7348399.718403121456504 ], [ -7279924.320137152448297, -7347351.823613981716335 ], [ -7280481.362447143532336, -7345144.904813514091074 ], [ -7289849.899693495593965, -7342966.490611261688173 ], [ -7302898.331219078972936, -7348615.933658079244196 ], [ -7314433.921673083677888, -7347433.757374280132353 ], [ -7315298.540912826545537, -7345603.296875415369868 ], [ -7316753.270434900186956, -7343719.285927296616137 ], [ -7317897.39988300204277, -7342914.203687112778425 ], [ -7321250.682620881125331, -7341675.420993138104677 ], [ -7333512.630121190100908, -7340818.309362565167248 ], [ -7334688.838488253764808, -7340976.816318480297923 ], [ -7339973.723752867430449, -7342213.767983463592827 ], [ -7341784.120591061189771, -7346032.10405190102756 ], [ -7345201.5238440874964, -7350070.353942215442657 ], [ -7348184.098190404474735, -7353056.769936013035476 ], [ -7358682.750185538083315, -7357985.468815616331995 ], [ -7360815.746367533691227, -7358579.091815996915102 ], [ -7365455.43294451572001, -7359333.397161504253745 ], [ -7367835.879077301360667, -7359658.194086378440261 ], [ -7376122.391961221583188, -7358795.589781098999083 ], [ -7384905.838837541639805, -7358472.584961220622063 ], [ -7386266.384354957379401, -7358472.584961220622063 ], [ -7388894.299099887721241, -7359225.123688781633973 ], [ -7389945.270919465459883, -7360140.145350573584437 ], [ -7396748.017167953774333, -7371901.818089498206973 ], [ -7398078.499195876531303, -7371901.818089498206973 ], [ -7408498.997315145097673, -7370551.744528953917325 ], [ -7411714.017859578132629, -7369796.351475328207016 ], [ -7417466.80000320635736, -7367637.275531109422445 ], [ -7419770.099974865093827, -7366611.238135755062103 ], [ -7422196.639725919812918, -7364402.371522437781096 ], [ -7423432.956410581246018, -7362945.272808709181845 ], [ -7424392.748708328232169, -7361221.220729260705411 ], [ -7426029.818612672388554, -7358849.73960467427969 ], [ -7428041.590444723144174, -7356908.35405436810106 ], [ -7430235.702659071423113, -7355075.699093739502132 ], [ -7435740.99752916675061, -7351306.995242651551962 ], [ -7438554.275800568051636, -7350176.745980285108089 ], [ -7457632.984248676337302, -7344688.260271660983562 ], [ -7459667.784228489734232, -7344151.46281932014972 ], [ -7460817.941303593106568, -7343933.618520355783403 ], [ -7475847.073457013815641, -7342159.766101531684399 ], [ -7512829.308362281881273, -7338127.362751074135303 ], [ -7525662.331533293239772, -7339097.394075127318501 ], [ -7527919.556548036634922, -7339525.843533013015985 ], [ -7531506.25587597861886, -7339956.068498296663165 ], [ -7534042.002045740373433, -7340064.042112684808671 ], [ -7537907.241190070286393, -7339956.068498296663165 ], [ -7550369.574630898423493, -7338127.362751074135303 ], [ -7569757.875438227318227, -7334958.669193898327649 ], [ -7572942.832493162713945, -7334206.719134768471122 ], [ -7576652.771600501611829, -7332593.414391493424773 ], [ -7577139.68442973587662, -7332269.743336080573499 ], [ -7577457.282522665336728, -7332057.448865383863449 ], [ -7580888.700475013814867, -7330176.674947659485042 ], [ -7582745.172270086593926, -7329373.021857066079974 ], [ -7586702.579989603720605, -7328084.200324730947614 ], [ -7597060.973023186437786, -7326419.984535906463861 ], [ -7604142.240426677279174, -7328459.855143314227462 ], [ -7605378.538449962623417, -7331251.852011610753834 ], [ -7606770.155171602964401, -7331841.69229769334197 ], [ -7624551.430902700871229, -7333884.731730913743377 ], [ -7627057.132244343869388, -7333990.903112233616412 ], [ -7629190.128426351584494, -7333453.091056951321661 ], [ -7631430.315597580745816, -7332379.360849685035646 ], [ -7633796.747031036764383, -7330070.587867641821504 ], [ -7640506.29832823202014, -7320894.330793320201337 ], [ -7640538.358585800975561, -7324067.774446291849017 ], [ -7640125.587434883229434, -7324566.666901623830199 ], [ -7638854.206009830348194, -7326166.135290344245732 ], [ -7637774.197076874785125, -7328152.034549837931991 ], [ -7635993.863728172145784, -7332346.300408354960382 ], [ -7634881.775876269675791, -7334941.258070011623204 ], [ -7634056.233574439771473, -7335769.869634416885674 ], [ -7632752.791891808621585, -7336542.855039229616523 ], [ -7631830.061102514155209, -7337646.738512750715017 ], [ -7632021.414933234453201, -7338806.540689906105399 ], [ -7633070.389984738081694, -7339416.125528718344867 ], [ -7634309.711152207106352, -7339691.299386276863515 ], [ -7635135.25345404446125, -7340077.993139487691224 ], [ -7635993.863728172145784, -7340464.673625939525664 ], [ -7637201.105976707302034, -7340851.405738138593733 ], [ -7638822.145752259530127, -7340851.405738138593733 ], [ -7640030.414376894012094, -7340685.892818352207541 ], [ -7641315.810501263476908, -7340276.554645515978336 ], [ -7642114.312457799911499, -7340494.296776572242379 ], [ -7643970.784252884797752, -7340358.414071766659617 ], [ -7645299.269512729719281, -7339686.076118409633636 ], [ -7647628.639437714591622, -7337355.971662280149758 ], [ -7649474.08235489577055, -7335242.407902803272009 ], [ -7651608.08625163231045, -7332701.286118716001511 ], [ -7653835.24777689576149, -7330983.910726821050048 ], [ -7668800.259415162727237, -7323709.684646245092154 ], [ -7664316.880589886568487, -7331519.802499264478683 ], [ -7663141.679937557317317, -7333023.257088774815202 ], [ -7661641.864511942490935, -7334796.782906358130276 ], [ -7658935.795891157351434, -7336784.848261695355177 ], [ -7654205.937507059425116, -7338773.452992970123887 ], [ -7653066.809309856034815, -7342624.960446368902922 ], [ -7655441.265138390474021, -7345817.713748814538121 ], [ -7659060.024723904207349, -7347540.113421234302223 ], [ -7676653.958821844309568, -7351036.609391184523702 ], [ -7687291.880725163966417, -7352222.8418880822137 ], [ -7688498.13392033521086, -7352330.985574300400913 ], [ -7691157.119869480840862, -7352276.913543542847037 ], [ -7693414.344884247519076, -7351846.007965115830302 ], [ -7734479.205395117402077, -7336676.920043143443763 ], [ -7742116.50739387050271, -7333614.949458404444158 ], [ -7753790.360041326843202, -7327280.730323485098779 ], [ -7754895.431212880648673, -7322880.604690590873361 ], [ -7754292.295284612104297, -7320748.367819133214653 ], [ -7751022.186334851197898, -7317114.316554189659655 ], [ -7750481.174153651110828, -7315023.593802743591368 ], [ -7750929.010044953785837, -7303030.06926426757127 ], [ -7752074.147207772359252, -7303217.292769629508257 ], [ -7760639.181246707215905, -7309105.205924385227263 ], [ -7761451.697902565822005, -7320583.313198341056705 ], [ -7763515.572318528778851, -7324811.786054071970284 ], [ -7802353.271304140798748, -7333346.926995693705976 ], [ -7816050.913714903406799, -7334312.894899037666619 ], [ -7819762.849590339697897, -7334473.020411059260368 ], [ -7823503.859901917167008, -7333480.937075872905552 ], [ -7826318.127226661890745, -7331627.69179058726877 ], [ -7827873.031057604588568, -7327861.588997479528189 ], [ -7828250.737468138337135, -7321483.388708266429603 ], [ -7826441.348344685509801, -7318588.920141900889575 ], [ -7824122.018244234845042, -7315641.705560423433781 ], [ -7818247.022697324864566, -7305464.421659548766911 ], [ -7817767.126548452302814, -7302842.850243835709989 ], [ -7819065.548318798653781, -7301773.320843808352947 ], [ -7828698.573359440080822, -7314193.689475733786821 ], [ -7831698.204210662283003, -7320680.630275099538267 ], [ -7832811.281115928664804, -7323793.118749178946018 ], [ -7832886.411847584880888, -7325788.842087293043733 ], [ -7836247.718980548903346, -7327072.069700843654573 ], [ -7840480.643372247926891, -7325884.475282413884997 ], [ -7862280.442855195142329, -7324488.437627554871142 ], [ -7874402.131393955089152, -7330742.097404642961919 ], [ -7875947.032723115757108, -7331144.000324983149767 ], [ -7877277.514751033857465, -7331091.792607196606696 ], [ -7881574.559657880105078, -7330016.637599874287844 ], [ -7883925.968677278608084, -7328353.759008292108774 ], [ -7885455.828931001015007, -7325722.777171305380762 ], [ -7880118.841082475148141, -7318870.349374842830002 ], [ -7878254.344892293214798, -7317366.1570567144081 ], [ -7876547.145507187582552, -7316723.551224683411419 ], [ -7872074.776898425072432, -7315758.043596575967968 ], [ -7868681.42816926818341, -7314473.214092120528221 ], [ -7861938.808899774216115, -7310444.680476448498666 ], [ -7852353.855584116652608, -7304125.768257607705891 ], [ -7850281.975434442982078, -7302255.196352199651301 ], [ -7843757.769002339802682, -7292789.499447433277965 ], [ -7843092.52798839379102, -7290518.349116952158511 ], [ -7844066.353646846488118, -7289478.193710431456566 ], [ -7846293.515172102488577, -7289265.350591262802482 ], [ -7853034.137673523277044, -7289583.763209572993219 ], [ -7854487.859480847604573, -7290064.888053734786808 ], [ -7861954.839028567075729, -7298309.1795365633443 ], [ -7860269.678737866692245, -7300060.990180913358927 ], [ -7857424.358870266005397, -7301853.034078136086464 ], [ -7858198.80630293302238, -7303484.282925798557699 ], [ -7863393.519760444760323, -7306803.272119066677988 ], [ -7873440.342328129336238, -7310330.166881915181875 ], [ -7881427.284015979617834, -7312469.970617209561169 ], [ -7892189.434752063825727, -7311994.415199661627412 ], [ -7894671.081569824367762, -7305974.272904701530933 ], [ -7893124.183472590520978, -7304928.571037300862372 ], [ -7888207.972508683800697, -7304982.348238431848586 ], [ -7879441.563475884497166, -7302067.99589213449508 ], [ -7878266.362823554314673, -7300729.924066965468228 ], [ -7879487.657094160094857, -7299418.095465182326734 ], [ -7881141.746180634945631, -7299043.834890422411263 ], [ -7882317.954547697678208, -7299097.539342659525573 ], [ -7884295.650692716240883, -7299686.666549172252417 ], [ -7889243.921914210543036, -7301237.723231533542275 ], [ -7896430.36487746424973, -7307108.539914039894938 ], [ -7902910.493120746687055, -7315426.402290489524603 ], [ -7904953.31749564036727, -7318053.947839925996959 ], [ -7907766.595767047256231, -7318856.436217395588756 ], [ -7908832.59000068064779, -7317409.570845319889486 ], [ -7908725.38035005889833, -7315049.627765858545899 ], [ -7907704.472019966691732, -7312693.889332716353238 ], [ -7906715.623947464860976, -7311032.950635501183569 ], [ -7905043.489302735775709, -7308730.448838076554239 ], [ -7904024.577740741893649, -7307016.593252546153963 ], [ -7903158.969447628594935, -7305089.839152602478862 ], [ -7900189.402085892856121, -7292630.226251569576561 ], [ -7900406.80720856692642, -7288516.04577468149364 ], [ -7905261.902140139602125, -7287394.84953664150089 ], [ -7908261.514329977333546, -7289639.143443276174366 ], [ -7907890.824599794112146, -7292363.606505204923451 ], [ -7908508.98294213693589, -7294474.27251785248518 ], [ -7910179.102157397195697, -7296798.550826789811254 ], [ -7922022.269541152752936, -7303645.521238912828267 ], [ -7923783.568278242833912, -7304502.016281863674521 ], [ -7934049.792736650444567, -7299953.536128887906671 ], [ -7936244.894004342146218, -7298804.719004267826676 ], [ -7937312.903667433187366, -7297228.137929724529386 ], [ -7937358.978624338284135, -7295115.018887855112553 ], [ -7935967.380564069375396, -7293859.542112379334867 ], [ -7934328.313891658559442, -7293591.171112421900034 ], [ -7932752.360019654966891, -7287609.382028594613075 ], [ -7933091.167217611335218, -7282010.200042732991278 ], [ -7912384.206329457461834, -7256431.013063248246908 ], [ -7900098.241225457750261, -7260182.288874306716025 ], [ -7896386.286688643507659, -7249945.940250676125288 ], [ -7896295.10716681368649, -7247341.159516380168498 ], [ -7896449.399489056318998, -7244950.64305154979229 ], [ -7896789.036676392890513, -7242720.84350775834173 ], [ -7897705.343966918066144, -7238298.300733053125441 ], [ -7894613.817122655920684, -7234479.35580778773874 ], [ -7891933.960406197234988, -7232771.800050482153893 ], [ -7887543.739209454506636, -7231366.511342283338308 ], [ -7882688.644277881830931, -7231155.240594135597348 ], [ -7878885.528880609199405, -7231419.78587226383388 ], [ -7866856.008917031809688, -7232637.807423419319093 ], [ -7865681.815979430451989, -7232850.846212201751769 ], [ -7861368.7409438053146, -7234495.282870910130441 ], [ -7860702.492215112783015, -7236140.032054441049695 ], [ -7867226.698647215031087, -7246172.497651054523885 ], [ -7871680.032644384540617, -7256908.849514591507614 ], [ -7874061.505153267644346, -7268301.953234564512968 ], [ -7876319.719221373088658, -7283605.036517709493637 ], [ -7872453.49102368671447, -7279015.122464214451611 ], [ -7864011.678102787584066, -7286434.665556684136391 ], [ -7869084.178157028742135, -7276882.714791391044855 ], [ -7869947.789682051166892, -7275124.020192899741232 ], [ -7871069.898697125725448, -7270792.860356817953289 ], [ -7870599.015996688045561, -7267608.173240263946354 ], [ -7867041.353782123886049, -7256272.955514085479081 ], [ -7866207.787085209041834, -7254463.716414694674313 ], [ -7863826.333237695507705, -7250875.807880898937583 ], [ -7862311.495398038066924, -7249095.392831481061876 ], [ -7858042.517212610691786, -7244845.673341002315283 ], [ -7856189.031238955445588, -7244764.807556934654713 ], [ -7854804.449859048239887, -7248244.905578523874283 ], [ -7853251.542796184308827, -7250929.182953911833465 ], [ -7841604.730494010262191, -7261021.995866127312183 ], [ -7837736.505528264679015, -7262763.744964969344437 ], [ -7836316.840746588073671, -7263722.73307200986892 ], [ -7835073.507381564006209, -7264869.881993027403951 ], [ -7829193.510583754628897, -7269793.296388321556151 ], [ -7828048.354759532958269, -7271284.891404945403337 ], [ -7827029.461858909577131, -7272883.884178835898638 ], [ -7825792.137459512799978, -7275548.975845105014741 ], [ -7824308.370824061334133, -7277948.846017992123961 ], [ -7821957.969519396312535, -7278963.294046901166439 ], [ -7819716.774633435532451, -7279175.857123388908803 ], [ -7807331.587353724986315, -7273762.914462794549763 ], [ -7817629.853408338502049, -7265903.301661108620465 ], [ -7820318.902846987359226, -7263986.644061772152781 ], [ -7824987.626537355594337, -7261378.929098100401461 ], [ -7827709.725286931730807, -7260102.966811172664165 ], [ -7833232.058000534772873, -7257100.141401825472713 ], [ -7835253.850995755754411, -7255921.422324395738542 ], [ -7837666.376047488301992, -7254293.154935305938125 ], [ -7842087.649787093512714, -7251141.018857097253203 ], [ -7843417.124100288376212, -7249202.119108109734952 ], [ -7848967.523535311222076, -7239336.014236831106246 ], [ -7847947.604258569888771, -7235610.632217636331916 ], [ -7848365.395321770571172, -7232746.038214256986976 ], [ -7849973.409451339393854, -7229829.224910366348922 ], [ -7851366.015226343646646, -7227921.360708865337074 ], [ -7853126.306248686276376, -7225801.074495209380984 ], [ -7855894.479955160990357, -7223949.106487930752337 ], [ -7862469.799917831085622, -7221763.004701983183622 ], [ -7864629.836445124819875, -7221351.243002753704786 ], [ -7869453.878833848983049, -7220771.393851502798498 ], [ -7879040.810256202705204, -7221351.243002753704786 ], [ -7882967.165432871319354, -7221195.108353450894356 ], [ -7883693.750606180168688, -7220989.861875670030713 ], [ -7872828.670132677070796, -7207568.291878989897668 ], [ -7864444.491580032743514, -7211933.017832797951996 ], [ -7830739.400966254062951, -7231100.272096216678619 ], [ -7815957.737424986436963, -7244950.64305154979229 ], [ -7809805.209776419214904, -7250636.458505104295909 ], [ -7807856.569406159222126, -7251592.231726426631212 ], [ -7800189.222579303197563, -7242799.957891113124788 ], [ -7799801.495005605742335, -7240809.81183709949255 ], [ -7801163.029576370492578, -7239482.196442989632487 ], [ -7809155.998891246505082, -7237520.398102768696845 ], [ -7811103.65020814910531, -7236776.024981154128909 ], [ -7813669.441206019371748, -7234124.079101243987679 ], [ -7814707.387379619292915, -7231897.35298259370029 ], [ -7814505.004671000875533, -7229803.472726787440479 ], [ -7807300.534810895100236, -7222782.195732005871832 ], [ -7805938.981578739359975, -7221510.800097632221878 ], [ -7803157.763564907945693, -7219076.668452324345708 ], [ -7801271.246941721998155, -7217673.827484621666372 ], [ -7799694.28535498958081, -7217329.160986845381558 ], [ -7798518.076987924985588, -7217488.636433769017458 ], [ -7793139.007718654349446, -7221299.762324240058661 ], [ -7789334.903268055990338, -7226649.13308721780777 ], [ -7778018.714704792946577, -7251592.231726426631212 ], [ -7769915.549917872063816, -7272711.184308192692697 ], [ -7767163.3876788103953, -7276189.911929789930582 ], [ -7765123.567786725237966, -7275162.019755505025387 ], [ -7763584.69408455491066, -7261273.739220405928791 ], [ -7770966.503076065331697, -7243252.42161569930613 ], [ -7775202.431950584985316, -7233539.861621052958071 ], [ -7777072.937106369994581, -7232136.13143112603575 ], [ -7779508.508967236615717, -7229657.502628856338561 ], [ -7777739.185835056938231, -7224848.436777289956808 ], [ -7776687.224962128326297, -7223947.380302434787154 ], [ -7774182.53133522067219, -7223894.188401817344129 ], [ -7769715.163977352902293, -7225112.769693607464433 ], [ -7757206.755579617805779, -7231737.584752179682255 ], [ -7754639.956867032684386, -7234441.987467686645687 ], [ -7751710.474157963879406, -7238381.732983499765396 ], [ -7724289.138044483959675, -7245201.870920238085091 ], [ -7709462.388599674217403, -7254039.902853755280375 ], [ -7707886.434727663174272, -7255156.333629155531526 ], [ -7706864.518682843074203, -7256750.304532465524971 ], [ -7706339.536630429327488, -7259463.345601638779044 ], [ -7706696.211661284789443, -7261618.606697836890817 ], [ -7714952.66105571296066, -7271923.773923025466502 ], [ -7716110.823864528909326, -7272776.802733829244971 ], [ -7720225.528389078564942, -7275175.823198603466153 ], [ -7721769.422003511339426, -7276963.944857797585428 ], [ -7726252.819490185007453, -7286434.665556684136391 ], [ -7727613.365007593296468, -7289691.074856845661998 ], [ -7724103.793179390020669, -7300035.006112825125456 ], [ -7722945.611709198914468, -7301291.475042122416198 ], [ -7721770.429718246683478, -7294661.291228770278394 ], [ -7717749.890536938793957, -7284620.218008051626384 ], [ -7714873.518126509152353, -7278161.413736721500754 ], [ -7713637.201441827230155, -7275443.595504017546773 ], [ -7712231.570020864717662, -7273578.131699531339109 ], [ -7708814.166767838411033, -7271017.293429982848465 ], [ -7706432.712920339778066, -7270299.091646646149457 ], [ -7705134.272488602437079, -7270858.462710548192263 ], [ -7704083.319330408237875, -7272455.599348988384008 ], [ -7702567.473776009865105, -7276136.332322780042887 ], [ -7700805.167324185371399, -7280935.494569513946772 ], [ -7700280.185271758586168, -7280401.321943535469472 ], [ -7697635.251344696618617, -7275790.825068721547723 ], [ -7699320.39297401253134, -7269208.1194909485057 ], [ -7700465.548798234201968, -7266438.189562865532935 ], [ -7700588.769916256889701, -7262498.140471977181733 ], [ -7699816.319251677021384, -7259623.679523188620806 ], [ -7698269.421154430136085, -7256538.317021515220404 ], [ -7697002.051926917396486, -7255847.310920140706003 ], [ -7691992.683334493078291, -7255899.018716436810791 ], [ -7690816.474967428483069, -7256059.247647740878165 ], [ -7687555.379466108977795, -7257441.422344639897346 ], [ -7683411.61916677840054, -7261166.81636125408113 ], [ -7681941.867230662144721, -7260899.563771607354283 ], [ -7680474.112062618136406, -7259225.46786938700825 ], [ -7680287.778144188225269, -7252217.415854175575078 ], [ -7681941.867230662144721, -7250264.490330000407994 ], [ -7683519.817870745435357, -7249202.119108109734952 ], [ -7690816.474967428483069, -7244634.039444054476917 ], [ -7698294.762455746531487, -7240227.012047676369548 ], [ -7512736.292987881228328, -7285856.143884036689997 ], [ -7449000.335036891512573, -7261822.305415861308575 ], [ -7406301.090558017604053, -7250043.2034906540066 ], [ -7382832.969634528271854, -7267074.94115031324327 ] ] ], [ [ [ -5405304.217225942760706, -3226648.578589372336864 ], [ -5406278.042884407564998, -3225678.908176954369992 ], [ -5406371.200512920506299, -3223257.290232645813376 ], [ -5404623.935136537067592, -3210714.321880924049765 ], [ -5402521.00244403257966, -3204534.236663384828717 ], [ -5399211.797894973307848, -3193472.872026118915528 ], [ -5399242.869099205359817, -3191956.360797713976353 ], [ -5401406.917824042961001, -3188381.575104628689587 ], [ -5402088.188966799527407, -3185034.722376958467066 ], [ -5401623.315231971442699, -3181862.572370018344373 ], [ -5400975.112061532214284, -3177698.887659254483879 ], [ -5390956.356215278618038, -3172212.81862805178389 ], [ -5389371.38889483269304, -3172648.390807151328772 ], [ -5384694.622148008085787, -3179387.695611583068967 ], [ -5388574.902367765083909, -3197729.500416428316385 ], [ -5389256.173510515131056, -3198775.195254737045616 ], [ -5393243.62605813331902, -3202509.87559302803129 ], [ -5394418.82671046257019, -3203905.409973695874214 ], [ -5398624.71075686160475, -3212635.782461706083268 ], [ -5399011.430615824647248, -3214417.148416258860379 ], [ -5398887.201783078722656, -3215919.166718520224094 ], [ -5398129.773532554507256, -3217316.065191742032766 ], [ -5397325.281271787360311, -3218259.099636936560273 ], [ -5396738.17547229770571, -3219797.772086944431067 ], [ -5397233.094035221263766, -3221055.794459940399975 ], [ -5403509.850516553968191, -3225880.554964295122772 ], [ -5404623.935136537067592, -3226474.140027972403914 ], [ -5405304.217225942760706, -3226648.578589372336864 ] ] ], [ [ [ -5408550.290313205681741, -3051884.063209886197001 ], [ -5413034.676853222772479, -3047879.413694673217833 ], [ -5421893.273122588172555, -3037379.785703038796782 ], [ -5403734.272319559939206, -3019902.62594179622829 ], [ -5401932.907591205090284, -3020220.775724279694259 ], [ -5400757.706938870251179, -3021168.571294262073934 ], [ -5397325.281271787360311, -3027784.681012448854744 ], [ -5397913.376124614849687, -3029215.496047731023282 ], [ -5400975.112061532214284, -3033801.539470603689551 ], [ -5402242.481289037503302, -3035526.857263163663447 ], [ -5403479.787027056328952, -3037251.257673495449126 ], [ -5404005.7767942128703, -3038422.583084411919117 ], [ -5407902.06848138384521, -3047361.578724001999944 ], [ -5408550.290313205681741, -3051884.063209886197001 ] ] ], [ [ [ -7675912.579361488111317, 1283366.68598782713525 ], [ -7663643.615180830471218, 1282846.372359556145966 ], [ -7643243.419491851702332, 1271806.382645205128938 ], [ -7636735.243188541382551, 1265073.027837636414915 ], [ -7631338.147022405639291, 1262944.990718147950247 ], [ -7628942.65981419198215, 1261763.042528396239504 ], [ -7616293.973793542943895, 1252525.505197065416723 ], [ -7614098.872525850310922, 1250035.77992401085794 ], [ -7606833.267972028814256, 1237210.225349287502468 ], [ -7596721.335835850797594, 1217863.805558234453201 ], [ -7597773.315370169468224, 1215856.125335802556947 ], [ -7603686.380140284076333, 1215667.403133709682152 ], [ -7605936.588474689051509, 1214375.942157437559217 ], [ -7606755.114096162840724, 1211244.418069490464404 ], [ -7606245.173119175247848, 1205751.158405574504286 ], [ -7600957.264710350893438, 1191746.642468007979915 ], [ -7597957.652520513162017, 1185517.552833615336567 ], [ -7590427.560172395780683, 1177150.665388323366642 ], [ -7588109.219125300645828, 1175326.724028859520331 ], [ -7582442.615252611227334, 1173746.387013342697173 ], [ -7578338.93960593547672, 1174666.465510536218062 ], [ -7569973.265131420455873, 1174446.369451740058139 ], [ -7557821.53176456131041, 1172559.411353239556774 ], [ -7555029.303534221835434, 1171476.374989056028426 ], [ -7551018.785516071133316, 1173501.85288711823523 ], [ -7547028.328485646285117, 1174541.12996354396455 ], [ -7518889.648774302564561, 1179163.22278375341557 ], [ -7510385.730767707340419, 1179761.401689094258472 ], [ -7503089.073671035468578, 1179856.176612709183246 ], [ -7502070.162109029479325, 1179843.952474317280576 ], [ -7489607.828668201342225, 1180735.642487820237875 ], [ -7470435.943930177018046, 1184416.800925859250128 ], [ -7458653.892578755505383, 1187939.322367693530396 ], [ -7403830.273624776862562, 1189921.935207686852664 ], [ -7399469.108202796429396, 1190078.920802630251274 ], [ -7393655.228688199073076, 1189670.148358216974884 ], [ -7389945.270919465459883, 1188600.857877193484455 ], [ -7385267.515119284391403, 1187310.435817599762231 ], [ -7383112.479842876084149, 1188223.714826444163918 ], [ -7381627.705492702312768, 1189723.159960927674547 ], [ -7378600.045242829248309, 1191833.285231320653111 ], [ -7372675.95159481652081, 1191369.44612039020285 ], [ -7370433.748994118534029, 1190457.10939457686618 ], [ -7356179.064273351803422, 1184133.464806253788993 ], [ -7360260.700825608335435, 1178502.891799162374809 ], [ -7360414.004094520583749, 1175453.068285296903923 ], [ -7358034.547015085816383, 1172339.32852288079448 ], [ -7354709.312337242998183, 1169021.116481086239219 ], [ -7348685.130898965522647, 1164197.334149292903021 ], [ -7391154.586290850304067, 1149598.458858332596719 ], [ -7437471.426937341690063, 1111966.025833057705313 ], [ -7506946.687907080166042, 1080123.197888594586402 ], [ -7564842.738715195097029, 1062754.382646159734577 ], [ -7677740.037791019305587, 1126440.03853508643806 ], [ -7770373.719084003940225, 1152493.261398738250136 ], [ -7854322.992755770683289, 1143808.853777521057054 ], [ -7773268.521624409593642, 1256706.152853345498443 ], [ -7678641.153868080116808, 1284002.508936901809648 ], [ -7675912.579361488111317, 1283366.68598782713525 ] ] ], [ [ [ -5341450.690498225390911, -2877007.204737788531929 ], [ -5346242.653968008235097, -2877587.629962891340256 ], [ -5349357.481542162597179, -2882053.734804181847721 ], [ -5342965.50967651233077, -2885163.872489411849529 ], [ -5338279.748142624273896, -2885583.116973324213177 ], [ -5334476.63274535164237, -2883764.676016408018768 ], [ -5333418.280827965587378, -2883478.662442369852215 ], [ -5331917.657541912980378, -2889231.051705572754145 ], [ -5333796.350655964575708, -2894470.500128849409521 ], [ -5336100.677003723569214, -2897869.939387429505587 ], [ -5338048.309659255668521, -2900261.408668107353151 ], [ -5341611.980839447118342, -2902518.150568657089025 ], [ -5345531.319335754029453, -2903953.423479543998837 ], [ -5348221.357827752828598, -2907133.471066432539374 ], [ -5350417.466810174286366, -2909970.720543771516532 ], [ -5351669.81362362857908, -2912090.409442880190909 ], [ -5352541.449543740600348, -2914475.298029666300863 ], [ -5362152.43548996374011, -2921722.035467538516968 ], [ -5363930.77207057364285, -2924135.072706175968051 ], [ -5365445.591248860582709, -2928140.294381215237081 ], [ -5366512.593197222799063, -2932368.534239041619003 ], [ -5370430.923978812992573, -2931504.156153879128397 ], [ -5370779.574614576995373, -2927455.877545599360019 ], [ -5368537.390675264410675, -2917598.822729465086013 ], [ -5366558.68681551143527, -2915785.3686020700261 ], [ -5362213.551522303372622, -2913107.710243746172637 ], [ -5358258.140570878051221, -2910757.403456012252718 ], [ -5368288.914348375052214, -2912809.603067806921899 ], [ -5374659.854834347032011, -2916332.920461140573025 ], [ -5380875.476621950045228, -2916127.862298586405814 ], [ -5383286.993958953768015, -2913357.045697836205363 ], [ -5387306.525425532832742, -2912159.121764075942338 ], [ -5391172.753623206168413, -2914827.732817605603486 ], [ -5392440.122850717045367, -2918761.728143328800797 ], [ -5393151.457482964731753, -2921465.909608536865562 ], [ -5391883.08054071944207, -2923553.956461129710078 ], [ -5389463.557470014318824, -2927189.652789712417871 ], [ -5394697.347865471616387, -2934064.161180577706546 ], [ -5396846.374176252633333, -2934834.361542867962271 ], [ -5406386.241588374599814, -2933003.260641871485859 ], [ -5414519.469864780083299, -2931017.053684873972088 ], [ -5420122.942275666631758, -2927156.36728259222582 ], [ -5423330.946139737963676, -2928003.858935308177024 ], [ -5424630.394286209717393, -2934474.775380858685821 ], [ -5422202.846820427104831, -2937096.347143607679754 ], [ -5415074.496745307929814, -2940265.721515810117126 ], [ -5410746.399295627139509, -2941088.421926368027925 ], [ -5405922.375568279996514, -2940403.38653751462698 ], [ -5400742.665863429196179, -2939357.582182458601892 ], [ -5385560.249102487228811, -2943658.957488373853266 ], [ -5383611.608732238411903, -2947086.323209485504776 ], [ -5385389.926651464775205, -2948894.709919263143092 ], [ -5390537.576098739169538, -2951955.497722262516618 ], [ -5393522.147213135845959, -2956104.969030497130007 ], [ -5398129.773532554507256, -2964340.681921967770904 ], [ -5401531.146656788885593, -2971893.391788787674159 ], [ -5410344.638361223042011, -2977423.019107888452709 ], [ -5427614.965400606393814, -2981477.26928505115211 ], [ -5429067.69815459381789, -2984733.048844365868717 ], [ -5414765.930762199684978, -2984466.907206281553954 ], [ -5408025.308260791003704, -2983264.300320218782872 ], [ -5406974.336441207677126, -2991789.344828371889889 ], [ -5408357.928767764009535, -2996752.54216832946986 ], [ -5411086.036482961848378, -3003761.161078929901123 ], [ -5411132.111439854837954, -3006255.735817925538868 ], [ -5408643.466603116132319, -3015242.879497186746448 ], [ -5407529.38198312651366, -3018084.309974590316415 ], [ -5408017.283865699544549, -3020857.096288473811001 ], [ -5415941.11275315657258, -3027112.315813312772661 ], [ -5418677.244863427244127, -3029025.601605259813368 ], [ -5421135.844872064888477, -3028854.704985978547484 ], [ -5425673.341710701584816, -3025561.106547902803868 ], [ -5426346.607119757682085, -3021099.347114990931004 ], [ -5429205.960348045453429, -3011920.023369460366666 ], [ -5431487.221225298009813, -3007452.431333326268941 ], [ -5431649.51928124204278, -3015467.181040952913463 ], [ -5427444.661610955372453, -3034974.832156573887914 ], [ -5415229.796782292425632, -3046843.762439144775271 ], [ -5411210.26531570777297, -3053637.272463316563517 ], [ -5411936.622362012974918, -3057271.957237487658858 ], [ -5414302.046080721542239, -3061280.339665239211172 ], [ -5418414.753837210126221, -3070075.666649994440377 ], [ -5419178.17239198461175, -3073666.347003992181271 ], [ -5419527.830742483958602, -3082683.464444562792778 ], [ -5419558.901946709491313, -3086699.001768285408616 ], [ -5418870.614123597741127, -3089804.802719972096384 ], [ -5413451.460201683454216, -3095043.230854309629649 ], [ -5413405.366583393886685, -3108037.15004678349942 ], [ -5411581.962760619819164, -3137082.715528963133693 ], [ -5409355.790288713760674, -3141049.614382099825889 ], [ -5406261.005040886811912, -3142461.49993104999885 ], [ -5403831.460807018913329, -3140881.872796786483377 ], [ -5400773.737067649140954, -3138793.607128600589931 ], [ -5398253.01331196166575, -3143962.461060015950352 ], [ -5397541.678679714910686, -3150167.414145125541836 ], [ -5400866.913357558660209, -3150616.922693754546344 ], [ -5403957.686407843604684, -3148600.427425969392061 ], [ -5412416.518510885536671, -3153123.86855158675462 ], [ -5414858.099337380379438, -3180678.137955941259861 ], [ -5410776.462785123847425, -3199263.59943728055805 ], [ -5414812.005719103850424, -3204621.326687892433256 ], [ -5412569.803118400275707, -3218434.593322527594864 ], [ -5409014.156333299353719, -3224813.508630243130028 ], [ -5407468.265950780361891, -3227156.102597199380398 ], [ -5406108.709486709907651, -3231894.634739061817527 ], [ -5412261.237135291099548, -3248694.401263584382832 ], [ -5413343.261497716419399, -3259906.165114323142916 ], [ -5415971.176242647692561, -3277442.238679574802518 ], [ -5428139.966114417649806, -3310981.359827897045761 ], [ -5430559.489185122773051, -3310268.933780781459063 ], [ -5433153.346904397942126, -3304829.469611423555762 ], [ -5431679.582770727574825, -3297855.847465571947396 ], [ -5438266.920664638280869, -3289414.220289853401482 ], [ -5440113.37129654828459, -3291811.260809010826051 ], [ -5440061.268712643533945, -3302945.018299379851669 ], [ -5438838.985388687811792, -3309256.773992723319679 ], [ -5430559.489185122773051, -3315213.44871948286891 ], [ -5437122.772555138915777, -3327087.987784679047763 ], [ -5445409.285439078696072, -3330151.595635864883661 ], [ -5448788.60080751683563, -3331773.852542324457318 ], [ -5475744.074132837355137, -3351591.52269295277074 ], [ -5478218.704270247370005, -3353567.479960924014449 ], [ -5498224.155705185607076, -3371899.258752640336752 ], [ -5504780.422394858673215, -3379041.345393262337893 ], [ -5525004.286667186766863, -3403747.285824456717819 ], [ -5528033.943685138598084, -3409488.340494063217193 ], [ -5531373.193062311038375, -3414949.258761163800955 ], [ -5532843.952713156118989, -3417035.910206770058721 ], [ -5538423.389261556789279, -3422788.56075287098065 ], [ -5542830.648301839828491, -3429425.947241284418851 ], [ -5555120.643862170167267, -3450245.553540359716862 ], [ -5560037.862540810368955, -3459387.026484757661819 ], [ -5570668.749102390371263, -3479906.364395653828979 ], [ -5572486.162620926275849, -3483872.309614235069603 ], [ -5575178.197880999185145, -3490501.924518472980708 ], [ -5576098.669512858614326, -3493183.166859296150506 ], [ -5671641.877289826050401, -3487875.210871686693281 ], [ -5775854.768744433298707, -3279449.42796247266233 ], [ -5856909.239875794388354, -3140498.906022996176034 ], [ -5874278.055118229240179, -2995758.779002708382905 ], [ -5868488.450037417002022, -2856808.25706323236227 ], [ -5677431.482370637357235, -2862597.862144043669105 ], [ -5567428.985835218802094, -2775753.785931870806962 ], [ -5364792.808006815612316, -2723647.34020456764847 ], [ -5336159.441444874741137, -2872540.846326662227511 ], [ -5341450.690498225390911, -2877007.204737788531929 ] ] ], [ [ [ -8200412.402963418513536, -6558736.408645493909717 ], [ -8196825.684974079020321, -6558700.064368739724159 ], [ -8190447.746469141915441, -6563079.21628700196743 ], [ -8188940.914363170973957, -6568582.158009472303092 ], [ -8185670.805413422174752, -6570899.840459324419498 ], [ -8182277.456684266217053, -6563102.948289595544338 ], [ -8189088.19000506401062, -6556201.021632734686136 ], [ -8194445.220179928466678, -6555179.166179675608873 ], [ -8199021.793956498615444, -6553778.497886931523681 ], [ -8203682.607307951897383, -6548390.341378775425255 ], [ -8202327.053623794578016, -6536529.246642400510609 ], [ -8202021.406146337278187, -6536434.151826772838831 ], [ -8198264.365705976262689, -6535583.33176829200238 ], [ -8195371.96316675376147, -6533688.223443767987192 ], [ -8193455.364392672665417, -6531328.960869032889605 ], [ -8189967.850320267491043, -6516598.154838407412171 ], [ -8201337.27548514585942, -6527868.687929225154221 ], [ -8193014.889983244240284, -6455047.814787587150931 ], [ -8178540.877281215973198, -6373993.343656226061285 ], [ -8181435.679821621626616, -6240832.426797561347485 ], [ -8179499.689980646595359, -6136288.975384927354753 ], [ -8175706.148919156752527, -6136620.778981982730329 ], [ -8173109.286717068403959, -6137594.440302385017276 ], [ -8170232.895645254291594, -6139450.438297827728093 ], [ -8165191.466795238666236, -6139775.077766865491867 ], [ -8159797.375111917033792, -6134813.464186903089285 ], [ -8158034.060945371165872, -6132519.961233929730952 ], [ -8157137.381448031403124, -6127976.817923440597951 ], [ -8156796.755207345820963, -6122396.527659460902214 ], [ -8158296.551971575245261, -6118729.82235501985997 ], [ -8158621.166744846850634, -6122027.53749377746135 ], [ -8159185.225735208019614, -6127700.627379044890404 ], [ -8161312.194290203973651, -6130848.648140095174313 ], [ -8165842.674448498524725, -6134349.314566133543849 ], [ -8168068.846920403651893, -6134858.540278319269419 ], [ -8170976.290535058826208, -6133608.808941977098584 ], [ -8179347.655171695165336, -6128079.095701521262527 ], [ -8178917.1783307492733, -6104833.346290432848036 ], [ -8174964.75079741794616, -6105930.395442299544811 ], [ -8151547.923736453056335, -6107358.751395945437253 ], [ -8156378.964144156314433, -6103204.581655997782946 ], [ -8164095.409072115086019, -6100757.902474933303893 ], [ -8167945.625802386552095, -6100572.37920390535146 ], [ -8170821.009159465320408, -6100941.952654539607465 ], [ -8174763.375803542323411, -6101981.893559332937002 ], [ -8178849.832649046555161, -6101196.679478518664837 ], [ -8178540.877281215973198, -6084513.089615650475025 ], [ -8184330.482362027280033, -6023722.236267128959298 ], [ -8155382.456957969814539, -5942667.765135767869651 ], [ -8135118.839175129309297, -5852928.886383188888431 ], [ -8106170.813771071843803, -5728452.377145742066205 ], [ -8097486.406149854883552, -5635818.695852757431567 ], [ -8094312.983387698419392, -5569176.817847481928766 ], [ -8092679.729738695546985, -5564892.676854523830116 ], [ -8083341.255981833674014, -5538899.715453101322055 ], [ -8082599.857860102318227, -5524177.986376923508942 ], [ -8088722.322019184008241, -5529848.368433332070708 ], [ -8092574.032783224247396, -5532658.85515352897346 ], [ -8091696.801069042645395, -5514236.989155716262758 ], [ -8068538.380745796486735, -5323180.02148893661797 ], [ -8063393.190399211831391, -5230566.595250395126641 ], [ -8061920.151962769217789, -5228019.449755921959877 ], [ -8062772.24116709176451, -5217653.06191641651094 ], [ -8064571.899154616519809, -5116872.21461503021419 ], [ -8060180.892320087179542, -5114645.625430407002568 ], [ -8054029.372386246919632, -5109067.362956597469747 ], [ -8052048.671758404001594, -5106625.974550841376185 ], [ -8049512.92558865994215, -5076841.620819644071162 ], [ -8053563.509598081000149, -5078326.461877555586398 ], [ -8057459.801285244524479, -5104890.155609611421824 ], [ -8059979.517326203174889, -5109626.529402768239379 ], [ -8064659.104743079282343, -5111988.701661127619445 ], [ -8065643.578205391764641, -5056858.187771607190371 ], [ -8068538.380745797418058, -4946855.69123618863523 ], [ -8045379.960422551259398, -4871590.825185638852417 ], [ -8033800.75026092864573, -4764483.131190625950694 ], [ -8013537.132478088140488, -4657375.437195613048971 ], [ -7987483.909614436328411, -4541583.335579383186996 ], [ -7987483.909614435397089, -4503950.902554107829928 ], [ -7961430.686750783585012, -4376579.590776254422963 ], [ -7941167.06896794307977, -4249208.278998401015997 ], [ -7900639.833402263000607, -4121836.967220548074692 ], [ -7883271.018159828148782, -4006044.865604318212718 ], [ -7894850.228321450762451, -3887357.961447682231665 ], [ -7877481.413079016841948, -3820777.503018349409103 ], [ -7877481.413079016841948, -3731038.624265770893544 ], [ -7877481.413079016841948, -3647089.35059400415048 ], [ -7877481.413079016841948, -3519718.038816150743514 ], [ -7874586.610538611188531, -3453137.580386818386614 ], [ -7860112.597836581990123, -3348924.688932211138308 ], [ -7836954.177513335831463, -3230237.784775575157255 ], [ -7810900.954649684019387, -3149183.313644214067608 ], [ -7813795.757190089672804, -3027601.606947172433138 ], [ -7796426.941947655752301, -2963915.951058245729655 ], [ -7744320.496220352128148, -2839439.441820798441768 ], [ -7695108.853033454157412, -2781543.391012683045119 ], [ -7692214.050493048503995, -2694699.314800510648638 ], [ -7683529.642871830612421, -2607855.238588337786496 ], [ -7698003.655573859810829, -2535485.175078194122761 ], [ -7724056.878437511622906, -2419693.073461963795125 ], [ -7709582.865735482424498, -2347323.00995181966573 ], [ -7703793.260654671117663, -2243110.118497212883085 ], [ -7750110.101301163434982, -2150476.437204228714108 ], [ -7764584.11400319263339, -2066527.163532461738214 ], [ -7810900.954649684950709, -2023105.125426375307143 ], [ -7906429.438483074307442, -1968103.877158666029572 ], [ -7984589.107074029743671, -1910207.826350551098585 ], [ -8068538.380745796486735, -1869680.590784870553762 ], [ -8143803.246796346269548, -1843627.367921218741685 ], [ -8230647.323008518666029, -1803100.132355537964031 ], [ -8285648.571276228874922, -1727835.266304988414049 ], [ -8352229.02970556076616, -1632306.782471598591655 ], [ -8415914.685594487935305, -1565726.324042266234756 ], [ -8427493.895756110548973, -1542567.903719020076096 ], [ -8491179.551645036786795, -1438355.01226441282779 ], [ -8551970.404993558302522, -1342826.528431023005396 ], [ -8606971.653261266648769, -1218350.019193575717509 ], [ -8630130.073584513738751, -1128611.140440997201949 ], [ -8688026.124392628669739, -1027293.051526795723476 ], [ -8748816.977741148322821, -899921.739748942432925 ], [ -8766185.792983584105968, -868078.911804479197599 ], [ -8815397.436170481145382, -778340.033051900798455 ], [ -8876188.289519002661109, -703075.167001351132058 ], [ -8899346.709842247888446, -607546.683167961193249 ], [ -8910925.920003870502114, -506228.59425375983119 ], [ -8905136.31492305919528, -425174.123122398625128 ], [ -8873293.486978596076369, -364383.269773877807893 ], [ -8832766.251412915065885, -260170.378319270559587 ], [ -8812502.633630076423287, -161747.091945474909153 ], [ -8812502.633630076423287, -158852.289405069197528 ], [ -8795133.818387642502785, -74903.015733302338049 ], [ -8777765.003145208582282, 20625.46810008760076 ], [ -8714079.347256280481815, 92995.531610231497325 ], [ -8673552.111690601333976, 153786.384958752372768 ], [ -8638814.481205731630325, 217472.040847678959835 ], [ -8586708.035478428006172, 281157.696736605605111 ], [ -8572234.022776398807764, 339053.747544720710721 ], [ -8554865.207533964887261, 420108.218676081858575 ], [ -8523022.379589501768351, 449056.244080139091238 ], [ -8494074.354185445234179, 559058.740615557762794 ], [ -8502758.761806661263108, 663271.6320701650111 ], [ -8525917.18212990835309, 750115.708282337640412 ], [ -8508548.366887472569942, 831170.179413698730059 ], [ -8433283.500836923718452, 831170.179413698730059 ], [ -8355123.832245968282223, 805116.956550047034398 ], [ -8326175.806841910816729, 761694.918443960603327 ], [ -8326175.806841910816729, 669061.23715097643435 ], [ -8308806.991599475964904, 602480.77872164407745 ], [ -8285648.571276229806244, 605375.581262049730867 ], [ -8195909.692523650825024, 712483.275257062632591 ], [ -8143803.246796347200871, 790642.94384801806882 ], [ -8204594.100144868716598, 909329.848004654049873 ], [ -8204594.100144868716598, 964331.096272363327444 ], [ -8181435.679821622557938, 1036701.159782507224008 ], [ -8123539.629013507626951, 1135124.44615630293265 ], [ -8097486.406149855814874, 1187230.891883606556803 ], [ -8062748.775664986111224, 1236442.535070504527539 ], [ -8132224.036634722724557, 926698.663247090531513 ], [ -8074327.98582660779357, 918014.255625873338431 ], [ -8045379.960422550328076, 926698.663247090531513 ], [ -7970115.094372000545263, 967225.898812771076337 ], [ -7874586.610538611188531, 1036701.159782509203069 ], [ -7773268.521624409593642, 1033806.357242103433236 ], [ -7860112.597836581990123, 938277.873408713610843 ], [ -8016431.935018492862582, 828275.376873294822872 ], [ -8004852.724856869317591, 767484.523524773772806 ], [ -7973009.89691240619868, 747220.905741933500394 ], [ -8001957.922316463664174, 671956.039691383833997 ], [ -8074327.98582660779357, 588006.766019616858102 ], [ -8204594.100144866853952, 414318.613595271483064 ], [ -8291438.176357039250433, 318790.129761881893501 ], [ -8349334.227165154181421, 223261.645928491954692 ], [ -8424599.093215703964233, 116153.951933479052968 ], [ -8523022.379589499905705, 17730.665559683460742 ], [ -8598287.245640048757195, -63323.805571677978151 ], [ -8609866.455801671370864, -237011.957996023353189 ], [ -8650393.691367352381349, -358593.664693064987659 ], [ -8656183.296448163688183, -532281.817117410246283 ], [ -8615656.060882482677698, -665442.733976075192913 ], [ -8589602.838018830865622, -772550.427971088094637 ], [ -8557760.010074367746711, -882552.924506506766193 ], [ -8531706.787210715934634, -986765.815961113898084 ], [ -8468021.131321789696813, -1093873.509956127032638 ], [ -8343544.622084341943264, -1215455.216653168667108 ], [ -8236436.928089329041541, -1357300.54113305057399 ], [ -8030905.94772052206099, -1397827.776698730885983 ], [ -7923798.253725509159267, -1467303.03766846912913 ], [ -7741425.693679946474731, -1490461.457991715054959 ], [ -7628528.394604122266173, -1597569.151986727956682 ], [ -7509841.490447485819459, -1736519.673926204442978 ], [ -7385364.981210038997233, -1860996.183163651730865 ], [ -7350627.350725169293582, -1915997.431431361008435 ], [ -7182728.803381635807455, -1959419.469537447206676 ], [ -7043778.281442158855498, -2008631.112724345177412 ], [ -7043778.281442158855498, -2136002.424502198584378 ], [ -7049567.886522971093655, -2240215.315956805832684 ], [ -7087200.3195482455194, -2425482.678542774170637 ], [ -7124832.752573519945145, -2576012.410643873270601 ], [ -7139306.765275551006198, -2619434.44874995900318 ], [ -7188518.408462448045611, -2790227.798633898608387 ], [ -7214571.631326099857688, -2874177.07230566535145 ], [ -7310100.115159490145743, -3169446.931427052710205 ], [ -7408523.401533285155892, -3389451.924497890286148 ], [ -7495367.477745457552373, -3464716.79054844006896 ], [ -7582211.553957629948854, -3592088.102326293010265 ], [ -7608264.776821281760931, -3771565.859831450041384 ], [ -7637212.802225339226425, -3948148.814796200953424 ], [ -7660371.222548586316407, -4147890.190084198489785 ], [ -7686424.445412238128483, -4217365.451053936965764 ], [ -7706688.063195078633726, -4379474.393316659145057 ], [ -7735636.088599136099219, -4506845.705094512552023 ], [ -7764584.114003193564713, -4657375.437195612117648 ], [ -7761689.311462786048651, -4787641.551513871178031 ], [ -7776163.324164815247059, -4949750.493776593357325 ], [ -7822480.164811307564378, -5161071.079226213507354 ], [ -7799321.744488062337041, -5352128.046892993152142 ], [ -7799321.744488062337041, -5369496.862135428003967 ], [ -7839848.980053743347526, -5563448.632342613302171 ], [ -7877481.413079017773271, -5719767.969524524174631 ], [ -7903534.635942669585347, -5821086.05843872576952 ], [ -7909324.241023480892181, -5893456.121948869898915 ], [ -7944061.871508350595832, -6012143.02610550634563 ], [ -7949851.476589161902666, -6122145.52264092490077 ], [ -8013537.132478088140488, -6295833.675065269693732 ], [ -8030905.94772052206099, -6330571.305550139397383 ], [ -7999063.11977605894208, -6515838.668136107735336 ], [ -8033800.750260927714407, -6605577.546888686716557 ], [ -8184330.482362027280033, -6657683.99261599034071 ], [ -8203905.774138664826751, -6559807.533732805401087 ], [ -8200412.402963418513536, -6558736.408645493909717 ] ] ], [ [ [ -7200097.618624067865312, 333264.142463909462094 ], [ -7269572.87959380634129, 379580.983110401546583 ], [ -7362206.560886790044606, 454845.849160951096565 ], [ -7240624.854189747944474, 553269.135534746805206 ], [ -7454840.242179773747921, 524321.110130689223297 ], [ -7483788.267583832144737, 640113.211746919434518 ], [ -7356416.955805978737772, 773274.128605584148318 ], [ -7240624.854189747944474, 703798.867635846138 ], [ -7142201.567815952934325, 813801.364171264809556 ], [ -7095884.727169460617006, 877487.020060191396624 ], [ -6933775.784906738437712, 918014.255625871941447 ], [ -6933775.784906738437712, 744326.103201526682824 ], [ -6736929.212159147486091, 657482.026989354053512 ], [ -6632716.320704540237784, 582217.160938804387115 ], [ -6783246.052805638872087, 443266.638999328017235 ], [ -6922196.574745114892721, 304316.11705985176377 ], [ -7072726.306846214458346, 257999.276413359679282 ], [ -7107463.937331083230674, 188524.015443621668965 ], [ -7217466.433866502717137, 107469.544312260579318 ], [ -7153780.777977575547993, 211682.435766867594793 ], [ -7142201.567815952934325, 292736.906898228917271 ], [ -7200097.618624067865312, 333264.142463909462094 ] ] ], [ [ [ -8129329.234094318933785, 1221968.522368475561962 ], [ -8169856.469659999012947, 1175651.681721983477473 ], [ -8155382.456957970745862, 1169862.076641171937808 ], [ -8198804.495064057409763, 1169862.076641171937808 ], [ -8236436.928089331835508, 1184336.089343200903386 ], [ -8250910.940791361033916, 1224863.324908881448209 ], [ -8181435.679821622557938, 1250916.547772533260286 ], [ -8129329.234094318933785, 1221968.522368475561962 ] ] ] ] } },
{ "type": "Feature", "properties": { "Id": null, "id1": 1, "nomi": "Sernam ekvatorial o'rmonlar" }, "geometry": { "type": "MultiPolygon", "coordinates": [ [ [ [ -5660502.915782228112221, -220518.509493826859398 ], [ -5660164.286309627816081, -223117.95065206635627 ], [ -5664771.912629046477377, -222344.020617040951038 ], [ -5668335.583809237927198, -219814.780197066487744 ], [ -5671031.631266852840781, -218633.86241738856188 ], [ -5674037.252422305755317, -220938.548729314905358 ], [ -5675964.861412901431322, -221972.097675496101147 ], [ -5681314.874907403253019, -219992.20606898033293 ], [ -5682613.31533912755549, -219002.772378227557056 ], [ -5689478.166673299856484, -212070.851758383010747 ], [ -5693312.334613403305411, -207492.810445507901022 ], [ -5693853.346794615499675, -206131.549629730609013 ], [ -5693320.359008493833244, -203138.403277225064812 ], [ -5684174.228135696612298, -203099.306522202852648 ], [ -5675192.410748313181102, -205945.09980843521771 ], [ -5674140.449875392951071, -206410.216449420200661 ], [ -5662343.357448522932827, -212551.013804959569825 ], [ -5660502.915782228112221, -220518.509493826859398 ] ] ], [ [ [ -5460429.404144058004022, -206100.462199872854399 ], [ -5464901.77275281958282, -204831.445741645438829 ], [ -5470085.475993835367262, -207863.696698706655297 ], [ -5471585.291419443674386, -207461.741471872024704 ], [ -5472064.179853580892086, -206193.687161861686036 ], [ -5471601.321548234671354, -205110.110730749816867 ], [ -5465648.172125452198088, -194669.445135917718289 ], [ -5464643.293924164026976, -193757.320528821612243 ], [ -5460762.024651044048369, -191814.791145050112391 ], [ -5459143.989358286373317, -197230.435304376587737 ], [ -5457540.995140988379717, -199427.624770616646856 ], [ -5455475.123956954106688, -199897.730003383243456 ], [ -5457345.629112745635211, -203656.632046627433738 ], [ -5460429.404144058004022, -206100.462199872854399 ] ] ], [ [ [ -5451408.509818754158914, -200376.8542183880636 ], [ -5453139.74506635311991, -200237.534294752433198 ], [ -5457430.781007571145892, -197839.872362332796911 ], [ -5459834.292610867880285, -190199.036072034476092 ], [ -5455892.915020149201155, -182000.21338920010021 ], [ -5454996.235522815957665, -180640.12617580848746 ], [ -5452451.45724324695766, -177817.728176646021893 ], [ -5446492.317516219802201, -175659.867930886917748 ], [ -5444837.22071501147002, -175443.369881380960578 ], [ -5443476.675197603181005, -176185.04969211918069 ], [ -5443615.926444412209094, -181475.01820602256339 ], [ -5448472.010429329238832, -196416.54221994135878 ], [ -5448873.771363733336329, -197562.225594744610135 ], [ -5449615.150824087671936, -199077.795784333138727 ], [ -5450325.477741600945592, -199943.82759623741731 ], [ -5451408.509818754158914, -200376.8542183880636 ] ] ], [ [ [ -5795663.923139403574169, -176988.860874669568148 ], [ -5798447.137921301648021, -177391.766289229592076 ], [ -5802698.089209877885878, -176495.749815202056197 ], [ -5806703.587315743789077, -178087.34078673334443 ], [ -5808064.13283315859735, -179124.685835945449071 ], [ -5810970.58739447593689, -183331.259765006863745 ], [ -5810662.002749975770712, -175953.52302009210689 ], [ -5811186.984802403487265, -174638.555973838578211 ], [ -5812052.611756894737482, -173803.688860489754006 ], [ -5807785.611678150482476, -166688.834732816088945 ], [ -5792324.673762231133878, -160331.854417337133782 ], [ -5790964.128244809806347, -160378.951970017456915 ], [ -5788088.744887717999518, -161369.122641237190692 ], [ -5787098.889100475236773, -161894.273272662219824 ], [ -5785366.646138154901564, -163100.936642877175473 ], [ -5784501.037845040671527, -163812.486214826756623 ], [ -5779167.054479323327541, -169256.542308021016652 ], [ -5779771.179460955783725, -170524.36116121232044 ], [ -5781223.893553557805717, -171777.158887496538227 ], [ -5785490.893632290884852, -173958.038522672693944 ], [ -5788552.610907799564302, -175164.743517627677647 ], [ -5791365.889179207384586, -175938.494889821799006 ], [ -5795663.923139403574169, -176988.860874669568148 ] ] ], [ [ [ -5835182.911929151043296, -170060.329796067759162 ], [ -5836542.449731843546033, -169937.046239246206824 ], [ -5839141.308701999485493, -168668.222422468243167 ], [ -5839666.290754427202046, -166162.68456222320674 ], [ -5838892.851036495529115, -164709.463093299476895 ], [ -5836605.562532256357372, -163255.26079561872757 ], [ -5811234.067474030889571, -151780.290805227938108 ], [ -5807383.869405136443675, -156791.143869071296649 ], [ -5807461.015566268004477, -158229.273967831220943 ], [ -5813413.157274309545755, -161430.258242454525316 ], [ -5817464.730337081477046, -163502.810600836062804 ], [ -5831842.654837248846889, -169364.779135990829673 ], [ -5835182.911929151043296, -170060.329796067759162 ] ] ], [ [ [ -5382050.677274291403592, -135696.099061873042956 ], [ -5386131.324773203581572, -135433.548742133541964 ], [ -5389378.405575195327401, -134335.248696233291412 ], [ -5394434.856839254498482, -130252.734038073453121 ], [ -5395246.38444176223129, -128644.388710933824768 ], [ -5389061.815196994692087, -119666.897612166460021 ], [ -5387399.701715443283319, -119211.965284830657765 ], [ -5382452.438208688981831, -118840.203115361116943 ], [ -5381153.997776952572167, -118902.318987425940577 ], [ -5379506.92537082824856, -119598.752914113429142 ], [ -5378308.677909358404577, -124345.509365755773615 ], [ -5378154.385587113909423, -128149.369862030129298 ], [ -5378834.667676514014602, -132418.249507493135752 ], [ -5381215.11380928568542, -135016.690384178684326 ], [ -5382050.677274291403592, -135696.099061873042956 ] ] ], [ [ [ -5697115.45001065172255, -121577.810442064481322 ], [ -5698228.545577314682305, -120279.155286957189674 ], [ -5696310.939088506624103, -114293.941295968703344 ], [ -5695043.569861007854342, -112314.925202806552988 ], [ -5692971.68971133325249, -109778.77601570400293 ], [ -5685179.106336996890604, -101460.069550181957311 ], [ -5683327.635792798362672, -99824.811513903317973 ], [ -5682304.730694640427828, -99047.265115257774596 ], [ -5680603.540275149047375, -97809.793375325447414 ], [ -5679551.579402227886021, -97346.880901512209675 ], [ -5677557.853128418326378, -96618.424221432564082 ], [ -5675871.685122984461486, -96450.09792211704189 ], [ -5674293.73448290117085, -96738.673330851655919 ], [ -5669185.180634937249124, -96921.034726342681097 ], [ -5672026.488304976373911, -100139.443777291395236 ], [ -5677138.065297150984406, -100801.762472899528802 ], [ -5678698.978093707934022, -102362.873246544928406 ], [ -5679401.2992775272578, -106537.256794701621402 ], [ -5678932.413345156237483, -109269.749052348386613 ], [ -5679458.403112317435443, -110397.026439705994562 ], [ -5681005.301209558732808, -111913.102198441411019 ], [ -5685089.942244622856379, -115532.455736047530081 ], [ -5694888.28848541341722, -120789.187325718608918 ], [ -5697115.45001065172255, -121577.810442064481322 ] ] ], [ [ [ -5720431.095048011280596, -135263.206605686136754 ], [ -5721729.535479742102325, -135046.741945783433039 ], [ -5721852.756597772240639, -133810.150652875890955 ], [ -5721636.359189831651747, -132511.445893173658988 ], [ -5720709.616203001700342, -130375.999541152268648 ], [ -5717772.12776024453342, -125737.374863614313654 ], [ -5716318.405952906236053, -124129.052239210053813 ], [ -5711386.164860215969384, -119133.797766277188202 ], [ -5708061.937897100113332, -117108.671702308900421 ], [ -5705896.900118905119598, -115485.346678757137852 ], [ -5705000.220621565356851, -114077.490544425978442 ], [ -5704103.541124237701297, -111913.102198441411019 ], [ -5703331.090459651313722, -109623.471671505525592 ], [ -5701970.544942242093384, -105139.438676197692985 ], [ -5701724.084044804796576, -103314.783533075940795 ], [ -5701739.106458861380816, -101042.244506449540495 ], [ -5701877.368652332574129, -98119.4035900318122 ], [ -5701614.877626115456223, -95831.86935202695895 ], [ -5700965.666740942746401, -94114.458419925285853 ], [ -5699897.657077846117318, -93696.640737413297757 ], [ -5698615.265436277724802, -95104.423108978269738 ], [ -5697609.379520249553025, -96882.961109453099198 ], [ -5697456.094912733882666, -99047.265115257774596 ], [ -5697392.982112322002649, -104150.457508794424939 ], [ -5697456.094912733882666, -106346.8655075817951 ], [ -5697609.379520249553025, -107737.670360286952928 ], [ -5698166.421830240637064, -110242.729701125921565 ], [ -5698538.119275159202516, -111387.031839740971918 ], [ -5703949.248801995068789, -127345.70548210668494 ], [ -5705434.023152161389589, -129664.517102101963246 ], [ -5706547.11871881224215, -130840.952081731054932 ], [ -5708370.522541586309671, -132046.472177955613006 ], [ -5710597.684066843241453, -132913.275136018637568 ], [ -5717833.243792577646673, -134799.217961573362118 ], [ -5719070.549530590884387, -135108.87962519066059 ], [ -5720431.095048011280596, -135263.206605686136754 ] ] ], [ [ [ -5670089.865865965373814, -94223.676741573959589 ], [ -5670986.545363298617303, -94161.546219945739722 ], [ -5673289.863996335305274, -93341.92434809273982 ], [ -5673815.835102100856602, -91671.629463353863684 ], [ -5673429.115243137814105, -90264.847253684754833 ], [ -5668249.42419967148453, -80878.445266554379486 ], [ -5666967.013896719552577, -80492.683596024871804 ], [ -5663038.661951972171664, -80275.261207151314011 ], [ -5661307.426704379729927, -80430.57356845146569 ], [ -5659792.588864709250629, -81018.715524414379615 ], [ -5659235.54655471816659, -82100.828354311510338 ], [ -5659205.483065219596028, -85455.38955047687341 ], [ -5660659.204872557893395, -90681.672533715813188 ], [ -5667986.933173460885882, -93913.061549497564556 ], [ -5670089.865865965373814, -94223.676741573959589 ] ] ], [ [ [ -5692879.521136151626706, -107118.416474573285086 ], [ -5693884.399337451905012, -105665.500267741415882 ], [ -5693868.369208672083914, -104150.457508794424939 ], [ -5692508.831405986100435, -97501.191223545596586 ], [ -5688643.592261651530862, -85161.819724281565868 ], [ -5687622.683931565843523, -81945.51547532773111 ], [ -5686787.120466565713286, -80028.780848723297822 ], [ -5685890.440969238989055, -78297.412246884559863 ], [ -5685117.990304657258093, -77307.482813145936234 ], [ -5672919.155604774132371, -68324.071571066888282 ], [ -5666625.379941298626363, -65153.982021280673507 ], [ -5663688.880551892332733, -63824.4210854386547 ], [ -5661462.708079974167049, -63113.051233610982308 ], [ -5658864.856824533082545, -62958.751375966101477 ], [ -5656546.515777452848852, -64133.002592619923234 ], [ -5656004.495881511829793, -65926.45480635392596 ], [ -5656979.329254698008299, -75606.170159990579123 ], [ -5657674.633758160285652, -76981.855169396527344 ], [ -5659915.828644123859704, -77987.796652033095597 ], [ -5661028.905549390241504, -78204.228944502348895 ], [ -5663812.120331288315356, -78729.250725697071175 ], [ -5667306.651084055192769, -79394.542849432255025 ], [ -5668791.425434222444892, -80120.956687697063899 ], [ -5670057.805608388036489, -81219.099008949560812 ], [ -5671758.996027879416943, -83460.480668002084712 ], [ -5672903.12547598220408, -85223.949013178425957 ], [ -5680325.019120159558952, -95831.86935202695895 ], [ -5689230.69806114025414, -104460.072603629683726 ], [ -5691982.841638823971152, -106809.807098728007986 ], [ -5692879.521136151626706, -107118.416474573285086 ] ] ], [ [ [ -5777636.186510880477726, -164399.786359038029332 ], [ -5780249.078841748647392, -163812.486214826756623 ], [ -5782979.18332502618432, -160741.750890419934876 ], [ -5782707.678850379772484, -157966.702297670417465 ], [ -5780389.337803293019533, -154717.63789333004388 ], [ -5777543.010220970027149, -150232.959137103462126 ], [ -5775919.973677332513034, -147217.504897545120912 ], [ -5775147.523012750782073, -144572.868276544439141 ], [ -5775347.890291880816221, -141821.020332154759672 ], [ -5776484.032667686231434, -137420.731510247191181 ], [ -5775796.733897924423218, -131744.839730976585997 ], [ -5774049.468521540984511, -130221.675021336501231 ], [ -5771174.085164442658424, -129788.771631597570376 ], [ -5766458.260141075588763, -129511.200855453935219 ], [ -5757429.360082064755261, -126757.493946933420375 ], [ -5754167.256866010837257, -124593.006436805357225 ], [ -5752310.766409554518759, -122520.756171429675305 ], [ -5751012.344639195129275, -120603.809273848703015 ], [ -5749915.297862719744444, -117046.537488774527446 ], [ -5750131.695270647294819, -114603.564834079224966 ], [ -5750843.029902894981205, -112252.791828852699837 ], [ -5751260.802304700016975, -109716.661735877787578 ], [ -5751538.334406357258558, -105603.368000260539702 ], [ -5751321.918337033130229, -100253.66553950648813 ], [ -5750579.531161949969828, -97284.749923150244285 ], [ -5745168.401635114103556, -81699.034297352438443 ], [ -5738473.872751982882619, -73086.282921193735092 ], [ -5736200.617608436383307, -70967.184976968026604 ], [ -5732520.723329193890095, -68324.071571066888282 ], [ -5719851.005928873084486, -60437.909664776656427 ], [ -5711122.666119270026684, -59525.159677680298046 ], [ -5699372.675025424920022, -59031.227497730818868 ], [ -5697764.660895843058825, -62263.413370742484403 ], [ -5694007.639116865582764, -73565.221665210352512 ], [ -5694225.044239521957934, -75992.917328716706834 ], [ -5698290.650662999600172, -84017.570988263556501 ], [ -5700455.707102578133345, -88007.401796639111126 ], [ -5702062.713517418131232, -91718.717000665667001 ], [ -5704350.991075008176267, -99573.299980159543338 ], [ -5706422.871224670670927, -109144.512810957734473 ], [ -5708108.031515370123088, -113551.417030746946693 ], [ -5715977.761050842702389, -118360.223997918481473 ], [ -5717988.525168172083795, -121005.64227439078968 ], [ -5719719.760415764525533, -123865.52236665939563 ], [ -5721852.756597772240639, -127716.469315950904274 ], [ -5725532.650877009145916, -132913.275136018637568 ], [ -5727389.122672094963491, -134799.217961573362118 ], [ -5729273.642527202144265, -136655.120845184515929 ], [ -5731099.06177943944931, -138078.120075803075451 ], [ -5739354.522120517678559, -143954.551803786802338 ], [ -5752466.06644653249532, -152955.82681272784248 ], [ -5759392.033813032321632, -157625.953139784367522 ], [ -5766365.08385115955025, -161817.102270148869138 ], [ -5775565.314075940288603, -164183.317156972945668 ], [ -5777636.186510880477726, -164399.786359038029332 ] ] ], [ [ [ -5685334.406373975798488, -61690.313876336847898 ], [ -5685882.435235538519919, -60468.982264682061214 ], [ -5685890.440969238989055, -56216.845293023929116 ], [ -5685580.867271400056779, -54980.481633944553323 ], [ -5685117.990304657258093, -53928.463757793972036 ], [ -5684128.134517414495349, -52629.996683296223637 ], [ -5682829.712747067213058, -51641.115574185663718 ], [ -5676584.027469954453409, -47217.69348513832665 ], [ -5672253.914590809494257, -44712.934799330425449 ], [ -5668667.196601482108235, -42951.613126924072276 ], [ -5666409.971586728468537, -42155.090210752459825 ], [ -5667306.651084055192769, -45951.298192995986028 ], [ -5672810.956900800578296, -56480.335655110633525 ], [ -5677571.86782774142921, -60485.013114088731527 ], [ -5678561.723614984191954, -61010.018978183252329 ], [ -5685334.406373975798488, -61690.313876336847898 ] ] ], [ [ [ -5675500.995392800308764, -64165.064471765268536 ], [ -5672501.383202962577343, -58133.502419383810775 ], [ -5664864.081204221583903, -44235.042462213103136 ], [ -5663749.996584226377308, -42889.48797325076157 ], [ -5660659.204872557893395, -41637.113663935415389 ], [ -5657504.311307125724852, -41373.609343798612827 ], [ -5653793.364485033787787, -42116.031081904482562 ], [ -5652463.871510460972786, -42735.192175099662563 ], [ -5650824.804838044568896, -45069.618664694244217 ], [ -5650253.729167333804071, -46878.047057603362191 ], [ -5650515.231140206567943, -48949.985678438584728 ], [ -5651165.431078718043864, -50279.518880068651924 ], [ -5653175.206142708659172, -52505.763631154004543 ], [ -5654691.033035717904568, -54021.643384093149507 ], [ -5655586.723479705862701, -54794.122153872020135 ], [ -5657767.791386687196791, -56480.335655110633525 ], [ -5672687.735782789997756, -63175.159362844853604 ], [ -5675500.995392800308764, -64165.064471765268536 ] ] ], [ [ [ -5690158.430101322010159, -60577.185840011545224 ], [ -5692446.70765891764313, -60360.760044543145341 ], [ -5694038.691659707576036, -59108.376967354059161 ], [ -5694023.669245650991797, -57763.805145800710307 ], [ -5691781.466644953005016, -44451.445100036384247 ], [ -5686356.457026754505932, -37013.471832977178565 ], [ -5674846.509963479824364, -35789.00937943730969 ], [ -5671496.505001675337553, -38080.389667938536149 ], [ -5671557.621034008450806, -39843.718078461708501 ], [ -5673165.616502205841243, -41127.143291831882379 ], [ -5675871.685122984461486, -41528.912660457463062 ], [ -5678840.244769973680377, -42270.308118438362726 ], [ -5679922.269132404588163, -42673.085697383285151 ], [ -5682581.255081563256681, -44404.361286164035846 ], [ -5684391.633258359506726, -47697.602918587923341 ], [ -5686324.262161218561232, -53557.76086802087957 ], [ -5687406.286523637361825, -56557.484845151549962 ], [ -5688178.718526835553348, -58288.808924356046191 ], [ -5689291.814093473367393, -60113.299058046664868 ], [ -5690158.430101322010159, -60577.185840011545224 ] ] ], [ [ [ -5660256.454884809441864, -40415.81278747972101 ], [ -5666633.385675012134016, -39889.812597161973827 ], [ -5666472.095333802513778, -38560.294478354713647 ], [ -5663163.898499465547502, -35375.283892763691256 ], [ -5661853.378347751684487, -34406.761335210860125 ], [ -5649552.900425805710256, -33098.199854152786429 ], [ -5649650.611900443211198, -33488.721111435625062 ], [ -5650949.033670790493488, -36766.904210195440101 ], [ -5652726.362536671571434, -39208.528356899296341 ], [ -5655401.378614614717662, -39951.918899341770157 ], [ -5660256.454884809441864, -40415.81278747972101 ] ] ], [ [ [ -5720709.616203001700342, -54113.815270922626951 ], [ -5721636.359189831651747, -54021.643384093149507 ], [ -5722610.184848296456039, -52769.252683441663976 ], [ -5722440.870111989788711, -50589.102256275167747 ], [ -5721729.535479742102325, -48392.927149362280034 ], [ -5720894.961068099364638, -47620.454603743331973 ], [ -5717833.243792577646673, -45795.994139195325261 ], [ -5713763.884770511649549, -39929.155635504517704 ], [ -5699276.365005289204419, -38387.930128565974883 ], [ -5701815.244905264116824, -40909.733673314687621 ], [ -5704876.98084217030555, -43661.956418768044387 ], [ -5712020.353331326507032, -49136.343767304861103 ], [ -5714864.684145581908524, -51114.100994318119774 ], [ -5719658.644383430480957, -53959.536073315110116 ], [ -5720709.616203001700342, -54113.815270922626951 ] ] ], [ [ [ -5526519.105845473706722, -27644.710793017417018 ], [ -5500126.702457163482904, -24350.519917803208955 ], [ -5499353.262739230878651, -22217.509512774249743 ], [ -5493679.642186185345054, -18816.137411955609423 ], [ -5491205.012048755772412, -17780.18374208808018 ], [ -5475806.179218521341681, -15121.20759075278329 ], [ -5471075.331781079061329, -15337.605615564483742 ], [ -5455212.632930743508041, -17193.075735855076346 ], [ -5435205.184727733023465, -23067.111692581798707 ], [ -5413529.614077536389232, -25046.837357106214768 ], [ -5389007.697183633223176, -29179.606191523522284 ], [ -5384478.224740068428218, -32575.999244152189931 ], [ -5383829.013854895718396, -34927.441200157358253 ], [ -5384817.861927403137088, -41435.734399869150366 ], [ -5386479.975408968515694, -44009.607550447792164 ], [ -5389834.247200198471546, -46769.845437937394308 ], [ -5391419.214520637877285, -49382.812015207557124 ], [ -5394697.347865471616387, -57531.349453227427148 ], [ -5395331.536336581222713, -59942.969063614364131 ], [ -5395223.337632627226412, -65316.28856635367265 ], [ -5397233.094035221263766, -76533.968184833080159 ], [ -5398377.242144707590342, -81790.221307842439273 ], [ -5401716.491521880961955, -94996.212390126733226 ], [ -5402335.657578933984041, -97440.068054576142458 ], [ -5403355.558194297365844, -100222.609161767584737 ], [ -5405860.251821205951273, -102480.119175588915823 ], [ -5408890.916553891263902, -103841.83184378646547 ], [ -5412547.764023994095623, -105131.43185483457637 ], [ -5415013.380712974816561, -110088.414362911644275 ], [ -5414920.204423065297306, -112438.165447079547448 ], [ -5413621.782652699388564, -114819.997241553704953 ], [ -5413382.338435643352568, -118646.800343055438134 ], [ -5427504.76992856618017, -137180.223863509832881 ], [ -5437416.316124204546213, -162342.253837376629235 ], [ -5439163.600161965936422, -164554.129986420215573 ], [ -5440925.887952412478626, -165637.524908986553783 ], [ -5443678.050191474147141, -167091.741269523015944 ], [ -5449398.753416141495109, -169750.627583542402135 ], [ -5473177.256758854724467, -179680.940405345812906 ], [ -5497343.50633663777262, -183392.382385456410702 ], [ -5511784.524975834414363, -181150.272262265090831 ], [ -5516422.21478474419564, -189285.941212631558301 ], [ -5529517.728981960564852, -197808.80488212723867 ], [ -5534669.371965393424034, -193459.627663682389539 ], [ -5538987.448251911439002, -182450.24832071835408 ], [ -5540634.539319418370724, -184475.864843136980198 ], [ -5540124.57968105468899, -187322.412049050210044 ], [ -5539010.495061052963138, -189672.831732812133851 ], [ -5537619.886054146103561, -193308.270280110125896 ], [ -5538667.853390916250646, -196583.920929789572256 ], [ -5540059.451451172120869, -199094.823258082789835 ], [ -5545156.995082621462643, -202016.736457485472783 ], [ -5553141.940002411603928, -199047.717651602259139 ], [ -5556790.78173881303519, -196757.330270202888642 ], [ -5560316.383695812895894, -194777.694268274295609 ], [ -5572020.28117137029767, -190214.083836216828786 ], [ -5576024.790223897434771, -192626.687317239702679 ], [ -5577756.025471496395767, -195365.074680087214801 ], [ -5599742.177534245885909, -202388.620704675966408 ], [ -5607674.030816794373095, -204383.3793978895701 ], [ -5614801.373177177272737, -203842.071490194648504 ], [ -5630485.725181398913264, -200261.582004584255628 ], [ -5636245.505343998782337, -195876.263710313214688 ], [ -5637312.50729236099869, -193308.270280110125896 ], [ -5637960.729124195873737, -182573.519890848634532 ], [ -5639599.795796612277627, -179634.8471687665442 ], [ -5644609.164389051496983, -175473.444747072499013 ], [ -5647547.660546555183828, -172303.321344357274938 ], [ -5652155.286865955218673, -164709.463093299476895 ], [ -5655122.838798228651285, -160826.948510029120371 ], [ -5656622.654223842546344, -148014.204752282355912 ], [ -5652926.729815821163356, -128242.564973303873558 ], [ -5648518.481722193770111, -125526.945606284789392 ], [ -5644899.703475283458829, -126936.865313494607108 ], [ -5640559.588094359263778, -127345.70548210668494 ], [ -5635982.02526443824172, -128088.24149927693361 ], [ -5629365.631595775485039, -122675.058332873377367 ], [ -5628793.566871721297503, -118661.844021296419669 ], [ -5638038.864338658750057, -121779.222082135514938 ], [ -5646759.198414566926658, -120821.253334174572956 ], [ -5648753.932403104379773, -119526.613992251921445 ], [ -5653437.697168913669884, -115731.848063841433031 ], [ -5654691.033035717904568, -108201.602844802546315 ], [ -5654721.096525215543807, -103114.390017742320197 ], [ -5653175.206142708659172, -73873.808259400320821 ], [ -5652247.47410253342241, -71709.61858947177825 ], [ -5647029.695174472406507, -66259.093171789776534 ], [ -5646105.975331844761968, -68647.697285132133402 ], [ -5644509.979133519344032, -71672.554739797997172 ], [ -5641950.197101277299225, -72173.514117626604275 ], [ -5631977.51621192228049, -75961.862582683388609 ], [ -5628027.125172767788172, -75544.060714449704392 ], [ -5631313.282912685535848, -72560.258868839649949 ], [ -5633662.676502621732652, -71833.855287542988663 ], [ -5637745.320769613608718, -71338.905551285846741 ], [ -5640404.288057380355895, -70952.161633208525018 ], [ -5642778.743885914795101, -66953.446481609178591 ], [ -5645505.843886378221214, -59254.651191130076768 ], [ -5646836.344575685448945, -55413.311318739681155 ], [ -5644299.590691213496029, -43353.364594822836807 ], [ -5643064.281721279025078, -39981.982979075750336 ], [ -5639620.612320525571704, -32041.573459974068101 ], [ -5546356.971203932538629, -22119.909511400332121 ], [ -5544916.543150823563337, -22448.949414956015971 ], [ -5534063.231554310768843, -25356.413471570027468 ], [ -5526519.105845473706722, -27644.710793017417018 ] ] ], [ [ [ -5719749.823905261233449, -40971.858700213349948 ], [ -5721945.932887682691216, -44868.238665698532714 ], [ -5727728.759859417565167, -54377.323541867117456 ], [ -5729630.31755805760622, -56278.952793751421268 ], [ -5733743.025314533151686, -59031.227497730818868 ], [ -5744643.419582687318325, -70704.677762163380976 ], [ -5755217.220970846712589, -83770.099631445409614 ], [ -5756749.07799265999347, -87589.58981226097967 ], [ -5757568.611328868195415, -96819.822369036832242 ], [ -5757785.027398186735809, -101026.212366410036338 ], [ -5757490.476114405319095, -106052.273391949478537 ], [ -5756825.216439049690962, -109191.602379339805339 ], [ -5756586.779936715960503, -113977.281562007861794 ], [ -5770478.780660999007523, -126943.864718486089259 ], [ -5774885.03198653459549, -127932.928847907969612 ], [ -5777636.186510880477726, -128088.24149927693361 ], [ -5779669.997437343932688, -129888.985362652267213 ], [ -5781424.279494077898562, -133408.320230539393378 ], [ -5779986.587815531529486, -138696.423927881522104 ], [ -5779352.399344416335225, -144836.416169234289555 ], [ -5780543.630125535652041, -148609.477184148476226 ], [ -5789757.875049638561904, -156589.708104424906196 ], [ -5793701.24940843693912, -157888.524462679226417 ], [ -5797025.476371547207236, -158042.864108158304589 ], [ -5799699.484734755940735, -157780.292628062947188 ], [ -5803270.172595309093595, -156481.458145856275223 ], [ -5806920.992438405752182, -153048.021908288326813 ], [ -5809254.374560927972198, -150790.156553900626022 ], [ -5813955.158508872613311, -149729.877120962133631 ], [ -5838027.224082009866834, -161090.512493518326664 ], [ -5840678.185636083595455, -164996.104361209698254 ], [ -5852105.577386120334268, -170168.566986898891628 ], [ -5856579.961424351669848, -170045.283374312042724 ], [ -5859580.581328918226063, -170896.191748805809766 ], [ -5867619.625600684434175, -174298.791711627884069 ], [ -5867311.040956197306514, -178474.211728941416368 ], [ -5846747.558157905936241, -175164.743517627677647 ], [ -5821267.864395719952881, -170896.191748805809766 ], [ -5819040.684209085069597, -171560.664424434304237 ], [ -5815021.171403890475631, -175643.831722819013521 ], [ -5814063.375874224118888, -178938.25983770377934 ], [ -5814039.3213503472507, -183699.097218670707662 ], [ -5815210.509805127978325, -185708.688260549301049 ], [ -5818474.628450646065176, -187258.263887319015339 ], [ -5816340.624553921632469, -189812.144602592918091 ], [ -5811820.165558785200119, -188388.86868308778503 ], [ -5810313.352114211767912, -185541.318097146955552 ], [ -5808430.829027177765965, -183113.746263520530192 ], [ -5805668.664286335930228, -181186.3592703503964 ], [ -5802864.39946336299181, -180308.361952896491857 ], [ -5798386.021888974122703, -181104.178725436097011 ], [ -5794576.897526091895998, -179176.808974372659577 ], [ -5790330.947488421574235, -180006.67367887753062 ], [ -5782677.615360883064568, -177005.886610449990258 ], [ -5774560.417213262058794, -172906.678139827941777 ], [ -5771853.359539113938808, -170276.804226719075814 ], [ -5768515.099215297959745, -167523.69560090667801 ], [ -5751136.573471941053867, -156125.684026115835877 ], [ -5748043.784992205910385, -155182.648818310699426 ], [ -5744750.629233309067786, -154640.46904499080847 ], [ -5740468.606740520335734, -153574.163635038450593 ], [ -5731717.220121776685119, -150048.570911263057496 ], [ -5727326.99892502091825, -147743.635285324940924 ], [ -5704768.782138196751475, -134513.635153776180232 ], [ -5700918.565407924354076, -127337.679487635250553 ], [ -5696126.601938148960471, -123634.040320016458281 ], [ -5690065.253811405040324, -120479.558254416013369 ], [ -5684051.007017672993243, -118113.720750859749387 ], [ -5681221.698617487214506, -116350.108716097951401 ], [ -5676490.851180044002831, -111170.601495826471364 ], [ -5677093.968446941114962, -109021.255007304935134 ], [ -5678237.108841705136001, -106361.89001018430281 ], [ -5676775.381300674751401, -103391.939822946471395 ], [ -5668698.267805708572268, -101397.956611350091407 ], [ -5660920.706845423206687, -101861.881519609451061 ], [ -5657976.183060901239514, -103391.939822946471395 ], [ -5655278.138835206627846, -130685.638070757690002 ], [ -5655540.629861417226493, -134876.381362654035911 ], [ -5656730.852927809581161, -139268.62447253940627 ], [ -5657922.083708930760622, -142392.237752900982741 ], [ -5658981.06126220151782, -149196.74298606289085 ], [ -5656654.714481418952346, -160826.948510029120371 ], [ -5650856.86509561445564, -172349.431787568930304 ], [ -5648413.287501034326851, -174483.216438470932189 ], [ -5644392.766981123015285, -178072.293848312605405 ], [ -5642538.291954117827117, -180051.777543740317924 ], [ -5641533.413752816617489, -182078.399099159170873 ], [ -5639407.434251177124679, -193887.618466866144445 ], [ -5640250.014396521262825, -197252.50360828457633 ], [ -5653345.528593744151294, -210439.904320310335606 ], [ -5656669.736895476467907, -211360.133472107874695 ], [ -5662854.324801627546549, -207632.135434757277835 ], [ -5675840.632580148987472, -203904.22697653103387 ], [ -5684862.515958803705871, -201707.00770266863401 ], [ -5691510.969885041937232, -202697.360955644282512 ], [ -5706670.339836823754013, -195241.777119433012558 ], [ -5708556.875121406279504, -190338.367953794746427 ], [ -5708509.792449766770005, -187222.17588732263539 ], [ -5711122.666119270026684, -184908.859793170151534 ], [ -5714764.491175315342844, -183416.446854871814139 ], [ -5723955.68929027672857, -198335.048302650888218 ], [ -5731036.956693755462766, -210833.85559146333253 ], [ -5732583.854791003279388, -215412.984669989265967 ], [ -5733727.984239106066525, -219621.296189140062779 ], [ -5734933.248380926437676, -225406.634531835385133 ], [ -5735397.114401001483202, -227851.754856888001086 ], [ -5730525.989340655505657, -249210.650552257953677 ], [ -5727079.548974243924022, -253782.752101178601151 ], [ -5720532.295733006671071, -258246.69655048372806 ], [ -5722873.664927857927978, -254927.810133095626952 ], [ -5725254.129722007550299, -253101.932872259931173 ], [ -5727728.759859417565167, -250084.952543144871015 ], [ -5730820.540624437853694, -230745.037074998777825 ], [ -5729938.902202544733882, -227046.732335683918791 ], [ -5718978.380955409258604, -208019.079277535784058 ], [ -5711605.585412335582078, -196722.248846908798441 ], [ -5698259.598120156675577, -203130.393482953397324 ], [ -5695136.74615091830492, -205173.256178295239806 ], [ -5694363.306432986631989, -208389.966528080462012 ], [ -5687313.110233727842569, -214576.946460423903773 ], [ -5677727.16786471940577, -223968.050674929661909 ], [ -5676305.506314964964986, -225979.076114992436487 ], [ -5676737.312077475711703, -235029.914422458881745 ], [ -5678128.910137739032507, -240475.878097905719187 ], [ -5679674.800520239397883, -242766.806258379365318 ], [ -5683370.724928273819387, -244406.059953481453704 ], [ -5680540.427474737167358, -261117.440972414013231 ], [ -5678964.473602732643485, -265604.661111731955316 ], [ -5676860.533195492811501, -269226.601859843183775 ], [ -5673305.894125127233565, -272165.746372506662738 ], [ -5668883.61267080064863, -274610.560434350103606 ], [ -5663595.704261982813478, -275686.587247316143475 ], [ -5661771.292724474333227, -278665.963767335051671 ], [ -5659907.80424902588129, -279222.530211558856536 ], [ -5662359.38757730089128, -274649.673602104012389 ], [ -5665065.456198092550039, -273914.631688433466479 ], [ -5667878.734469500370324, -272939.91104828385869 ], [ -5676405.680623840540648, -265435.199640308739617 ], [ -5677990.647944280877709, -260544.897830751287984 ], [ -5678035.733847828581929, -256753.68959819394513 ], [ -5677263.30184462480247, -245024.673344677052228 ], [ -5675547.089011089876294, -230388.128969451092416 ], [ -5669687.115878217853606, -221856.812547034787713 ], [ -5659483.015166877768934, -227077.823231288057286 ], [ -5653591.989491149783134, -235718.670972649299074 ], [ -5654258.238219862803817, -241404.272164220281411 ], [ -5645730.265689396299422, -247554.29857655489468 ], [ -5643913.859885588288307, -245488.882346160855377 ], [ -5647269.139391553588212, -241837.396243220224278 ], [ -5651010.149703124538064, -236453.536886761692585 ], [ -5655448.461286242119968, -227016.66847177958698 ], [ -5657596.479882300831378, -221353.565986916713882 ], [ -5657581.457468250766397, -218228.878284746926511 ], [ -5655679.899769617244601, -215939.256514877662994 ], [ -5641444.249660442583263, -201571.682394447008846 ], [ -5629891.621362931095064, -202233.261206450260943 ], [ -5616145.888565813191235, -206812.169524877361255 ], [ -5613711.32441966701299, -210864.925103610672522 ], [ -5617057.590477184392512, -213061.257318172894884 ], [ -5618039.440530733205378, -215112.234553069632966 ], [ -5615743.138578064739704, -217130.184228857600829 ], [ -5612326.743039754219353, -217361.738305177394068 ], [ -5607225.187210762873292, -216898.611766429297859 ], [ -5604967.962196008302271, -216124.70770622510463 ], [ -5601752.941651581786573, -213216.62540347740287 ], [ -5599742.177534245885909, -212009.70194957323838 ], [ -5595475.196116911247373, -209658.016396343358792 ], [ -5566291.572213001549244, -202743.459186950931326 ], [ -5560780.249715894460678, -204212.96956518481602 ], [ -5551812.465689216740429, -209596.86735192098422 ], [ -5548348.96881790086627, -211855.324442591459956 ], [ -5525714.613584700040519, -208814.982823373371502 ], [ -5518108.364128781482577, -205883.95192317571491 ], [ -5513778.269911020994186, -202233.261206450260943 ], [ -5512573.005769206210971, -200345.786352580995299 ], [ -5510809.710264030843973, -198660.809824638272403 ], [ -5507438.400629275478423, -196231.090874788293149 ], [ -5503851.682639948092401, -194421.861396221356699 ], [ -5491421.409456702880561, -190725.260375198762631 ], [ -5485926.135749763809144, -191243.457973542099353 ], [ -5485484.308824089355767, -196665.117856297583785 ], [ -5486459.123535891994834, -199279.268977477768203 ], [ -5495565.1697560204193, -214825.544907206320204 ], [ -5500049.556296031922102, -225499.86903822797467 ], [ -5501765.769129579886794, -236236.990892829693621 ], [ -5505041.905706340447068, -243941.853974232828477 ], [ -5507671.835880722850561, -246246.873432239983231 ], [ -5510964.002586275339127, -251368.335155475710053 ], [ -5511026.107671959325671, -257713.254043093620567 ], [ -5509310.902553152292967, -261504.485436126880813 ], [ -5507501.513429687358439, -265635.740586311731022 ], [ -5506914.407630198635161, -267926.020154623838607 ], [ -5506914.407630198635161, -270587.37583676277427 ], [ -5507501.513429687358439, -276252.164293089299463 ], [ -5509202.70384918525815, -285629.792184475751128 ], [ -5504933.707002366892993, -280429.963181782048196 ], [ -5502939.980728564783931, -277071.478754423093051 ], [ -5503203.460808125324547, -273079.289881246106233 ], [ -5502870.840301133692265, -267004.495127620815765 ], [ -5500930.205664586275816, -261706.029841045441572 ], [ -5495689.398588779382408, -252451.203564638941316 ], [ -5491885.275476784445345, -245488.882346160855377 ], [ -5489318.476764191873372, -238928.895877035130979 ], [ -5488144.283826591446996, -233978.232168747752439 ], [ -5483846.231205022893846, -222560.568326887994772 ], [ -5475868.302965589798987, -211329.045208528259536 ], [ -5473965.737552227452397, -209411.422489791089902 ], [ -5468522.547767815180123, -209048.543330254062312 ], [ -5464380.802897941321135, -206548.551099334727041 ], [ -5460236.034883887507021, -206967.551270942611154 ], [ -5454934.111775741912425, -206332.02165987083572 ], [ -5451370.440595543943346, -204924.67010619508801 ], [ -5445131.771998804993927, -195210.710029036941705 ], [ -5434370.628977467305958, -183083.689054498856422 ], [ -5429484.481503053568304, -175010.393056784960208 ], [ -5424676.469243102706969, -166843.179798258614028 ], [ -5420950.500006972812116, -163564.954769022297114 ], [ -5418163.273027507588267, -165321.817357134917984 ], [ -5415316.945445198565722, -167087.727695123234298 ], [ -5412775.190309813246131, -165945.205755242350278 ], [ -5410889.662739978171885, -163787.434378535981523 ], [ -5404437.582556729204953, -172534.844397473760182 ], [ -5403432.704355428926647, -176123.910349232552107 ], [ -5399351.067803173325956, -180577.977520210260991 ], [ -5390894.232468210160732, -184847.718084100983106 ], [ -5390584.658770373091102, -182635.669099953927798 ], [ -5391264.922198381274939, -179526.586906370677752 ], [ -5392099.496610030531883, -177144.202091776736779 ], [ -5393785.645954080857337, -174174.516522365825949 ], [ -5389378.405575195327401, -166936.387986805057153 ], [ -5381957.500984381884336, -166688.834732816088945 ], [ -5364370.583566784858704, -163240.233460724906763 ], [ -5367191.867571893148124, -161507.429126352799358 ], [ -5371723.355444922111928, -160967.252102135884343 ], [ -5376607.487489879131317, -161136.620818345458247 ], [ -5380349.505516184493899, -161430.258242454525316 ], [ -5386951.865824140608311, -162156.848999631241895 ], [ -5390971.378629323095083, -163115.963969390053535 ], [ -5393243.62605813331902, -164183.317156972945668 ], [ -5396769.228015127591789, -164245.442827892897185 ], [ -5398965.336997548118234, -162706.063628296833485 ], [ -5398872.179369022138417, -156853.267728309030645 ], [ -5396900.473528236150742, -145269.341578614752507 ], [ -5393243.62605813331902, -143211.976506636070553 ], [ -5390723.910017162561417, -144341.370430365815992 ], [ -5388466.685002414509654, -145902.687291305686813 ], [ -5381162.022172043099999, -146676.349124388740165 ], [ -5374412.386222187429667, -128860.848876214135089 ], [ -5373516.714439575560391, -124438.70337662116799 ], [ -5377782.688142208382487, -115902.198595777037553 ], [ -5378385.824070476926863, -114480.305181201576488 ], [ -5378710.438843755051494, -112160.608990567954606 ], [ -5378154.385587113909423, -109623.471671505525592 ], [ -5375866.108029523864388, -105201.570869005459826 ], [ -5369836.82016035169363, -96604.407914312745561 ], [ -5349612.95588802266866, -78822.434122494931216 ], [ -5347031.134761374443769, -78227.277486593113281 ], [ -5342903.404590833932161, -82100.828354311510338 ], [ -5342121.940477818250656, -84327.190307410084642 ], [ -5339084.25906478241086, -86415.287630579681718 ], [ -5331321.720518553629518, -81133.940217396972002 ], [ -5326422.547398162074387, -76905.692519883014029 ], [ -5318173.114684076048434, -71439.104797609223169 ], [ -5314903.99478767812252, -70952.161633208525018 ], [ -5312058.656258700415492, -74199.452685339594609 ], [ -5311331.310159057378769, -78257.324575400460162 ], [ -5313608.558838754892349, -83097.784418025126797 ], [ -5305983.293432634323835, -81945.51547532773111 ], [ -5303261.194683057256043, -80120.956687697063899 ], [ -5300184.436332101002336, -77755.351791898225201 ], [ -5298653.568363638594747, -75451.867019415207324 ], [ -5297625.643353204242885, -72181.539026509504765 ], [ -5293103.187590000219643, -70797.859784798303735 ], [ -5291108.453601444140077, -71879.951831088023027 ], [ -5285851.597735474817455, -81883.405267677837401 ], [ -5276328.786828269250691, -90481.285047886660323 ], [ -5274874.057306216098368, -86445.335217295039911 ], [ -5275678.568228361196816, -83708.978331608799635 ], [ -5280130.89451080840081, -80492.683596024871804 ], [ -5282481.295815465971828, -79966.652215122245252 ], [ -5283501.215092207305133, -77894.632067817961797 ], [ -5284397.875928156077862, -69282.930603895278182 ], [ -5283177.608033644035459, -66236.063781857665163 ], [ -5280039.733650354668498, -64844.373585508808901 ], [ -5263805.337355107069016, -66699.95499064757314 ], [ -5255370.541114551946521, -71401.033187684239238 ], [ -5250971.306469372473657, -78729.250725697071175 ], [ -5239314.491665430366993, -83863.283966892908211 ], [ -5227532.440314001403749, -78235.283822505385615 ], [ -5223783.42426872998476, -93573.387677406804869 ], [ -5227316.024244694970548, -95769.738597081654007 ], [ -5227563.492856848984957, -100021.209356267732801 ], [ -5221008.233881898224354, -96294.780156811219058 ], [ -5217205.099823247641325, -86676.795014911491307 ], [ -5212721.720997970551252, -79394.542849432255025 ], [ -5210031.682505970820785, -81033.739150691268151 ], [ -5210092.798538316972554, -84760.041808138324996 ], [ -5211638.688920823857188, -90573.462907002161955 ], [ -5208732.253020896576345, -93758.752528937562602 ], [ -5203692.820938959717751, -92398.062131423415849 ], [ -5202485.374653467908502, -92352.304959172717645 ], [ -5231279.776713606901467, -437885.12968084262684 ], [ -5684582.488421988673508, -588986.033583636395633 ], [ -6263802.620049363933504, -513435.581632239744067 ], [ -6276394.362041263841093, -1017105.261308218352497 ], [ -6427495.265944057144225, -1407449.263057101983577 ], [ -6641554.879806348122656, -1545958.424967996310443 ], [ -6943756.687611935660243, -1634100.618911292869598 ], [ -7170408.043466126546264, -1634100.618911292869598 ], [ -7509841.490447485819459, -1736519.673926204442978 ], [ -7628528.394604122266173, -1597569.151986727956682 ], [ -7741425.693679946474731, -1490461.457991715054959 ], [ -7923798.253725509159267, -1467303.03766846912913 ], [ -8030905.94772052206099, -1397827.776698730885983 ], [ -8236436.928089329041541, -1357300.54113305057399 ], [ -8343544.622084341943264, -1215455.216653168667108 ], [ -8370276.462592710740864, -1189345.046854296466336 ], [ -8531706.787210715934634, -986765.815961113898084 ], [ -8557760.010074367746711, -882552.924506506766193 ], [ -8569801.415599584579468, -840955.341783029725775 ], [ -8615656.060882482677698, -665442.733976075192913 ], [ -8650393.691367352381349, -358593.664693064987659 ], [ -8609866.455801671370864, -237011.957996023353189 ], [ -8598287.245640048757195, -63323.805571677978151 ], [ -8253297.854769481346011, -47541.127931958995759 ], [ -8001463.014931490644813, -135683.321875255554914 ], [ -7661485.981150205247104, 216885.453897929750383 ], [ -7497793.335255512967706, 279844.163857426960021 ], [ -7217466.433866502717137, 107469.544312260579318 ], [ -7107463.937331083230674, 188524.015443621668965 ], [ -7072726.306846214458346, 257999.276413359679282 ], [ -6691921.847773945890367, 90968.033978934865445 ], [ -6540820.943871152587235, -60132.869923858437687 ], [ -6213435.652081766165793, -97908.095899557229131 ], [ -5785316.42435718420893, -47541.127931958995759 ], [ -5719575.848639911971986, -40547.449664164072601 ], [ -5719749.823905261233449, -40971.858700213349948 ] ] ] ] } },
{ "type": "Feature", "properties": { "Id": null, "id1": 2, "nomi": "Fasliy sernam (shu jumladan musson) o'rmonlar" }, "geometry": { "type": "MultiPolygon", "coordinates": [ [ [ [ -5152336.673731071874499, -2751909.240506486501545 ], [ -5161440.723183134570718, -2751245.814650516025722 ], [ -5166395.992423590272665, -2748146.216015118174255 ], [ -5163767.06996392365545, -2744161.583726774901152 ], [ -5156078.691757390275598, -2745047.228896904736757 ], [ -5152336.673731071874499, -2751909.240506486501545 ] ] ], [ [ [ -5033218.708838443271816, -2747165.037773112766445 ], [ -5033929.035755962133408, -2748196.654929455835372 ], [ -5035259.5177838858217, -2748973.965628564357758 ], [ -5036464.781925699673593, -2749414.712006040848792 ], [ -5039928.26013563759625, -2747418.280034398660064 ], [ -5047442.322354977950454, -2744779.774314696900547 ], [ -5048818.898001177236438, -2745506.505986061412841 ], [ -5050503.050577148795128, -2745895.62085339659825 ], [ -5054090.776281222701073, -2746098.43073628982529 ], [ -5055729.842953640036285, -2746098.43073628982529 ], [ -5056967.148691652342677, -2745760.803650608286262 ], [ -5058327.694209073670208, -2744966.1141372686252 ], [ -5059239.414781847968698, -2743358.217257813550532 ], [ -5059903.648081078194082, -2740736.823295884300023 ], [ -5058544.110278385691345, -2737744.47277063364163 ], [ -5057646.423066323623061, -2736950.187816876452416 ], [ -5055080.63206846639514, -2735749.520754950586706 ], [ -5053163.044241047464311, -2734329.859739751555026 ], [ -5051801.49100889172405, -2733112.969208846334368 ], [ -5049514.202504640445113, -2730273.167985692620277 ], [ -5048402.114652723073959, -2728818.980084544979036 ], [ -5047427.299940921366215, -2726724.41446142224595 ], [ -5046762.058926955796778, -2724291.898016159888357 ], [ -5046407.380664186552167, -2722433.260590807069093 ], [ -5045216.149883071891963, -2720169.920209427364171 ], [ -5044010.904402629472315, -2719832.847243040800095 ], [ -5038846.235773212276399, -2721657.256700027734041 ], [ -5037577.858830973505974, -2722535.054800095036626 ], [ -5034130.410749826580286, -2726301.819147187285125 ], [ -5033218.708838443271816, -2747165.037773112766445 ] ] ], [ [ [ -4909684.452795718796551, -2653902.873877067584544 ], [ -4917786.628529282286763, -2655280.509888357017189 ], [ -4924991.11705079022795, -2656005.348574459552765 ], [ -4926043.077923712320626, -2655046.165448735002428 ], [ -4927928.605493566952646, -2653498.537816172931343 ], [ -4931267.854870739392936, -2653465.834903714247048 ], [ -4932784.689478483982384, -2655818.968826304655522 ], [ -4934113.193399711512029, -2658779.655708850361407 ], [ -4934731.333080652169883, -2658679.362698790151626 ], [ -4939045.415831024758518, -2653162.864131815731525 ], [ -4938890.134455430321395, -2651815.91549984132871 ], [ -4923846.968941303901374, -2640688.20197413675487 ], [ -4910551.087464944459498, -2647411.85744471102953 ], [ -4907474.310452598147094, -2652446.880938594229519 ], [ -4909684.452795718796551, -2653902.873877067584544 ] ] ], [ [ [ -4334935.587248315103352, -1524389.46036718878895 ], [ -4339450.037277817726135, -1524197.760653451317921 ], [ -4339368.878919150680304, -1519394.478352559031919 ], [ -4337502.385960901156068, -1516782.439964612713084 ], [ -4343179.010996766388416, -1515168.976535745896399 ], [ -4346145.555214305408299, -1512303.919228811282665 ], [ -4345194.776364988647401, -1504602.423781945835799 ], [ -4331882.864759839139879, -1503498.404512873850763 ], [ -4330761.763459492474794, -1504928.901843882864341 ], [ -4329896.15516637917608, -1511063.627192382933572 ], [ -4329949.246803634800017, -1513067.283476158045232 ], [ -4331039.276899747550488, -1516151.870217236690223 ], [ -4334287.36541648581624, -1523847.364098023157567 ], [ -4334935.587248315103352, -1524389.46036718878895 ] ] ], [ [ [ -4316939.892215971834958, -1475192.25288979918696 ], [ -4317666.249262263998389, -1474763.259589931694791 ], [ -4318269.385190551169217, -1471095.899655321147293 ], [ -4318423.677512806840241, -1469699.039013800676912 ], [ -4318562.928759609349072, -1466603.15122057357803 ], [ -4317558.050558315590024, -1465635.360855070408434 ], [ -4314249.85372397210449, -1464270.664210511604324 ], [ -4313290.06142623256892, -1463668.024940080009401 ], [ -4311157.065244223922491, -1461891.059928183211014 ], [ -4309239.477416804991663, -1459891.061383510241285 ], [ -4305745.935717388987541, -1456178.350745853036642 ], [ -4304431.483818250708282, -1453164.131443929392844 ], [ -4304632.858812121674418, -1451609.848870737245306 ], [ -4305560.590852295979857, -1450149.178133941954002 ], [ -4306564.480000246316195, -1449198.41337477019988 ], [ -4307291.826099901460111, -1446375.042998467572033 ], [ -4305452.392148341983557, -1445978.339673695154488 ], [ -4301903.743382208049297, -1447374.033076309598982 ], [ -4299313.897860467433929, -1449674.308723777066916 ], [ -4296066.817058470100164, -1454876.803037486504763 ], [ -4295571.89849554002285, -1456812.696850380161777 ], [ -4296391.431831748224795, -1458684.967020055279136 ], [ -4303890.47163703199476, -1464461.930781985865906 ], [ -4314155.688380710780621, -1472651.252509005833417 ], [ -4316939.892215971834958, -1475192.25288979918696 ] ] ], [ [ [ -8929091.41061825864017, -338198.03420426073717 ], [ -8929709.568960584700108, -338167.928445280762389 ], [ -8934858.207461221143603, -336804.468739121512044 ], [ -8935970.295313138514757, -335806.228872125095222 ], [ -8935151.751030268147588, -319031.78430572594516 ], [ -8935060.590169820934534, -317484.959292715415359 ], [ -8934718.956214413046837, -316277.217068091908004 ], [ -8934286.142737166956067, -315162.776205462461803 ], [ -8932307.438877414911985, -310951.824807967524976 ], [ -8928721.7286028098315, -303583.512410414114129 ], [ -8915053.141966812312603, -297749.122758365352638 ], [ -8909827.357305066660047, -296618.789846344676334 ], [ -8907755.477155398577452, -296463.32192827766994 ], [ -8905776.77329564653337, -296835.421475988463499 ], [ -8894737.109119305387139, -303135.169880940695293 ], [ -8895634.777669984847307, -305595.560945959994569 ], [ -8897087.51042397134006, -307515.364115067641251 ], [ -8919319.115669431164861, -321664.023399749130476 ], [ -8916761.330405266955495, -328978.190512833069079 ], [ -8918052.754156654700637, -334110.708743139635772 ], [ -8919289.070841317996383, -335768.088191960589029 ], [ -8927082.66193039342761, -337981.314020302786957 ], [ -8929091.41061825864017, -338198.03420426073717 ] ] ], [ [ [ -5682319.753108697012067, -31478.938635316219006 ], [ -5680696.716565059497952, -31787.508413511342951 ], [ -5674846.509963479824364, -35789.00937943730969 ], [ -5686356.457026754505932, -37013.471832977178565 ], [ -5682319.753108697012067, -31478.938635316219006 ] ] ], [ [ [ -5649627.565091296099126, -25371.436004411654721 ], [ -5649123.614418553188443, -26531.623847876951913 ], [ -5649341.019541216082871, -32251.380278960517899 ], [ -5649552.900425805710256, -33098.199854152786429 ], [ -5661853.378347751684487, -34406.761335210860125 ], [ -5649627.565091296099126, -25371.436004411654721 ] ] ], [ [ [ -5709329.325785988010466, -33535.80443296401063 ], [ -5708524.814863829873502, -31138.28962916063756 ], [ -5706020.121236922219396, -25634.936851821603341 ], [ -5705465.07569500990212, -24582.949164645593555 ], [ -5703887.125054926611483, -22448.949414956015971 ], [ -5702125.826317837461829, -20378.065299827783747 ], [ -5700455.707102578133345, -18924.336589461654512 ], [ -5698691.403882668353617, -17718.059754463349236 ], [ -5690019.17885451298207, -13513.189405669325424 ], [ -5688349.040977870114148, -13852.827374602418786 ], [ -5687869.144828996621072, -15059.083669813706365 ], [ -5689755.680113573558629, -24582.949164645593555 ], [ -5692600.999981161206961, -31757.463212621034472 ], [ -5699276.365005289204419, -38387.930128565974883 ], [ -5713763.884770511649549, -39929.155635504517704 ], [ -5709329.325785988010466, -33535.80443296401063 ] ] ], [ [ [ -5639430.48106031306088, -31603.168987076769554 ], [ -5637960.729124195873737, -29221.688053290254174 ], [ -5631157.982875714078546, -22295.663864455826115 ], [ -5628437.899555606767535, -19697.779852907638997 ], [ -5624076.734133613295853, -17037.79380117051187 ], [ -5621574.055936168879271, -15585.074954844889362 ], [ -5616270.117398565635085, -13196.598333433505104 ], [ -5612033.180809323675931, -12075.494831508161951 ], [ -5605154.314775829203427, -11224.88887146335037 ], [ -5602587.516063236631453, -11163.791406403981455 ], [ -5581745.493448577821255, -14131.349199827902339 ], [ -5577942.3780513163656, -14904.790921894236817 ], [ -5546356.971203932538629, -22119.909511400332121 ], [ -5639620.612320525571704, -32041.573459974068101 ], [ -5639430.48106031306088, -31603.168987076769554 ] ] ], [ [ [ -5641733.781031959690154, -18552.637540366551548 ], [ -5645074.038123860955238, -20006.365992174913117 ], [ -5648027.575356805697083, -20268.858326721878257 ], [ -5649341.019541216082871, -20996.226893894268869 ], [ -5652247.47410253342241, -23284.518250500328577 ], [ -5656112.694585472345352, -26716.970327780047228 ], [ -5661462.708079974167049, -31509.991556736833445 ], [ -5663131.838241882622242, -30149.430142666526081 ], [ -5665049.426069301553071, -29623.434600931876048 ], [ -5666719.563945956528187, -29531.265034730877233 ], [ -5669378.531233717687428, -29933.030334387025505 ], [ -5678963.484549387358129, -25835.305761995656212 ], [ -5680325.019120159558952, -24953.660351419708604 ], [ -5680696.716565059497952, -22635.303158662263741 ], [ -5679674.800520239397883, -18862.21256983773128 ], [ -5678855.267184031195939, -16621.009001761565742 ], [ -5677418.583220219239593, -14286.630960752214378 ], [ -5675717.392800740897655, -11688.774301414718138 ], [ -5674263.670993403531611, -10018.634001809215988 ], [ -5672099.622268565930426, -9694.037502303690417 ], [ -5669718.168421065434813, -9772.172807752014705 ], [ -5660566.028582647442818, -7112.195455899566696 ], [ -5652710.332407887093723, -4669.624519309508287 ], [ -5650856.86509561445564, -3989.342272854802104 ], [ -5648196.890093113295734, -2164.930516801747217 ], [ -5645026.955452240072191, -819.407374121107523 ], [ -5643744.54514928907156, -618.032378957320475 ], [ -5635765.609195132739842, -788.354831026567808 ], [ -5634312.895102523267269, -1175.074694629568739 ], [ -5628592.191877850331366, -6029.162802727216331 ], [ -5627973.025820784270763, -6957.903039783550412 ], [ -5641733.781031959690154, -18552.637540366551548 ] ] ], [ [ [ -5666347.866501044481993, -5287.783050204327992 ], [ -5668791.425434222444892, -5132.482961407274161 ], [ -5670074.843451908789575, -3632.685839662800845 ], [ -5669842.397253811359406, -2226.046552763595628 ], [ -5668791.425434222444892, -1329.367019862146662 ], [ -5667090.253676127642393, 0.125964341537257 ], [ -5666193.574178800918162, 1051.079127296830848 ], [ -5662761.148511718027294, 3864.35763037858851 ], [ -5658833.785620301961899, 6586.457314126600977 ], [ -5655324.232453489676118, 7499.167497450283008 ], [ -5651226.547111064195633, 7390.950058386220007 ], [ -5647887.29773389082402, 6307.936016837013995 ], [ -5644718.370807752944529, 3834.294135393135093 ], [ -5643666.409934825263917, 2195.227275368149549 ], [ -5644718.370807752944529, 711.460598051024817 ], [ -5647752.05868461728096, 0.125964341537257 ], [ -5657659.592682720161974, -3308.071018305327925 ], [ -5659699.412574798800051, -3989.342272854802104 ], [ -5661709.168977399356663, -4453.208394630576549 ], [ -5664616.612592067569494, -5040.314356917188888 ], [ -5666347.866501044481993, -5287.783050204327992 ] ] ], [ [ [ -5520426.705175882205367, -15229.406600960435753 ], [ -5521879.43792986869812, -14965.907121799027664 ], [ -5523642.733435024507344, -15121.20759075278329 ], [ -5525467.144972546026111, -15491.898388421259369 ], [ -5530105.823834801092744, -16729.208075502188876 ], [ -5531991.35140463616699, -17409.492601383364672 ], [ -5534001.126468626782298, -16883.500933383933443 ], [ -5546772.025892545469105, -11827.018068394900183 ], [ -5548132.571409973315895, -11008.491134835387129 ], [ -5549029.250907313078642, -9090.900919829424311 ], [ -5549555.240674462169409, -7174.319241929169038 ], [ -5540352.005966881290078, 0.125964341537257 ], [ -5540031.403391137719154, 432.939441931274075 ], [ -5533538.249501883983612, 5319.068871178706104 ], [ -5527122.241773747839034, 8612.245291928789811 ], [ -5520828.466110285371542, 9060.081613087302685 ], [ -5516839.987186555750668, 8750.507613476926053 ], [ -5513005.819246432743967, 8380.806603194290801 ], [ -5510501.12561952508986, 7853.827355775110846 ], [ -5503449.921705550514162, 5519.454884045933795 ], [ -5502120.447392355650663, 4730.973835606829198 ], [ -5501255.828152593225241, 3957.533937792339202 ], [ -5499090.771713021211326, 834.681716990241625 ], [ -5498938.476158856414258, 0.125964341537257 ], [ -5497451.705040603876114, -3154.786391113114405 ], [ -5497204.236428431235254, -4886.021987962199091 ], [ -5497080.00759569182992, -7637.177859386684759 ], [ -5500760.890928279608488, -11765.901931532122035 ], [ -5503326.70058752130717, -13141.491149266052162 ], [ -5506172.020455115474761, -13821.756097249101003 ], [ -5513159.103853960521519, -14965.907121799027664 ], [ -5520426.705175882205367, -15229.406600960435753 ] ] ], [ [ [ -5621790.453344096429646, -3679.768519039843795 ], [ -5623613.857166870497167, -3586.59221401156492 ], [ -5626056.445708099752665, -2612.766439600556623 ], [ -5629271.447591130621731, -185.218900764569895 ], [ -5629451.791205336339772, 0.125964341537257 ], [ -5632024.617544920183718, 2504.800994261387132 ], [ -5636540.056627780199051, 10204.231028810732823 ], [ -5638843.375260823406279, 14254.822552245877887 ], [ -5639198.03486221563071, 16960.8806341667987 ], [ -5637590.020732634700835, 19047.810183229099493 ], [ -5631808.201475615613163, 23191.574611015723349 ], [ -5630184.157217249274254, 23253.698769863101916 ], [ -5618604.488574438728392, 17161.267291607018706 ], [ -5617737.872566602192819, 16326.708664966166907 ], [ -5616532.608424776233733, 14069.477230259546559 ], [ -5616069.75011942256242, 11595.831123970823683 ], [ -5614507.829608118161559, 1329.60028716643501 ], [ -5614637.059691763482988, 0.125964341537257 ], [ -5614832.425720013678074, -927.62474048772583 ], [ -5615634.921212714165449, -1916.472838564501444 ], [ -5616686.900747018866241, -2535.620272192600623 ], [ -5621790.453344096429646, -3679.768519039843795 ] ] ], [ [ [ -5526302.708437527529895, 23408.999845901598746 ], [ -5528126.130921697244048, 22325.960806621977099 ], [ -5529795.242422227747738, 21892.137008189965854 ], [ -5532547.404661289416254, 20593.708034033366857 ], [ -5541701.541267780587077, 15399.96281096646635 ], [ -5544545.853420646861196, 13420.246175881624367 ], [ -5546340.220130047760904, 11812.247557676779252 ], [ -5547266.944455476477742, 10822.390211160609397 ], [ -5549555.240674462169409, 7760.650996047622357 ], [ -5551008.962481799535453, 5627.653629319946958 ], [ -5552462.68428913038224, 3494.65689196205949 ], [ -5553667.929769567213953, 1452.840069507472208 ], [ -5554288.103541367687285, 0.125964341537257 ], [ -5555538.434925358742476, -2736.006229845085727 ], [ -5557208.554140605032444, -4360.050743864138894 ], [ -5564274.780468661338091, -8038.939097215926267 ], [ -5565201.523455485701561, -8164.157084348880744 ], [ -5571138.642749483697116, -1916.472838564501444 ], [ -5574477.892126656137407, 0.125964341537257 ], [ -5574725.342077426612377, 154.418286612569432 ], [ -5577384.328026577830315, 1144.255418594518005 ], [ -5580137.479318995960057, 1577.068905760564803 ], [ -5581807.61719563882798, 1824.537526746160665 ], [ -5583662.073561261408031, 1886.661276431453416 ], [ -5587621.496710235252976, 1886.661276431453416 ], [ -5589444.900533009320498, 1886.661276431453416 ], [ -5592505.628755180165172, 1514.963818263339817 ], [ -5595536.312149244360626, 1298.547743664984182 ], [ -5596835.741634338162839, 1206.379166723418393 ], [ -5599293.333928228355944, 1251.465071109137625 ], [ -5603174.603201349265873, 1778.443906618080746 ], [ -5604920.879524381831288, 2427.67348875465359 ], [ -5606235.331423519179225, 3339.375494078732117 ], [ -5606977.718598603270948, 4329.231461196215605 ], [ -5607595.876940940506756, 6091.519845262744639 ], [ -5609667.757090603001416, 12182.937943701783297 ], [ -5610130.634057345800102, 19295.261251872016146 ], [ -5609605.652004924602807, 21119.700613573040755 ], [ -5608415.410277148708701, 22109.543424263963971 ], [ -5598798.41536529827863, 24135.361937688183389 ], [ -5596370.86789950914681, 23470.116290938207385 ], [ -5587311.904351013712585, 23778.684390731061285 ], [ -5585332.211437904275954, 23871.861330724183063 ], [ -5583599.968475577421486, 24552.148322001587076 ], [ -5582672.236435402184725, 25170.311360577445157 ], [ -5581682.380648158490658, 25850.58023012761987 ], [ -5580447.053016834892333, 27056.843802247232816 ], [ -5577632.78569208830595, 29189.860729349729809 ], [ -5573056.230576896108687, 32251.632210869713163 ], [ -5569685.909995497204363, 33164.353838939910929 ], [ -5566191.379242729395628, 33334.678604313579854 ], [ -5563192.756106242537498, 33334.678604313579854 ], [ -5555646.633629320189357, 34076.068417029928241 ], [ -5544360.508555554784834, 35467.687160194058379 ], [ -5537124.967491210438311, 36828.254530847778369 ], [ -5535362.661039392463863, 37508.548171594986343 ], [ -5533012.259734728373587, 37292.147043279750505 ], [ -5531712.830249646678567, 36767.156143074862484 ], [ -5529888.418712138198316, 35621.981878419777786 ], [ -5526888.806522300466895, 32870.787675021252653 ], [ -5525034.331495287828147, 30736.775900031436322 ], [ -5524601.518018054775894, 29345.162401355515613 ], [ -5524910.102662541903555, 27150.020933442730893 ], [ -5525467.144972546026111, 25325.593952796451049 ], [ -5526302.708437527529895, 23408.999845901598746 ] ] ], [ [ [ -5615079.894332173280418, 19047.810183229099493 ], [ -5617150.766767100431025, 19140.986890670283174 ], [ -5623536.729667128995061, 21273.975126390585501 ], [ -5625221.871296451427042, 23315.822930922397063 ], [ -5625685.737316532991827, 24753.524820133188769 ], [ -5625128.695006540976465, 26222.280772038400755 ], [ -5623305.291183766908944, 27737.132167904153903 ], [ -5621928.715537548065186, 28679.895843224669079 ], [ -5620644.308466530404985, 29809.033409104402381 ], [ -5619439.044324703514576, 31633.466116142320971 ], [ -5618511.312284521758556, 34385.646573344769422 ], [ -5617986.330232094973326, 36302.274781553511275 ], [ -5617459.351411600597203, 38219.895338947317214 ], [ -5615234.186654416844249, 53928.71569550174172 ], [ -5614399.612242767587304, 59973.267159105074825 ], [ -5613687.288557182066143, 61319.84018899541843 ], [ -5608028.690418193116784, 68834.312631435750518 ], [ -5605972.840397308580577, 67874.446551958390046 ], [ -5605462.880758939310908, 65587.051510857752874 ], [ -5604627.31729393824935, 57887.264604897849495 ], [ -5604999.014738851226866, 54361.544768502695661 ], [ -5605369.723130417987704, 52382.77162284195947 ], [ -5605617.173081181943417, 49815.871853796357755 ], [ -5605617.173081181943417, 47806.056590710781165 ], [ -5604859.763492048718035, 42811.584267968406493 ], [ -5604318.751310835592449, 41404.914474451608839 ], [ -5602355.069865128025413, 38203.864922476212087 ], [ -5601503.476271355524659, 36085.85522768136434 ], [ -5601350.191663827747107, 34385.646573344769422 ], [ -5601813.049969193525612, 32715.504246991789842 ], [ -5603637.480168092064559, 28076.772606326405366 ], [ -5606807.414808952249587, 27071.88501309889034 ], [ -5609296.059645690955222, 26376.574405953531823 ], [ -5610966.197522333823144, 25232.416931052495784 ], [ -5612326.743039754219353, 23470.116290938207385 ], [ -5615079.894332173280418, 19047.810183229099493 ] ] ], [ [ [ -5594268.942921745590866, 38065.600257685582619 ], [ -5598288.455726927146316, 38668.747098558422294 ], [ -5599586.89615867100656, 39178.697571503755171 ], [ -5600143.938468663021922, 40198.636595466836297 ], [ -5600514.628198834136128, 42085.211134958728508 ], [ -5600823.212843333370984, 44002.842637771340378 ], [ -5601287.078863414935768, 47743.931100853493263 ], [ -5601350.191663827747107, 52089.199547174925101 ], [ -5601086.692922901362181, 54036.9182748764797 ], [ -5600268.167301421053708, 56372.384655498834036 ], [ -5594392.164039762690663, 63391.819363567548862 ], [ -5591949.594159916974604, 65803.460397858856595 ], [ -5574447.828637159429491, 72421.231910446629627 ], [ -5572638.439513707533479, 71585.615200603962876 ], [ -5568850.346530509181321, 66700.188270706727053 ], [ -5568480.664515060372651, 64133.254534051717201 ], [ -5568386.480510415509343, 62154.453698275334318 ], [ -5568540.772832659073174, 60329.958051818583044 ], [ -5582455.820366090163589, 46074.774452759120322 ], [ -5592412.452465263195336, 39055.474136066251958 ], [ -5594268.942921745590866, 38065.600257685582619 ] ] ], [ [ [ -5571293.924125078134239, 90295.147045556179364 ], [ -5571973.1984997484833, 89398.378579951982829 ], [ -5573673.381204505451024, 87790.22798110434087 ], [ -5576489.645297329872847, 85811.340874746849295 ], [ -5578313.067781487479806, 84883.507110647420632 ], [ -5580724.585118485614657, 84172.128672436912893 ], [ -5584945.491578941233456, 83352.524662794719916 ], [ -5593248.015930276364088, 82842.521742994620581 ], [ -5595366.997412943281233, 83368.556160716107115 ], [ -5596093.354459241963923, 84667.090587484664866 ], [ -5596680.441597347147763, 89770.112689113506349 ], [ -5595876.938389936462045, 91440.419089509246987 ], [ -5592723.033877849578857, 94347.163279522021185 ], [ -5590990.790915509685874, 95862.169529762526508 ], [ -5588733.565900755114853, 97639.702889841617434 ], [ -5587404.091587560251355, 98150.711767063519801 ], [ -5582477.859460497274995, 98700.802889350743499 ], [ -5579638.548558530397713, 98371.147529270936502 ], [ -5576964.540195322595537, 97248.925231374159921 ], [ -5575544.89407501835376, 96885.191402099386323 ], [ -5573598.250472843647003, 96951.334982257583761 ], [ -5570297.070318855345249, 97742.912448106595548 ], [ -5567150.16382575314492, 102372.139817043687799 ], [ -5566499.945225832983851, 99851.099293365972699 ], [ -5566779.474095568992198, 98150.711767063519801 ], [ -5571293.924125078134239, 90295.147045556179364 ] ] ], [ [ [ -5568696.072869637049735, 103500.404719973026658 ], [ -5574261.476057345047593, 105170.747402332577622 ], [ -5574261.476057345047593, 109221.903577210468939 ], [ -5569098.822857397608459, 116659.986032040978898 ], [ -5567922.614490334875882, 117325.338961941655725 ], [ -5566191.379242729395628, 117479.657423459240817 ], [ -5561831.221535476855934, 117479.657423459240817 ], [ -5560162.091373556293547, 117386.465339968635817 ], [ -5558846.631759683601558, 114835.274059727176791 ], [ -5559558.955445275641978, 111201.910724020402995 ], [ -5560471.665071406401694, 109747.970840487003443 ], [ -5564212.675382977351546, 106191.795877685610321 ], [ -5567025.934992994181812, 104119.634125453594606 ], [ -5568696.072869637049735, 103500.404719973026658 ] ] ], [ [ [ -5611028.302608011290431, 209318.429389294586144 ], [ -5613146.276375975459814, 210417.097032824211055 ], [ -5614244.330867173150182, 211669.121210417710245 ], [ -5622099.037988595664501, 225019.906977408041712 ], [ -5621574.055936168879271, 231348.802196144795744 ], [ -5621093.152072567492723, 233529.320517189364182 ], [ -5619964.026377131231129, 234318.331671395426383 ], [ -5610316.967975776642561, 237644.834182113583665 ], [ -5608152.919250939041376, 237536.560400013084291 ], [ -5605617.173081181943417, 235710.893197845754912 ], [ -5605091.201975416392088, 234720.364222473552218 ], [ -5599896.469856509007514, 222498.640174518222921 ], [ -5599123.030138577334583, 220610.985264728777111 ], [ -5599185.135224254801869, 218430.60467557652737 ], [ -5599742.177534245885909, 217176.53796729518217 ], [ -5600638.857031592167914, 216248.251686715026153 ], [ -5606235.331423519179225, 210525.354652242327575 ], [ -5608277.148083697073162, 209906.860530806472525 ], [ -5610130.634057345800102, 209472.804868938750587 ], [ -5611028.302608011290431, 209318.429389294586144 ] ] ], [ [ [ -5619964.026377131231129, 235773.040709598601097 ], [ -5621294.52706643845886, 236082.826221458788496 ], [ -5625376.163618694059551, 239361.238630871870555 ], [ -5625593.568741363473237, 240507.20482506006374 ], [ -5625221.871296451427042, 242488.316993946064031 ], [ -5623551.752081192098558, 245303.65239680596278 ], [ -5622222.259106612764299, 246232.07326261640992 ], [ -5617242.935342282988131, 246540.86950553607312 ], [ -5614616.028312086127698, 245984.420399955823086 ], [ -5612791.616774583235383, 245241.482709683885332 ], [ -5611120.471183205954731, 244250.898069344752003 ], [ -5610131.6231106845662, 241960.958102678938303 ], [ -5610285.915432940237224, 240661.588250063505257 ], [ -5611028.302608011290431, 238991.296660655672895 ], [ -5611957.042362933978438, 238279.464088528300636 ], [ -5618883.009729440324008, 236019.670193345082225 ], [ -5619964.026377131231129, 235773.040709598601097 ] ] ], [ [ [ -8696897.77568675018847, 278325.24625364941312 ], [ -8697841.53785570897162, 278510.767733284621499 ], [ -8706838.377657143399119, 286899.699041872925591 ], [ -8706916.531532997265458, 288416.059105328691658 ], [ -8706621.980249222368002, 290219.296087644877844 ], [ -8705740.323165932670236, 291852.036672977614217 ], [ -8704211.451965557411313, 293894.007419101486448 ], [ -8700856.172459598630667, 294730.460608972643968 ], [ -8699556.742974516004324, 294947.107947819633409 ], [ -8697733.339151743799448, 294668.289218465099111 ], [ -8694671.603214843198657, 289080.991880868794397 ], [ -8694222.759608805179596, 288028.944326906232163 ], [ -8693171.787789231166244, 282441.909927080851048 ], [ -8693528.462820079177618, 281265.561614768521395 ], [ -8696202.471183286979795, 278619.069648316246457 ], [ -8696897.77568675018847, 278325.24625364941312 ] ] ], [ [ [ -8632664.527119034901261, 467534.649211568583269 ], [ -8631559.455947475507855, 471589.198306898993906 ], [ -8619825.494982413947582, 482658.756501975120045 ], [ -8618679.350104847922921, 482954.152085703564808 ], [ -8617272.71096914447844, 482441.720757567381952 ], [ -8616066.45777396671474, 481603.770011100161355 ], [ -8613492.642381025478244, 480131.86012497486081 ], [ -8611253.444263134151697, 474990.883425673644524 ], [ -8607193.846805278211832, 473728.035363585513551 ], [ -8608678.639816842973232, 472363.746143853291869 ], [ -8627280.456598883494735, 469040.511066330363974 ], [ -8632664.527119034901261, 467534.649211568583269 ] ] ], [ [ [ -6812104.605945658870041, 948094.730279065319337 ], [ -6816619.05597516708076, 946954.159734384156764 ], [ -6817978.612439243122935, 946859.954717855667695 ], [ -6823251.47977262083441, 948955.758240213268436 ], [ -6828987.205411350354552, 948674.149604151723906 ], [ -6834151.874040760099888, 948142.352975288289599 ], [ -6835604.606794746592641, 948111.956707891309634 ], [ -6836840.923479410819709, 948485.751149664400145 ], [ -6842964.376691849902272, 951018.246088401880115 ], [ -6850996.404283254407346, 955185.053308208123781 ], [ -6841727.052292445674539, 958304.606776400934905 ], [ -6839222.377326922491193, 958835.528902241494507 ], [ -6837955.008099411614239, 959086.800118306651711 ], [ -6836563.391377759166062, 959180.012792026158422 ], [ -6834336.229852501302958, 958992.568520996952429 ], [ -6825090.913724179379642, 958116.147237248951569 ], [ -6823606.139374013058841, 957960.111067061079666 ], [ -6821596.382971412502229, 957553.830878438428044 ], [ -6820453.242576647549868, 957116.132833280134946 ], [ -6819598.644500061869621, 955667.305511063430458 ], [ -6820534.382273937575519, 953953.112715838011354 ], [ -6821469.149655852466822, 951589.609675963642076 ], [ -6819833.068804859183729, 949697.270394831313752 ], [ -6811090.714295928366482, 949338.673458484583534 ], [ -6812104.605945658870041, 948094.730279065319337 ] ] ], [ [ [ -6795003.593642581254244, 951299.870027219876647 ], [ -6804868.057166584767401, 949892.787643469520845 ], [ -6810836.229003420099616, 950956.449456967180595 ], [ -6819842.100914672017097, 950855.159780684043653 ], [ -6819246.989381481893361, 953802.148972422233783 ], [ -6818659.883581993170083, 954802.104950476903468 ], [ -6817237.214317504316568, 956584.212968074250966 ], [ -6815814.563714399933815, 957429.199806161923334 ], [ -6814701.468147747218609, 957866.901052571018226 ], [ -6810246.137382505461574, 957145.516380318906158 ], [ -6807089.228387592360377, 954308.709909981465898 ], [ -6805744.712998975999653, 956790.895869068568572 ], [ -6799797.572541806846857, 962056.664642710471526 ], [ -6792777.439832053147256, 962228.928679980686866 ], [ -6790273.753919867798686, 960618.824057508958504 ], [ -6789469.24299771618098, 959289.456318369833753 ], [ -6790333.862237478606403, 956210.367046626866795 ], [ -6790891.893600828014314, 955209.378088940284215 ], [ -6795003.593642581254244, 951299.870027219876647 ] ] ], [ [ [ -6795838.168054230511189, 965435.126177564496174 ], [ -6797386.055204809643328, 965496.943730730330572 ], [ -6805548.339255991391838, 966811.310037849354558 ], [ -6806846.761026338674128, 967093.038068716879934 ], [ -6809413.578400320373476, 968109.501946851378307 ], [ -6810218.070661088451743, 969595.223862171173096 ], [ -6801405.586671389639378, 972285.078776786918752 ], [ -6793364.526970151811838, 973911.844064852455631 ], [ -6783563.176246560178697, 974615.276023259270005 ], [ -6786020.787201841361821, 970095.89398487273138 ], [ -6790133.476296952925622, 966889.344267767621204 ], [ -6792653.192337918095291, 965997.54653629893437 ], [ -6795157.885964825749397, 965496.943730730330572 ], [ -6795838.168054230511189, 965435.126177564496174 ] ] ], [ [ [ -6781955.180778375826776, 963027.407167120254599 ], [ -6782727.612781573086977, 963057.814007108099759 ], [ -6785942.633325988426805, 963652.629770234343596 ], [ -6789221.774385562166572, 964965.938601509900764 ], [ -6772856.132577206939459, 975256.868938197148964 ], [ -6769276.431268236599863, 974130.769694412709214 ], [ -6768704.366544175893068, 972848.609683326678351 ], [ -6768937.801795622333884, 969689.478967548930086 ], [ -6769369.607558133080602, 968562.508991503622383 ], [ -6770822.340312119573355, 966858.934685037937015 ], [ -6781955.180778375826776, 963027.407167120254599 ] ] ], [ [ [ -6789067.482063319534063, 974881.839009814895689 ], [ -6790613.37244581989944, 974943.670385222882032 ], [ -6798188.569358888082206, 973850.014205793268047 ], [ -6802487.61103380843997, 972879.023575691157021 ], [ -6805548.339255991391838, 972160.404480978031643 ], [ -6806630.36361841019243, 971753.988469351315871 ], [ -6808702.243768072687089, 970908.716869486030191 ], [ -6809228.233535229228437, 971159.058973048930056 ], [ -6809638.000203325413167, 972261.763673770357855 ], [ -6808856.53609031625092, 973943.259331860928796 ], [ -6807713.395695564337075, 975132.204722014139406 ], [ -6800847.536646662279963, 981482.94237312162295 ], [ -6797106.544996469281614, 984659.163887765142135 ], [ -6795220.0097118858248, 985863.61604328721296 ], [ -6791973.936624623835087, 987177.619083401164971 ], [ -6774966.081950073130429, 989494.444138895370997 ], [ -6775120.374272317625582, 988022.199439883697778 ], [ -6784305.582083039917052, 977759.558220630977303 ], [ -6785882.525008389726281, 976289.766692092176527 ], [ -6787829.168610570952296, 975132.204722014139406 ], [ -6789067.482063319534063, 974881.839009814895689 ] ] ], [ [ [ -6795652.823189131915569, 988429.812256856821477 ], [ -6783995.989723806269467, 1007335.817785346880555 ], [ -6782016.296810703352094, 1008432.400146931642666 ], [ -6780347.166648794896901, 1009058.305786915239878 ], [ -6779109.842249397188425, 1009307.858233360922895 ], [ -6777169.207612843252718, 1009010.632695340435021 ], [ -6773560.45052909757942, 1006944.266662867623381 ], [ -6772740.917192890308797, 1005833.535036383080296 ], [ -6773605.53643265273422, 1001982.192408638540655 ], [ -6774487.193515922874212, 1000088.602165440795943 ], [ -6778491.683907059952617, 995941.670044553349726 ], [ -6780501.458971039392054, 994094.011615501134656 ], [ -6781923.120520805940032, 993218.878618129529059 ], [ -6784553.032033811323345, 992028.397350256564096 ], [ -6792685.252595494501293, 988774.538393632275984 ], [ -6795652.823189131915569, 988429.812256856821477 ] ] ], [ [ [ -6801250.286634410731494, 993726.915127313812263 ], [ -6798350.867414833046496, 1002788.53546267002821 ], [ -6784614.148066143505275, 1012188.980202246224508 ], [ -6773837.982630749233067, 1016501.928696961025707 ], [ -6774285.818522051908076, 1014192.702422161935829 ], [ -6774716.616569821722806, 1013342.518108115065843 ], [ -6781800.88845612667501, 1009966.240381459589116 ], [ -6784181.334588897414505, 1008525.723247715155594 ], [ -6785789.348718478344381, 1007053.816706246579997 ], [ -6790365.922495048493147, 1002295.595195632311516 ], [ -6793798.348162132315338, 997881.727900757919997 ], [ -6794308.289139118976891, 996833.087160380207933 ], [ -6797322.942404396831989, 994407.354237834340893 ], [ -6798342.843019754625857, 993906.39250833413098 ], [ -6801250.286634410731494, 993726.915127313812263 ] ] ], [ [ [ -6936894.213284656405449, 1090962.570581535575911 ], [ -6938399.029961157590151, 1087584.673021740978584 ], [ -6937724.75683737359941, 1086358.815717656631023 ], [ -6935252.123468042351305, 1087080.500382305821404 ], [ -6932669.294626664370298, 1090358.737009934382513 ], [ -6931710.510043641552329, 1092555.571307247271761 ], [ -6931356.556171961128712, 1093501.263824764173478 ], [ -6920779.326096039265394, 1091467.18111785617657 ], [ -6920214.985580914653838, 1086720.678704638732597 ], [ -6923639.386852920055389, 1078407.013840102124959 ], [ -6920818.121509195305407, 1080186.472645603818819 ], [ -6919140.966952190734446, 1086076.245788707165048 ], [ -6916429.246919443830848, 1090630.627430049236864 ], [ -6876782.654539016075432, 1083006.282741505419835 ], [ -6872401.478173545561731, 1073808.851176696596667 ], [ -6871690.143541292287409, 1076650.995189304463565 ], [ -6871597.974966116249561, 1078971.019412582740188 ], [ -6871874.442306991666555, 1082062.395773808471859 ], [ -6785183.111290900968015, 1065390.985963021870703 ], [ -6774193.64994687680155, 1056144.811836893670261 ], [ -6768025.092169504612684, 1048794.28958887886256 ], [ -6766331.926145103760064, 1043481.807857768493704 ], [ -6766401.066572528332472, 1040411.634263817337342 ], [ -6770328.410802540369332, 1036338.716979600838386 ], [ -6773467.292900578118861, 1035711.364678985439241 ], [ -6780717.856378979980946, 1032703.713280684314668 ], [ -6789128.598095651715994, 1027283.769008773611858 ], [ -6798404.966766816563904, 1019423.140340341953561 ], [ -6799905.771245781332254, 1017011.275702875573188 ], [ -6801412.60335174575448, 1010975.649392056977376 ], [ -6798760.634082944132388, 1014584.342381951864809 ], [ -6797029.398835344240069, 1016760.655232344055548 ], [ -6787450.454485309310257, 1025773.635897555272095 ], [ -6784977.839777349494398, 1025764.505631485837512 ], [ -6785572.951310550794005, 1023399.950248691835441 ], [ -6793999.723156009800732, 1009637.548709279275499 ], [ -6799101.278985006734729, 1005457.207803036086261 ], [ -6800878.589189497753978, 1002952.843907568487339 ], [ -6801373.526413817889988, 1001888.884272240800783 ], [ -6803817.104008381254971, 994533.096171668730676 ], [ -6810897.345035758800805, 975351.136703171068802 ], [ -6811826.084790668450296, 969970.225641899625771 ], [ -6811934.283494629897177, 963745.852427164791152 ], [ -6813888.951491888612509, 960415.161260830354877 ], [ -6818420.439364917576313, 958875.0482520313235 ], [ -6826977.449008755385876, 960524.58907950122375 ], [ -6839099.137547515332699, 961149.774953940534033 ], [ -6848344.453675843775272, 959884.219504665350541 ], [ -6852519.266518015414476, 960806.27546769590117 ], [ -6856770.217806578613818, 962870.35269273002632 ], [ -6857156.937665535137057, 955896.289926977362484 ], [ -6844819.859433584846556, 951018.246088401880115 ], [ -6834336.229852501302958, 946829.559351717121899 ], [ -6827132.749045728705823, 941921.147684238501824 ], [ -6815011.060506970621645, 945523.899469024734572 ], [ -6809243.255949271842837, 949229.274154849699698 ], [ -6799117.309113799594343, 948924.36138074437622 ], [ -6798668.465507761575282, 945625.195517758722417 ], [ -6799905.771245781332254, 943750.341914825374261 ], [ -6800074.096928730607033, 940858.726383119937964 ], [ -6798675.463526727631688, 938779.498907776083797 ], [ -6792468.855187553912401, 946234.976698755170219 ], [ -6789051.451934526674449, 952629.008921299595386 ], [ -6788402.241049354895949, 956960.100308502209373 ], [ -6779604.7794737117365, 958961.164325622958131 ], [ -6758855.933148955926299, 961479.084092113072984 ], [ -6755114.922837385907769, 960446.56652537768241 ], [ -6752610.247871855273843, 958664.297681230702437 ], [ -6748984.452944600954652, 955466.704542732331902 ], [ -6731025.838082105852664, 952887.33890022803098 ], [ -6726820.961750446818769, 958022.936882803682238 ], [ -6724671.954101031646132, 963394.234771498828195 ], [ -6721710.392473008483648, 964606.194514937349595 ], [ -6705453.97574473824352, 964058.986921415897086 ], [ -6702082.666109994985163, 963433.758346041897312 ], [ -6694676.802594609558582, 961275.417187853483483 ], [ -6681984.038385152816772, 955771.663676538271829 ], [ -6679881.105692641809583, 954770.684956506011076 ], [ -6678087.746697981841862, 953676.528671750565991 ], [ -6674516.051122699864209, 951284.680213378625922 ], [ -6671300.041524934582412, 947923.541836469667032 ], [ -6668323.457482853904366, 943601.451352722011507 ], [ -6666863.72670990228653, 940889.098704463685863 ], [ -6664977.210086695849895, 938138.433189625269733 ], [ -6663120.719630246050656, 936138.332378593389876 ], [ -6660431.688852979801595, 934138.32296486699488 ], [ -6655375.21892752405256, 931810.337223679991439 ], [ -6652978.742665967904031, 932716.593412395217456 ], [ -6654601.779209585860372, 936310.493033966864459 ], [ -6652921.638831164687872, 939279.809856427134946 ], [ -6642248.652187465690076, 933950.98708639817778 ], [ -6640301.019531945697963, 932763.180793122272007 ], [ -6607461.537211273796856, 913015.661455372348428 ], [ -6585073.624214095063508, 899802.859482938307337 ], [ -6582244.334475292824209, 897960.29993845813442 ], [ -6580033.203078826889396, 895540.079408199875616 ], [ -6578254.866498211398721, 892003.078840367146768 ], [ -6576292.19276725128293, 889997.951108854846098 ], [ -6561603.705515887588263, 876729.100441272370517 ], [ -6546359.16500789579004, 863183.959846651996486 ], [ -6542123.236133390106261, 857473.805601686588489 ], [ -6540175.584816472604871, 852575.020018888404593 ], [ -6536387.491833263076842, 847887.986278583412059 ], [ -6527991.772530634887516, 845088.319092534482479 ], [ -6510552.130754957906902, 822540.150606017559767 ], [ -6508688.642279521562159, 819057.022861358709633 ], [ -6508357.0294872764498, 796419.651368730585091 ], [ -6508479.261551944538951, 794081.254114857059903 ], [ -6510133.350638411939144, 782295.942003098316491 ], [ -6511912.676272377371788, 779998.547258778242394 ], [ -6513386.44040603749454, 778967.993739469675347 ], [ -6516318.927597912959754, 776773.693176934379153 ], [ -6518390.807747575454414, 774172.746915150317363 ], [ -6519209.333369062282145, 771806.078366171685047 ], [ -6522657.789164924062788, 758958.245291424565949 ], [ -6523168.756518023088574, 755875.910382871632464 ], [ -6524342.94945562351495, 742688.911148031475022 ], [ -6525447.012912461534142, 723955.925080967252143 ], [ -6527450.760349434800446, 716388.878953503328376 ], [ -6523403.180822827853262, 715492.591355357435532 ], [ -6522580.643003804609179, 716171.096748468349688 ], [ -6521243.144295532256365, 721209.295918028918095 ], [ -6520431.616693024523556, 726238.852507165865973 ], [ -6520292.365446214564145, 728774.977445814874955 ], [ -6520664.062891115434468, 732104.892189877573401 ], [ -6520338.459064491093159, 736634.177066593314521 ], [ -6517725.566733623854816, 745109.784802669426426 ], [ -6509901.912155048921704, 758132.909334608120844 ], [ -6507398.22624287661165, 761870.232262855861336 ], [ -6503254.465943538583815, 766636.097615299280733 ], [ -6500873.012096038088202, 767648.25312904198654 ], [ -6491773.982556252740324, 769321.430798220797442 ], [ -6484994.283116911537945, 767289.011658529751003 ], [ -6479753.476041111163795, 763582.586160544073209 ], [ -6475745.981167159043252, 760125.644803042290732 ], [ -6473778.287523921579123, 761916.636338082724251 ], [ -6460860.112458090297878, 760499.986304512363859 ], [ -6455015.180400664918125, 757697.036465826444328 ], [ -6452820.060471593402326, 755999.997960036853328 ], [ -6450222.209216154180467, 753213.442500887904316 ], [ -6448490.955307177267969, 751095.851542129763402 ], [ -6447007.188671725802124, 748791.737853886093944 ], [ -6445166.728344049304724, 746410.046350453281775 ], [ -6443451.523225247859955, 744650.831010933150537 ], [ -6429566.539181307889521, 732977.230230818735436 ], [ -6416533.130069782957435, 723468.917032997007482 ], [ -6411369.469155099242926, 717804.417842493276112 ], [ -6403252.271007479168475, 701648.838940089568496 ], [ -6403006.817824782803655, 699455.596553631592542 ], [ -6400716.52483772393316, 707062.769432435627095 ], [ -6397499.507525223307312, 707241.180869258823805 ], [ -6385688.400399031117558, 701610.539142988738604 ], [ -6382688.788209193386137, 699899.070822090143338 ], [ -6374278.046492519788444, 692806.813836742192507 ], [ -6369732.52525879163295, 688079.454907947452739 ], [ -6366841.111772902309895, 684735.959030320984311 ], [ -6365001.677821355871856, 681268.725754622835666 ], [ -6363285.464987807907164, 675515.632947734091431 ], [ -6360323.92202116176486, 664004.011621890589595 ], [ -6364723.156666353344917, 628578.912282314850017 ], [ -6365557.712416619062424, 624461.460430490900762 ], [ -6366981.389395836740732, 620904.943216925719753 ], [ -6372874.411839623935521, 611646.639336309977807 ], [ -6365728.034867653623223, 615312.372779459343292 ], [ -6363848.516263427212834, 617828.778682206058875 ], [ -6360672.572656939737499, 632400.624248986132443 ], [ -6360346.968830297701061, 634731.425231187255122 ], [ -6359961.238024692051113, 643121.967736689606681 ], [ -6352771.790578624233603, 662619.985059947124682 ], [ -6344376.071276007220149, 667959.858585103997029 ], [ -6341253.219306762330234, 668814.105912966071628 ], [ -6311878.2415721276775, 665285.323098197230138 ], [ -6301086.02734656445682, 662480.994983556913212 ], [ -6295612.792734044604003, 663358.337574806762859 ], [ -6287326.27985012345016, 663031.966397012583911 ], [ -6262896.550192786380649, 656735.694931497331709 ], [ -6235870.947386703453958, 648810.624663233058527 ], [ -6223934.603713025338948, 644337.408375144004822 ], [ -6222141.244718364439905, 638957.27958306542132 ], [ -6222605.129399829544127, 632711.740403790492564 ], [ -6222710.323620982468128, 632427.816378715215251 ], [ -6221198.490264132618904, 633674.240899113705382 ], [ -6220285.780638013966382, 637543.591734721092507 ], [ -6221769.565934842452407, 644054.445576475351118 ], [ -6225288.15121147967875, 655271.256845069350675 ], [ -6217843.210758167319, 663420.797654283698648 ], [ -6214720.358788928948343, 664477.45019118685741 ], [ -6208072.912577424198389, 665471.696198253310286 ], [ -6191621.12982089817524, 666280.57665044919122 ], [ -6183644.190634809434414, 666654.30516542471014 ], [ -6168522.88990621920675, 665130.209624790935777 ], [ -6164564.474471980705857, 664663.820838958956301 ], [ -6160312.515468682162464, 663559.789851978770457 ], [ -6152257.441068123094738, 660591.357655724626966 ], [ -6150834.771803640760481, 659721.089886067202315 ], [ -6148237.909601550549269, 657730.810620505362749 ], [ -6142053.340356783941388, 658756.166239385958761 ], [ -6135435.957634776830673, 655372.992165144183673 ], [ -6135265.635183729231358, 651234.676472364342771 ], [ -6136816.526817142032087, 649239.622029440593906 ], [ -6134198.633235373534262, 651172.228646525298245 ], [ -6124365.222254212014377, 652399.90541704709176 ], [ -6116635.751680276356637, 651918.492678486625664 ], [ -6107481.615073785185814, 652928.632672702195123 ], [ -6110025.385638625361025, 655660.039369784179144 ], [ -6119109.392764347605407, 654965.095128482906148 ], [ -6122053.897887473925948, 654117.06128718261607 ], [ -6134400.008229251019657, 658462.05062463413924 ], [ -6138683.019775378517807, 661771.86528732359875 ], [ -6140321.097394457086921, 665044.575597406481393 ], [ -6127844.730592922307551, 669344.005706052528694 ], [ -6119263.685086597688496, 667803.706331740831956 ], [ -6108873.231795425526798, 667492.435023216181435 ], [ -6098019.901537528261542, 667182.159768104786053 ], [ -6090283.432944633997977, 664936.801478556822985 ], [ -6082403.682246003299952, 664072.51392139820382 ], [ -6049597.26789762917906, 658725.942263884120621 ], [ -6044494.723015286959708, 657730.810620505362749 ], [ -6034042.145977064967155, 655679.174646462313831 ], [ -6031134.702362396754324, 654747.537376674707048 ], [ -6014097.81057446077466, 648840.825081687537022 ], [ -6010162.441949350759387, 640822.089315958204679 ], [ -6011978.84775316528976, 637947.343963193474337 ], [ -6016425.165069977752864, 630373.961399908061139 ], [ -6016989.224060331471264, 623288.677371183875948 ], [ -6017020.295264557935297, 616228.326855860766955 ], [ -6018797.605469061993062, 612252.553454856621101 ], [ -6021920.457438306882977, 608508.497083638911135 ], [ -6024665.60299701243639, 605550.646210978622548 ], [ -6027085.126067717559636, 601488.963158544152975 ], [ -6029807.224817287176847, 596135.465537380077876 ], [ -6026821.627326771616936, 597295.701732283690944 ], [ -6021456.591418213211, 601116.606138408649713 ], [ -6018998.999124309979379, 604036.041271503432654 ], [ -6017731.611235427670181, 606194.727750721969642 ], [ -6012001.894562312401831, 618209.253309653722681 ], [ -6011685.304184119217098, 621664.955210099928081 ], [ -6012489.815106276422739, 625052.378856835654005 ], [ -6011886.67917799577117, 629028.926301845116541 ], [ -6010386.863752375356853, 632555.675801560864784 ], [ -6009212.670814774930477, 634513.936997727374546 ], [ -6004542.939409685321152, 640573.371095284936018 ], [ -6001389.034897590987384, 641195.665495807421394 ], [ -5995513.031635940074921, 641770.625989905092865 ], [ -5983515.571929926984012, 639082.132432893151417 ], [ -5970806.777591679245234, 632555.675801560864784 ], [ -5958081.953124633990228, 624911.445995541405864 ], [ -5955501.121051335707307, 622178.334846370271407 ], [ -5954962.124299580231309, 621290.479360833880492 ], [ -5953767.889035664498806, 620811.325137537904084 ], [ -5945389.207576555199921, 618667.258199602249078 ], [ -5933638.208767974749207, 615778.400682185776532 ], [ -5920681.945817566476762, 613106.073075679712929 ], [ -5909333.715658104978502, 611335.641804487560876 ], [ -5896949.517431764863431, 610186.243939932086505 ], [ -5893007.15078769531101, 608540.703368843183853 ], [ -5887302.459030416794121, 604284.602183240349405 ], [ -5877638.381446938961744, 595525.684979440993629 ], [ -5876278.824982868507504, 593289.83808882185258 ], [ -5870588.185247680172324, 586426.812860043835826 ], [ -5856643.074224763549864, 571771.279544950579293 ], [ -5851787.979293191805482, 568107.87896494299639 ], [ -5835615.706745006144047, 556467.070171561441384 ], [ -5825426.647109113633633, 551594.658391322824173 ], [ -5820866.103461322374642, 550422.112473935470916 ], [ -5795787.162918799556792, 527575.142639097990468 ], [ -5791226.619271020404994, 522190.918322847050149 ], [ -5788273.100699459202588, 517429.278498662693892 ], [ -5786974.660267729312181, 514140.401754958205856 ], [ -5786170.149345571175218, 511162.266662394977175 ], [ -5783743.609594516456127, 500600.415312955738045 ], [ -5783140.492327612824738, 496614.829877580690663 ], [ -5783140.492327612824738, 492955.022112991369795 ], [ -5784207.475614604540169, 490303.20027037820546 ], [ -5788752.99684833176434, 486814.489726625673939 ], [ -5791845.785328079946339, 484969.696869314357173 ], [ -5793143.218045088462532, 482984.30180712940637 ], [ -5787717.047442812472582, 484503.479942820267752 ], [ -5783179.550604156218469, 487232.488710999197792 ], [ -5780620.776286648586392, 490381.585217320418451 ], [ -5780110.816648290492594, 493311.734295005036984 ], [ -5780419.382631399668753, 497576.527881901711226 ], [ -5780743.997404678724706, 499980.35436369566014 ], [ -5780977.432656127028167, 504709.802845720318146 ], [ -5780977.432656127028167, 509270.684274100232869 ], [ -5780202.985223472118378, 514962.603437929588836 ], [ -5779213.129436228424311, 517817.272578604519367 ], [ -5777482.901903359219432, 519524.072330016642809 ], [ -5773206.888376196846366, 519244.627204293850809 ], [ -5765730.895380043424666, 513240.81249432725599 ], [ -5762678.172891573049128, 505656.545630570908543 ], [ -5761804.540203380398452, 501484.794187224877533 ], [ -5761494.966505530290306, 498910.07942051498685 ], [ -5761062.153028297238052, 496460.069766364642419 ], [ -5760135.428702850826085, 492644.505205487832427 ], [ -5756764.11906810104847, 480565.901612341287546 ], [ -5755495.742125855758786, 477681.391008938720915 ], [ -5752372.890156622044742, 473914.902397869329434 ], [ -5750285.987592884339392, 470798.564878835168201 ], [ -5749481.476670739240944, 467991.735979014425538 ], [ -5749435.401713846251369, 464302.009317349002231 ], [ -5749899.267733927816153, 460953.971996617328841 ], [ -5750881.099126093089581, 454691.179220115358476 ], [ -5752372.890156622044742, 451157.694448285154067 ], [ -5753443.904302526265383, 449452.262429440219421 ], [ -5752249.669038592837751, 449675.240213872457389 ], [ -5748198.077314448542893, 452010.413172011903953 ], [ -5745663.338859427720308, 456396.710550954390783 ], [ -5744828.764447778463364, 458597.461195796553511 ], [ -5737437.942007834091783, 462783.169088802533224 ], [ -5733448.474030752666295, 452304.713381427107379 ], [ -5727140.665006590075791, 442571.62967995746294 ], [ -5728439.086776936426759, 447995.951665333122946 ], [ -5730727.364334519952536, 451808.532502023561392 ], [ -5733295.170761859975755, 458380.504443598387297 ], [ -5734098.69263066072017, 460644.600370071071666 ], [ -5738365.674048009328544, 474690.500367801345419 ], [ -5739045.93747603148222, 477046.436014124774374 ], [ -5739509.803496112115681, 479650.604974012938328 ], [ -5739634.050990254618227, 482566.323947678494733 ], [ -5739570.919528439640999, 486286.968778543930966 ], [ -5738311.574696025811136, 488690.466961474972777 ], [ -5714262.555932036601007, 471340.042833769053686 ], [ -5706160.380198453553021, 462659.623558648454491 ], [ -5699682.267384639941156, 453885.637013992876746 ], [ -5698599.235307492315769, 451870.812200865650084 ], [ -5695940.249358334578574, 445329.451399955665693 ], [ -5695723.851950407028198, 433955.241121198574547 ], [ -5692600.999981161206961, 431754.072867094422691 ], [ -5690327.744837622158229, 435209.486047502025031 ], [ -5687645.730740700848401, 435914.436866919859312 ], [ -5686137.909581393003464, 433010.289791759045329 ], [ -5685272.282626895233989, 415887.457575121719856 ], [ -5686060.763420273549855, 405087.955784903315362 ], [ -5685890.440969238989055, 399403.048294326465111 ], [ -5684654.124284576624632, 376354.428204552095849 ], [ -5684128.134517414495349, 370964.106411864573602 ], [ -5683447.871089392341673, 365543.955074426601641 ], [ -5682984.005069311708212, 362942.857081720896531 ], [ -5679922.269132404588163, 348603.785703572269995 ], [ -5679304.110790073871613, 346156.582944839785341 ], [ -5676428.727432976476848, 338848.393318878719583 ], [ -5667739.464561301283538, 320054.207696706231218 ], [ -5660627.144614974036813, 305193.591595416131895 ], [ -5657937.124784357845783, 295968.103045128576923 ], [ -5656886.152964788489044, 291696.592790579248685 ], [ -5653175.206142708659172, 276962.402805485064164 ], [ -5641641.61245677806437, 241032.560973300423939 ], [ -5632024.617544920183718, 225778.816586855682544 ], [ -5621790.453344096429646, 209999.079045984341064 ], [ -5620026.150124192237854, 207461.974862588336691 ], [ -5617954.269974529743195, 205141.412721972505096 ], [ -5615542.752637532539666, 203286.005732291057939 ], [ -5610780.852657254785299, 202604.371015790180536 ], [ -5602493.332058599218726, 203749.099689672701061 ], [ -5587481.237748697400093, 203192.782133750471985 ], [ -5571387.100414987653494, 198180.91481463421951 ], [ -5567645.101050061173737, 196478.928814168233657 ], [ -5558413.818282450549304, 190376.706174112478038 ], [ -5553605.824683883227408, 175968.803175913868472 ], [ -5553235.116292322054505, 173618.508603643713286 ], [ -5552895.479104986414313, 171329.394343905238202 ], [ -5552771.250272220931947, 168947.09314955183072 ], [ -5552462.68428913038224, 160935.414977656124393 ], [ -5554062.674023620784283, 147426.185493832745124 ], [ -5563237.84200978372246, 140537.539882751560071 ], [ -5568480.664515060372651, 139655.688770907407161 ], [ -5570830.058104990050197, 139037.382894484122517 ], [ -5575559.916489074937999, 137459.042893814592389 ], [ -5578281.007523923180997, 135085.071690331300488 ], [ -5573813.640166042372584, 134660.168965338438284 ], [ -5565481.05232522264123, 136160.322412137466017 ], [ -5562265.024066067300737, 137072.233473725384101 ], [ -5558090.211223893798888, 139160.633316883613588 ], [ -5556095.477235356345773, 137521.181075313972542 ], [ -5555228.861227508634329, 133268.26393670507241 ], [ -5555198.797738023102283, 130748.00818135793088 ], [ -5556482.197094312869012, 128057.416010282016941 ], [ -5559403.674069681204855, 124516.097541820170591 ], [ -5563856.000352121889591, 120973.809557637272519 ], [ -5592351.336432936601341, 98923.254617098849849 ], [ -5600731.025606773793697, 83832.46202822131454 ], [ -5605154.314775829203427, 80398.744048586930148 ], [ -5610115.592981892637908, 76873.881879656983074 ], [ -5612729.493027509190142, 75667.542436178657226 ], [ -5616069.75011942256242, 73673.660859680312569 ], [ -5618511.312284521758556, 69266.143698970889091 ], [ -5620366.795026262290776, 64967.853025582371629 ], [ -5622469.727718766778708, 60948.14433206380636 ], [ -5628808.589285777881742, 48949.229870140756248 ], [ -5629891.621362931095064, 46971.477804729845957 ], [ -5632396.31498983874917, 43383.662052002786368 ], [ -5637220.338717185892165, 37447.431084167175868 ], [ -5650623.429844167083502, 21815.998114869991696 ], [ -5653113.082395634613931, 19697.024063257162197 ], [ -5655586.723479705862701, 18522.825853641588765 ], [ -5657767.791386687196791, 19249.186084625020158 ], [ -5662297.282491616904736, 19203.092256939828076 ], [ -5667491.99594914726913, 17904.664990596094867 ], [ -5670383.409435011446476, 16990.944230142966262 ], [ -5672624.604320987127721, 15445.048846325993509 ], [ -5675624.2165108313784, 12230.020701557699795 ], [ -5677943.565272646956146, 9215.381809461574449 ], [ -5681823.826831039041281, 3881.395477038949139 ], [ -5684035.965942232869565, 0.125964341537257 ], [ -5684870.540353881195188, -2798.111321374577983 ], [ -5686942.420503537170589, -5597.356860792941916 ], [ -5687448.349282994866371, -5968.046743371151024 ], [ -5688765.824326330795884, -6957.903039783550412 ], [ -5692725.228813907131553, -9184.077305359016464 ], [ -5695599.623117654584348, -10467.478186738158911 ], [ -5698197.474373089149594, -10885.269835315441014 ], [ -5700749.250671624206007, -11456.327720689921989 ], [ -5702351.255835583433509, -12960.139440673479839 ], [ -5705510.161598552018404, -15321.575440479917233 ], [ -5710411.350148413330317, -21305.802293969314633 ], [ -5712822.848824026994407, -25046.837357106214768 ], [ -5716225.229662996716797, -30767.595533789495676 ], [ -5717091.845670838840306, -32962.724207225743157 ], [ -5717864.296335419639945, -36372.153467671094404 ], [ -5719575.848639911971986, -40547.449664164072601 ], [ -5785316.42435718420893, -47541.127931958995759 ], [ -6213435.652081766165793, -97908.095899557229131 ], [ -6540820.943871152587235, -60132.869923858437687 ], [ -6691921.847773945890367, 90968.033978934865445 ], [ -7027819.373137293383479, 238301.868064740527188 ], [ -6922196.574745114892721, 304316.11705985176377 ], [ -6783246.052805638872087, 443266.638999328017235 ], [ -6632716.320704540237784, 582217.160938804387115 ], [ -6736929.212159147486091, 657482.026989354053512 ], [ -6933775.784906738437712, 744326.103201526682824 ], [ -6933775.784906738437712, 918014.255625871941447 ], [ -7095884.727169460617006, 877487.020060191396624 ], [ -7142201.567815952934325, 813801.364171264809556 ], [ -7240624.854189747944474, 703798.867635846138 ], [ -7341089.447198749519885, 764077.623441246454604 ], [ -6956348.429603833705187, 1098307.393330893479288 ], [ -6938636.076462302356958, 1094901.171572906663641 ], [ -6936894.213284656405449, 1090962.570581535575911 ] ] ], [ [ [ -3921292.277893705293536, -622550.556345446035266 ], [ -3917727.598998778965324, -635360.461155141354539 ], [ -3917967.061877238564193, -640775.52842594194226 ], [ -3912386.598952719010413, -662301.450963742448948 ], [ -3910854.741930911783129, -664602.119389529339969 ], [ -3907407.293849764857441, -679402.442733334959485 ], [ -3906510.614352438598871, -689168.570797126973048 ], [ -3905953.572042447049171, -691438.01528149691876 ], [ -3900789.892466368153691, -695327.112334700417705 ], [ -3893987.164879282936454, -714646.484961720765568 ], [ -3893059.432839100714773, -718287.104799831169657 ], [ -3892533.443071945104748, -723173.230258423485793 ], [ -3892437.262299227528274, -725591.245481674093753 ], [ -3891853.179643922951072, -729739.801143495133147 ], [ -3892177.775755818467587, -736651.075060271425173 ], [ -3892317.045664017554373, -739467.053525070194155 ], [ -3891791.05589685542509, -742782.485067592468113 ], [ -3891110.773807456251234, -745148.893848156556487 ], [ -3883163.898110864218324, -770714.883471959386952 ], [ -3881493.778895598836243, -774297.657157102483325 ], [ -3881038.926323953084648, -778896.071583367884159 ], [ -3882329.342360598966479, -785668.280165352742188 ], [ -3884996.33404346415773, -788904.796877851011232 ], [ -3884872.105210699141026, -792168.764877866953611 ], [ -3885193.696839798707515, -795232.027763960184529 ], [ -3881053.948738009668887, -789867.906470015179366 ], [ -3879186.466726409737021, -783594.842347214347683 ], [ -3877401.113465450704098, -779141.346187485498376 ], [ -3876571.558966065756977, -784807.197311225929298 ], [ -3877982.210299312137067, -788236.476999279344454 ], [ -3877351.026311015710235, -793365.16600977408234 ], [ -3873130.119850553572178, -800564.376739978208207 ], [ -3873856.476896864362061, -818924.458673976710998 ], [ -3874134.998051853384823, -824847.282618724508211 ], [ -3875062.748753413092345, -837758.146444264915772 ], [ -3877598.494923169724643, -842094.518707626033574 ], [ -3884293.023806306999177, -842128.891833139816299 ], [ -3878047.319867809768766, -843779.263446807977743 ], [ -3875989.473078853450716, -847428.875526074436493 ], [ -3874119.975637796800584, -852590.958222955930978 ], [ -3876964.306452040094882, -857801.105251708067954 ], [ -3880009.993598782923073, -859719.924990439903922 ], [ -3883163.898110864218324, -864901.546991399605758 ], [ -3883938.345543530769646, -868895.564640493830666 ], [ -3883929.332095082849264, -872336.755119282053784 ], [ -3881185.194251112174243, -874608.097484358469956 ], [ -3878896.91669351560995, -874981.262099984334782 ], [ -3877011.389123674016446, -878540.226829688414 ], [ -3875680.888434366788715, -883301.102900473284535 ], [ -3875619.7910634172149, -886189.027454098220915 ], [ -3877367.056439800653607, -894509.866114661796018 ], [ -3879082.261558608151972, -900537.225922317244112 ], [ -3881155.149422998540103, -901676.621376432129182 ], [ -3885513.310362177435309, -915421.366542282165028 ], [ -3889627.007172017823905, -931982.226269775535911 ], [ -3900851.00849871430546, -962776.877149438834749 ], [ -3903727.399570527952164, -969188.577692228951491 ], [ -3907871.159869865514338, -980794.359548177337274 ], [ -3910871.779774431604892, -991466.392331267008558 ], [ -3912756.299629538785666, -996251.749388739350252 ], [ -3914442.44897358911112, -1001012.329039288917556 ], [ -3916344.006672216579318, -1004517.680202908115461 ], [ -3918368.804150257725269, -1007180.381572138867341 ], [ -3920735.235583707690239, -1009464.852014777134173 ], [ -3928411.595858991146088, -1024707.800102516426705 ], [ -3932640.526714532170445, -1031826.469389586825855 ], [ -3938143.824816555716097, -1038751.513304430874996 ], [ -3940926.031883724499494, -1042040.867783853667788 ], [ -3965078.248100800439715, -1068654.239603851689026 ], [ -3971260.820577495265752, -1074926.33429097593762 ], [ -3982702.227026842068881, -1086034.338528785388917 ], [ -3990632.083541303873062, -1094394.409572046250105 ], [ -3993928.243783007841557, -1100840.604474044637755 ], [ -3997050.088037518784404, -1105579.341371681308374 ], [ -4012302.634279223624617, -1127250.110812267521396 ], [ -4021726.278592287562788, -1136099.919713767711073 ], [ -4025962.20746679417789, -1138833.854335778160021 ], [ -4032084.671625876799226, -1143735.313323970651254 ], [ -4036012.015855877194554, -1147913.541916222311556 ], [ -4039244.074243830516934, -1152297.951859710505232 ], [ -4043185.451834549661726, -1162498.410210537258536 ], [ -4050900.889047760516405, -1174226.05652280850336 ], [ -4052567.014726854860783, -1175315.270129412179813 ], [ -4059049.139738235622644, -1177591.642642955994233 ], [ -4065481.177595156710595, -1178880.698142652632669 ], [ -4069561.825094062834978, -1180799.602609800873324 ], [ -4080663.613017470110208, -1187594.566805496811867 ], [ -4085456.584201980847865, -1190551.657189002027735 ], [ -4102154.827855925541371, -1201943.075779926963151 ], [ -4109065.772808368783444, -1208300.580398369580507 ], [ -4113842.713864088058472, -1214802.100977739552036 ], [ -4118264.995318427216262, -1221681.351192130008712 ], [ -4120150.522888268809766, -1224138.33810392790474 ], [ -4122415.753636717796326, -1224028.14064804255031 ], [ -4122856.591509053949267, -1219918.28773179021664 ], [ -4121635.297238436061889, -1216108.874503631843254 ], [ -4125346.244060527998954, -1209338.872283406089991 ], [ -4129088.243425448425114, -1203075.994008992565796 ], [ -4136153.480700135231018, -1204224.259709821315482 ], [ -4133748.980043499730527, -1212566.111758862854913 ], [ -4128190.57487475220114, -1212535.503353785257787 ], [ -4124898.408169219270349, -1212502.862018638290465 ], [ -4123258.333782073576003, -1214250.224571181926876 ], [ -4126953.250475361477584, -1228390.548168324865401 ], [ -4136022.235187026672065, -1243425.097602376248688 ], [ -4139802.303775158710778, -1240865.604773591039702 ], [ -4140235.117252391763031, -1238549.273580150213093 ], [ -4142461.289724316913635, -1236108.568696284200996 ], [ -4145414.808295865077525, -1235100.08041828381829 ], [ -4149503.461528484709561, -1234965.359052218962461 ], [ -4148088.816659073345363, -1239840.638345852959901 ], [ -4143868.917913364712149, -1243291.350395065033808 ], [ -4140003.678769029676914, -1244268.422980457311496 ], [ -4141889.206338877789676, -1257001.726995199685916 ], [ -4148042.741702180821449, -1265243.391368696466088 ], [ -4149324.125629019923508, -1267722.017552075441927 ], [ -4153515.976314700674266, -1275921.415591307915747 ], [ -4154676.15455298544839, -1279778.631399382604286 ], [ -4160218.529592929407954, -1280890.716176202520728 ], [ -4162359.5315086315386, -1277594.459510771324858 ], [ -4158912.083427492063493, -1267531.972393536940217 ], [ -4156019.662226886022836, -1266617.540708385407925 ], [ -4153766.449409680441022, -1263534.201675770338625 ], [ -4151976.094897822011262, -1260167.196811696747318 ], [ -4151119.500053143128753, -1256072.275427278829738 ], [ -4156933.37956773955375, -1253377.005209882510826 ], [ -4156237.067349548917264, -1258231.523908931296319 ], [ -4159407.001990421675146, -1266350.885470237350091 ], [ -4162823.397528713103384, -1269992.387613418279216 ], [ -4164709.932813283521682, -1277815.213515137787908 ], [ -4162692.152015605010092, -1282925.87448758399114 ], [ -4164570.681566481012851, -1286680.663084073690698 ], [ -4168822.64056978514418, -1289424.713912137784064 ], [ -4170894.502058051060885, -1290498.28197231865488 ], [ -4173134.707890674937516, -1291154.70132870040834 ], [ -4168544.119414783548564, -1291034.051098127383739 ], [ -4165946.249497964978218, -1294001.398260197835043 ], [ -4169502.90399779425934, -1301387.217833139002323 ], [ -4181887.083562769461423, -1328895.241172605892643 ], [ -4183511.127821135800332, -1332781.446390222525224 ], [ -4186015.821448043454438, -1338912.752067656489089 ], [ -4187560.704115814995021, -1342863.704166509443894 ], [ -4189075.541955479886383, -1346056.192668840521947 ], [ -4192200.390692810993642, -1352347.90021465648897 ], [ -4195013.650302828289568, -1357375.447191599523649 ], [ -4196775.956754652783275, -1360348.094968159683049 ], [ -4207135.357502970844507, -1375122.445332699688151 ], [ -4215855.672917493619025, -1387435.164930956671014 ], [ -4222317.774263899773359, -1394653.701085602398962 ], [ -4225092.964650731533766, -1399940.739745904225856 ], [ -4229646.491618167608976, -1411345.035043864976615 ], [ -4234748.028785781003535, -1417840.440690357238054 ], [ -4265530.65337082836777, -1452561.727983386488631 ], [ -4269133.40148894675076, -1455210.935565004125237 ], [ -4282979.327256337739527, -1461628.846793626667932 ], [ -4289198.96124148927629, -1461560.966740125091746 ], [ -4287067.980488956905901, -1451308.671550136990845 ], [ -4284440.065744019113481, -1450229.360871157376096 ], [ -4283435.168881340883672, -1442338.355576700996608 ], [ -4286620.144597654230893, -1428497.822486706310883 ], [ -4291335.969621039927006, -1428395.106256302446127 ], [ -4298015.476090114563704, -1427887.729007397312671 ], [ -4299932.05620280560106, -1426682.980391335906461 ], [ -4301601.186364719644189, -1424084.681628854479641 ], [ -4302992.784424976445735, -1417333.247665576636791 ], [ -4307840.862676198594272, -1411914.762832588981837 ], [ -4310476.801816214807332, -1416192.597580853151157 ], [ -4313437.33706811349839, -1428090.058992058504373 ], [ -4313754.935161042027175, -1432896.233015542384237 ], [ -4317325.62302159704268, -1439127.263185187242925 ], [ -4321228.912727727554739, -1441863.596636045956984 ], [ -4325241.427513956092298, -1439777.671172707807273 ], [ -4327576.806404563598335, -1431945.006235402077436 ], [ -4328719.94679931551218, -1427269.42223017825745 ], [ -4327963.526263520121574, -1424940.138746616430581 ], [ -4325775.441676195710897, -1424012.796910076867789 ], [ -4326006.861498180776834, -1421231.943569591734558 ], [ -4330452.189761655405164, -1426111.949909998802468 ], [ -4332245.548756315372884, -1430455.565193776506931 ], [ -4330081.500031471252441, -1435275.489628155948594 ], [ -4325613.124958855099976, -1442584.963829547166824 ], [ -4322296.922390817664564, -1444234.330685399007052 ], [ -4319644.953122028149664, -1443139.897575713694096 ], [ -4311418.567217083647847, -1445027.713636809727177 ], [ -4314681.659486489370465, -1458018.711645183619112 ], [ -4317651.226848226040602, -1462113.167270360747352 ], [ -4323293.794858423061669, -1466239.076546274358407 ], [ -4325087.135191712528467, -1479304.651523558655754 ], [ -4333969.767323558218777, -1486243.677711892640218 ], [ -4336482.46668416634202, -1491041.178250993369147 ], [ -4337379.146181506104767, -1493296.645302600925788 ], [ -4337935.199438152834773, -1497046.185943464981392 ], [ -4336636.759006422013044, -1503180.191683599958196 ], [ -4337997.304523831233382, -1502385.164809563197196 ], [ -4341336.553901003673673, -1500892.002583820139989 ], [ -4346283.817407757975161, -1500415.238090179627761 ], [ -4347815.693090948276222, -1503212.110629743197933 ], [ -4350397.514217597432435, -1521303.942455235403031 ], [ -4347811.680893399752676, -1516151.870217236690223 ], [ -4342465.679596446454525, -1517630.412925110664219 ], [ -4340749.466762898489833, -1521526.525553544750437 ], [ -4342357.48089247290045, -1524465.72981593478471 ], [ -4341909.626339787617326, -1528924.591648793313652 ], [ -4339742.573132148012519, -1531076.991487956373021 ], [ -4337394.187256946228445, -1538229.148886805167422 ], [ -4341399.685362813062966, -1550262.322008394636214 ], [ -4344801.039825670421124, -1556249.454276066273451 ], [ -4342542.825757571496069, -1571030.646569203585386 ], [ -4340903.75908515509218, -1575460.095906012924388 ], [ -4340715.391075865365565, -1580910.707985508721322 ], [ -4344645.758450075984001, -1584448.3124508515466 ], [ -4348742.417416395619512, -1582854.524852592498064 ], [ -4349763.344407864846289, -1590984.589641636935994 ], [ -4345526.407818617299199, -1594301.402600003639236 ], [ -4336930.321236852556467, -1581977.606852654600516 ], [ -4336636.759006422013044, -1579380.115282924380153 ], [ -4338028.375728063285351, -1572527.695210890844464 ], [ -4338831.878935479559004, -1568990.653877253876999 ], [ -4340250.536002432927489, -1566127.091536135645583 ], [ -4334394.57506709638983, -1561782.78868897841312 ], [ -4332632.268615271896124, -1565628.526312275789678 ], [ -4333081.112221308983862, -1578264.771118038333952 ], [ -4336138.835960678756237, -1587262.222377294208854 ], [ -4339929.933426690287888, -1596996.4893930174876 ], [ -4340469.93789317458868, -1602275.851252340478823 ], [ -4341616.082770740613341, -1613093.248557325452566 ], [ -4345232.864249571226537, -1635987.853373803896829 ], [ -4348155.330278283916414, -1646165.10422428464517 ], [ -4348881.687324582599103, -1648944.367766172392294 ], [ -4348510.997594392858446, -1656312.306672502309084 ], [ -4347443.995646030642092, -1666672.922859750222415 ], [ -4345913.127677586860955, -1668656.432306711096317 ], [ -4341862.543668165802956, -1687104.239965056767687 ], [ -4341738.314835419878364, -1694354.827769642695785 ], [ -4340501.998150738887489, -1719662.666310163680464 ], [ -4336111.776953995227814, -1752219.155179161578417 ], [ -4334287.36541648581624, -1765640.009862282313406 ], [ -4331504.150634576566517, -1775082.444020841969177 ], [ -4328844.175632074475288, -1781026.881805261364207 ], [ -4327205.108959645032883, -1790155.736257922602817 ], [ -4335244.153231418691576, -1813893.370614598039538 ], [ -4343006.691777646541595, -1837976.963128910167143 ], [ -4346655.514852670021355, -1853606.425436634104699 ], [ -4348634.218712422065437, -1862537.480854223715141 ], [ -4350056.887976910918951, -1869956.440678339451551 ], [ -4350520.753997005522251, -1875183.259020443307236 ], [ -4350860.391184328123927, -1878055.409750487422571 ], [ -4352653.750179001130164, -1885697.073486450593919 ], [ -4354586.360420476645231, -1889176.295939108356833 ], [ -4356025.059813750907779, -1892969.938084832392633 ], [ -4356457.873290996067226, -1896184.487612243043259 ], [ -4356613.154666591435671, -1903404.259039566386491 ], [ -4355916.861109783872962, -1905874.902434949530289 ], [ -4357168.200208502821624, -1913486.403684232383966 ], [ -4360323.09377393592149, -1925675.164874352980405 ], [ -4363585.215651366859674, -1936254.038511796854436 ], [ -4364729.345099470578134, -1940171.204401950351894 ], [ -4365208.252195011824369, -1950205.378689655568451 ], [ -4365363.533570605330169, -1956908.967772064963356 ], [ -4364898.659835777245462, -1965040.23527913261205 ], [ -4363106.308555845171213, -1984392.6641107625328 ], [ -4362565.296374632976949, -1988624.490584370680153 ], [ -4361838.939328340813518, -1991479.110317723825574 ], [ -4359411.391862551681697, -1995907.909016132354736 ], [ -4356844.593149959109724, -1998601.585932404734194 ], [ -4356179.35213599447161, -2000865.508186613209546 ], [ -4372135.208614862523973, -2022240.308737537357956 ], [ -4374608.849698921665549, -2023783.55416035768576 ], [ -4377979.151618943549693, -2025261.651747773168609 ], [ -4385061.408075772225857, -2027049.404711829964072 ], [ -4388694.219683388248086, -2028820.463819970143959 ], [ -4391738.917776768095791, -2031663.728210157016292 ], [ -4397644.965866526588798, -2039532.127249578014016 ], [ -4411143.230051504448056, -2059555.894923346815631 ], [ -4413400.455066258087754, -2064634.243609870318323 ], [ -4414777.030712470412254, -2070186.546678435755894 ], [ -4415925.191019500605762, -2075694.994563090614974 ], [ -4417683.485273782163858, -2080380.456384136574343 ], [ -4420853.401253270916641, -2091543.808779500424862 ], [ -4422522.531415184959769, -2099695.32138127181679 ], [ -4424362.973081479780376, -2116547.611683391500264 ], [ -4424734.670526378788054, -2120268.406149371992797 ], [ -4424609.433978898450732, -2130620.088243610225618 ], [ -4423868.054518548771739, -2145977.70941607747227 ], [ -4422816.074984231963754, -2157813.769166272133589 ], [ -4421981.519233966246247, -2164259.227769905235618 ], [ -4421239.132058876566589, -2167531.012871772050858 ], [ -4419770.387837501242757, -2178644.938585638999939 ], [ -4418734.43843196798116, -2190156.925462353043258 ], [ -4418766.498689551837742, -2192581.59541038190946 ], [ -4419291.480741978622973, -2201266.866524681914598 ], [ -4419833.500637914054096, -2204873.170282175764441 ], [ -4420961.618618621490896, -2207890.439832507632673 ], [ -4429124.891723141074181, -2226132.788157181814313 ], [ -4431621.560954964719713, -2230671.378270003013313 ], [ -4438709.826377408578992, -2234372.625615983270109 ], [ -4441292.673880170099437, -2235439.827543708495796 ], [ -4445544.63288346119225, -2237295.603601560927927 ], [ -4451203.231022469699383, -2240645.836432852316648 ], [ -4453522.56112290173769, -2242420.159907369408756 ], [ -4455130.575252482667565, -2244950.50879116775468 ], [ -4467035.866383301094174, -2268852.688086268026382 ], [ -4468952.446495991200209, -2276058.752056342083961 ], [ -4471426.068918686360121, -2287054.966738241259009 ], [ -4474022.931120769120753, -2296096.609582723584026 ], [ -4479558.308141727931798, -2306683.891570783685893 ], [ -4485418.262613222934306, -2301785.125384753569961 ], [ -4491711.049223341047764, -2300858.261656477116048 ], [ -4493381.168438606895506, -2306757.603227674495429 ], [ -4493782.929373003542423, -2310013.506087838672101 ], [ -4489716.315234803594649, -2311571.166478228755295 ], [ -4484196.987004001624882, -2313780.745241003111005 ], [ -4490133.09858325868845, -2328627.507510920520872 ], [ -4491185.059456178918481, -2330905.446167810354382 ], [ -4497987.805704668164253, -2344179.906402122694999 ], [ -4499255.174932185560465, -2346229.665998579934239 ], [ -4522593.866778661496937, -2371760.30670655425638 ], [ -4524326.109741001389921, -2369766.597538007423282 ], [ -4535249.550818283110857, -2373009.158189469948411 ], [ -4537591.927727869711816, -2374556.161440004128963 ], [ -4543296.619485128670931, -2383319.618484556209296 ], [ -4544232.357259017415345, -2388260.861680128611624 ], [ -4543736.430981339886785, -2393303.308235431555659 ], [ -4545422.598986773751676, -2398735.797395922243595 ], [ -4546713.015023439191282, -2402264.976765731349587 ], [ -4549072.429776539094746, -2405978.503189863171428 ], [ -4551854.636843701824546, -2408978.457120825070888 ], [ -4556677.652856325730681, -2414846.652692542411387 ], [ -4558038.198373747058213, -2416804.586040171794593 ], [ -4559708.336250389926136, -2420021.342679711990058 ], [ -4560373.57726435456425, -2422708.706303968559951 ], [ -4560129.11313500162214, -2424886.841616301331669 ], [ -4559770.44133607391268, -2425728.711057821288705 ], [ -4560674.137513763271272, -2433968.894282060209662 ], [ -4565738.613172899931669, -2442926.514708435162902 ], [ -4567345.638249130919576, -2445485.002925246488303 ], [ -4568923.588889226317406, -2460773.694386486429721 ], [ -4566109.321564468555152, -2472615.896449035499245 ], [ -4560404.629807190038264, -2506473.774074906948954 ], [ -4560775.338198757730424, -2509424.148130855988711 ], [ -4562676.895897384732962, -2512558.74198413733393 ], [ -4564315.962569807656109, -2514293.234782066661865 ], [ -4566356.771515243686736, -2515594.502301226835698 ], [ -4586286.08450377266854, -2526874.39246708760038 ], [ -4590135.293519329279661, -2528409.1601289100945 ], [ -4595114.617283653467894, -2530044.670286707114428 ], [ -4597649.355738676153123, -2530812.724559439346194 ], [ -4602288.034600930288434, -2531947.541351750958711 ], [ -4608657.967372166924179, -2533884.182222072035074 ], [ -4622110.137938855215907, -2538460.51480141049251 ], [ -4624552.707818700931966, -2539294.975738629698753 ], [ -4628850.760440269485116, -2540799.480554586742073 ], [ -4631757.196340190246701, -2542035.643935717642307 ], [ -4638806.403486103750765, -2545777.209249772597104 ], [ -4641899.191965851932764, -2547715.439906649291515 ], [ -4649042.564455026760697, -2553130.661728778854012 ], [ -4658690.611909712664783, -2564167.990645405370742 ], [ -4671638.850465042516589, -2575822.197841380722821 ], [ -4674020.322973920032382, -2579581.08830131450668 ], [ -4674925.008204966783524, -2586631.427228699903935 ], [ -4674831.83191505074501, -2591456.725993367377669 ], [ -4674321.872276679612696, -2596466.969874728936702 ], [ -4672650.745346686802804, -2600019.813152029179037 ], [ -4674027.320992905646563, -2611606.857123728841543 ], [ -4679253.105654642917216, -2622247.009821615647525 ], [ -4692209.368605050258338, -2625939.241418838966638 ], [ -4723225.428441564552486, -2624898.076414308510721 ], [ -4736490.257375075481832, -2624696.814040997996926 ], [ -4738901.774712085723877, -2624696.814040997996926 ], [ -4745148.467703920789063, -2625269.056548839434981 ], [ -4748874.436940050683916, -2626056.740902661345899 ], [ -4751131.661954805254936, -2627181.783439377788454 ], [ -4780182.043577545322478, -2629700.880263863131404 ], [ -4797220.932133560068905, -2626376.616144004277885 ], [ -4800699.451418919488788, -2623681.826356211211532 ], [ -4801148.295024956576526, -2618788.336836205795407 ], [ -4796943.418693291954696, -2611238.35235766787082 ], [ -4793819.559009311720729, -2608186.296222120989114 ], [ -4789690.839785428717732, -2600992.061578803230077 ], [ -4789027.59553954936564, -2597757.235418640542775 ], [ -4789645.753881873562932, -2593281.913936736993492 ], [ -4795180.123188116587698, -2591958.325210565701127 ], [ -4815047.312429596669972, -2600195.784859765786678 ], [ -4816933.829052782617509, -2605151.099030944053084 ], [ -4815927.96179813798517, -2608654.71795505983755 ], [ -4814753.750199160538614, -2610852.463830467313528 ], [ -4812288.133510178886354, -2612152.563065390102565 ], [ -4804920.339217978529632, -2619258.154899990186095 ], [ -4803151.0347471954301, -2626191.669774673413485 ], [ -4807347.886683768592775, -2629937.028762596193701 ], [ -4812032.659164317883551, -2631901.450393673498183 ], [ -4818959.634245553053916, -2633597.240129793062806 ], [ -4823875.826548080891371, -2633228.240226502530277 ], [ -4830183.635572243481874, -2633362.133512452244759 ], [ -4857952.614606760442257, -2637595.808376083150506 ], [ -4887545.016125435009599, -2641023.617916004732251 ], [ -4891874.121289851143956, -2642033.15289761684835 ], [ -4895491.891822026111186, -2643410.877331191673875 ], [ -4897717.056579197756946, -2644485.9096664567478 ], [ -4898645.796334107406437, -2644100.331098010763526 ], [ -4898769.017452131025493, -2641393.889768617227674 ], [ -4898181.930314025841653, -2638924.156887869816273 ], [ -4895506.914236083626747, -2636965.419184098951519 ], [ -4886338.762930270284414, -2638167.42829577345401 ], [ -4877588.384026248008013, -2638571.382971716113389 ], [ -4875051.63014176953584, -2638671.551814991049469 ], [ -4872763.352584172971547, -2638537.61491374252364 ], [ -4865188.1556710973382, -2637511.971392741426826 ], [ -4854287.761402963660657, -2634303.695482223294675 ], [ -4872330.539106922224164, -2623153.141788918524981 ], [ -4882334.25387773476541, -2619544.188788656610996 ], [ -4902355.73544146399945, -2624395.451973947230726 ], [ -4906484.473326738923788, -2630423.485159367322922 ], [ -4908323.907278290949762, -2632841.833283399697393 ], [ -4912065.906643224880099, -2635898.507828898262233 ], [ -4919424.687486977316439, -2638200.08014915138483 ], [ -4924408.023448843508959, -2637860.382391456980258 ], [ -4934021.006163151934743, -2622431.931881334166974 ], [ -4937437.401701443828642, -2622397.123340228106827 ], [ -4943868.450505020096898, -2625402.864360913168639 ], [ -4945964.366517162881792, -2627585.466266095172614 ], [ -4950749.331967977806926, -2632993.138926028274 ], [ -4957459.890979901887476, -2635379.22165237320587 ], [ -4965159.298064326867461, -2636924.049795514903963 ], [ -4969921.216705989092588, -2637260.463030940387398 ], [ -4973221.389145235531032, -2638756.469678912777454 ], [ -4975640.912215940654278, -2645259.285507818218321 ], [ -4977635.646204483695328, -2656273.491481136064976 ], [ -4977017.5065235234797, -2658915.932548725511879 ], [ -4969641.687836265191436, -2659689.976726915221661 ], [ -4961409.274304321035743, -2659865.516100572422147 ], [ -4953802.035795071162283, -2667075.955051159486175 ], [ -4961989.363423453643918, -2674847.249588130507618 ], [ -4964941.892941670492291, -2675175.731383256148547 ], [ -4968714.963510824367404, -2673592.331997828092426 ], [ -4977937.214168621227145, -2673997.171460751444101 ], [ -4978835.9090954111889, -2674798.140509854536504 ], [ -4979297.759686049073935, -2676202.686793023254722 ], [ -4991365.348872823640704, -2679218.415931726340204 ], [ -4992826.087360505014658, -2677129.279638201929629 ], [ -4998964.581648366525769, -2673340.26268525980413 ], [ -5003131.38875683862716, -2675882.90471300156787 ], [ -5009533.363124262541533, -2681273.986826434731483 ], [ -5012593.08363171108067, -2685957.034546645823866 ], [ -5010645.450976178050041, -2687530.72955048782751 ], [ -5016057.569556377828121, -2692126.031645853538066 ], [ -5019643.279830963350832, -2693879.500353514682502 ], [ -5039032.588353026658297, -2703222.646024973131716 ], [ -5055110.676896567456424, -2708251.128928057849407 ], [ -5057121.441013895906508, -2711433.714087058324367 ], [ -5056865.966668042354286, -2718278.951183302793652 ], [ -5054215.005113968625665, -2723514.702057351823896 ], [ -5053318.325616641901433, -2729436.548951791599393 ], [ -5055628.64226864464581, -2732470.062242947518826 ], [ -5065594.306477643549442, -2734329.859739751555026 ], [ -5068484.712248779833317, -2732267.427735119126737 ], [ -5070572.622527233324945, -2729732.217136383987963 ], [ -5080096.459810557775199, -2727637.530525140929967 ], [ -5083558.930305761285126, -2726994.846311607863754 ], [ -5102330.061824096366763, -2724055.440293784718961 ], [ -5108452.525983179919422, -2725136.992573675699532 ], [ -5111698.599070449359715, -2725981.051492397207767 ], [ -5117898.209390650503337, -2727553.221854542847723 ], [ -5130251.336412778124213, -2733450.30489335861057 ], [ -5135106.431344350799918, -2736154.841008396819234 ], [ -5145959.742940869182348, -2743553.298106260597706 ], [ -5141445.29291136097163, -2743239.855234830640256 ], [ -5137455.8249342860654, -2738648.369298366829753 ], [ -5133799.985178912058473, -2737076.175314061809331 ], [ -5139157.015353777445853, -2748569.397401406895369 ], [ -5142465.193526718765497, -2752460.840179984457791 ], [ -5151835.746202527545393, -2756556.152822709642351 ], [ -5155391.392987628467381, -2755710.473708862904459 ], [ -5154116.018026422709227, -2753518.013056958094239 ], [ -5151286.709626235999167, -2752317.183414727449417 ], [ -5152157.337831614539027, -2748791.968879801221192 ], [ -5154704.112879262305796, -2743553.298106260597706 ], [ -5163044.725115173496306, -2737423.472593429964036 ], [ -5168966.803333730436862, -2746251.892566062975675 ], [ -5167095.309124594554305, -2751665.811573409009725 ], [ -5169244.335435375571251, -2756015.400819530244917 ], [ -5173883.014297629706562, -2758012.927445053122938 ], [ -5186591.808635883033276, -2764650.153205679729581 ], [ -5212319.960063573904335, -2779222.67193607846275 ], [ -5214421.903702733106911, -2780443.149937411770225 ], [ -5221070.338967595249414, -2784749.125725367572159 ], [ -5223605.077422609552741, -2786445.913958386518061 ], [ -5226543.59224149864167, -2788549.568343326449394 ], [ -5228924.03837426379323, -2790447.94799803616479 ], [ -5230384.776861957274377, -2792339.945667434018105 ], [ -5232626.979462647810578, -2800630.787429402116686 ], [ -5255919.577690861187875, -2822169.952257565222681 ], [ -5267361.002801604568958, -2829414.441145076416433 ], [ -5279079.922691218554974, -2836184.929255745373666 ], [ -5285945.781740119680762, -2838260.106329799629748 ], [ -5292747.520273873582482, -2839996.986699681729078 ], [ -5298437.170955717563629, -2843604.833868218585849 ], [ -5311795.176179138943553, -2853993.021396650001407 ], [ -5320855.128780997358263, -2860194.684121472295374 ], [ -5324844.596758077852428, -2862989.953668253961951 ], [ -5336159.441444874741137, -2872540.846326662227511 ], [ -5364792.808006815612316, -2723647.34020456764847 ], [ -5218688.0347217079252, -2628848.236271350644529 ], [ -4941669.710899919271469, -2414788.622409059200436 ], [ -4696130.742057878524065, -2213320.750538667198271 ], [ -4582805.064130783081055, -2018148.74966422538273 ], [ -4519846.354171286337078, -1665579.973891040310264 ], [ -4519846.354171286337078, -1407449.263057101052254 ], [ -4349857.837280644103885, -1224869.004174558445811 ], [ -4236532.159353548660874, -1029697.003300116630271 ], [ -4091727.126446704845876, -758974.550474277930334 ], [ -3990773.331556191667914, -566121.095255440217443 ], [ -3926232.90385729726404, -611689.253019598778337 ], [ -3921292.277893705293536, -622550.556345446035266 ] ] ], [ [ [ -5331632.301931126974523, -2882996.011823941022158 ], [ -5331647.324345170520246, -2888477.125036635436118 ], [ -5331917.657541912980378, -2889231.051705572754145 ], [ -5333418.280827965587378, -2883478.662442369852215 ], [ -5331632.301931126974523, -2882996.011823941022158 ] ] ], [ [ [ -5585176.911400926299393, -3519627.182826804928482 ], [ -5591052.914662570692599, -3537694.879237318411469 ], [ -5591733.196751989424229, -3540632.293926065322012 ], [ -5592505.628755180165172, -3543425.324643511325121 ], [ -5594762.853769934736192, -3549676.190849875565618 ], [ -5596155.459544932469726, -3553207.518384679220617 ], [ -5600638.857031592167914, -3563032.184456725139171 ], [ -5607225.187210762873292, -3575199.329899216070771 ], [ -5612929.860306657850742, -3584234.349317422136664 ], [ -5619037.302051683887839, -3593778.06645947182551 ], [ -5636786.517525217495859, -3622186.850490875076503 ], [ -5638486.700229962356389, -3625825.155564150307328 ], [ -5641192.768850753083825, -3631684.910393893253058 ], [ -5645599.020176287740469, -3638126.240621599834412 ], [ -5649403.143288278020918, -3643287.564806380774826 ], [ -5660317.570917142555118, -3657051.1100716101937 ], [ -5667986.933173460885882, -3666416.642171002924442 ], [ -5681901.980706892907619, -3683031.820452136918902 ], [ -5684407.66338714491576, -3685893.397404475137591 ], [ -5692167.197450565174222, -3693395.607056337874383 ], [ -5703238.921884469687939, -3703841.065552565269172 ], [ -5730820.540624437853694, -3728575.043624160811305 ], [ -5745632.267655194737017, -3738068.708266017027199 ], [ -5748043.784992205910385, -3739233.54215468140319 ], [ -5752882.849794986657798, -3741271.079784535802901 ], [ -5770478.780660999007523, -3752048.192811110056937 ], [ -5774296.93713369499892, -3754963.849647092167288 ], [ -5777914.707665869034827, -3758572.199949869420379 ], [ -5782150.636540369130671, -3765243.91941404575482 ], [ -5785707.291040218435228, -3770824.64550006063655 ], [ -5796367.252037944272161, -3785902.691714039072394 ], [ -5797627.604585099965334, -3782760.611518339253962 ], [ -5796004.568041461519897, -3777630.905826239846647 ], [ -5793963.740434647537768, -3774201.270820511970669 ], [ -5793051.030808529816568, -3771446.452000151388347 ], [ -5790569.383990756236017, -3755829.22565799113363 ], [ -5794365.501369044184685, -3749790.50337250251323 ], [ -5797025.476371547207236, -3746112.814092460554093 ], [ -5799050.273849588818848, -3743546.02670502429828 ], [ -5798269.798789922147989, -3740597.763352835550904 ], [ -5794504.752615859732032, -3738996.56075342092663 ], [ -5791644.410334208980203, -3739378.553080093115568 ], [ -5787755.116666010580957, -3740543.513097995426506 ], [ -5784438.914097972214222, -3742235.730480691418052 ], [ -5782243.812830286100507, -3744547.440441346727312 ], [ -5780465.476249669678509, -3746367.624253622721881 ], [ -5777173.309544136747718, -3747478.976706926245242 ], [ -5773168.819152999669313, -3746640.151383483782411 ], [ -5754785.415208348073065, -3736576.282537654973567 ], [ -5750795.9472312675789, -3733375.152812422718853 ], [ -5748941.472204267047346, -3731665.320718050003052 ], [ -5736787.723407926037908, -3715784.007051264401525 ], [ -5728594.386813915334642, -3705075.524326582904905 ], [ -5723291.455991034395993, -3700167.860033790115267 ], [ -5720060.405317834578454, -3701518.308583526406437 ], [ -5716085.959754809737206, -3701264.41626006597653 ], [ -5712792.803995912894607, -3700177.273053743876517 ], [ -5707226.374432099983096, -3695824.919828989077359 ], [ -5705279.730829918757081, -3694157.946800193283707 ], [ -5703206.86162690538913, -3691727.784137791953981 ], [ -5698684.387202318757772, -3684996.586205134168267 ], [ -5696002.373105403035879, -3674449.917967326473445 ], [ -5694719.962802451103926, -3667773.918392659164965 ], [ -5694981.464775323867798, -3659256.537623710930347 ], [ -5695259.985930319875479, -3656437.457420897204429 ], [ -5696381.087230665609241, -3652723.408395868726075 ], [ -5694989.470509024336934, -3642862.915560343768448 ], [ -5683757.44478724244982, -3642349.407761486247182 ], [ -5678515.629996695555747, -3644514.769647597335279 ], [ -5676580.015272418037057, -3650460.632378244306892 ], [ -5674047.273585482500494, -3648632.434110030997545 ], [ -5676104.131321081891656, -3638595.139134079217911 ], [ -5672501.383202962577343, -3623733.133049368858337 ], [ -5669100.010078728199005, -3619662.256247633136809 ], [ -5663163.898499465547502, -3616778.649596380069852 ], [ -5651830.690754073671997, -3609970.393292268738151 ], [ -5649557.435610533691943, -3608242.652733642607927 ], [ -5647037.719569569453597, -3605641.596191165503114 ], [ -5644300.598405941389501, -3600504.039920549374074 ], [ -5643248.618871623650193, -3596619.058809932786971 ], [ -5641300.967554708011448, -3584970.209899187553674 ], [ -5640930.277824542485178, -3580801.374630568083376 ], [ -5642446.123378941789269, -3564430.53151092864573 ], [ -5638486.700229962356389, -3559571.301868218462914 ], [ -5634869.937412520870566, -3565327.957912913057953 ], [ -5632249.039347945712507, -3565525.592604195233434 ], [ -5629215.351471073925495, -3562499.87220352794975 ], [ -5626458.187981112860143, -3548691.626278765965253 ], [ -5625777.92455309163779, -3543029.605068601667881 ], [ -5625809.984810675494373, -3540451.300454096402973 ], [ -5626536.341856966726482, -3537264.532310572918504 ], [ -5633323.03931528609246, -3528514.666551247704774 ], [ -5635827.732942193746567, -3527513.20235689310357 ], [ -5638092.963690643198788, -3528300.230061961803585 ], [ -5639994.521389282308519, -3533247.139970035292208 ], [ -5638788.268194105476141, -3536047.830281656235456 ], [ -5639770.118247647769749, -3540175.158031770959496 ], [ -5642274.793213171884418, -3541606.936979673337191 ], [ -5653020.913820452988148, -3541454.933795882854611 ], [ -5667337.72228828817606, -3544301.541634681168944 ], [ -5668751.359442964196205, -3546676.305699037387967 ], [ -5669749.22096390184015, -3555859.292086437810212 ], [ -5673552.355022545903921, -3556218.240003320854157 ], [ -5679304.110790073871613, -3553063.509342254605144 ], [ -5679705.871724471449852, -3544785.503878086339682 ], [ -5678619.835164504125714, -3540805.164020135533065 ], [ -5684467.771704750135541, -3534455.472605786751956 ], [ -5689477.158958565443754, -3535538.66794338170439 ], [ -5691896.682029270567, -3536772.734427867457271 ], [ -5696187.717970488592982, -3533328.308180189691484 ], [ -5701412.494917503558099, -3524312.311480325181037 ], [ -5704204.723147843033075, -3513935.277049195021391 ], [ -5703346.112873714417219, -3509853.488518894650042 ], [ -5707910.668719047680497, -3504906.406899105291814 ], [ -5712313.896900391206145, -3524312.311480325181037 ], [ -5710151.180990369990468, -3410856.603470598813146 ], [ -5671641.877289826050401, -3487875.210871686693281 ], [ -5576098.669512858614326, -3493183.166859296150506 ], [ -5585176.911400926299393, -3519627.182826804928482 ] ] ], [ [ [ -5709168.016783388331532, -3540443.174718389287591 ], [ -5700254.332108694128692, -3555572.361810631118715 ], [ -5704319.93853217177093, -3561345.783654140308499 ], [ -5707242.404560891911387, -3569185.806469371542335 ], [ -5709546.730908649973571, -3579616.532313708681613 ], [ -5709149.98988651111722, -3587366.659687769133598 ], [ -5706886.737244764342904, -3601331.783904544077814 ], [ -5707103.15331407636404, -3604319.115862175822258 ], [ -5708162.130867359228432, -3606793.930927428416908 ], [ -5711609.578948499634862, -3604202.495127779431641 ], [ -5709731.068059014156461, -3602474.403203149791807 ], [ -5709948.473181670531631, -3597338.151231623720378 ], [ -5713274.696912865154445, -3588179.541450581979007 ], [ -5716503.750817998312414, -3585402.169430234469473 ], [ -5719254.905342332087457, -3587521.539818930905312 ], [ -5720260.772596983239055, -3590109.51478740060702 ], [ -5720462.166252231225371, -3599928.160726521164179 ], [ -5728748.660474774427712, -3619345.848152652848512 ], [ -5730573.090673673897982, -3623409.616205760277808 ], [ -5731253.354101683013141, -3627302.973065940197557 ], [ -5731253.354101683013141, -3629899.230852292384952 ], [ -5730928.757989787496626, -3636953.440525496844202 ], [ -5729366.818817112594843, -3640669.784071054309607 ], [ -5734438.311156611889601, -3645670.699886527378112 ], [ -5740962.536250098608434, -3648848.96532176155597 ], [ -5745917.805490547791123, -3650266.332569804042578 ], [ -5748539.711269857361913, -3654665.7756292745471 ], [ -5749435.401713846251369, -3657413.007577753160149 ], [ -5750285.987592884339392, -3661588.883159596472979 ], [ -5779507.680720009841025, -3672821.017869255505502 ], [ -5784579.173059510067105, -3676639.7021031267941 ], [ -5787654.942357115447521, -3684589.296400273218751 ], [ -5788381.299403426237404, -3688012.426054059527814 ], [ -5789138.708992566913366, -3704276.063768134918064 ], [ -5793359.615453016012907, -3715493.345056721009314 ], [ -5796050.642998366616666, -3720561.407279681880027 ], [ -5798276.815470272675157, -3722450.997713820077479 ], [ -5802467.658441230654716, -3723994.676772736944258 ], [ -5806300.837327983230352, -3725449.029942363034934 ], [ -5810537.77391722984612, -3727466.588433417025954 ], [ -5812841.073888877406716, -3729883.86208493867889 ], [ -5813629.554682230576873, -3742472.77536110393703 ], [ -5810197.129015159793198, -3748479.529715241864324 ], [ -5808465.89376755617559, -3755783.197666038759053 ], [ -5815191.475193541496992, -3759793.350426475983113 ], [ -5816968.80405942350626, -3770569.295565665699542 ], [ -5813904.063639703206718, -3774907.216256080195308 ], [ -5809053.988620407879353, -3773889.113929559011012 ], [ -5802281.305861404165626, -3776845.536370721179992 ], [ -5799838.735981564968824, -3778416.304654781706631 ], [ -5798717.653342609293759, -3784907.309591679368168 ], [ -5805774.847560834139585, -3789811.63058292819187 ], [ -5813947.152775165624917, -3796785.048950919881463 ], [ -5817000.864316986873746, -3801254.548777141608298 ], [ -5818515.702156658284366, -3804365.942486981861293 ], [ -5830458.054795959033072, -3829161.570160764735192 ], [ -5836079.591426484286785, -3849196.089582458138466 ], [ -5837810.826674076728523, -3855846.066748115234077 ], [ -5838413.943940972909331, -3859483.9005495775491 ], [ -5839325.664513740688562, -3863712.600330123212188 ], [ -5844212.801041512750089, -3878429.519003998022527 ], [ -5846375.860713005997241, -3883733.075290429871529 ], [ -5858590.725541680119932, -3910615.853606593795121 ], [ -5859843.072355128824711, -3913070.643995597027242 ], [ -5870558.121758183464408, -3928664.408361704554409 ], [ -5874031.464127595536411, -3932093.532432947773486 ], [ -5923825.586268074810505, -3932093.532432947773486 ], [ -6288986.104033160023391, -3831359.596497751772404 ], [ -6339353.072000757791102, -3655075.208611159119755 ], [ -5999376.038219474256039, -3604708.240643559023738 ], [ -5823091.650332882069051, -3585820.627655710093677 ], [ -5712313.896900391206145, -3524312.311480325181037 ], [ -5709168.016783388331532, -3540443.174718389287591 ] ] ], [ [ [ -8937998.07861259020865, -370716.995149257127196 ], [ -8935608.619031382724643, -371863.082420969556551 ], [ -8921455.116334240883589, -371428.52455646765884 ], [ -8907909.769477635622025, -363282.81117526901653 ], [ -8900696.267507703974843, -357275.003710364224389 ], [ -8899344.735438724979758, -354379.089468648307957 ], [ -8899004.090536655858159, -350801.953592958685476 ], [ -8896691.758455188944936, -344074.408458332647569 ], [ -8893561.908466977998614, -340676.169564705342054 ], [ -8892665.228969644755125, -338414.736090655962471 ], [ -8891954.902052124962211, -336185.449918269936461 ], [ -8889944.137934796512127, -324389.614024810434785 ], [ -8886822.293680291622877, -312159.517394906841218 ], [ -8881192.75131605938077, -296123.318202591442969 ], [ -8879910.359674498438835, -294297.960903732222505 ], [ -8876200.401905750855803, -291154.763583857391495 ], [ -8875148.441032823175192, -289190.058341684227344 ], [ -8875016.18780498765409, -283114.594942162977532 ], [ -8877607.04104145988822, -276684.375778418616392 ], [ -8879955.426916662603617, -277210.86147885437822 ], [ -8882468.14493864774704, -276034.55537747964263 ], [ -8888204.878292106091976, -264815.498582118889317 ], [ -8887161.930867627263069, -257001.340264328871854 ], [ -8887980.45648910664022, -245937.050599335023435 ], [ -8889016.405894620344043, -243957.89582967563183 ], [ -8884286.547510541975498, -231132.010457985365065 ], [ -8880265.019275883212686, -226705.890576476987917 ], [ -8879167.953838024288416, -224246.74377812712919 ], [ -8885910.591768896207213, -226799.125755847751861 ], [ -8892626.152031717821956, -232864.391106519877212 ], [ -8893902.53470765799284, -236640.017641073267441 ], [ -8894458.587964305654168, -240506.952717240725178 ], [ -8894737.109119305387139, -243292.169462128949817 ], [ -8894784.191790927201509, -245535.010116891906364 ], [ -8893130.102704459801316, -248413.557904361281544 ], [ -8891072.237254120409489, -250966.281343552749604 ], [ -8890409.011669624596834, -253303.466567835654132 ], [ -8890625.409077553078532, -266068.930097478150856 ], [ -8891026.16229722648859, -270340.693316513847094 ], [ -8893346.50011239387095, -282101.706581711245235 ], [ -8895076.746306642889977, -284995.977813171688467 ], [ -8897923.073888964951038, -287487.147937106899917 ], [ -8902652.932273048907518, -289623.317449319059961 ], [ -8905837.889327978715301, -290923.102793286612723 ], [ -8911250.007908165454865, -288601.360115262505133 ], [ -8912764.845747830346227, -286558.457685155444779 ], [ -8908776.385485483333468, -270185.253838061064016 ], [ -8906163.493154609575868, -262694.723704703908879 ], [ -8902947.483556836843491, -261427.274443293950753 ], [ -8900644.16492380015552, -257898.750336836092174 ], [ -8908396.682306870818138, -260800.58557018742431 ], [ -8912176.750894989818335, -268637.984153380501084 ], [ -8913785.772739298641682, -273187.606488578079734 ], [ -8917279.295777339488268, -279826.245443944702856 ], [ -8924886.534286595880985, -288137.019911438925192 ], [ -8929740.621503433212638, -292470.610143039608374 ], [ -8933636.931851994246244, -304372.888858790684026 ], [ -8937903.913269342854619, -303800.155166423646733 ], [ -8940224.251084508374333, -303026.848996015556622 ], [ -8956752.190948810428381, -292904.869509025127627 ], [ -8968887.912848273292184, -279780.107464995875489 ], [ -8974686.769948801025748, -272583.918450191617012 ], [ -8979278.366139428690076, -268699.154415198951028 ], [ -8981535.59115419536829, -266920.258552417741157 ], [ -8987164.125803692266345, -265017.047303101164289 ], [ -8992899.85144242271781, -265125.339459784969222 ], [ -8996439.486760122701526, -263592.166451823781244 ], [ -9004635.827836953103542, -258394.092998796171742 ], [ -9014096.533658480271697, -246850.441353579430142 ], [ -9014281.878523554652929, -243292.169462128949817 ], [ -9008530.122756050899625, -245736.534467502031475 ], [ -9000708.48360694013536, -242209.361320543976035 ], [ -8993224.466215707361698, -236778.375062799052102 ], [ -8991446.129635097458959, -234736.153108663333114 ], [ -8989513.519393622875214, -231255.331208972958848 ], [ -8986931.679605595767498, -215768.836516363313422 ], [ -8987069.941799046471715, -213123.397068396530813 ], [ -8991708.620661307126284, -196138.878695139457704 ], [ -8993039.121350621804595, -192952.439899019023869 ], [ -8996857.259161932393909, -186777.153277574951062 ], [ -8999902.964970054104924, -180207.139518016570946 ], [ -9000715.481625905260444, -177539.098943459248403 ], [ -8999717.620104968547821, -173711.486081100651063 ], [ -8996997.536784848198295, -166813.12469199494808 ], [ -8995651.005966762080789, -164137.208270666218596 ], [ -8993262.535438891500235, -163007.729903747153003 ], [ -8989969.379680007696152, -147488.073848039086442 ], [ -8995666.028380813077092, -138820.682160239492077 ], [ -9000274.662414958700538, -132820.078628235438373 ], [ -9004641.836802568286657, -126409.763893203838961 ], [ -9007418.03490411490202, -117741.959770333691267 ], [ -9007170.566291972994804, -115392.173791582157719 ], [ -8998619.565613757818937, -103407.972058263898361 ], [ -8989172.874491557478905, -102450.051806539515383 ], [ -8984750.611698608845472, -103346.84799809793185 ], [ -8974439.301336646080017, -103221.595029947100556 ], [ -8969684.399375347420573, -99937.036174548848066 ], [ -8964946.535257553681731, -91408.103583701187745 ], [ -8964590.867941427975893, -85812.09672918880824 ], [ -8963847.473051616922021, -81837.307852950150846 ], [ -8961158.442274345085025, -75622.201415275631007 ], [ -8953789.640267435461283, -63399.592213899290073 ], [ -8951672.692875595763326, -64821.325585696205962 ], [ -8950574.619723008945584, -68740.878979266286478 ], [ -8947474.833224294707179, -70642.550201290723635 ], [ -8943284.979306681081653, -70843.937582072845544 ], [ -8935584.564507514238358, -69618.575491058087209 ], [ -8940439.659439086914062, -68524.469042789321975 ], [ -8943207.833145560696721, -68679.759400548908161 ], [ -8947227.364612134173512, -68060.576432177316747 ], [ -8950273.070420261472464, -63484.76698350476363 ], [ -8952561.347977850586176, -59649.412594085246383 ], [ -8960175.603167451918125, -46120.617339655196702 ], [ -8961350.80381977930665, -41474.812163194437744 ], [ -8946994.937075421214104, -24089.034721060139418 ], [ -8943439.271628923714161, -20810.881033395638951 ], [ -8936992.21135794557631, -17286.252366131717281 ], [ -8934348.247822850942612, -16666.095058804832661 ], [ -8932199.240173447877169, -15105.177416959726543 ], [ -8921020.306088909506798, -3494.423624629223013 ], [ -8918137.906051468104124, 0.125964341537257 ], [ -8913290.83551499247551, 6725.708636772436876 ], [ -8910661.913055321201682, 14533.344416533727781 ], [ -8910012.702170146629214, 18583.942144548414944 ], [ -8909982.638680661097169, 23624.39100317080738 ], [ -8910353.347072217613459, 26222.280772038400755 ], [ -8910661.913055321201682, 29561.562116598637658 ], [ -8910569.744480138644576, 32592.262852465093601 ], [ -8910004.677775068208575, 39518.341222199698677 ], [ -8905909.026523483917117, 38179.809967378016154 ], [ -8905405.075850734487176, 38807.01184212185035 ], [ -8904786.917508402839303, 41434.978597873261606 ], [ -8906781.651496946811676, 44551.873782072208996 ], [ -8909240.251505564898252, 47868.182085079046374 ], [ -8910167.983545741066337, 50032.294552837716765 ], [ -8910576.761160500347614, 55220.168062094278866 ], [ -8907863.675859365612268, 59138.675025836419081 ], [ -8907307.641264103353024, 61859.888494747625373 ], [ -8907956.852149276062846, 65261.411891992262099 ], [ -8909579.888692900538445, 68864.359210025562788 ], [ -8911140.820150854066014, 71075.642333155934466 ], [ -8914743.549607574939728, 72112.646120506746229 ], [ -8917557.816932341083884, 75373.959626902316813 ], [ -8917340.411809679120779, 83584.972102783984155 ], [ -8916784.377214409410954, 85750.219314973292057 ], [ -8911024.597051810473204, 92536.572146845282987 ], [ -8906765.621368154883385, 91717.961136473197257 ], [ -8902374.411118060350418, 92088.689349170803325 ], [ -8889449.200710490345955, 97253.927063650233322 ], [ -8885460.740448143333197, 100036.466913812168059 ], [ -8883620.298781841993332, 101598.582558237496414 ], [ -8880822.061585875228047, 104490.373424996229005 ], [ -8878720.117946716025472, 106159.731177797890268 ], [ -8876200.401905750855803, 107752.946882512565935 ], [ -8867557.232652356848121, 111015.529867736695451 ], [ -8862887.482585879042745, 110305.096035684458911 ], [ -8858697.647329654544592, 109887.242728541736142 ], [ -8855396.467175673693419, 110436.3611998323031 ], [ -8848044.703012272715569, 115747.124921481547062 ], [ -8845339.642106227576733, 118330.407305168744642 ], [ -8843314.844628192484379, 119707.22263097515679 ], [ -8829801.558029171079397, 120478.802333537300001 ], [ -8826090.611207079142332, 120417.675403090586769 ], [ -8822394.686799064278603, 120116.053825639057322 ], [ -8817184.932266099378467, 120541.926399735282757 ], [ -8813181.449589693918824, 121762.433107982142246 ], [ -8810814.01044150441885, 123526.054616917681415 ], [ -8807939.634799147024751, 126324.828598255495308 ], [ -8803114.603357072919607, 132201.030923343350878 ], [ -8794178.879587972536683, 130499.498409048072062 ], [ -8785830.242956982925534, 137088.267304951645201 ], [ -8781915.924372941255569, 137864.910542951402022 ], [ -8780263.832054540514946, 148996.554290406900691 ], [ -8775224.381311221048236, 159080.356352755596163 ], [ -8773058.335818316787481, 160069.532595831988147 ], [ -8778508.542283078655601, 172326.628585480124457 ], [ -8786248.015358788892627, 175968.803175913868472 ], [ -8788521.289163712412119, 176401.763123851269484 ], [ -8792616.940415296703577, 176510.021906261623371 ], [ -8797665.404607044532895, 178002.389071069599595 ], [ -8799837.459065577015281, 181676.7268388303346 ], [ -8791133.173779858276248, 195102.694048587116413 ], [ -8780959.117896620184183, 203253.929191780131077 ], [ -8776977.674314629286528, 204475.828706938511459 ], [ -8767671.242153966799378, 202728.68123923058738 ], [ -8764463.238289890810847, 201041.668478751002112 ], [ -8752064.036310870200396, 196478.928814168233657 ], [ -8748320.021516487002373, 196749.554105357965454 ], [ -8744115.163846200332046, 209565.041849266213831 ], [ -8743712.395197067409754, 213448.426755665394012 ], [ -8749295.862604394555092, 224680.058719187160023 ], [ -8751876.676016315817833, 226017.402652714779833 ], [ -8755742.922875380143523, 229800.893178881698987 ], [ -8758679.42226480320096, 239918.674165078846272 ], [ -8759382.732501961290836, 244235.86463936479413 ], [ -8754443.49339029751718, 254928.043586755986325 ], [ -8747763.986921204254031, 267399.819304579286836 ], [ -8745848.395861871540546, 270494.349190349632408 ], [ -8744898.624727288261056, 266201.53194370662095 ], [ -8743151.35935090482235, 269738.258831592218485 ], [ -8741128.558640955016017, 271053.910800033947453 ], [ -8734717.570825083181262, 272053.685494747769553 ], [ -8733633.531033201143146, 278850.729171104438137 ], [ -8730563.789362596347928, 279316.04800295381574 ], [ -8726242.708593264222145, 276003.707238316885196 ], [ -8723954.412374284118414, 273713.304582079232205 ], [ -8721487.80663195066154, 271462.030853320669848 ], [ -8712421.8264030944556, 280522.454380535811651 ], [ -8698999.700664525851607, 277365.533122554596048 ], [ -8696558.138499412685633, 276979.456715958018322 ], [ -8681467.890313660725951, 280894.511867407360114 ], [ -8677386.253761390224099, 284825.737583107431419 ], [ -8676368.331252735108137, 290713.737885731738061 ], [ -8675959.572299364954233, 295201.846945592784323 ], [ -8672191.521642476320267, 290010.688798938528635 ], [ -8671495.209424298256636, 287076.19030882185325 ], [ -8667451.642095239832997, 285072.444481701299082 ], [ -8659282.360025092959404, 286125.460149896971416 ], [ -8654580.549701042473316, 290690.667134341725614 ], [ -8656714.553597772493958, 294281.157117684662808 ], [ -8658552.998495986685157, 306958.917826151999179 ], [ -8651102.049077054485679, 319248.704907163803 ], [ -8634621.191884381696582, 339716.25442014017608 ], [ -8632580.364277552813292, 340752.650271532125771 ], [ -8618093.252020087093115, 363174.670614955946803 ], [ -8617055.305846475064754, 366230.366302901762538 ], [ -8619650.171280492097139, 367688.513566100678872 ], [ -8623712.773221150040627, 370910.924963044759352 ], [ -8621696.000138204544783, 373968.834802191413473 ], [ -8612109.05005444958806, 380103.009083794662729 ], [ -8598782.097373876720667, 397265.909688711573835 ], [ -8595164.32684170268476, 398256.681286538252607 ], [ -8587308.630666933953762, 408357.703546433767769 ], [ -8585904.006960706785321, 413160.617713201092556 ], [ -8585593.425548134371638, 419837.296823437442072 ], [ -8575243.038248246535659, 436535.051627137232572 ], [ -8580848.544749991968274, 435225.553509941091761 ], [ -8584139.703740796074271, 433861.849130562099162 ], [ -8589381.499869961291552, 430298.04032508371165 ], [ -8592597.528129110112786, 428190.324824141047429 ], [ -8597993.635241894051433, 427663.16946117306361 ], [ -8601146.532039247453213, 427802.733956914220471 ], [ -8603544.016015538945794, 429120.171536567388102 ], [ -8604737.26222612336278, 436251.856701370212249 ], [ -8603431.805114017799497, 440145.301268096838612 ], [ -8600554.424988858401775, 441923.869249347597361 ], [ -8595473.91920093074441, 442509.375043136591557 ], [ -8592443.235806860029697, 452365.983172758074943 ], [ -8595040.098008949309587, 454227.145465520326979 ], [ -8600605.519858028739691, 456304.305956464027986 ], [ -8604409.642970031127334, 452708.477396984118968 ], [ -8606404.376958567649126, 450197.50688148313202 ], [ -8608233.789746969938278, 444121.256199243012816 ], [ -8609936.995595917105675, 440187.482937556866091 ], [ -8612372.548795400187373, 437379.609842181846034 ], [ -8618633.256486559286714, 445485.111560576420743 ], [ -8619962.749461144208908, 449142.93053559231339 ], [ -8620257.3007449246943, 461496.399335030990187 ], [ -8618973.901388622820377, 465581.803464611177333 ], [ -8609159.525019066408277, 469876.336747066292446 ], [ -8602338.77053509093821, 469635.23235933133401 ], [ -8599227.93649709969759, 473026.810424163879361 ], [ -8598573.724361028522253, 474758.80317610851489 ], [ -8603869.619842169806361, 475899.093845892872196 ], [ -8609155.53148290142417, 475698.168794533296023 ], [ -8614172.924470417201519, 483830.295032708148938 ], [ -8610192.469941778108478, 495079.333469099889044 ], [ -8609729.592975035309792, 495808.893775232427288 ], [ -8608799.864166781306267, 498227.736626117315609 ], [ -8606450.45191546715796, 506649.519919426529668 ], [ -8606853.220564603805542, 517987.145799522928428 ], [ -8607409.255159867927432, 525961.659933480317704 ], [ -8609420.019277196377516, 536790.321042803581804 ], [ -8610315.691059796139598, 539707.131094044772908 ], [ -8610949.879530912265182, 542500.349081195425242 ], [ -8611862.589157029986382, 550662.449251506128348 ], [ -8613036.78209463134408, 566554.85730443673674 ], [ -8612929.591105405241251, 574613.013890244648792 ], [ -8610976.938537595793605, 579971.877835064427927 ], [ -8610315.691059796139598, 584191.260085228597745 ], [ -8611676.236577216535807, 590650.596582606085576 ], [ -8615772.91420491412282, 608306.205223386408761 ], [ -8625112.395676497370005, 613673.736143335467204 ], [ -8630848.121315227821469, 615312.372779459343292 ], [ -8627763.357230570167303, 622613.210666996077634 ], [ -8618417.866793366149068, 627071.82494333689101 ], [ -8614181.937918858602643, 626372.167246846598573 ], [ -8611584.068002033978701, 624858.099349183845334 ], [ -8607989.344279000535607, 626217.13047899119556 ], [ -8599493.432006113231182, 636580.001792120398022 ], [ -8598411.40764369443059, 642080.774835997726768 ], [ -8598875.273663787171245, 645453.159931400907226 ], [ -8609326.842987285926938, 667742.255031612818129 ], [ -8617026.250071719288826, 678158.358196158078499 ], [ -8622174.888572344556451, 683771.651710232370533 ], [ -8624555.353366492316127, 686866.187928674276918 ], [ -8626024.097587887197733, 689890.345052796765231 ], [ -8624571.383495278656483, 700832.420386149664409 ], [ -8616940.090462159365416, 696002.612403602222912 ], [ -8614490.503901969641447, 700677.195892805699259 ], [ -8611212.370557123795152, 712966.130540938931517 ], [ -8609497.165438322350383, 732681.746944239595905 ], [ -8617041.291147159412503, 746487.72143453755416 ], [ -8620999.687920015305281, 748885.557072853320278 ], [ -8623535.43408976495266, 749149.860190080013126 ], [ -8645784.095840128138661, 767351.566717363893986 ], [ -8644284.280414519831538, 778626.817940420936793 ], [ -8644671.000273482874036, 781276.43619652686175 ], [ -8647391.102254962548614, 787460.39168448431883 ], [ -8659914.533066745847464, 798226.044411046197638 ], [ -8670644.623545248061419, 806859.968350433977321 ], [ -8661491.494653491303325, 834897.65723732416518 ], [ -8657950.870282433927059, 834530.865377771668136 ], [ -8654936.217017157003284, 835529.216465240577236 ], [ -8653111.805479653179646, 837953.421819145907648 ], [ -8651860.46638092957437, 841384.312501637265086 ], [ -8652795.215101454406977, 845026.665848803590052 ], [ -8655601.458031121641397, 849892.336930247372948 ], [ -8656111.417669491842389, 852263.694199557998218 ], [ -8656141.481158988550305, 856069.633368690265343 ], [ -8656081.37284137122333, 858972.041600984870456 ], [ -8654426.257378786802292, 861998.993482684483752 ], [ -8645504.566970396786928, 857443.470028791227378 ], [ -8641083.29323079995811, 848894.707299610134214 ], [ -8639538.391901636496186, 844309.084340568282641 ], [ -8638408.277152856811881, 841696.584723655483685 ], [ -8635880.555378178134561, 840230.208357830182649 ], [ -8608445.185904003679752, 859954.721990836318582 ], [ -8608345.011595128104091, 862692.583724505733699 ], [ -8612789.332143867388368, 868568.169564973912202 ], [ -8606266.114765103906393, 880756.491922271670774 ], [ -8604463.742322014644742, 882770.318429413367994 ], [ -8595597.140318946912885, 886406.754397691227496 ], [ -8593679.552491528913379, 893401.262916320585646 ], [ -8595582.117904890328646, 903347.552073007100262 ], [ -8598752.052545756101608, 909797.114011552650481 ], [ -8602059.241665365174413, 915795.118799953372218 ], [ -8604563.935292273759842, 917732.56815906718839 ], [ -8610438.930839203298092, 923574.725946256658062 ], [ -8611953.768678855150938, 925512.495246343314648 ], [ -8612572.916074549779296, 931387.063194324728101 ], [ -8612635.039821611717343, 934418.819008637801744 ], [ -8613346.374453859403729, 938295.416456259787083 ], [ -8616770.775725858286023, 944226.391407216899097 ], [ -8619367.637927941977978, 946610.773720927885734 ], [ -8623762.86037558503449, 946520.625910151051357 ], [ -8624563.359100200235844, 952081.954551399219781 ], [ -8563083.969206778332591, 893768.727671496104449 ], [ -8563531.116377590224147, 891840.208882519509643 ], [ -8563128.366389842703938, 886274.239577338565141 ], [ -8557345.539418095722795, 883285.173154736286961 ], [ -8551530.77702347189188, 882810.520081275142729 ], [ -8497086.583004340529442, 831170.179413698730059 ], [ -8508548.366887472569942, 831170.179413698730059 ], [ -8525917.18212990835309, 750115.708282337640412 ], [ -8502758.761806661263108, 663271.6320701650111 ], [ -8494074.354185445234179, 559058.740615557762794 ], [ -8523022.379589501768351, 449056.244080139091238 ], [ -8554865.207533964887261, 420108.218676081858575 ], [ -8572234.022776398807764, 339053.747544720710721 ], [ -8635557.828347774222493, 221452.394340737897437 ], [ -8638814.481205731630325, 217472.040847678959835 ], [ -8673552.111690601333976, 153786.384958752372768 ], [ -8714079.347256280481815, 92995.531610231497325 ], [ -8777765.003145208582282, 20625.46810008760076 ], [ -8795133.818387642502785, -74903.015733302338049 ], [ -8873293.486978596076369, -364383.269773877807893 ], [ -8925400.908660257235169, -395951.095709403394721 ], [ -8940921.47468339651823, -373569.303493808896746 ], [ -8937998.07861259020865, -370716.995149257127196 ] ] ], [ [ [ -7320497.63853722717613, 542475.516028330777772 ], [ -7240624.854189747944474, 553269.135534746805206 ], [ -7282226.407824139110744, 519591.687354525667615 ], [ -7320497.63853722717613, 542475.516028330777772 ] ] ] ] } }
]
}
